# File generated by CMD 3.9 (http://stev.oapd.inaf.it/cmd) on Mon Sep 28 13:43:05 UTC 2026
# isochrones based on PARSEC release v1.2S +  COLIBRI S_37 + S_35 + PR16
# Basic references: Bressan et al. (2012), MNRAS, 427, 127 + Chen et al. (2014, 2015), MNRAS, 444, 2525 + MNRAS, 452, 1068 + Tang et al. (2014), MNRAS, 445, 4287 + Marigo et al. (2017), ApJ, 835, 77 + Pastorelli al. (2019), MNRAS, 485, 5666 + Pastorelli al. (2020), MNRAS, in press
# Thermal pulse cycles included 
# On RGB, assumed Reimers mass loss with efficiency eta=0.2
# LPV periods and growth rates added cf. Trabucchi et al. (2019)
# but fundamental-mode LPV periods + transition are from Trabucchi et al. (2021)
# Photometric system: JWST NIRCam wide+verywide+medium filters, Vegamags
# Using YBC version of bolometric corrections as in Chen et al. (2019)
# O-rich circumstellar dpmod60alox40 dust from Groenewegen (2006)
# C-rich circumstellar AMCSIC15 dust from Groenewegen (2006)
# IMF: Kroupa (2001, 2002) + Kroupa et al. (2013) canonical two-part-power law IMF corrected for unresolved binaries 
# Kind of output: isochrone tables
Zini     MH   logAge Mini        int_IMF         Mass   logL    logTe  logg  label   McoreTP C_O  period0  period1  period2  period3  period4  pmode  Mloss  tau1m   X   Y   Xc  Xn  Xo  Cexcess  Z 	 mbolmag  F070Wmag  F090Wmag  F115Wmag  F150Wmag  F200Wmag  F277Wmag  F356Wmag  F444Wmag  F150W2mag  F322W2mag  F140Mmag  F162Mmag  F182Mmag  F210Mmag  F250Mmag  F300Mmag  F335Mmag  F360Mmag  F410Mmag  F430Mmag  F460Mmag  F480Mmag  F150WS60mag
0.04 0.47971 8.00000 0.1000000015 1.1711064122    0.100 -2.683  3.3896  4.631    0  0.000  0.545     0.00     0.00     0.00     0.00     0.00 -1 -4.03e-16      0.00 6.390e-01 3.210e-01 7.193e-03 1.940e-03 1.760e-02 -1.000 4.000e-02 11.477 13.614 10.948 9.585 9.106 8.693 8.513 7.980 7.843 9.086 8.252 9.357 8.733 8.806 8.565 8.560 8.450 8.123 7.908 7.769 7.852 7.927 7.898 8.965
0.04 0.47971 8.00000 0.1031237617 1.1966827674    0.103 -2.668  3.3901  4.631    0  0.000  0.545     0.00     0.00     0.00     0.00     0.00 -1 -4.11e-16      0.00 6.390e-01 3.210e-01 7.193e-03 1.940e-03 1.760e-02 -1.000 4.000e-02 11.439 13.576 10.910 9.547 9.068 8.656 8.475 7.942 7.805 9.048 8.214 9.319 8.695 8.768 8.527 8.523 8.412 8.085 7.871 7.731 7.814 7.889 7.860 8.927
0.04 0.47971 8.00000 0.1189851761 1.3125901518    0.119 -2.590  3.3932  4.628    0  0.000  0.545     0.00     0.00     0.00     0.00     0.00 -1  -4.6e-16      0.00 6.390e-01 3.210e-01 7.193e-03 1.940e-03 1.760e-02 -1.000 4.000e-02 11.245 13.382 10.717 9.353 8.874 8.462 8.281 7.748 7.611 8.854 8.020 9.125 8.502 8.574 8.333 8.328 8.218 7.891 7.677 7.537 7.620 7.695 7.665 8.733
0.04 0.47971 8.00000 0.1199999973 1.3193154249    0.120 -2.585  3.3934  4.628    0  0.000  0.545     0.00     0.00     0.00     0.00     0.00 -1 -4.63e-16      0.00 6.390e-01 3.210e-01 7.193e-03 1.940e-03 1.760e-02 -1.000 4.000e-02 11.233 13.370 10.705 9.341 8.862 8.450 8.269 7.737 7.599 8.842 8.008 9.113 8.490 8.562 8.321 8.316 8.206 7.879 7.665 7.525 7.608 7.683 7.654 8.722
0.04 0.47971 8.00000 0.1244765222 1.3481228211    0.124 -2.562  3.3958  4.630    0  0.000  0.545     0.00     0.00     0.00     0.00     0.00 -1 -4.78e-16      0.00 6.390e-01 3.210e-01 7.193e-03 1.940e-03 1.760e-02 -1.000 4.000e-02 11.175 13.312 10.647 9.283 8.804 8.392 8.211 7.679 7.541 8.785 7.950 9.055 8.432 8.504 8.263 8.259 8.148 7.821 7.607 7.467 7.550 7.625 7.596 8.664
0.04 0.47971 8.00000 0.1400000006 1.4384526719    0.140 -2.481  3.4046  4.635    0  0.000  0.545     0.00     0.00     0.00     0.00     0.00 -1  -5.4e-16      0.00 6.390e-01 3.210e-01 7.193e-03 1.940e-03 1.760e-02 -1.000 4.000e-02 10.973 13.111 10.444 9.080 8.601 8.189 8.009 7.476 7.339 8.582 7.748 8.852 8.229 8.301 8.060 8.056 7.946 7.618 7.404 7.265 7.348 7.423 7.394 8.460
0.04 0.47971 8.00000 0.1551893353 1.5150441323    0.155 -2.411  3.4134  4.645    0  0.000  0.545     0.00     0.00     0.00     0.00     0.00 -1 -5.96e-16      0.00 6.390e-01 3.210e-01 7.193e-03 1.940e-03 1.760e-02 -1.000 4.000e-02 10.798 12.938 10.269 8.905 8.426 8.014 7.835 7.302 7.165 8.407 7.574 8.677 8.053 8.127 7.886 7.882 7.772 7.444 7.229 7.090 7.174 7.250 7.220 8.285
0.04 0.47971 8.00000 0.1599999964 1.5372931554    0.160 -2.390  3.4159  4.648    0  0.000  0.545     0.00     0.00     0.00     0.00     0.00 -1 -6.15e-16      0.00 6.390e-01 3.210e-01 7.193e-03 1.940e-03 1.760e-02 -1.000 4.000e-02 10.745 12.873 10.212 8.853 8.373 7.962 7.783 7.251 7.114 8.354 7.522 8.623 8.001 8.074 7.834 7.830 7.720 7.393 7.179 7.040 7.123 7.199 7.169 8.232
0.04 0.47971 8.00000 0.1946746707 1.6754936556    0.195 -2.257  3.4324  4.666    0  0.000  0.545     0.00     0.00     0.00     0.00     0.00 -1  -7.4e-16      0.00 6.390e-01 3.210e-01 7.193e-03 1.940e-03 1.760e-02 -1.000 4.000e-02 10.414 12.209 9.789 8.537 8.042 7.650 7.475 6.984 6.846 8.040 7.236 8.268 7.701 7.752 7.532 7.522 7.417 7.115 6.916 6.782 6.850 6.920 6.895 7.912
0.04 0.47971 8.00000 0.2000000030 1.6938790862    0.200 -2.239  3.4347  4.669    0  0.000  0.545     0.00     0.00     0.00     0.00     0.00 -1 -7.59e-16      0.00 6.390e-01 3.210e-01 7.193e-03 1.940e-03 1.760e-02 -1.000 4.000e-02 10.368 12.117 9.730 8.494 7.996 7.607 7.433 6.948 6.810 7.997 7.198 8.219 7.659 7.707 7.490 7.480 7.376 7.077 6.880 6.747 6.813 6.883 6.858 7.868
0.04 0.47971 8.00000 0.2323370129 1.7933150139    0.232 -2.137  3.4470  4.681    0  0.000  0.545     0.00     0.00     0.00     0.00     0.00 -1 -8.78e-16      0.00 6.390e-01 3.210e-01 7.193e-03 1.940e-03 1.760e-02 -1.000 4.000e-02 10.113 11.622 9.410 8.255 7.744 7.370 7.203 6.748 6.612 7.758 6.984 7.951 7.429 7.463 7.261 7.250 7.150 6.870 6.683 6.555 6.611 6.678 6.655 7.623
0.04 0.47971 8.00000 0.2500000000 1.8403257998    0.250 -2.087  3.4530  4.687    0  0.000  0.545     0.00     0.00     0.00     0.00     0.00 -1 -9.44e-16      0.00 6.390e-01 3.210e-01 7.193e-03 1.940e-03 1.760e-02 -1.000 4.000e-02 9.988 11.383 9.255 8.138 7.620 7.253 7.088 6.649 6.514 7.640 6.878 7.820 7.315 7.342 7.149 7.136 7.037 6.767 6.586 6.460 6.512 6.576 6.555 7.503
0.04 0.47971 8.00000 0.2975205481 1.9479216672    0.297 -1.971  3.4660  4.698    0  0.000  0.545     0.00     0.00     0.00     0.00     0.00 -1 -1.12e-15      0.00 6.390e-01 3.210e-01 7.193e-03 1.940e-03 1.760e-02 -1.000 4.000e-02 9.698 10.872 8.909 7.868 7.335 6.983 6.825 6.419 6.286 7.369 6.632 7.523 7.048 7.064 6.887 6.875 6.776 6.529 6.359 6.237 6.281 6.343 6.323 7.224
0.04 0.47971 8.00000 0.3000000417 1.9529140366    0.300 -1.966  3.4666  4.699    0  0.000  0.545     0.00     0.00     0.00     0.00     0.00 -1 -1.12e-15      0.00 6.390e-01 3.210e-01 7.193e-03 1.940e-03 1.760e-02 -1.000 4.000e-02 9.684 10.848 8.893 7.855 7.322 6.970 6.813 6.407 6.275 7.356 6.620 7.509 7.035 7.051 6.874 6.862 6.764 6.518 6.348 6.226 6.270 6.332 6.312 7.211
0.04 0.47971 8.00000 0.3499999940 2.0434174644    0.350 -1.854  3.4788  4.703    0  0.000  0.545     0.00     0.00     0.00     0.00     0.00 -1 -1.34e-15      0.00 6.390e-01 3.210e-01 7.193e-03 1.940e-03 1.760e-02 -1.000 4.000e-02 9.404 10.389 8.569 7.595 7.047 6.707 6.563 6.184 6.055 7.093 6.384 7.226 6.774 6.781 6.619 6.613 6.516 6.288 6.127 6.010 6.048 6.109 6.090 6.940
0.04 0.47971 8.00000 0.4000000060 2.1185024399    0.400 -1.744  3.4911  4.701    0  0.000  0.545     0.00     0.00     0.00     0.00     0.00 -1 -1.62e-15      0.00 6.390e-01 3.210e-01 7.193e-03 1.940e-03 1.760e-02 -1.000 4.000e-02 9.131 9.949 8.262 7.346 6.780 6.449 6.312 5.965 5.841 6.837 6.150 6.953 6.519 6.515 6.368 6.367 6.266 6.063 5.912 5.800 5.833 5.891 5.873 6.677
0.04 0.47971 8.00000 0.4500000179 2.1822809362    0.450 -1.629  3.5030  4.684    0  0.000  0.545     0.00     0.00     0.00     0.00     0.00 -1 -2.02e-15      0.00 6.390e-01 3.210e-01 7.193e-03 1.940e-03 1.760e-02 -1.000 4.000e-02 8.844 9.544 7.949 7.081 6.497 6.169 6.055 5.729 5.614 6.562 5.903 6.667 6.243 6.230 6.094 6.112 6.009 5.820 5.677 5.573 5.604 5.665 5.647 6.396
0.04 0.47971 8.00000 0.5000000596 2.2374542144    0.500 -1.515  3.5172  4.673    0  0.000  0.545     0.00     0.00     0.00     0.00     0.00 -1 -2.52e-15      0.00 6.390e-01 3.210e-01 7.193e-03 1.940e-03 1.760e-02 -1.000 4.000e-02 8.557 9.118 7.640 6.827 6.218 5.888 5.796 5.499 5.401 6.293 5.659 6.387 5.973 5.942 5.820 5.858 5.748 5.580 5.451 5.359 5.387 5.453 5.435 6.119
0.04 0.47971 8.00000 0.5500000715 2.2836583126    0.550 -1.387  3.5349  4.657    0  0.000  0.545     0.00     0.00     0.00     0.00     0.00 -1 -3.26e-15      0.00 6.390e-01 3.210e-01 7.192e-03 1.940e-03 1.760e-02 -1.000 3.995e-02 8.238 8.665 7.296 6.546 5.912 5.573 5.513 5.248 5.177 5.994 5.392 6.081 5.674 5.619 5.513 5.582 5.463 5.314 5.205 5.130 5.158 5.237 5.217 5.814
0.04 0.47971 8.00000 0.5835816860 2.3096324468    0.583 -1.275  3.5528  4.642    0  0.000  0.545     0.00     0.00     0.00     0.00     0.00 -1 -4.17e-15      0.00 6.391e-01 3.210e-01 7.191e-03 1.940e-03 1.759e-02 -1.000 3.993e-02 7.957 8.254 6.996 6.307 5.653 5.303 5.267 5.038 4.999 5.739 5.163 5.823 5.419 5.341 5.252 5.343 5.212 5.087 5.003 4.948 4.976 5.067 5.045 5.555
0.04 0.47971 8.00000 0.6000000238 2.3211213258    0.600 -1.217  3.5625  4.635    0  0.000  0.545     0.00     0.00     0.00     0.00     0.00 -1 -4.74e-15      0.00 6.391e-01 3.209e-01 7.191e-03 1.940e-03 1.759e-02 -1.000 4.000e-02 7.813 8.029 6.844 6.187 5.525 5.171 5.141 4.936 4.914 5.613 5.049 5.696 5.292 5.206 5.125 5.220 5.084 4.976 4.906 4.860 4.889 4.985 4.962 5.427
0.04 0.47971 8.00000 0.6004483104 2.3214248997    0.600 -1.215  3.5628  4.635    0  0.000  0.545     0.00     0.00     0.00     0.00     0.00 -1 -4.76e-15      0.00 6.391e-01 3.209e-01 7.191e-03 1.940e-03 1.759e-02 -1.000 4.000e-02 7.808 8.021 6.839 6.184 5.521 5.168 5.137 4.933 4.912 5.609 5.045 5.692 5.288 5.202 5.121 5.216 5.080 4.972 4.904 4.858 4.887 4.983 4.960 5.424
0.04 0.47971 8.00000 0.6153793931 2.3312461592    0.615 -1.157  3.5744  4.634    0  0.000  0.545     0.00     0.00     0.00     0.00     0.00 -1 -5.38e-15      0.00 6.391e-01 3.209e-01 7.191e-03 1.940e-03 1.759e-02 -1.000 4.000e-02 7.663 7.777 6.688 6.070 5.401 5.047 5.018 4.843 4.841 5.491 4.940 5.571 5.170 5.076 5.006 5.100 4.960 4.873 4.820 4.785 4.814 4.915 4.891 5.303
0.04 0.47971 8.00000 0.6499999762 2.3520353107    0.650 -1.045  3.5968  4.636    0  0.000  0.545     0.00     0.00     0.00     0.00     0.00 -1 -6.77e-15      0.00 6.391e-01 3.209e-01 7.190e-03 1.940e-03 1.759e-02 -1.000 3.997e-02 7.384 7.320 6.405 5.848 5.180 4.839 4.813 4.686 4.711 5.277 4.757 5.346 4.957 4.861 4.808 4.893 4.757 4.703 4.673 4.652 4.683 4.791 4.766 5.086
0.04 0.47971 8.00000 0.6848413348 2.3705356647    0.685 -0.954  3.6174  4.649    0  0.000  0.545     0.00     0.00     0.00     0.00     0.00 -1 -8.07e-15      0.00 6.391e-01 3.209e-01 7.190e-03 1.940e-03 1.759e-02 -1.000 3.997e-02 7.154 6.944 6.181 5.669 5.014 4.695 4.673 4.581 4.623 5.118 4.633 5.172 4.800 4.711 4.670 4.747 4.622 4.590 4.574 4.563 4.595 4.705 4.680 4.924
0.04 0.47971 8.00000 0.7000000477 2.3779267258    0.700 -0.930  3.6219  4.653    0  0.000  0.545     0.00     0.00     0.00     0.00     0.00 -1 -8.38e-15      0.00 6.392e-01 3.209e-01 7.189e-03 1.939e-03 1.759e-02 -1.000 3.994e-02 7.096 6.858 6.126 5.622 4.970 4.656 4.637 4.552 4.596 5.075 4.600 5.126 4.758 4.671 4.633 4.709 4.587 4.559 4.545 4.536 4.568 4.678 4.654 4.881
0.04 0.47971 8.00000 0.7041721344 2.3798968338    0.704 -0.931  3.6224  4.658    0  0.000  0.544     0.00     0.00     0.00     0.00     0.00 -1  -8.3e-15      0.00 6.392e-01 3.209e-01 7.181e-03 1.939e-03 1.759e-02 -1.000 3.991e-02 7.096 6.855 6.127 5.624 4.973 4.659 4.640 4.556 4.600 5.078 4.603 5.129 4.761 4.674 4.636 4.712 4.590 4.563 4.549 4.540 4.572 4.682 4.658 4.884
0.04 0.47971 8.00000 0.7500000000 2.3998889087    0.750 -0.817  3.6493  4.680    0  0.000  0.538     0.00     0.00     0.00     0.00     0.00 -1 -1.02e-14      0.00 6.392e-01 3.208e-01 7.093e-03 1.937e-03 1.759e-02 -1.000 3.998e-02 6.813 6.419 5.861 5.410 4.798 4.520 4.506 4.452 4.502 4.907 4.482 4.938 4.605 4.530 4.504 4.567 4.465 4.455 4.449 4.446 4.477 4.577 4.556 4.717
0.04 0.47971 8.00000 0.7708999515 2.4081040731    0.771 -0.768  3.6559  4.668    0  0.000  0.538     0.00     0.00     0.00     0.00     0.00 -1 -1.14e-14      0.00 6.393e-01 3.208e-01 7.093e-03 1.937e-03 1.759e-02 -1.000 3.994e-02 6.689 6.265 5.741 5.302 4.706 4.439 4.423 4.374 4.423 4.816 4.402 4.841 4.520 4.448 4.424 4.482 4.385 4.376 4.372 4.369 4.399 4.495 4.475 4.629
0.04 0.47971 8.00000 0.7994368076 2.4185273160    0.799 -0.700  3.6650  4.653    0  0.000  0.538     0.00     0.00     0.00     0.00     0.00 -1 -1.33e-14      0.00 6.393e-01 3.208e-01 7.092e-03 1.937e-03 1.759e-02 -1.000 3.996e-02 6.520 6.062 5.576 5.156 4.584 4.331 4.314 4.269 4.316 4.692 4.294 4.711 4.407 4.339 4.317 4.369 4.277 4.270 4.267 4.265 4.293 4.383 4.365 4.511
0.04 0.47971 8.00000 0.8000000119 2.4187244405    0.800 -0.699  3.6652  4.653    0  0.000  0.538     0.00     0.00     0.00     0.00     0.00 -1 -1.33e-14      0.00 6.393e-01 3.208e-01 7.092e-03 1.937e-03 1.759e-02 -1.000 3.996e-02 6.517 6.058 5.573 5.153 4.582 4.329 4.311 4.267 4.314 4.690 4.292 4.709 4.405 4.337 4.315 4.367 4.275 4.268 4.265 4.263 4.290 4.381 4.363 4.508
0.04 0.47971 8.00000 0.8421046138 2.4326069407    0.842 -0.603  3.6785  4.632    0  0.000  0.538     0.00     0.00     0.00     0.00     0.00 -1 -1.65e-14      0.00 6.393e-01 3.207e-01 7.092e-03 1.936e-03 1.759e-02 -1.000 3.998e-02 6.276 5.779 5.340 4.946 4.411 4.178 4.159 4.120 4.163 4.517 4.142 4.527 4.248 4.186 4.166 4.212 4.126 4.121 4.119 4.117 4.142 4.223 4.208 4.344
0.04 0.47971 8.00000 0.8500000238 2.4350346840    0.850 -0.585  3.6811  4.628    0  0.000  0.538     0.00     0.00     0.00     0.00     0.00 -1 -1.72e-14      0.00 6.393e-01 3.207e-01 7.092e-03 1.936e-03 1.759e-02 -1.000 4.000e-02 6.232 5.729 5.297 4.908 4.380 4.151 4.132 4.093 4.136 4.485 4.115 4.493 4.220 4.159 4.139 4.183 4.099 4.094 4.092 4.091 4.115 4.195 4.180 4.314
0.04 0.47971 8.00000 0.9164005518 2.4535632567    0.916 -0.436  3.7021  4.596    0  0.000  0.538     0.00     0.00     0.00     0.00     0.00 -1 -2.43e-14      0.00 6.395e-01 3.206e-01 7.088e-03 1.936e-03 1.758e-02 -1.000 3.997e-02 5.859 5.322 4.943 4.593 4.120 3.921 3.901 3.869 3.905 4.221 3.887 4.217 3.980 3.928 3.911 3.947 3.872 3.869 3.869 3.867 3.887 3.954 3.943 4.063
0.04 0.47971 8.00000 0.9393445849 2.4592696317    0.939 -0.387  3.7087  4.585    0  0.000  0.538     0.00     0.00     0.00     0.00     0.00 -1 -2.72e-14      0.00 6.394e-01 3.206e-01 7.089e-03 1.936e-03 1.758e-02 -1.000 3.997e-02 5.738 5.194 4.829 4.492 4.034 3.845 3.825 3.795 3.829 4.134 3.812 4.127 3.901 3.852 3.835 3.869 3.798 3.795 3.795 3.793 3.812 3.875 3.865 3.980
0.04 0.47971 8.00000 0.9499999881 2.4618121868    0.950 -0.368  3.7112  4.581    0  0.000  0.538     0.00     0.00     0.00     0.00     0.00 -1 -2.84e-14      0.00 6.394e-01 3.206e-01 7.090e-03 1.936e-03 1.758e-02 -1.000 3.997e-02 5.690 5.143 4.784 4.451 4.000 3.814 3.794 3.765 3.798 4.099 3.781 4.091 3.869 3.821 3.804 3.838 3.767 3.765 3.765 3.763 3.782 3.843 3.833 3.946
0.04 0.47971 8.00000 1.0000000000 2.4729154477    1.000 -0.263  3.7248  4.552    0  0.000  0.538     0.00     0.00     0.00     0.00     0.00 -1 -3.63e-14      0.00 6.394e-01 3.206e-01 7.089e-03 1.936e-03 1.758e-02 -1.000 3.994e-02 5.427 4.870 4.538 4.231 3.810 3.644 3.623 3.598 3.628 3.907 3.612 3.893 3.692 3.651 3.635 3.663 3.600 3.598 3.598 3.597 3.614 3.668 3.660 3.762
0.04 0.47971 8.00000 1.0499999523 2.4828114860    1.050 -0.158  3.7385  4.523    0  0.000  0.538     0.00     0.00     0.00     0.00     0.00 -1 -4.32e-14      0.00 6.396e-01 3.205e-01 7.087e-03 1.935e-03 1.758e-02 -1.000 3.990e-02 5.164 4.602 4.295 4.013 3.622 3.474 3.453 3.433 3.460 3.716 3.444 3.697 3.515 3.480 3.465 3.487 3.433 3.432 3.433 3.432 3.447 3.494 3.488 3.578
0.04 0.47971 8.00000 1.0954543352 2.4909122657    1.095 -0.070  3.7489  4.495    0  0.000  0.538     0.00     0.00     0.00     0.00     0.00 -1 -4.97e-14      0.00 6.396e-01 3.204e-01 7.085e-03 1.935e-03 1.758e-02 -1.000 3.990e-02 4.946 4.387 4.098 3.833 3.464 3.330 3.309 3.293 3.318 3.556 3.302 3.534 3.366 3.336 3.322 3.338 3.293 3.292 3.293 3.293 3.306 3.349 3.344 3.423
0.04 0.47971 8.00000 1.1000000238 2.4916801480    1.099 -0.062  3.7500  4.493    0  0.000  0.538     0.00     0.00     0.00     0.00     0.00 -1 -5.04e-14      0.00 6.397e-01 3.204e-01 7.085e-03 1.934e-03 1.757e-02 -1.000 3.990e-02 4.924 4.365 4.078 3.815 3.449 3.315 3.294 3.279 3.304 3.540 3.288 3.518 3.351 3.322 3.307 3.323 3.279 3.278 3.279 3.279 3.292 3.335 3.329 3.408
0.04 0.47971 8.00000 1.1001914740 2.4917123286    1.100 -0.061  3.7500  4.492    0  0.000  0.538     0.00     0.00     0.00     0.00     0.00 -1 -5.04e-14      0.00 6.397e-01 3.204e-01 7.085e-03 1.934e-03 1.757e-02 -1.000 3.990e-02 4.923 4.364 4.077 3.814 3.448 3.315 3.294 3.278 3.303 3.540 3.287 3.517 3.350 3.321 3.307 3.322 3.278 3.278 3.279 3.278 3.291 3.334 3.329 3.407
0.04 0.47971 8.00000 1.1316506863 2.4968306757    1.131  0.006  3.7585  4.471    0  0.000  0.538     0.00     0.00     0.00     0.00     0.00 -1 -5.63e-14      0.00 6.397e-01 3.203e-01 7.084e-03 1.934e-03 1.757e-02 -1.000 3.996e-02 4.755 4.202 3.929 3.680 3.331 3.209 3.188 3.177 3.200 3.421 3.183 3.397 3.240 3.215 3.201 3.212 3.176 3.176 3.177 3.176 3.188 3.227 3.222 3.293
0.04 0.47971 8.00000 1.1499999762 2.4996678137    1.149  0.040  3.7623  4.460    0  0.000  0.538     0.00     0.00     0.00     0.00     0.00 -1 -5.92e-14      0.00 6.398e-01 3.203e-01 7.083e-03 1.934e-03 1.756e-02 -1.000 3.998e-02 4.671 4.121 3.855 3.612 3.270 3.152 3.132 3.122 3.144 3.359 3.127 3.334 3.182 3.159 3.145 3.153 3.121 3.121 3.122 3.121 3.133 3.170 3.165 3.233
0.04 0.47971 8.00000 1.2000000477 2.5068948796    1.200  0.133  3.7729  4.427    0  0.000  0.538     0.00     0.00     0.00     0.00     0.00 -1  -6.8e-14      0.00 6.399e-01 3.201e-01 7.080e-03 1.934e-03 1.756e-02 -1.000 3.997e-02 4.438 3.899 3.650 3.423 3.102 2.997 2.977 2.971 2.990 3.189 2.975 3.161 3.022 3.003 2.990 2.994 2.970 2.970 2.971 2.971 2.981 3.012 3.008 3.068
0.04 0.47971 8.00000 1.2500000000 2.5134610955    1.250  0.221  3.7826  4.396    0  0.000  0.538     0.00     0.00     0.00     0.00     0.00 -1 -7.63e-14      0.00 6.402e-01 3.199e-01 7.076e-03 1.932e-03 1.755e-02 -1.000 3.994e-02 4.217 3.691 3.458 3.246 2.945 2.851 2.832 2.828 2.844 3.028 2.830 2.999 2.871 2.856 2.844 2.844 2.827 2.827 2.829 2.828 2.836 2.862 2.859 2.913
0.04 0.47971 8.00000 1.2999999523 2.5194498592    1.300  0.305  3.7917  4.366    0  0.000  0.537     0.00     0.00     0.00     0.00     0.00 -1 -8.32e-14      0.00 6.405e-01 3.196e-01 7.071e-03 1.931e-03 1.754e-02 -1.000 3.991e-02 4.007 3.495 3.277 3.078 2.795 2.710 2.692 2.691 2.704 2.876 2.692 2.846 2.727 2.716 2.704 2.702 2.689 2.690 2.691 2.690 2.697 2.718 2.715 2.766
0.04 0.47971 8.00000 1.3500000238 2.5249313598    1.350  0.385  3.8006  4.338    0  0.000  0.537     0.00     0.00     0.00     0.00     0.00 -1 -8.87e-14      0.00 6.406e-01 3.196e-01 7.070e-03 1.931e-03 1.754e-02 -1.000 3.983e-02 3.808 3.311 3.108 2.920 2.655 2.579 2.563 2.563 2.572 2.733 2.563 2.702 2.593 2.585 2.573 2.570 2.561 2.562 2.563 2.562 2.567 2.583 2.581 2.628
0.04 0.47971 8.00000 1.3999999762 2.5299650300    1.400  0.457  3.8094  4.317    1  0.000  0.538     0.00     0.00     0.00     0.00     0.00 -1 -9.08e-14      0.00 6.407e-01 3.194e-01 7.068e-03 1.930e-03 1.753e-02 -1.000 3.982e-02 3.627 3.147 2.958 2.782 2.534 2.467 2.452 2.453 2.460 2.609 2.452 2.578 2.478 2.473 2.461 2.457 2.451 2.452 2.453 2.452 2.455 2.467 2.466 2.510
0.04 0.47971 8.00000 1.4500000477 2.5346015836    1.450  0.528  3.8176  4.294    0  0.000  0.537     0.00     0.00     0.00     0.00     0.00 -1 -8.98e-14      0.00 6.408e-01 3.194e-01 7.066e-03 1.930e-03 1.753e-02 -1.000 3.987e-02 3.450 2.986 2.810 2.645 2.413 2.353 2.338 2.340 2.344 2.484 2.339 2.453 2.362 2.358 2.347 2.342 2.338 2.339 2.340 2.338 2.341 2.349 2.349 2.391
0.04 0.47971 8.00000 1.5000000000 2.5388844597    1.500  0.595  3.8256  4.274    1  0.000  0.538     0.00     0.00     0.00     0.00     0.00 -1 -8.43e-14      0.00 6.408e-01 3.194e-01 7.067e-03 1.930e-03 1.753e-02 -1.000 3.978e-02 3.284 2.834 2.670 2.516 2.299 2.244 2.230 2.232 2.235 2.366 2.231 2.335 2.252 2.250 2.238 2.233 2.231 2.232 2.232 2.231 2.232 2.237 2.238 2.279
0.04 0.47971 8.00000 1.5499999523 2.5428511323    1.550  0.659  3.8337  4.256    1  0.000  0.538     0.00     0.00     0.00     0.00     0.00 -1 -7.36e-14      0.00 6.409e-01 3.194e-01 7.066e-03 1.930e-03 1.753e-02 -1.000 3.976e-02 3.123 2.689 2.537 2.393 2.191 2.142 2.129 2.131 2.132 2.255 2.130 2.224 2.150 2.148 2.136 2.131 2.130 2.131 2.131 2.130 2.130 2.133 2.134 2.173
0.04 0.47971 8.00000 1.6000000238 2.5465340628    1.600  0.719  3.8420  4.243    1  0.000  0.537     0.00     0.00     0.00     0.00     0.00 -1 -5.63e-14      0.00 6.408e-01 3.193e-01 7.065e-03 1.930e-03 1.753e-02 -1.000 3.982e-02 2.972 2.555 2.416 2.282 2.096 2.052 2.039 2.041 2.042 2.156 2.040 2.126 2.059 2.058 2.046 2.041 2.040 2.041 2.041 2.040 2.040 2.042 2.043 2.080
0.04 0.47971 8.00000 1.6353192329 2.5489801152    1.635  0.762  3.8481  4.234    0  0.000  0.537     0.00     0.00     0.00     0.00     0.00 -1 -3.79e-14      0.00 6.409e-01 3.193e-01 7.065e-03 1.929e-03 1.753e-02 -1.000 3.980e-02 2.866 2.462 2.333 2.206 2.031 1.991 1.979 1.981 1.981 2.088 1.980 2.059 1.997 1.997 1.985 1.981 1.980 1.981 1.981 1.980 1.979 1.980 1.982 2.017
0.04 0.47971 8.00000 1.6499999762 2.5499614773    1.649  0.779  3.8506  4.231    0  0.000  0.537     0.00     0.00     0.00     0.00     0.00 -1 -3.23e-14      0.00 6.409e-01 3.193e-01 7.065e-03 1.929e-03 1.753e-02 -1.000 3.980e-02 2.822 2.424 2.299 2.175 2.005 1.966 1.954 1.956 1.956 2.061 1.955 2.032 1.972 1.972 1.960 1.956 1.955 1.956 1.956 1.955 1.955 1.955 1.957 1.991
0.04 0.47971 8.00000 1.7000000477 2.5531580802    1.699  0.836  3.8605  4.226    0  0.000  0.538     0.00     0.00     0.00     0.00     0.00 -1    -1e-30      0.00 6.409e-01 3.192e-01 7.064e-03 1.929e-03 1.752e-02 -1.000 3.983e-02 2.680 2.305 2.194 2.082 1.930 1.897 1.886 1.888 1.887 1.981 1.887 1.953 1.902 1.903 1.891 1.887 1.887 1.887 1.888 1.886 1.886 1.886 1.887 1.918
0.04 0.47971 8.00000 1.7061923742 2.5535390016    1.705  0.843  3.8618  4.226    0  0.000  0.538     0.00     0.00     0.00     0.00     0.00 -1    -1e-30      0.00 6.409e-01 3.192e-01 7.064e-03 1.929e-03 1.752e-02 -1.000 3.983e-02 2.663 2.291 2.183 2.072 1.922 1.890 1.879 1.880 1.879 1.972 1.879 1.944 1.895 1.896 1.884 1.879 1.879 1.880 1.880 1.879 1.878 1.878 1.880 1.910
0.04 0.47971 8.00000 1.7500000000 2.5561455243    1.749  0.891  3.8708  4.225    1  0.000  0.538     0.00     0.00     0.00     0.00     0.00 -1    -1e-30      0.00 6.410e-01 3.192e-01 7.063e-03 1.929e-03 1.752e-02 -1.000 3.981e-02 2.543 2.195 2.100 1.999 1.866 1.838 1.828 1.829 1.828 1.911 1.828 1.885 1.843 1.844 1.832 1.828 1.828 1.829 1.829 1.828 1.827 1.828 1.828 1.856
0.04 0.47971 8.00000 1.7736911774 2.5574936028    1.773  0.916  3.8757  4.226    1  0.000  0.538     0.00     0.00     0.00     0.00     0.00 -1    -1e-30      0.00 6.410e-01 3.192e-01 7.063e-03 1.928e-03 1.752e-02 -1.000 3.979e-02 2.480 2.145 2.057 1.962 1.837 1.812 1.802 1.803 1.803 1.880 1.802 1.855 1.816 1.818 1.806 1.802 1.803 1.803 1.803 1.803 1.802 1.802 1.803 1.828
0.04 0.47971 8.00000 1.7999998331 2.5589429021    1.799  0.944  3.8811  4.226    1  0.000  0.538     0.00     0.00     0.00     0.00     0.00 -1    -1e-30      0.00 6.411e-01 3.192e-01 7.062e-03 1.928e-03 1.752e-02 -1.000 3.977e-02 2.411 2.091 2.010 1.921 1.806 1.783 1.773 1.775 1.774 1.845 1.774 1.822 1.787 1.789 1.777 1.773 1.774 1.774 1.775 1.774 1.773 1.774 1.774 1.798
0.04 0.47971 8.00000 1.8500000238 2.5615671203    1.849  0.994  3.8910  4.227    1  0.000  0.538     0.00     0.00     0.00     0.00     0.00 -1    -1e-30      0.00 6.411e-01 3.191e-01 7.061e-03 1.928e-03 1.751e-02 -1.000 3.980e-02 2.284 1.994 1.927 1.848 1.750 1.731 1.722 1.724 1.723 1.784 1.723 1.763 1.735 1.737 1.726 1.722 1.723 1.723 1.724 1.723 1.722 1.723 1.723 1.743
0.04 0.47971 8.00000 1.8999999762 2.5640331260    1.899  1.044  3.9003  4.226    1  0.000  0.538     0.00     0.00     0.00     0.00     0.00 -1    -1e-30      0.00 6.411e-01 3.191e-01 7.061e-03 1.928e-03 1.751e-02 -1.000 3.980e-02 2.160 1.900 1.844 1.775 1.692 1.677 1.669 1.670 1.669 1.722 1.669 1.703 1.680 1.682 1.671 1.668 1.669 1.670 1.670 1.669 1.668 1.670 1.670 1.687
0.04 0.47971 8.00000 1.9511904716 2.5664078692    1.951  1.094  3.9094  4.224    1  0.000  0.537     0.00     0.00     0.00     0.00     0.00 -1    -1e-30      0.00 6.412e-01 3.190e-01 7.060e-03 1.928e-03 1.751e-02 -1.000 3.981e-02 2.035 1.808 1.763 1.703 1.634 1.621 1.614 1.615 1.615 1.659 1.614 1.642 1.624 1.627 1.616 1.613 1.614 1.615 1.615 1.615 1.613 1.616 1.615 1.630
0.04 0.47971 8.00000 2.0023808479 2.5686435157    2.003  1.142  3.9183  4.223    1  0.000  0.537     0.00     0.00     0.00     0.00     0.00 -1    -1e-30      0.00 6.412e-01 3.190e-01 7.060e-03 1.928e-03 1.751e-02 -1.000 3.983e-02 1.916 1.723 1.688 1.637 1.580 1.570 1.564 1.565 1.565 1.601 1.564 1.587 1.573 1.576 1.565 1.563 1.564 1.565 1.565 1.565 1.564 1.566 1.565 1.577
0.04 0.47971 8.00000 2.0535714626 2.5707514791    2.053  1.188  3.9267  4.221    1  0.000  0.538     0.00     0.00     0.00     0.00     0.00 -1    -1e-30      0.00 6.413e-01 3.190e-01 7.059e-03 1.928e-03 1.751e-02 -1.000 3.977e-02 1.799 1.640 1.614 1.571 1.525 1.517 1.512 1.513 1.513 1.542 1.512 1.530 1.520 1.522 1.513 1.511 1.512 1.513 1.513 1.513 1.512 1.515 1.514 1.523
0.04 0.47971 8.00000 2.1047618389 2.5727419504    2.104  1.234  3.9347  4.218    1  0.000  0.537     0.00     0.00     0.00     0.00     0.00 -1    -1e-30      0.00 6.413e-01 3.190e-01 7.059e-03 1.928e-03 1.751e-02 -1.000 3.976e-02 1.685 1.559 1.541 1.506 1.469 1.463 1.459 1.460 1.461 1.483 1.459 1.473 1.465 1.468 1.459 1.457 1.459 1.460 1.460 1.460 1.459 1.462 1.461 1.467
0.04 0.47971 8.00000 2.1559524536 2.5746241204    2.155  1.278  3.9425  4.215    1  0.000  0.537     0.00     0.00     0.00     0.00     0.00 -1    -1e-30      0.00 6.413e-01 3.190e-01 7.058e-03 1.927e-03 1.751e-02 -1.000 3.975e-02 1.575 1.482 1.471 1.443 1.414 1.411 1.407 1.409 1.409 1.425 1.408 1.417 1.412 1.415 1.407 1.406 1.407 1.408 1.409 1.409 1.408 1.411 1.410 1.413
0.04 0.47971 8.00000 2.2071428299 2.5764062319    2.206  1.321  3.9499  4.212    1  0.000  0.538     0.00     0.00     0.00     0.00     0.00 -1    -1e-30      0.00 6.413e-01 3.189e-01 7.058e-03 1.927e-03 1.751e-02 -1.000 3.979e-02 1.467 1.407 1.403 1.382 1.360 1.359 1.356 1.358 1.359 1.369 1.357 1.362 1.359 1.362 1.356 1.355 1.357 1.357 1.358 1.359 1.358 1.361 1.359 1.360
0.04 0.47971 8.00000 2.2583334446 2.5780957598    2.257  1.363  3.9571  4.208    1  0.000  0.538     0.00     0.00     0.00     0.00     0.00 -1    -1e-30      0.00 6.413e-01 3.189e-01 7.058e-03 1.928e-03 1.751e-02 -1.000 3.973e-02 1.361 1.335 1.337 1.322 1.307 1.307 1.305 1.307 1.308 1.313 1.306 1.308 1.307 1.310 1.304 1.304 1.306 1.307 1.307 1.308 1.307 1.310 1.309 1.307
0.04 0.47971 8.00000 2.2998311520 2.5794020852    2.298  1.397  3.9626  4.205    1  0.000  0.538     0.00     0.00     0.00     0.00     0.00 -1    -1e-30      0.00 6.413e-01 3.189e-01 7.057e-03 1.927e-03 1.751e-02 -1.000 3.977e-02 1.278 1.278 1.284 1.273 1.263 1.264 1.263 1.265 1.267 1.268 1.264 1.263 1.263 1.267 1.262 1.262 1.264 1.265 1.265 1.266 1.265 1.269 1.267 1.263
0.04 0.47971 8.00000 2.3095238209 2.5796994381    2.308  1.405  3.9639  4.204    1  0.000  0.538     0.00     0.00     0.00     0.00     0.00 -1    -1e-30      0.00 6.413e-01 3.189e-01 7.057e-03 1.927e-03 1.751e-02 -1.000 3.978e-02 1.258 1.265 1.271 1.262 1.253 1.254 1.254 1.256 1.257 1.257 1.254 1.253 1.253 1.257 1.252 1.252 1.254 1.255 1.256 1.256 1.256 1.259 1.258 1.253
0.04 0.47971 8.00000 2.3217930794 2.5800717446    2.320  1.414  3.9655  4.203    1  0.000  0.538     0.00     0.00     0.00     0.00     0.00 -1    -1e-30      0.00 6.414e-01 3.189e-01 7.057e-03 1.927e-03 1.751e-02 -1.000 3.978e-02 1.234 1.249 1.256 1.249 1.240 1.242 1.242 1.244 1.245 1.244 1.243 1.240 1.241 1.245 1.240 1.240 1.242 1.243 1.244 1.245 1.244 1.247 1.246 1.241
0.04 0.47971 8.00000 2.3607141972 2.5812233973    2.359  1.445  3.9705  4.200    1  0.000  0.538     0.00     0.00     0.00     0.00     0.00 -1    -1e-30      0.00 6.414e-01 3.188e-01 7.057e-03 1.927e-03 1.750e-02 -1.000 3.978e-02 1.158 1.198 1.209 1.205 1.200 1.203 1.204 1.206 1.207 1.203 1.205 1.200 1.201 1.205 1.202 1.202 1.204 1.206 1.206 1.207 1.206 1.209 1.208 1.201
0.04 0.47971 8.00000 2.4119048119 2.5826732094    2.411  1.485  3.9769  4.195    1  0.000  0.538     0.00     0.00     0.00     0.00     0.00 -1    -1e-30      0.00 6.413e-01 3.189e-01 7.058e-03 1.928e-03 1.751e-02 -1.000 3.979e-02 1.059 1.132 1.147 1.149 1.148 1.153 1.154 1.156 1.158 1.150 1.155 1.147 1.150 1.154 1.151 1.152 1.155 1.156 1.157 1.157 1.157 1.160 1.159 1.149
0.04 0.47971 8.00000 2.4630951881 2.5840539307    2.461  1.522  3.9831  4.191    1  0.000  0.538     0.00     0.00     0.00     0.00     0.00 -1    -1e-30      0.00 6.408e-01 3.194e-01 7.068e-03 1.930e-03 1.753e-02 -1.000 3.983e-02 0.964 1.070 1.090 1.096 1.098 1.105 1.107 1.110 1.112 1.099 1.108 1.097 1.101 1.105 1.104 1.105 1.108 1.110 1.110 1.111 1.111 1.114 1.113 1.100
0.04 0.47971 8.00000 2.5142858028 2.5853702012    2.512  1.560  3.9892  4.187    1  0.000  0.538     0.00     0.00     0.00     0.00     0.00 -1    -1e-30      0.00 6.402e-01 3.199e-01 7.078e-03 1.933e-03 1.755e-02 -1.000 3.989e-02 0.869 1.008 1.032 1.043 1.048 1.056 1.060 1.063 1.065 1.048 1.061 1.047 1.051 1.056 1.056 1.058 1.061 1.063 1.063 1.064 1.064 1.067 1.066 1.050
0.04 0.47971 8.00000 2.6342923641 2.5882266173    2.632  1.647  4.0029  4.175    1  0.000  0.538     0.00     0.00     0.00     0.00     0.00 -1    -1e-30      0.00 6.395e-01 3.205e-01 7.089e-03 1.936e-03 1.758e-02 -1.000 3.995e-02 0.652 0.866 0.898 0.919 0.931 0.942 0.949 0.954 0.956 0.929 0.951 0.929 0.935 0.941 0.943 0.947 0.951 0.953 0.954 0.955 0.955 0.958 0.958 0.933
0.04 0.47971 8.00000 2.7190475464 2.5900702128    2.717  1.707  4.0121  4.166    1  0.000  0.538     0.00     0.00     0.00     0.00     0.00 -1    -1e-30      0.00 6.390e-01 3.210e-01 7.098e-03 1.938e-03 1.760e-02 -1.000 4.000e-02 0.503 0.769 0.807 0.834 0.850 0.864 0.872 0.878 0.881 0.847 0.875 0.847 0.854 0.862 0.866 0.870 0.874 0.877 0.879 0.880 0.881 0.883 0.883 0.852
0.04 0.47971 8.00000 2.8547737598 2.5927619728    2.853  1.799  4.0258  4.150    1  0.000  0.538     0.00     0.00     0.00     0.00     0.00 -1    -1e-30      0.00 6.390e-01 3.210e-01 7.098e-03 1.938e-03 1.760e-02 -1.000 4.000e-02 0.272 0.614 0.660 0.697 0.717 0.735 0.747 0.754 0.759 0.713 0.750 0.714 0.723 0.732 0.738 0.744 0.750 0.753 0.755 0.757 0.758 0.761 0.761 0.720
0.04 0.47971 8.00000 2.9238095284 2.5940213683    2.922  1.845  4.0325  4.141    1  0.000  0.538     0.00     0.00     0.00     0.00     0.00 -1    -1e-30      0.00 6.390e-01 3.210e-01 7.098e-03 1.938e-03 1.760e-02 -1.000 4.000e-02 0.158 0.535 0.586 0.627 0.650 0.670 0.682 0.691 0.696 0.645 0.686 0.646 0.656 0.666 0.673 0.680 0.686 0.690 0.691 0.694 0.695 0.698 0.698 0.653
0.04 0.47971 8.00000 2.9362518787 2.5942411182    2.935  1.853  4.0337  4.139    1  0.000  0.538     0.00     0.00     0.00     0.00     0.00 -1    -1e-30      0.00 6.390e-01 3.210e-01 7.098e-03 1.938e-03 1.760e-02 -1.000 4.000e-02 0.138 0.521 0.572 0.614 0.637 0.658 0.671 0.679 0.684 0.633 0.674 0.634 0.644 0.654 0.661 0.668 0.674 0.678 0.680 0.683 0.683 0.686 0.687 0.640
0.04 0.47971 8.00000 3.0758106709 2.5965665201    3.074  1.942  4.0464  4.121    1  0.000  0.538     0.00     0.00     0.00     0.00     0.00 -1    -1e-30      0.00 6.390e-01 3.210e-01 7.098e-03 1.938e-03 1.760e-02 -1.000 4.000e-02 -0.086 0.365 0.424 0.474 0.502 0.526 0.541 0.552 0.557 0.496 0.546 0.497 0.509 0.521 0.530 0.538 0.546 0.550 0.552 0.555 0.556 0.559 0.560 0.505
0.04 0.47971 8.00000 3.1285715103 2.5973837487    3.127  1.976  4.0510  4.114    1  0.000  0.538     0.00     0.00     0.00     0.00     0.00 -1    -1e-30      0.00 6.390e-01 3.210e-01 7.098e-03 1.938e-03 1.760e-02 -1.000 4.000e-02 -0.169 0.306 0.369 0.422 0.451 0.476 0.492 0.503 0.509 0.445 0.497 0.446 0.458 0.470 0.481 0.489 0.497 0.502 0.504 0.507 0.509 0.512 0.513 0.454
0.04 0.47971 8.00000 3.2470986843 2.5991087806    3.245  2.048  4.0609  4.097    1  0.000  0.538     0.00     0.00     0.00     0.00     0.00 -1    -1e-30      0.00 6.390e-01 3.210e-01 7.098e-03 1.938e-03 1.760e-02 -1.000 4.000e-02 -0.351 0.179 0.248 0.306 0.338 0.366 0.384 0.396 0.403 0.332 0.389 0.333 0.346 0.359 0.371 0.381 0.389 0.395 0.397 0.401 0.402 0.405 0.407 0.342
0.04 0.47971 8.00000 3.3333334923 2.6002755648    3.331  2.100  4.0678  4.083    1  0.000  0.538     0.00     0.00     0.00     0.00     0.00 -1    -1e-30      0.00 6.390e-01 3.210e-01 7.098e-03 1.938e-03 1.760e-02 -1.000 4.000e-02 -0.481 0.086 0.160 0.222 0.255 0.285 0.305 0.318 0.325 0.249 0.310 0.250 0.264 0.278 0.290 0.301 0.310 0.316 0.319 0.322 0.324 0.327 0.329 0.259
0.04 0.47971 8.00000 3.3587291241 2.6006060695    3.356  2.115  4.0697  4.079    1  0.000  0.538     0.00     0.00     0.00     0.00     0.00 -1    -1e-30      0.00 6.390e-01 3.210e-01 7.098e-03 1.938e-03 1.760e-02 -1.000 4.000e-02 -0.518 0.059 0.134 0.197 0.231 0.261 0.281 0.295 0.302 0.224 0.287 0.226 0.240 0.254 0.267 0.278 0.287 0.293 0.296 0.299 0.301 0.304 0.306 0.235
0.04 0.47971 8.00000 3.4616327286 2.6018883923    3.458  2.176  4.0774  4.062    1  0.000  0.538     0.00     0.00     0.00     0.00     0.00 -1    -1e-30      0.00 6.390e-01 3.210e-01 7.098e-03 1.938e-03 1.760e-02 -1.000 4.000e-02 -0.670 -0.051 0.029 0.096 0.132 0.164 0.185 0.199 0.207 0.125 0.191 0.126 0.141 0.157 0.170 0.182 0.191 0.197 0.200 0.204 0.206 0.210 0.211 0.136
0.04 0.47971 8.00000 3.5380954742 2.6027858778    3.535  2.221  4.0827  4.048    1  0.000  0.538     0.00     0.00     0.00     0.00     0.00 -1    -1e-30      0.00 6.390e-01 3.210e-01 7.098e-03 1.938e-03 1.760e-02 -1.000 4.000e-02 -0.782 -0.134 -0.050 0.020 0.056 0.090 0.112 0.127 0.135 0.049 0.118 0.050 0.066 0.082 0.096 0.108 0.118 0.125 0.128 0.132 0.134 0.137 0.139 0.061
0.04 0.47971 8.00000 3.6735708714 2.6042710307    3.670  2.299  4.0914  4.022    1  0.000  0.538     0.00     0.00     0.00     0.00     0.00 -1    -1e-30      0.00 6.390e-01 3.210e-01 7.098e-03 1.938e-03 1.760e-02 -1.000 4.000e-02 -0.977 -0.280 -0.192 -0.117 -0.079 -0.043 -0.019 -0.004 0.005 -0.086 -0.013 -0.085 -0.068 -0.051 -0.036 -0.023 -0.013 -0.006 -0.003 0.002 0.004 0.007 0.010 -0.073
0.04 0.47971 8.00000 3.7428572178 2.6049829755    3.740  2.339  4.0956  4.007    1  0.000  0.538     0.00     0.00     0.00     0.00     0.00 -1    -1e-30      0.00 6.390e-01 3.210e-01 7.098e-03 1.938e-03 1.760e-02 -1.000 4.000e-02 -1.076 -0.357 -0.265 -0.189 -0.150 -0.113 -0.089 -0.073 -0.064 -0.157 -0.082 -0.156 -0.139 -0.121 -0.106 -0.093 -0.082 -0.075 -0.071 -0.067 -0.065 -0.061 -0.059 -0.144
0.04 0.47971 8.00000 3.8317925930 2.6058535684    3.829  2.389  4.1005  3.987    1  0.000  0.538     0.00     0.00     0.00     0.00     0.00 -1    -1e-30      0.00 6.390e-01 3.210e-01 7.098e-03 1.938e-03 1.760e-02 -1.000 4.000e-02 -1.202 -0.454 -0.360 -0.281 -0.241 -0.203 -0.178 -0.161 -0.152 -0.248 -0.171 -0.247 -0.230 -0.212 -0.196 -0.182 -0.171 -0.164 -0.160 -0.155 -0.153 -0.150 -0.147 -0.235
0.04 0.47971 8.00000 3.9476191998 2.6069200450    3.946  2.454  4.1064  3.958    1  0.000  0.538     0.00     0.00     0.00     0.00     0.00 -1    -1e-30      0.00 6.390e-01 3.210e-01 7.098e-03 1.938e-03 1.760e-02 -1.000 4.000e-02 -1.364 -0.583 -0.486 -0.404 -0.363 -0.324 -0.298 -0.281 -0.271 -0.370 -0.290 -0.370 -0.351 -0.333 -0.316 -0.302 -0.290 -0.283 -0.279 -0.275 -0.272 -0.269 -0.266 -0.357
0.04 0.47971 8.00000 4.0270237923 2.6076105439    4.025  2.498  4.1100  3.937    1  0.000  0.538     0.00     0.00     0.00     0.00     0.00 -1    -1e-30      0.00 6.390e-01 3.210e-01 7.098e-03 1.938e-03 1.760e-02 -1.000 4.000e-02 -1.474 -0.673 -0.574 -0.490 -0.448 -0.408 -0.382 -0.364 -0.355 -0.456 -0.374 -0.455 -0.437 -0.418 -0.401 -0.386 -0.374 -0.367 -0.363 -0.358 -0.356 -0.352 -0.349 -0.442
0.04 0.47971 8.00000 4.1268172264 2.6084351563    4.124  2.554  4.1137  3.906    1  0.000  0.538     0.00     0.00     0.00     0.00     0.00 -1    -1e-30      0.00 6.390e-01 3.210e-01 7.098e-03 1.938e-03 1.760e-02 -1.000 4.000e-02 -1.615 -0.792 -0.691 -0.605 -0.563 -0.522 -0.495 -0.477 -0.468 -0.571 -0.488 -0.570 -0.551 -0.532 -0.514 -0.500 -0.487 -0.480 -0.476 -0.471 -0.468 -0.465 -0.462 -0.557
0.04 0.47971 8.00000 4.1523809433 2.6086390740    4.150  2.568  4.1145  3.898    1  0.000  0.538     0.00     0.00     0.00     0.00     0.00 -1    -1e-30      0.00 6.390e-01 3.210e-01 7.098e-03 1.938e-03 1.760e-02 -1.000 4.000e-02 -1.651 -0.824 -0.723 -0.637 -0.594 -0.553 -0.526 -0.508 -0.498 -0.602 -0.518 -0.601 -0.582 -0.563 -0.545 -0.530 -0.518 -0.510 -0.507 -0.502 -0.499 -0.496 -0.493 -0.588
0.04 0.47971 8.00000 4.2173867226 2.6091448323    4.215  2.605  4.1163  3.875    1  0.000  0.538     0.00     0.00     0.00     0.00     0.00 -1    -1e-30      0.00 6.390e-01 3.210e-01 7.098e-03 1.938e-03 1.760e-02 -1.000 4.000e-02 -1.742 -0.905 -0.803 -0.716 -0.673 -0.631 -0.604 -0.586 -0.576 -0.681 -0.596 -0.680 -0.661 -0.641 -0.623 -0.608 -0.596 -0.588 -0.585 -0.580 -0.577 -0.573 -0.570 -0.666
0.04 0.47971 8.00000 4.3007044792 2.6097674216    4.297  2.652  4.1181  3.844    1  0.000  0.538     0.00     0.00     0.00     0.00     0.00 -1    -1e-30      0.00 6.390e-01 3.210e-01 7.098e-03 1.938e-03 1.760e-02 -1.000 4.000e-02 -1.859 -1.013 -0.909 -0.821 -0.778 -0.736 -0.709 -0.690 -0.680 -0.786 -0.701 -0.785 -0.766 -0.746 -0.728 -0.713 -0.701 -0.693 -0.689 -0.684 -0.681 -0.678 -0.675 -0.772
0.04 0.47971 8.00000 4.3571429253 2.6101736350    4.354  2.684  4.1189  3.821    1  0.000  0.538     0.00     0.00     0.00     0.00     0.00 -1    -1e-30      0.00 6.390e-01 3.210e-01 7.098e-03 1.938e-03 1.760e-02 -1.000 4.000e-02 -1.939 -1.087 -0.984 -0.895 -0.852 -0.810 -0.782 -0.764 -0.754 -0.860 -0.774 -0.859 -0.840 -0.820 -0.802 -0.786 -0.774 -0.766 -0.762 -0.757 -0.755 -0.751 -0.748 -0.845
0.04 0.47971 8.00000 4.4510540962 2.6108233731    4.447  2.736  4.1193  3.779    1  0.000  0.538     0.00     0.00     0.00     0.00     0.00 -1    -1e-30      0.00 6.390e-01 3.210e-01 7.098e-03 1.938e-03 1.760e-02 -1.000 4.000e-02 -2.071 -1.218 -1.114 -1.025 -0.981 -0.940 -0.912 -0.894 -0.884 -0.990 -0.904 -0.989 -0.970 -0.950 -0.931 -0.916 -0.904 -0.896 -0.892 -0.887 -0.884 -0.881 -0.878 -0.975
0.04 0.47971 8.00000 4.5370187759 2.6113910953    4.533  2.786  4.1180  3.733    1  0.000  0.538     0.00     0.00     0.00     0.00     0.00 -1    -1e-30      0.00 6.390e-01 3.210e-01 7.098e-03 1.938e-03 1.760e-02 -1.000 4.000e-02 -2.195 -1.350 -1.248 -1.158 -1.115 -1.074 -1.046 -1.028 -1.018 -1.123 -1.038 -1.122 -1.104 -1.084 -1.065 -1.050 -1.038 -1.030 -1.026 -1.021 -1.019 -1.015 -1.012 -1.109
0.04 0.47971 8.00000 4.5619049072 2.6115508609    4.559  2.800  4.1173  3.718    1  0.000  0.538     0.00     0.00     0.00     0.00     0.00 -1    -1e-30      0.00 6.390e-01 3.210e-01 7.098e-03 1.938e-03 1.760e-02 -1.000 4.000e-02 -2.231 -1.390 -1.289 -1.199 -1.156 -1.115 -1.088 -1.069 -1.060 -1.165 -1.080 -1.163 -1.145 -1.125 -1.107 -1.092 -1.080 -1.072 -1.068 -1.063 -1.060 -1.057 -1.054 -1.150
0.04 0.47971 8.00000 4.6084570885 2.6118443987    4.605  2.827  4.1159  3.690    1  0.000  0.538     0.00     0.00     0.00     0.00     0.00 -1    -1e-30      0.00 6.390e-01 3.210e-01 7.098e-03 1.938e-03 1.760e-02 -1.000 4.000e-02 -2.298 -1.466 -1.365 -1.276 -1.233 -1.193 -1.165 -1.147 -1.137 -1.242 -1.158 -1.240 -1.222 -1.203 -1.184 -1.169 -1.158 -1.150 -1.146 -1.141 -1.138 -1.135 -1.132 -1.228
0.04 0.47971 8.00000 4.6763339043 2.6122603799    4.673  2.866  4.1129  3.645    1  0.000  0.538     0.00     0.00     0.00     0.00     0.00 -1    -1e-30      0.00 6.390e-01 3.210e-01 7.098e-03 1.938e-03 1.760e-02 -1.000 4.000e-02 -2.396 -1.582 -1.484 -1.395 -1.353 -1.313 -1.286 -1.268 -1.259 -1.361 -1.279 -1.360 -1.343 -1.323 -1.305 -1.290 -1.279 -1.271 -1.267 -1.262 -1.260 -1.257 -1.253 -1.348
0.04 0.47971 8.00000 4.7471046448 2.6126795611    4.744  2.909  4.1076  3.588    1  0.000  0.538     0.00     0.00     0.00     0.00     0.00 -1    -1e-30      0.00 6.390e-01 3.210e-01 7.098e-03 1.938e-03 1.760e-02 -1.000 4.000e-02 -2.501 -1.720 -1.625 -1.538 -1.497 -1.459 -1.432 -1.415 -1.406 -1.505 -1.425 -1.503 -1.487 -1.469 -1.450 -1.436 -1.425 -1.417 -1.413 -1.409 -1.406 -1.403 -1.400 -1.492
0.04 0.47971 8.00000 4.7666664124 2.6127929050    4.764  2.920  4.1056  3.570    1  0.000  0.538     0.00     0.00     0.00     0.00     0.00 -1    -1e-30      0.00 6.390e-01 3.210e-01 7.098e-03 1.938e-03 1.760e-02 -1.000 4.000e-02 -2.531 -1.761 -1.667 -1.581 -1.541 -1.502 -1.476 -1.459 -1.450 -1.549 -1.469 -1.547 -1.531 -1.512 -1.494 -1.480 -1.469 -1.461 -1.458 -1.453 -1.451 -1.448 -1.444 -1.535
0.04 0.47971 8.00000 4.8227996826 2.6131122872    4.820  2.954  4.0997  3.518    1  0.000  0.538     0.00     0.00     0.00     0.00     0.00 -1    -1e-30      0.00 6.390e-01 3.210e-01 7.098e-03 1.938e-03 1.760e-02 -1.000 4.000e-02 -2.615 -1.879 -1.790 -1.706 -1.666 -1.630 -1.605 -1.588 -1.579 -1.674 -1.597 -1.672 -1.658 -1.640 -1.622 -1.607 -1.598 -1.590 -1.586 -1.582 -1.580 -1.577 -1.574 -1.661
0.04 0.47971 8.00000 4.8849329948 2.6134559834    4.883  2.992  4.0917  3.453    1  0.000  0.538     0.00     0.00     0.00     0.00     0.00 -1    -1e-30      0.00 6.390e-01 3.210e-01 7.098e-03 1.938e-03 1.760e-02 -1.000 4.000e-02 -2.710 -2.021 -1.937 -1.857 -1.819 -1.784 -1.760 -1.744 -1.736 -1.827 -1.753 -1.824 -1.811 -1.794 -1.776 -1.762 -1.754 -1.746 -1.743 -1.739 -1.736 -1.734 -1.731 -1.814
0.04 0.47971 8.00000 4.9392113686 2.6137481056    4.937  3.029  4.0836  3.389    1  0.000  0.538     0.00     0.00     0.00     0.00     0.00 -1    -1e-30      0.00 6.390e-01 3.210e-01 7.098e-03 1.938e-03 1.760e-02 -1.000 4.000e-02 -2.803 -2.160 -2.082 -2.005 -1.968 -1.936 -1.913 -1.898 -1.890 -1.976 -1.906 -1.973 -1.962 -1.946 -1.928 -1.915 -1.907 -1.900 -1.896 -1.893 -1.891 -1.888 -1.885 -1.964
0.04 0.47971 8.00000 4.9714288712 2.6139180326    4.970  3.054  4.0800  3.353    1  0.000  0.538     0.00     0.00     0.00     0.00     0.00 -1    -1e-30      0.00 6.390e-01 3.210e-01 7.098e-03 1.938e-03 1.760e-02 -1.000 4.000e-02 -2.864 -2.242 -2.167 -2.090 -2.055 -2.023 -2.001 -1.985 -1.978 -2.062 -1.994 -2.059 -2.049 -2.033 -2.015 -2.002 -1.995 -1.988 -1.984 -1.981 -1.979 -1.976 -1.973 -2.051
0.04 0.47971 8.00000 4.9746437073 2.6139348500    4.973  3.056  4.0800  3.350    1  0.000  0.538     0.00     0.00     0.00     0.00     0.00 -1    -1e-30      0.00 6.390e-01 3.210e-01 7.098e-03 1.938e-03 1.760e-02 -1.000 4.000e-02 -2.871 -2.249 -2.174 -2.097 -2.062 -2.030 -2.008 -1.992 -1.985 -2.069 -2.001 -2.066 -2.056 -2.040 -2.023 -2.009 -2.002 -1.995 -1.991 -1.988 -1.986 -1.983 -1.980 -2.058
0.04 0.47971 8.00000 4.9873037338 2.6140008346    4.986  3.074  4.0856  3.356    1  0.000  0.538     0.00     0.00     0.00     0.00     0.00 -1    -1e-30      0.00 6.390e-01 3.210e-01 7.098e-03 1.938e-03 1.760e-02 -1.000 4.000e-02 -2.915 -2.261 -2.182 -2.103 -2.066 -2.033 -2.010 -1.994 -1.987 -2.074 -2.004 -2.071 -2.060 -2.043 -2.026 -2.012 -2.004 -1.997 -1.993 -1.990 -1.987 -1.985 -1.982 -2.062
0.04 0.47971 8.00000 5.0006351471 2.6140699033    4.999  3.096  4.0951  3.373    1  0.000  0.538     0.00     0.00     0.00     0.00     0.00 -1    -1e-30      0.00 6.390e-01 3.210e-01 7.098e-03 1.938e-03 1.760e-02 -1.000 4.000e-02 -2.971 -2.264 -2.178 -2.095 -2.057 -2.022 -1.997 -1.981 -1.972 -2.065 -1.990 -2.062 -2.049 -2.032 -2.014 -1.999 -1.990 -1.983 -1.979 -1.975 -1.973 -1.971 -1.967 -2.052
0.04 0.47971 8.00000 5.0050296783 2.6140925782    5.004  3.114  4.1061  3.400    1  0.000  0.538     0.00     0.00     0.00     0.00     0.00 -1    -1e-30      0.00 6.390e-01 3.210e-01 7.098e-03 1.938e-03 1.760e-02 -1.000 4.000e-02 -3.015 -2.244 -2.152 -2.064 -2.024 -1.986 -1.960 -1.942 -1.933 -2.032 -1.952 -2.030 -2.015 -1.996 -1.977 -1.963 -1.953 -1.945 -1.941 -1.937 -1.934 -1.932 -1.928 -2.019
0.04 0.47971 8.00000 5.0069637299 2.6141025431    5.005  3.130  4.1161  3.424    1  0.000  0.538     0.00     0.00     0.00     0.00     0.00 -1    -1e-30      0.00 6.390e-01 3.210e-01 7.098e-03 1.938e-03 1.760e-02 -1.000 4.000e-02 -3.055 -2.226 -2.127 -2.035 -1.993 -1.953 -1.925 -1.907 -1.897 -2.001 -1.917 -1.999 -1.983 -1.963 -1.944 -1.928 -1.917 -1.909 -1.905 -1.901 -1.898 -1.895 -1.891 -1.987
0.04 0.47971 8.00000 5.0080976486 2.6141083812    5.007  3.149  4.1269  3.448    1  0.000  0.538     0.00     0.00     0.00     0.00     0.00 -1    -1e-30      0.00 6.390e-01 3.210e-01 7.098e-03 1.938e-03 1.760e-02 -1.000 4.000e-02 -3.104 -2.210 -2.105 -2.009 -1.965 -1.922 -1.893 -1.874 -1.864 -1.973 -1.885 -1.972 -1.954 -1.933 -1.913 -1.897 -1.885 -1.876 -1.872 -1.867 -1.864 -1.861 -1.858 -1.959
0.04 0.47971 8.00000 5.0086941719 2.6141114513    5.007  3.168  4.1357  3.465    1  0.000  0.538     0.00     0.00     0.00     0.00     0.00 -1    -1e-30      0.00 6.390e-01 3.210e-01 7.098e-03 1.938e-03 1.760e-02 -1.000 4.000e-02 -3.150 -2.204 -2.094 -1.995 -1.948 -1.904 -1.873 -1.853 -1.843 -1.957 -1.865 -1.956 -1.937 -1.915 -1.894 -1.877 -1.865 -1.856 -1.852 -1.846 -1.843 -1.840 -1.836 -1.942
0.04 0.47971 8.00000 5.0091700554 2.6141138999    5.008  3.186  4.1439  3.479    1  0.000  0.538     0.00     0.00     0.00     0.00     0.00 -1    -1e-30      0.00 6.390e-01 3.210e-01 7.098e-03 1.938e-03 1.760e-02 -1.000 4.000e-02 -3.195 -2.201 -2.086 -1.983 -1.935 -1.889 -1.858 -1.837 -1.826 -1.944 -1.849 -1.943 -1.923 -1.901 -1.879 -1.862 -1.849 -1.840 -1.835 -1.830 -1.826 -1.823 -1.819 -1.929
0.04 0.47971 8.00000 5.0091900826 2.6141140030    5.008  3.187  4.1442  3.480    1  0.000  0.538     0.00     0.00     0.00     0.00     0.00 -1    -1e-30      0.00 6.390e-01 3.210e-01 7.098e-03 1.938e-03 1.760e-02 -1.000 4.000e-02 -3.197 -2.200 -2.085 -1.983 -1.935 -1.888 -1.857 -1.836 -1.825 -1.944 -1.848 -1.943 -1.922 -1.900 -1.879 -1.861 -1.848 -1.839 -1.834 -1.829 -1.826 -1.822 -1.818 -1.928
0.04 0.47971 8.00000 5.0094585419 2.6141153840    5.008  3.154  4.1350  3.476    2  0.000  0.538     0.00     0.00     0.00     0.00     0.00 -1    -1e-30      0.00 6.390e-01 3.210e-01 7.098e-03 1.938e-03 1.760e-02 -1.000 4.000e-02 -3.115 -2.173 -2.063 -1.965 -1.918 -1.874 -1.844 -1.824 -1.813 -1.927 -1.835 -1.926 -1.907 -1.885 -1.865 -1.848 -1.835 -1.827 -1.822 -1.817 -1.814 -1.811 -1.807 -1.912
0.04 0.47971 8.00000 5.0095939636 2.6141160806    5.008  3.135  4.1260  3.459    2  0.000  0.538     0.00     0.00     0.00     0.00     0.00 -1    -1e-30      0.00 6.390e-01 3.210e-01 7.098e-03 1.938e-03 1.760e-02 -1.000 4.000e-02 -3.067 -2.180 -2.075 -1.979 -1.935 -1.893 -1.864 -1.844 -1.834 -1.944 -1.856 -1.942 -1.924 -1.904 -1.884 -1.867 -1.856 -1.847 -1.843 -1.838 -1.835 -1.832 -1.828 -1.929
0.04 0.47971 8.00000 5.0097551346 2.6141169096    5.008  3.125  4.1142  3.421    2  0.000  0.538     0.00     0.00     0.00     0.00     0.00 -1    -1e-30      0.00 6.390e-01 3.210e-01 7.098e-03 1.938e-03 1.760e-02 -1.000 4.000e-02 -3.044 -2.225 -2.128 -2.037 -1.995 -1.955 -1.928 -1.910 -1.900 -2.003 -1.920 -2.001 -1.985 -1.966 -1.946 -1.931 -1.920 -1.912 -1.908 -1.904 -1.901 -1.898 -1.894 -1.989
0.04 0.47971 8.00000 5.0099253654 2.6141177852    5.008  3.131  4.1025  3.369    2  0.000  0.538     0.00     0.00     0.00     0.00     0.00 -1    -1e-30      0.00 6.390e-01 3.210e-01 7.098e-03 1.938e-03 1.760e-02 -1.000 4.000e-02 -3.057 -2.308 -2.218 -2.132 -2.092 -2.055 -2.029 -2.012 -2.004 -2.100 -2.022 -2.098 -2.084 -2.065 -2.047 -2.032 -2.022 -2.015 -2.011 -2.007 -2.004 -2.002 -1.998 -2.087
0.04 0.47971 8.00000 5.0101122856 2.6141187465    5.009  3.144  4.0906  3.308    2  0.000  0.538     0.00     0.00     0.00     0.00     0.00 -1    -1e-30      0.00 6.390e-01 3.210e-01 7.098e-03 1.938e-03 1.760e-02 -1.000 4.000e-02 -3.090 -2.409 -2.327 -2.245 -2.208 -2.174 -2.150 -2.134 -2.126 -2.216 -2.144 -2.213 -2.202 -2.184 -2.166 -2.152 -2.144 -2.136 -2.133 -2.129 -2.127 -2.125 -2.121 -2.204
0.04 0.47971 8.00000 5.0103130341 2.6141197788    5.009  3.156  4.0786  3.248    2  0.000  0.538     0.00     0.00     0.00     0.00     0.00 -1    -1e-30      0.00 6.390e-01 3.210e-01 7.098e-03 1.938e-03 1.760e-02 -1.000 4.000e-02 -3.121 -2.508 -2.434 -2.357 -2.323 -2.292 -2.270 -2.254 -2.247 -2.330 -2.263 -2.327 -2.317 -2.301 -2.284 -2.271 -2.264 -2.256 -2.253 -2.250 -2.248 -2.246 -2.242 -2.319
0.04 0.47971 8.00000 5.0105223656 2.6141208551    5.009  3.165  4.0666  3.191    2  0.000  0.538     0.00     0.00     0.00     0.00     0.00 -1    -1e-30      0.00 6.390e-01 3.210e-01 7.098e-03 1.938e-03 1.760e-02 -1.000 4.000e-02 -3.143 -2.596 -2.532 -2.459 -2.427 -2.399 -2.379 -2.365 -2.358 -2.434 -2.373 -2.431 -2.424 -2.409 -2.392 -2.380 -2.374 -2.367 -2.364 -2.361 -2.359 -2.357 -2.354 -2.424
0.04 0.47971 8.00000 5.0107374191 2.6141219608    5.009  3.170  4.0546  3.138    2  0.000  0.538     0.00     0.00     0.00     0.00     0.00 -1    -1e-30      0.00 6.390e-01 3.210e-01 7.098e-03 1.938e-03 1.760e-02 -1.000 4.000e-02 -3.156 -2.676 -2.620 -2.553 -2.524 -2.499 -2.480 -2.467 -2.462 -2.530 -2.475 -2.526 -2.522 -2.508 -2.492 -2.481 -2.476 -2.469 -2.466 -2.464 -2.462 -2.461 -2.457 -2.521
0.04 0.47971 8.00000 5.0109562874 2.6141230860    5.010  3.174  4.0425  3.086    2  0.000  0.538     0.00     0.00     0.00     0.00     0.00 -1    -1e-30      0.00 6.390e-01 3.210e-01 7.098e-03 1.938e-03 1.760e-02 -1.000 4.000e-02 -3.164 -2.747 -2.702 -2.640 -2.613 -2.592 -2.576 -2.564 -2.559 -2.620 -2.571 -2.615 -2.613 -2.601 -2.585 -2.575 -2.571 -2.565 -2.563 -2.561 -2.559 -2.558 -2.555 -2.611
0.04 0.47971 8.00000 5.0111761093 2.6141242159    5.010  3.175  4.0304  3.037    2  0.000  0.538     0.00     0.00     0.00     0.00     0.00 -1    -1e-30      0.00 6.390e-01 3.210e-01 7.098e-03 1.938e-03 1.760e-02 -1.000 4.000e-02 -3.167 -2.812 -2.777 -2.721 -2.697 -2.680 -2.665 -2.655 -2.651 -2.704 -2.661 -2.698 -2.699 -2.688 -2.673 -2.664 -2.662 -2.656 -2.654 -2.652 -2.651 -2.650 -2.647 -2.696
0.04 0.47971 8.00000 5.0113949776 2.6141253409    5.010  3.175  4.0183  2.988    2  0.000  0.538     0.00     0.00     0.00     0.00     0.00 -1    -1e-30      0.00 6.390e-01 3.210e-01 7.098e-03 1.938e-03 1.760e-02 -1.000 4.000e-02 -3.167 -2.873 -2.849 -2.799 -2.778 -2.765 -2.753 -2.743 -2.740 -2.784 -2.749 -2.778 -2.782 -2.772 -2.759 -2.751 -2.750 -2.745 -2.743 -2.742 -2.741 -2.740 -2.738 -2.778
0.04 0.47971 8.00000 5.0116100311 2.6141264461    5.010  3.173  4.0061  2.941    2  0.000  0.538     0.00     0.00     0.00     0.00     0.00 -1    -1e-30      0.00 6.390e-01 3.210e-01 7.098e-03 1.938e-03 1.760e-02 -1.000 4.000e-02 -3.163 -2.931 -2.917 -2.874 -2.857 -2.848 -2.838 -2.831 -2.829 -2.863 -2.835 -2.856 -2.863 -2.855 -2.843 -2.836 -2.836 -2.832 -2.830 -2.830 -2.829 -2.829 -2.826 -2.858
0.04 0.47971 8.00000 5.0118198395 2.6141275242    5.010  3.171  3.9940  2.895    2  0.000  0.538     0.00     0.00     0.00     0.00     0.00 -1    -1e-30      0.00 6.390e-01 3.210e-01 7.098e-03 1.938e-03 1.760e-02 -1.000 4.000e-02 -3.157 -2.986 -2.983 -2.947 -2.934 -2.929 -2.922 -2.916 -2.915 -2.939 -2.920 -2.931 -2.941 -2.935 -2.924 -2.919 -2.921 -2.917 -2.916 -2.916 -2.916 -2.916 -2.913 -2.935
0.04 0.47971 8.00000 5.0120224953 2.6141285655    5.011  3.167  3.9818  2.850    2  0.000  0.538     0.00     0.00     0.00     0.00     0.00 -1    -1e-30      0.00 6.390e-01 3.210e-01 7.098e-03 1.938e-03 1.760e-02 -1.000 4.000e-02 -3.148 -3.036 -3.045 -3.016 -3.008 -3.007 -3.004 -2.999 -2.999 -3.012 -3.002 -3.004 -3.017 -3.012 -3.003 -2.999 -3.003 -3.000 -2.999 -3.000 -3.000 -3.000 -2.998 -3.010
0.04 0.47971 8.00000 5.0122179985 2.6141295700    5.011  3.163  3.9697  2.806    2  0.000  0.538     0.00     0.00     0.00     0.00     0.00 -1    -1e-30      0.00 6.390e-01 3.210e-01 7.098e-03 1.938e-03 1.760e-02 -1.000 4.000e-02 -3.137 -3.084 -3.104 -3.083 -3.080 -3.084 -3.083 -3.080 -3.082 -3.084 -3.082 -3.076 -3.091 -3.088 -3.081 -3.078 -3.084 -3.081 -3.080 -3.082 -3.082 -3.083 -3.081 -3.083
0.04 0.47971 8.00000 5.0124049187 2.6141305303    5.011  3.158  3.9576  2.762    2  0.000  0.538     0.00     0.00     0.00     0.00     0.00 -1    -1e-30      0.00 6.390e-01 3.210e-01 7.098e-03 1.938e-03 1.760e-02 -1.000 4.000e-02 -3.125 -3.128 -3.159 -3.148 -3.150 -3.159 -3.161 -3.160 -3.162 -3.153 -3.160 -3.145 -3.163 -3.162 -3.157 -3.155 -3.162 -3.160 -3.159 -3.162 -3.162 -3.163 -3.161 -3.154
0.04 0.47971 8.00000 5.0125832558 2.6141314464    5.011  3.152  3.9454  2.719    2  0.000  0.538     0.00     0.00     0.00     0.00     0.00 -1    -1e-30      0.00 6.390e-01 3.210e-01 7.098e-03 1.938e-03 1.760e-02 -1.000 4.000e-02 -3.111 -3.168 -3.211 -3.210 -3.219 -3.232 -3.237 -3.237 -3.240 -3.220 -3.237 -3.213 -3.233 -3.235 -3.231 -3.231 -3.239 -3.237 -3.236 -3.239 -3.240 -3.241 -3.239 -3.223
0.04 0.47971 8.00000 5.0127534866 2.6141323208    5.011  3.146  3.9333  2.677    2  0.000  0.538     0.00     0.00     0.00     0.00     0.00 -1    -1e-30      0.00 6.390e-01 3.210e-01 7.098e-03 1.938e-03 1.760e-02 -1.000 4.000e-02 -3.095 -3.205 -3.259 -3.269 -3.287 -3.304 -3.311 -3.312 -3.316 -3.285 -3.312 -3.279 -3.303 -3.306 -3.304 -3.304 -3.314 -3.312 -3.312 -3.315 -3.316 -3.317 -3.315 -3.291
0.04 0.47971 8.00000 5.0129141808 2.6141331461    5.011  3.139  3.9212  2.635    2  0.000  0.538     0.00     0.00     0.00     0.00     0.00 -1    -1e-30      0.00 6.390e-01 3.210e-01 7.098e-03 1.938e-03 1.760e-02 -1.000 4.000e-02 -3.079 -3.237 -3.302 -3.325 -3.353 -3.375 -3.384 -3.386 -3.390 -3.349 -3.385 -3.344 -3.371 -3.376 -3.375 -3.377 -3.387 -3.386 -3.386 -3.390 -3.391 -3.392 -3.391 -3.358
0.04 0.47971 8.00000 5.0130662918 2.6141339274    5.012  3.132  3.9091  2.594    2  0.000  0.538     0.00     0.00     0.00     0.00     0.00 -1    -1e-30      0.00 6.390e-01 3.210e-01 7.098e-03 1.938e-03 1.760e-02 -1.000 4.000e-02 -3.061 -3.265 -3.343 -3.378 -3.418 -3.445 -3.457 -3.460 -3.465 -3.410 -3.458 -3.407 -3.439 -3.445 -3.447 -3.449 -3.460 -3.459 -3.460 -3.464 -3.465 -3.466 -3.465 -3.425
0.04 0.47971 8.00000 5.0132102966 2.6141346669    5.012  3.125  3.8971  2.554    2  0.000  0.538     0.00     0.00     0.00     0.00     0.00 -1    -1e-30      0.00 6.390e-01 3.210e-01 7.098e-03 1.938e-03 1.760e-02 -1.000 4.000e-02 -3.042 -3.289 -3.379 -3.429 -3.483 -3.515 -3.529 -3.533 -3.538 -3.471 -3.531 -3.470 -3.506 -3.514 -3.517 -3.521 -3.533 -3.532 -3.533 -3.537 -3.539 -3.540 -3.539 -3.491
0.04 0.47971 8.00000 5.0133461952 2.6141353647    5.012  3.117  3.8850  2.513    2  0.000  0.538     0.00     0.00     0.00     0.00     0.00 -1    -1e-30      0.00 6.390e-01 3.210e-01 7.098e-03 1.938e-03 1.760e-02 -1.000 4.000e-02 -3.022 -3.310 -3.413 -3.477 -3.547 -3.585 -3.601 -3.605 -3.611 -3.530 -3.603 -3.532 -3.574 -3.583 -3.587 -3.592 -3.605 -3.604 -3.605 -3.610 -3.612 -3.614 -3.612 -3.557
0.04 0.47971 8.00000 5.0134744644 2.6141360234    5.012  3.108  3.8730  2.474    2  0.000  0.538     0.00     0.00     0.00     0.00     0.00 -1    -1e-30      0.00 6.390e-01 3.210e-01 7.098e-03 1.938e-03 1.760e-02 -1.000 4.000e-02 -3.001 -3.328 -3.443 -3.523 -3.612 -3.654 -3.672 -3.677 -3.683 -3.589 -3.674 -3.594 -3.641 -3.652 -3.658 -3.663 -3.676 -3.676 -3.677 -3.682 -3.684 -3.686 -3.684 -3.623
0.04 0.47971 8.00000 5.0135960579 2.6141366477    5.012  3.100  3.8610  2.434    2  0.000  0.538     0.00     0.00     0.00     0.00     0.00 -1    -1e-30      0.00 6.390e-01 3.210e-01 7.098e-03 1.938e-03 1.760e-02 -1.000 4.000e-02 -2.979 -3.344 -3.473 -3.568 -3.676 -3.724 -3.743 -3.748 -3.755 -3.648 -3.746 -3.655 -3.710 -3.721 -3.728 -3.734 -3.748 -3.748 -3.749 -3.753 -3.756 -3.758 -3.756 -3.689
0.04 0.47971 8.00000 5.0137104988 2.6141372353    5.012  3.091  3.8490  2.395    2  0.000  0.538     0.00     0.00     0.00     0.00     0.00 -1    -1e-30      0.00 6.390e-01 3.210e-01 7.098e-03 1.938e-03 1.760e-02 -1.000 4.000e-02 -2.957 -3.357 -3.500 -3.611 -3.740 -3.793 -3.814 -3.819 -3.825 -3.705 -3.816 -3.716 -3.777 -3.789 -3.798 -3.805 -3.818 -3.818 -3.819 -3.824 -3.826 -3.828 -3.826 -3.755
0.04 0.47971 8.00000 5.0138187408 2.6141377910    5.012  3.082  3.8370  2.357    2  0.000  0.538     0.00     0.00     0.00     0.00     0.00 -1    -1e-30      0.00 6.390e-01 3.210e-01 7.098e-03 1.938e-03 1.760e-02 -1.000 4.000e-02 -2.934 -3.365 -3.522 -3.650 -3.802 -3.861 -3.883 -3.888 -3.894 -3.760 -3.885 -3.774 -3.844 -3.857 -3.866 -3.874 -3.887 -3.887 -3.888 -3.893 -3.895 -3.896 -3.895 -3.819
0.04 0.47971 8.00000 5.0139212608 2.6141383173    5.012  3.072  3.8251  2.318    2  0.000  0.538     0.00     0.00     0.00     0.00     0.00 -1    -1e-30      0.00 6.390e-01 3.210e-01 7.098e-03 1.938e-03 1.760e-02 -1.000 4.000e-02 -2.910 -3.369 -3.542 -3.686 -3.862 -3.928 -3.951 -3.956 -3.960 -3.813 -3.953 -3.830 -3.909 -3.923 -3.933 -3.941 -3.955 -3.955 -3.956 -3.961 -3.962 -3.962 -3.961 -3.881
0.04 0.47971 8.00000 5.0140180588 2.6141388142    5.013  3.062  3.8132  2.280    2  0.000  0.538     0.00     0.00     0.00     0.00     0.00 -1    -1e-30      0.00 6.390e-01 3.210e-01 7.098e-03 1.938e-03 1.760e-02 -1.000 4.000e-02 -2.886 -3.369 -3.558 -3.720 -3.920 -3.993 -4.017 -4.023 -4.025 -3.865 -4.020 -3.883 -3.973 -3.988 -3.999 -4.008 -4.021 -4.022 -4.023 -4.028 -4.027 -4.023 -4.023 -3.942
0.04 0.47971 8.00000 5.0141091347 2.6141392817    5.013  3.053  3.8013  2.242    2  0.000  0.538     0.00     0.00     0.00     0.00     0.00 -1    -1e-30      0.00 6.390e-01 3.210e-01 7.098e-03 1.938e-03 1.760e-02 -1.000 4.000e-02 -2.862 -3.369 -3.576 -3.756 -3.981 -4.065 -4.090 -4.097 -4.096 -3.920 -4.093 -3.940 -4.041 -4.059 -4.071 -4.079 -4.095 -4.097 -4.098 -4.102 -4.100 -4.091 -4.092 -4.006
0.04 0.47971 8.00000 5.0141959190 2.6141397272    5.013  3.043  3.7894  2.205    2  0.000  0.538     0.00     0.00     0.00     0.00     0.00 -1    -1e-30      0.00 6.390e-01 3.210e-01 7.098e-03 1.938e-03 1.760e-02 -1.000 4.000e-02 -2.837 -3.363 -3.589 -3.788 -4.040 -4.134 -4.162 -4.170 -4.164 -3.973 -4.165 -3.994 -4.107 -4.128 -4.142 -4.148 -4.168 -4.170 -4.170 -4.174 -4.170 -4.154 -4.157 -4.068
0.04 0.47971 8.00000 5.0142779350 2.6141401482    5.013  3.033  3.7775  2.167    2  0.000  0.538     0.00     0.00     0.00     0.00     0.00 -1    -1e-30      0.00 6.390e-01 3.210e-01 7.098e-03 1.938e-03 1.760e-02 -1.000 4.000e-02 -2.812 -3.354 -3.599 -3.818 -4.098 -4.204 -4.232 -4.243 -4.232 -4.025 -4.237 -4.046 -4.173 -4.197 -4.211 -4.216 -4.240 -4.243 -4.243 -4.247 -4.240 -4.216 -4.219 -4.129
0.04 0.47971 8.00000 5.0143551826 2.6141405446    5.013  3.023  3.7657  2.130    2  0.000  0.538     0.00     0.00     0.00     0.00     0.00 -1    -1e-30      0.00 6.390e-01 3.210e-01 7.098e-03 1.938e-03 1.760e-02 -1.000 4.000e-02 -2.787 -3.340 -3.606 -3.845 -4.153 -4.271 -4.301 -4.316 -4.301 -4.075 -4.307 -4.095 -4.237 -4.264 -4.279 -4.279 -4.312 -4.315 -4.316 -4.320 -4.310 -4.278 -4.282 -4.188
0.04 0.47971 8.00000 5.0144286156 2.6141409215    5.013  3.012  3.7539  2.093    2  0.000  0.538     0.00     0.00     0.00     0.00     0.00 -1    -1e-30      0.00 6.390e-01 3.210e-01 7.098e-03 1.938e-03 1.760e-02 -1.000 4.000e-02 -2.761 -3.321 -3.608 -3.868 -4.205 -4.337 -4.365 -4.386 -4.366 -4.122 -4.374 -4.140 -4.298 -4.329 -4.345 -4.337 -4.382 -4.386 -4.386 -4.390 -4.378 -4.336 -4.341 -4.244
0.04 0.47971 8.00000 5.0144987106 2.6141412813    5.013  3.002  3.7423  2.057    2  0.000  0.538     0.00     0.00     0.00     0.00     0.00 -1    -1e-30      0.00 6.390e-01 3.210e-01 7.098e-03 1.938e-03 1.760e-02 -1.000 4.000e-02 -2.735 -3.298 -3.606 -3.888 -4.254 -4.401 -4.427 -4.456 -4.430 -4.167 -4.440 -4.182 -4.357 -4.393 -4.410 -4.389 -4.451 -4.456 -4.457 -4.460 -4.446 -4.393 -4.399 -4.297
0.04 0.47971 8.00000 5.0145654678 2.6141416239    5.013  2.992  3.7308  2.022    2  0.000  0.538     0.00     0.00     0.00     0.00     0.00 -1    -1e-30      0.00 6.390e-01 3.210e-01 7.098e-03 1.938e-03 1.760e-02 -1.000 4.000e-02 -2.709 -3.270 -3.598 -3.903 -4.296 -4.459 -4.480 -4.519 -4.486 -4.206 -4.497 -4.217 -4.409 -4.450 -4.469 -4.432 -4.513 -4.519 -4.520 -4.523 -4.505 -4.437 -4.445 -4.342
0.04 0.47971 8.00000 5.0146293640 2.6141419518    5.013  2.981  3.7200  1.989    2  0.000  0.538     0.00     0.00     0.00     0.00     0.00 -1    -1e-30      0.00 6.390e-01 3.210e-01 7.098e-03 1.938e-03 1.760e-02 -1.000 4.000e-02 -2.682 -3.236 -3.584 -3.912 -4.331 -4.510 -4.526 -4.575 -4.535 -4.238 -4.547 -4.245 -4.453 -4.501 -4.520 -4.467 -4.567 -4.575 -4.576 -4.579 -4.558 -4.475 -4.484 -4.380
0.04 0.47971 8.00000 5.0146913528 2.6141422699    5.013  2.970  3.7101  1.961    2  0.000  0.538     0.00     0.00     0.00     0.00     0.00 -1    -1e-30      0.00 6.390e-01 3.210e-01 7.098e-03 1.938e-03 1.760e-02 -1.000 4.000e-02 -2.654 -3.199 -3.564 -3.915 -4.356 -4.551 -4.562 -4.622 -4.575 -4.263 -4.588 -4.265 -4.487 -4.542 -4.561 -4.495 -4.611 -4.621 -4.622 -4.626 -4.602 -4.506 -4.516 -4.408
0.04 0.47971 8.00000 5.0147552490 2.6141425978    5.013  2.958  3.7011  1.937    2  0.000  0.538     0.00     0.00     0.00     0.00     0.00 -1    -1e-30      0.00 6.390e-01 3.210e-01 7.098e-03 1.938e-03 1.760e-02 -1.000 4.000e-02 -2.624 -3.156 -3.540 -3.910 -4.372 -4.582 -4.589 -4.658 -4.606 -4.278 -4.619 -4.275 -4.511 -4.573 -4.592 -4.515 -4.645 -4.657 -4.659 -4.663 -4.637 -4.529 -4.540 -4.427
0.04 0.47971 8.00000 5.0148267746 2.6141429649    5.013  2.943  3.6932  1.920    2  0.000  0.538     0.00     0.00     0.00     0.00     0.00 -1    -1e-30      0.00 6.390e-01 3.210e-01 7.098e-03 1.938e-03 1.760e-02 -1.000 4.000e-02 -2.588 -3.107 -3.507 -3.897 -4.376 -4.601 -4.605 -4.681 -4.625 -4.282 -4.638 -4.275 -4.522 -4.591 -4.611 -4.524 -4.666 -4.680 -4.682 -4.686 -4.658 -4.541 -4.553 -4.433
0.04 0.47971 8.00000 5.0149326324 2.6141435081    5.013  2.921  3.6849  1.908    2  0.000  0.538     0.00     0.00     0.00     0.00     0.00 -1    -1e-30      0.00 6.390e-01 3.210e-01 7.098e-03 1.938e-03 1.760e-02 -1.000 4.000e-02 -2.533 -3.036 -3.454 -3.862 -4.360 -4.599 -4.601 -4.685 -4.625 -4.266 -4.638 -4.254 -4.512 -4.589 -4.610 -4.515 -4.668 -4.684 -4.686 -4.690 -4.661 -4.533 -4.546 -4.420
0.04 0.47971 8.00000 5.0150527954 2.6141441246    5.014  2.895  3.6768  1.902    2  0.000  0.538     0.00     0.00     0.00     0.00     0.00 -1    -1e-30      0.00 6.390e-01 3.210e-01 7.098e-03 1.938e-03 1.760e-02 -1.000 4.000e-02 -2.467 -2.953 -3.386 -3.813 -4.324 -4.576 -4.577 -4.668 -4.601 -4.232 -4.617 -4.216 -4.479 -4.563 -4.589 -4.485 -4.649 -4.666 -4.669 -4.673 -4.642 -4.496 -4.512 -4.386
0.04 0.47971 8.00000 5.0151734352 2.6141447436    5.014  2.870  3.6692  1.897    2  0.000  0.538     0.00     0.00     0.00     0.00     0.00 -1    -1e-30      0.00 6.390e-01 3.210e-01 7.098e-03 1.938e-03 1.760e-02 -1.000 4.000e-02 -2.405 -2.872 -3.324 -3.768 -4.296 -4.562 -4.561 -4.659 -4.588 -4.204 -4.604 -4.183 -4.458 -4.549 -4.575 -4.465 -4.638 -4.657 -4.660 -4.664 -4.632 -4.478 -4.495 -4.361
0.04 0.47971 8.00000 5.0153112411 2.6141454506    5.014  2.852  3.6611  1.882    2  0.000  0.538     0.00     0.00     0.00     0.00     0.00 -1    -1e-30      0.00 6.390e-01 3.210e-01 7.098e-03 1.938e-03 1.760e-02 -1.000 4.000e-02 -2.360 -2.805 -3.277 -3.740 -4.287 -4.568 -4.565 -4.669 -4.595 -4.196 -4.611 -4.170 -4.456 -4.554 -4.582 -4.464 -4.646 -4.667 -4.670 -4.675 -4.642 -4.478 -4.497 -4.355
0.04 0.47971 8.00000 5.0154104233 2.6141459594    5.014  2.842  3.6553  1.870    2  0.000  0.538     0.00     0.00     0.00     0.00     0.00 -1    -1e-30      0.00 6.390e-01 3.210e-01 7.098e-03 1.938e-03 1.760e-02 -1.000 4.000e-02 -2.334 -2.762 -3.250 -3.725 -4.286 -4.577 -4.573 -4.681 -4.605 -4.195 -4.621 -4.165 -4.459 -4.562 -4.592 -4.468 -4.658 -4.679 -4.683 -4.688 -4.653 -4.483 -4.503 -4.356
0.04 0.47971 8.00000 5.0155186653 2.6141465147    5.014  2.854  3.6491  1.832    3  0.000  0.538     5.12     4.69     3.49     2.52     2.06  4    -1e-30      0.00 6.390e-01 3.210e-01 7.098e-03 1.938e-03 1.760e-02 -1.000 4.000e-02 -2.365 -2.773 -3.277 -3.767 -4.341 -4.643 -4.637 -4.752 -4.672 -4.251 -4.688 -4.217 -4.517 -4.627 -4.660 -4.528 -4.727 -4.749 -4.754 -4.758 -4.722 -4.541 -4.563 -4.413
0.04 0.47971 8.00000 5.0156617165 2.6141472485    5.014  2.886  3.6406  1.766    3  0.000  0.538     5.90     5.28     3.92     2.83     2.32  4    -1e-30      0.00 6.390e-01 3.210e-01 7.097e-03 1.938e-03 1.760e-02 -1.000 4.000e-02 -2.446 -2.824 -3.352 -3.862 -4.453 -4.770 -4.762 -4.884 -4.798 -4.364 -4.816 -4.326 -4.632 -4.751 -4.790 -4.646 -4.857 -4.882 -4.887 -4.891 -4.853 -4.656 -4.681 -4.527
0.04 0.47971 8.00000 5.0157723427 2.6141478160    5.014  2.927  3.6341  1.699    3  0.000  0.537     6.80     5.96     4.40     3.18     2.61  4    -1e-30      0.00 6.390e-01 3.210e-01 7.092e-03 1.939e-03 1.760e-02 -1.000 4.000e-02 -2.548 -2.900 -3.448 -3.975 -4.576 -4.905 -4.896 -5.025 -4.933 -4.490 -4.953 -4.448 -4.756 -4.884 -4.928 -4.776 -4.996 -5.022 -5.028 -5.030 -4.990 -4.782 -4.809 -4.652
0.04 0.47971 8.00000 5.0158629417 2.6141482806    5.014  2.965  3.6291  1.641    3  0.000  0.535     7.70     6.62     4.86     3.52     2.89  4    -1e-30      0.00 6.390e-01 3.210e-01 7.065e-03 1.945e-03 1.760e-02 -1.000 4.000e-02 -2.643 -2.974 -3.539 -4.078 -4.688 -5.026 -5.016 -5.150 -5.053 -4.603 -5.075 -4.559 -4.868 -5.002 -5.052 -4.893 -5.120 -5.147 -5.153 -5.153 -5.112 -4.896 -4.925 -4.765
0.04 0.47971 8.00000 5.0159540176 2.6141487478    5.015  3.002  3.6249  1.588    3  0.000  0.529     8.62     7.29     5.33     3.86     3.17  4    -1e-30      0.00 6.389e-01 3.211e-01 6.981e-03 1.990e-03 1.760e-02 -1.000 4.000e-02 -2.734 -3.044 -3.625 -4.176 -4.792 -5.138 -5.129 -5.265 -5.165 -4.708 -5.189 -4.662 -4.972 -5.112 -5.166 -5.003 -5.234 -5.262 -5.269 -5.267 -5.223 -5.003 -5.035 -4.870
0.04 0.47971 8.00000 5.0160779953 2.6141493836    5.015  3.042  3.6205  1.531    3  0.000  0.501     9.75     8.09     5.88     4.27     3.51  4    -1e-30      0.00 6.388e-01 3.211e-01 6.613e-03 2.392e-03 1.760e-02 -1.000 4.006e-02 -2.834 -3.121 -3.719 -4.282 -4.905 -5.259 -5.251 -5.391 -5.286 -4.823 -5.313 -4.775 -5.085 -5.230 -5.290 -5.124 -5.358 -5.387 -5.394 -5.390 -5.344 -5.120 -5.154 -4.984
0.04 0.47971 8.00000 5.0161771774 2.6141498923    5.015  3.069  3.6175  1.491    3  0.000  0.474    10.60     8.69     6.30     4.58     3.76  4    -1e-30      0.00 6.388e-01 3.211e-01 6.253e-03 2.816e-03 1.760e-02 -1.000 4.011e-02 -2.903 -3.173 -3.785 -4.356 -4.984 -5.344 -5.336 -5.478 -5.371 -4.903 -5.399 -4.854 -5.164 -5.314 -5.376 -5.209 -5.444 -5.474 -5.482 -5.475 -5.427 -5.203 -5.239 -5.064
0.04 0.47971 8.00000 5.0162587166 2.6141503104    5.015  3.084  3.6159  1.470    3  0.000  0.461    11.10     9.03     6.54     4.76     3.91  4    -1e-30      0.00 6.387e-01 3.211e-01 6.087e-03 3.016e-03 1.760e-02 -1.000 4.015e-02 -2.941 -3.201 -3.822 -4.397 -5.029 -5.392 -5.384 -5.527 -5.419 -4.948 -5.447 -4.897 -5.210 -5.361 -5.424 -5.255 -5.493 -5.523 -5.531 -5.523 -5.474 -5.252 -5.288 -5.109
0.04 0.47971 8.00000 5.0163402557 2.6141507285    5.015  3.099  3.6143  1.448    3  0.000  0.449    11.62     9.39     6.78     4.94     4.06  4    -1e-30      0.00 6.387e-01 3.211e-01 5.923e-03 3.216e-03 1.760e-02 -1.000 4.020e-02 -2.978 -3.229 -3.858 -4.437 -5.073 -5.439 -5.431 -5.576 -5.467 -4.993 -5.495 -4.941 -5.255 -5.409 -5.472 -5.302 -5.541 -5.572 -5.580 -5.571 -5.521 -5.300 -5.336 -5.154
0.04 0.47971 8.00000 5.0165276527 2.6141516894    5.015  3.124  3.6117  1.414    3  0.000  0.432    12.51    10.00     7.20     5.25     4.31  4    -1e-30      0.00 6.386e-01 3.211e-01 5.706e-03 3.481e-03 1.760e-02 -1.000 4.028e-02 -3.039 -3.275 -3.918 -4.503 -5.145 -5.517 -5.509 -5.656 -5.545 -5.066 -5.574 -5.011 -5.329 -5.486 -5.550 -5.378 -5.620 -5.652 -5.660 -5.649 -5.598 -5.378 -5.415 -5.227
0.04 0.47971 8.00000 5.0168318748 2.6141532492    5.015  3.160  3.6079  1.362    3  0.000  0.411    13.98    10.98     7.88     5.75     4.72  4    -1e-30      0.00 6.385e-01 3.212e-01 5.429e-03 3.820e-03 1.759e-02 -1.000 4.030e-02 -3.131 -3.341 -4.007 -4.603 -5.254 -5.634 -5.625 -5.776 -5.662 -5.175 -5.691 -5.118 -5.440 -5.602 -5.667 -5.491 -5.738 -5.771 -5.780 -5.767 -5.713 -5.496 -5.533 -5.337
0.04 0.47971 8.00000 5.0171999931 2.6141551363    5.016  3.201  3.6037  1.304    3  0.000  0.395    15.80    12.19     8.70     6.36     5.23  4    -1e-30      0.00 6.382e-01 3.215e-01 5.210e-03 4.108e-03 1.756e-02 -1.000 4.030e-02 -3.233 -3.414 -4.107 -4.714 -5.374 -5.763 -5.753 -5.908 -5.792 -5.297 -5.822 -5.236 -5.562 -5.730 -5.797 -5.618 -5.869 -5.904 -5.913 -5.897 -5.840 -5.626 -5.665 -5.458
0.04 0.47971 8.00000 5.0175223351 2.6141567885    5.016  3.236  3.6003  1.256    3  0.000  0.388    17.52    13.30     9.46     6.92     5.69  4    -1e-30      0.00 6.368e-01 3.229e-01 5.066e-03 4.411e-03 1.742e-02 -1.000 4.030e-02 -3.320 -3.477 -4.192 -4.808 -5.476 -5.872 -5.862 -6.020 -5.901 -5.400 -5.932 -5.336 -5.666 -5.838 -5.907 -5.724 -5.980 -6.016 -6.025 -6.006 -5.947 -5.736 -5.775 -5.561
0.04 0.47971 8.00000 5.0179314613 2.6141588851    5.017  3.280  3.5962  1.196    3  0.000  0.382    19.90    14.82    10.49     7.69     6.32  4    -1e-30      0.00 6.329e-01 3.268e-01 4.910e-03 4.858e-03 1.712e-02 -1.000 4.035e-02 -3.429 -3.551 -4.299 -4.926 -5.603 -6.008 -5.997 -6.160 -6.038 -5.528 -6.069 -5.461 -5.795 -5.973 -6.044 -5.858 -6.117 -6.155 -6.165 -6.142 -6.080 -5.873 -5.914 -5.690
0.04 0.47971 8.00000 5.0183110237 2.6141608299    5.017  3.320  3.5926  1.141    3  0.000  0.380    22.38    16.38    11.54     8.47     6.97  4    -1e-30      0.00 6.283e-01 3.314e-01 4.794e-03 5.251e-03 1.684e-02 -1.000 4.032e-02 -3.531 -3.620 -4.398 -5.036 -5.720 -6.133 -6.122 -6.288 -6.163 -5.647 -6.196 -5.576 -5.915 -6.097 -6.169 -5.980 -6.243 -6.283 -6.293 -6.268 -6.203 -5.999 -6.041 -5.808
0.04 0.47971 8.00000 5.0186619759 2.6141626278    5.017  3.358  3.5892  1.090    3  0.000  0.378    24.95    17.95    12.60     9.26     7.62  4    -1e-30      0.00 6.237e-01 3.361e-01 4.707e-03 5.569e-03 1.659e-02 -1.000 4.025e-02 -3.624 -3.683 -4.489 -5.137 -5.828 -6.248 -6.237 -6.407 -6.279 -5.756 -6.312 -5.682 -6.024 -6.212 -6.285 -6.093 -6.360 -6.401 -6.412 -6.383 -6.316 -6.115 -6.158 -5.917
0.04 0.47971 8.00000 5.0190272331 2.6141644986    5.018  3.396  3.5856  1.037    3  0.000  0.377    27.94    19.77    13.81    10.17     8.36  4    -1e-30      0.00 6.191e-01 3.407e-01 4.633e-03 5.847e-03 1.638e-02 -1.000 4.020e-02 -3.721 -3.742 -4.583 -5.243 -5.941 -6.369 -6.357 -6.531 -6.399 -5.871 -6.434 -5.794 -6.139 -6.331 -6.406 -6.212 -6.482 -6.525 -6.536 -6.504 -6.434 -6.237 -6.281 -6.031
0.04 0.47971 8.00000 5.0193929672 2.6141663716    5.018  3.435  3.5820  0.983    3  0.000  0.376    31.31    21.77    15.14    11.16     9.19  4    -1e-30      0.00 6.151e-01 3.447e-01 4.577e-03 6.066e-03 1.621e-02 -1.000 4.021e-02 -3.818 -3.801 -4.677 -5.348 -6.054 -6.490 -6.477 -6.655 -6.521 -5.985 -6.556 -5.905 -6.254 -6.451 -6.528 -6.330 -6.604 -6.649 -6.660 -6.625 -6.552 -6.359 -6.404 -6.145
0.04 0.47971 8.00000 5.0198330879 2.6141686251    5.018  3.474  3.5784  0.930    3  0.000  0.376    35.03    23.94    16.58    12.24    10.08  4    -1e-30      0.00 6.119e-01 3.479e-01 4.536e-03 6.230e-03 1.608e-02 -1.000 4.026e-02 -3.914 -3.853 -4.770 -5.454 -6.166 -6.609 -6.597 -6.778 -6.641 -6.099 -6.677 -6.015 -6.368 -6.570 -6.648 -6.448 -6.725 -6.772 -6.784 -6.745 -6.669 -6.481 -6.527 -6.258
0.04 0.47971 8.00000 5.0211381912 2.6141753048    5.020  3.521  3.5738  0.865    3  0.000  0.376    40.29    26.96    18.57    13.74    11.31  4    -1e-30      0.00 6.089e-01 3.509e-01 4.500e-03 6.374e-03 1.597e-02 -1.000 4.022e-02 -4.033 -3.909 -4.883 -5.585 -6.306 -6.758 -6.745 -6.931 -6.791 -6.240 -6.828 -6.153 -6.509 -6.717 -6.797 -6.595 -6.875 -6.925 -6.937 -6.895 -6.815 -6.632 -6.680 -6.399
0.04 0.47971 8.00000 5.0235619545 2.6141876995    5.022  3.497  3.5765  0.900    3  0.000  0.376    37.41    25.32    17.49    12.93    10.64  4    -1e-30      0.00 6.089e-01 3.509e-01 4.500e-03 6.374e-03 1.597e-02 -1.000 4.022e-02 -3.973 -3.885 -4.826 -5.518 -6.234 -6.681 -6.668 -6.851 -6.713 -6.167 -6.750 -6.082 -6.436 -6.640 -6.720 -6.518 -6.797 -6.845 -6.857 -6.817 -6.739 -6.553 -6.600 -6.326
0.04 0.47971 8.00000 5.0257320404 2.6141987852    5.024  3.472  3.5792  0.936    4  0.000  0.376     0.00     0.00     0.00     0.00     0.00 -1    -1e-30      0.00 6.089e-01 3.509e-01 4.500e-03 6.374e-03 1.597e-02 -1.000 4.022e-02 -3.909 -3.859 -4.766 -5.447 -6.158 -6.599 -6.587 -6.767 -6.631 -6.090 -6.667 -6.007 -6.358 -6.560 -6.638 -6.438 -6.715 -6.761 -6.773 -6.735 -6.659 -6.470 -6.516 -6.249
0.04 0.47971 8.00000 5.0277161598 2.6142089113    5.026  3.438  3.5826  0.984    4  0.000  0.376     0.00     0.00     0.00     0.00     0.00 -1    -1e-30      0.00 6.089e-01 3.509e-01 4.500e-03 6.374e-03 1.597e-02 -1.000 4.022e-02 -3.824 -3.814 -4.684 -5.353 -6.057 -6.492 -6.479 -6.656 -6.523 -5.988 -6.558 -5.908 -6.257 -6.453 -6.530 -6.332 -6.606 -6.650 -6.662 -6.627 -6.554 -6.361 -6.405 -6.148
0.04 0.47971 8.00000 5.0292615891 2.6142167921    5.028  3.405  3.5859  1.030    4  0.000  0.376     0.00     0.00     0.00     0.00     0.00 -1    -1e-30      0.00 6.089e-01 3.509e-01 4.500e-03 6.374e-03 1.597e-02 -1.000 4.023e-02 -3.742 -3.767 -4.604 -5.263 -5.961 -6.388 -6.376 -6.550 -6.419 -5.890 -6.453 -5.814 -6.158 -6.351 -6.426 -6.231 -6.501 -6.544 -6.555 -6.523 -6.453 -6.256 -6.300 -6.050
0.04 0.47971 8.00000 5.0307745934 2.6142245022    5.029  3.371  3.5893  1.078    4  0.000  0.376     0.00     0.00     0.00     0.00     0.00 -1    -1e-30      0.00 6.089e-01 3.509e-01 4.500e-03 6.374e-03 1.597e-02 -1.000 4.023e-02 -3.657 -3.717 -4.522 -5.170 -5.861 -6.281 -6.269 -6.439 -6.311 -5.789 -6.345 -5.715 -6.056 -6.244 -6.318 -6.125 -6.393 -6.434 -6.444 -6.416 -6.348 -6.147 -6.190 -5.949
0.04 0.47971 8.00000 5.0324873924 2.6142332240    5.031  3.330  3.5932  1.135    4  0.000  0.376     0.00     0.00     0.00     0.00     0.00 -1    -1e-30      0.00 6.089e-01 3.509e-01 4.500e-03 6.374e-03 1.597e-02 -1.000 4.023e-02 -3.555 -3.651 -4.423 -5.059 -5.742 -6.153 -6.142 -6.308 -6.183 -5.668 -6.216 -5.598 -5.935 -6.117 -6.189 -6.000 -6.264 -6.303 -6.313 -6.288 -6.224 -6.019 -6.060 -5.829
0.04 0.47971 8.00000 5.0340547562 2.6142411993    5.033  3.293  3.5969  1.187    4  0.000  0.376     0.00     0.00     0.00     0.00     0.00 -1    -1e-30      0.00 6.089e-01 3.509e-01 4.500e-03 6.374e-03 1.597e-02 -1.000 4.023e-02 -3.461 -3.590 -4.332 -4.958 -5.632 -6.036 -6.025 -6.187 -6.066 -5.557 -6.097 -5.490 -5.823 -6.001 -6.071 -5.885 -6.145 -6.182 -6.192 -6.170 -6.109 -5.900 -5.940 -5.718
0.04 0.47971 8.00000 5.0358252525 2.6142502013    5.034  3.252  3.6009  1.244    4  0.000  0.376     0.00     0.00     0.00     0.00     0.00 -1    -1e-30      0.00 6.089e-01 3.509e-01 4.500e-03 6.374e-03 1.597e-02 -1.000 4.023e-02 -3.360 -3.522 -4.232 -4.847 -5.513 -5.908 -5.898 -6.056 -5.937 -5.437 -5.968 -5.373 -5.702 -5.874 -5.943 -5.760 -6.016 -6.052 -6.061 -6.042 -5.984 -5.771 -5.811 -5.598
0.04 0.47971 8.00000 5.0378689766 2.6142605834    5.037  3.209  3.6051  1.303    4  0.000  0.376     0.00     0.00     0.00     0.00     0.00 -1    -1e-30      0.00 6.089e-01 3.509e-01 4.500e-03 6.374e-03 1.597e-02 -1.000 4.023e-02 -3.253 -3.444 -4.128 -4.731 -5.388 -5.774 -5.764 -5.918 -5.803 -5.310 -5.832 -5.250 -5.574 -5.741 -5.808 -5.629 -5.880 -5.914 -5.923 -5.907 -5.852 -5.636 -5.674 -5.471
0.04 0.47971 8.00000 5.0402283669 2.6142725571    5.039  3.167  3.6093  1.362    4  0.000  0.376     0.00     0.00     0.00     0.00     0.00 -1    -1e-30      0.00 6.089e-01 3.509e-01 4.500e-03 6.374e-03 1.596e-02 -1.000 4.023e-02 -3.148 -3.369 -4.025 -4.617 -5.264 -5.641 -5.632 -5.783 -5.670 -5.185 -5.699 -5.129 -5.449 -5.609 -5.675 -5.499 -5.746 -5.778 -5.787 -5.775 -5.722 -5.503 -5.540 -5.347
0.04 0.47971 8.00000 5.0435900688 2.6142895952    5.042  3.121  3.6141  1.428    4  0.000  0.376     0.00     0.00     0.00     0.00     0.00 -1    -1e-30      0.00 6.089e-01 3.509e-01 4.500e-03 6.375e-03 1.596e-02 -1.000 4.023e-02 -3.032 -3.283 -3.912 -4.492 -5.128 -5.495 -5.487 -5.633 -5.523 -5.048 -5.551 -4.996 -5.310 -5.464 -5.528 -5.357 -5.598 -5.628 -5.637 -5.627 -5.577 -5.355 -5.391 -5.209
0.04 0.47971 8.00000 5.0483369827 2.6143136094    5.047  3.077  3.6192  1.493    4  0.000  0.376     0.00     0.00     0.00     0.00     0.00 -1    -1e-30      0.00 6.089e-01 3.509e-01 4.500e-03 6.375e-03 1.596e-02 -1.000 4.023e-02 -2.922 -3.202 -3.805 -4.372 -4.996 -5.352 -5.345 -5.486 -5.379 -4.915 -5.407 -4.867 -5.175 -5.322 -5.384 -5.218 -5.453 -5.482 -5.490 -5.483 -5.436 -5.211 -5.246 -5.075
0.04 0.47971 8.00000 5.0574464798 2.6143595486    5.056  3.038  3.6256  1.559    4  0.000  0.376     0.00     0.00     0.00     0.00     0.00 -1    -1e-30      0.00 6.089e-01 3.509e-01 4.500e-03 6.375e-03 1.596e-02 -1.000 4.024e-02 -2.824 -3.137 -3.714 -4.264 -4.875 -5.219 -5.211 -5.348 -5.246 -4.792 -5.272 -4.748 -5.053 -5.192 -5.249 -5.086 -5.317 -5.344 -5.352 -5.349 -5.306 -5.081 -5.114 -4.953
0.04 0.47971 8.00000 5.0676889420 2.6144109744    5.066  3.017  3.6313  1.603    4  0.000  0.376     0.00     0.00     0.00     0.00     0.00 -1    -1e-30      0.00 6.089e-01 3.509e-01 4.501e-03 6.376e-03 1.596e-02 -1.000 4.024e-02 -2.772 -3.113 -3.667 -4.203 -4.802 -5.136 -5.128 -5.260 -5.162 -4.718 -5.186 -4.677 -4.978 -5.111 -5.163 -5.004 -5.231 -5.257 -5.264 -5.264 -5.222 -5.001 -5.032 -4.878
0.04 0.47971 8.00000 5.0782961845 2.6144639805    5.077  3.025  3.6314  1.596    4  0.000  0.376     0.00     0.00     0.00     0.00     0.00 -1    -1e-30      0.00 6.089e-01 3.509e-01 4.501e-03 6.376e-03 1.596e-02 -1.000 4.025e-02 -2.794 -3.136 -3.689 -4.225 -4.823 -5.156 -5.148 -5.281 -5.183 -4.739 -5.207 -4.699 -4.998 -5.131 -5.184 -5.025 -5.251 -5.278 -5.284 -5.285 -5.243 -5.021 -5.051 -4.898
0.04 0.47971 8.00000 5.1259045601 2.6146987828    5.125  3.065  3.6317  1.562    5  0.000  0.376     0.00     0.00     0.00     0.00     0.00 -1    -1e-30      0.00 6.089e-01 3.508e-01 4.502e-03 6.378e-03 1.596e-02 -1.000 4.027e-02 -2.892 -3.236 -3.786 -4.322 -4.916 -5.248 -5.241 -5.374 -5.274 -4.833 -5.300 -4.794 -5.088 -5.222 -5.277 -5.118 -5.344 -5.371 -5.378 -5.377 -5.336 -5.109 -5.140 -4.991
0.04 0.47971 8.00000 5.1595797539 2.6148618617    5.159  3.092  3.6309  1.534    5  0.000  0.376     0.00     0.00     0.00     0.00     0.00 -1    -1e-30      0.00 6.089e-01 3.508e-01 4.502e-03 6.380e-03 1.595e-02 -1.000 4.028e-02 -2.960 -3.301 -3.853 -4.392 -4.986 -5.319 -5.312 -5.446 -5.345 -4.903 -5.371 -4.864 -5.157 -5.292 -5.349 -5.188 -5.416 -5.443 -5.450 -5.449 -5.407 -5.176 -5.209 -5.060
0.04 0.47971 8.00000 5.1710953712 2.6149170683    5.170  3.101  3.6296  1.521    5  0.000  0.376     0.00     0.00     0.00     0.00     0.00 -1    -1e-30      0.00 6.089e-01 3.508e-01 4.502e-03 6.380e-03 1.595e-02 -1.000 4.029e-02 -2.982 -3.317 -3.873 -4.415 -5.011 -5.347 -5.340 -5.475 -5.373 -4.929 -5.400 -4.890 -5.182 -5.319 -5.377 -5.216 -5.445 -5.472 -5.479 -5.477 -5.435 -5.203 -5.236 -5.086
0.04 0.47971 8.00000 5.1761903763 2.6149414039    5.175  3.106  3.6287  1.513    5  0.000  0.376     0.00     0.00     0.00     0.00     0.00 -1    -1e-30      0.00 6.089e-01 3.508e-01 4.502e-03 6.380e-03 1.595e-02 -1.000 4.029e-02 -2.994 -3.325 -3.885 -4.430 -5.028 -5.365 -5.358 -5.494 -5.390 -4.945 -5.418 -4.905 -5.199 -5.337 -5.396 -5.234 -5.463 -5.490 -5.498 -5.495 -5.453 -5.221 -5.254 -5.102
0.04 0.47971 8.00000 5.2161331177 2.6151302924    5.216  3.146  3.6213  1.446    6  0.000  0.376     0.00     0.00     0.00     0.00     0.00 -1    -1e-30      0.00 6.089e-01 3.508e-01 4.501e-03 6.385e-03 1.595e-02 -1.000 4.027e-02 -3.095 -3.388 -3.980 -4.543 -5.159 -5.512 -5.504 -5.646 -5.539 -5.079 -5.567 -5.033 -5.335 -5.482 -5.544 -5.376 -5.613 -5.642 -5.650 -5.644 -5.598 -5.368 -5.403 -5.237
0.04 0.47971 8.00000 5.2294659615 2.6151926050    5.229  3.186  3.6150  1.383    6  0.000  0.376     0.00     0.00     0.00     0.00     0.00 -1    -1e-30      0.00 6.089e-01 3.508e-01 4.501e-03 6.387e-03 1.595e-02 -1.000 4.027e-02 -3.194 -3.451 -4.076 -4.654 -5.286 -5.651 -5.643 -5.790 -5.680 -5.206 -5.708 -5.156 -5.466 -5.620 -5.685 -5.512 -5.755 -5.786 -5.794 -5.785 -5.735 -5.510 -5.546 -5.366
0.04 0.47971 8.00000 5.2336239815 2.6152119633    5.233  3.225  3.6099  1.323    6  0.000  0.376     0.00     0.00     0.00     0.00     0.00 -1    -1e-30      0.00 6.089e-01 3.508e-01 4.500e-03 6.388e-03 1.595e-02 -1.000 4.027e-02 -3.293 -3.520 -4.171 -4.762 -5.407 -5.783 -5.773 -5.925 -5.812 -5.328 -5.841 -5.273 -5.590 -5.751 -5.817 -5.640 -5.888 -5.921 -5.929 -5.917 -5.865 -5.643 -5.680 -5.488
0.04 0.47971 8.00000 5.2349672318 2.6152182095    5.235  3.265  3.6052  1.265    6  0.000  0.376     0.00     0.00     0.00     0.00     0.00 -1    -1e-30      0.00 6.089e-01 3.508e-01 4.500e-03 6.388e-03 1.595e-02 -1.000 4.027e-02 -3.393 -3.587 -4.269 -4.872 -5.527 -5.913 -5.903 -6.059 -5.943 -5.450 -5.972 -5.391 -5.713 -5.880 -5.948 -5.767 -6.020 -6.054 -6.064 -6.048 -5.992 -5.775 -5.813 -5.610
0.04 0.47971 8.00000 5.2353930473 2.6152201888    5.235  3.297  3.6018  1.219    6  0.000  0.376     0.00     0.00     0.00     0.00     0.00 -1    -1e-30      0.00 6.089e-01 3.508e-01 4.500e-03 6.388e-03 1.595e-02 -1.000 4.027e-02 -3.473 -3.642 -4.346 -4.959 -5.622 -6.015 -6.005 -6.164 -6.045 -5.546 -6.075 -5.484 -5.810 -5.981 -6.050 -5.867 -6.123 -6.159 -6.169 -6.150 -6.092 -5.878 -5.917 -5.706
0.04 0.47971 8.00000 5.2354779243 2.6152205833    5.235  3.307  3.6007  1.204    6  0.000  0.376     0.00     0.00     0.00     0.00     0.00 -1    -1e-30      0.00 6.089e-01 3.508e-01 4.500e-03 6.388e-03 1.595e-02 -1.000 4.027e-02 -3.498 -3.660 -4.371 -4.987 -5.652 -6.048 -6.037 -6.197 -6.077 -5.576 -6.108 -5.513 -5.840 -6.013 -6.083 -5.898 -6.156 -6.192 -6.202 -6.183 -6.124 -5.910 -5.949 -5.736
0.04 0.47971 8.00000 5.2354989052 2.6152206808    5.235  3.311  3.6003  1.199    6  0.000  0.376     0.00     0.00     0.00     0.00     0.00 -1    -1e-30      0.00 6.089e-01 3.508e-01 4.500e-03 6.388e-03 1.595e-02 -1.000 4.026e-02 -3.507 -3.666 -4.380 -4.997 -5.662 -6.059 -6.048 -6.209 -6.089 -5.587 -6.120 -5.524 -5.851 -6.025 -6.094 -5.909 -6.168 -6.204 -6.214 -6.195 -6.135 -5.922 -5.961 -5.747
0.04 0.47971 8.00000 5.2359085083 2.6152225843    5.236  3.316  3.6001  1.194    7  0.000  0.376    20.06    15.04    10.65     7.80     6.41  4    -1e-30      0.00 6.089e-01 3.508e-01 4.500e-03 6.388e-03 1.595e-02 -1.000 4.026e-02 -3.519 -3.676 -4.391 -5.009 -5.675 -6.073 -6.062 -6.223 -6.103 -5.600 -6.133 -5.536 -5.864 -6.038 -6.108 -5.923 -6.181 -6.218 -6.227 -6.208 -6.149 -5.936 -5.975 -5.760
0.04 0.47971 8.00000 5.2363624573 2.6152246934    5.236  3.294  3.6022  1.224    7  0.000  0.376    18.80    14.24    10.11     7.39     6.08  4    -1e-30      0.00 6.089e-01 3.508e-01 4.500e-03 6.388e-03 1.595e-02 -1.000 4.026e-02 -3.465 -3.637 -4.339 -4.950 -5.612 -6.005 -5.994 -6.153 -6.034 -5.536 -6.065 -5.474 -5.800 -5.971 -6.039 -5.856 -6.112 -6.148 -6.158 -6.140 -6.082 -5.867 -5.906 -5.696
0.04 0.47971 8.00000 5.2375349998 2.6152301394    5.237  3.311  3.6001  1.199    7  0.000  0.376    19.84    14.90    10.56     7.73     6.36  4    -1e-30      0.00 6.089e-01 3.508e-01 4.500e-03 6.388e-03 1.595e-02 -1.000 4.026e-02 -3.507 -3.664 -4.379 -4.997 -5.663 -6.060 -6.050 -6.210 -6.090 -5.588 -6.121 -5.524 -5.852 -6.026 -6.095 -5.910 -6.169 -6.205 -6.215 -6.196 -6.136 -5.923 -5.963 -5.748
0.04 0.47971 8.00000 5.2380790710 2.6152326655    5.238  3.346  3.5965  1.149    7  0.000  0.376    22.06    16.30    11.50     8.43     6.93  4    -1e-30      0.00 6.089e-01 3.508e-01 4.500e-03 6.388e-03 1.595e-02 -1.000 4.026e-02 -3.594 -3.719 -4.464 -5.092 -5.766 -6.171 -6.160 -6.325 -6.202 -5.692 -6.233 -5.625 -5.957 -6.136 -6.207 -6.019 -6.281 -6.319 -6.329 -6.307 -6.245 -6.035 -6.076 -5.852
0.04 0.47971 8.00000 5.2387032509 2.6152355627    5.238  3.384  3.5926  1.096    7  0.000  0.376    24.74    17.96    12.61     9.26     7.62  4    -1e-30      0.00 6.089e-01 3.508e-01 4.500e-03 6.388e-03 1.595e-02 -1.000 4.026e-02 -3.690 -3.781 -4.557 -5.196 -5.879 -6.292 -6.280 -6.448 -6.322 -5.806 -6.355 -5.735 -6.072 -6.256 -6.328 -6.137 -6.403 -6.443 -6.453 -6.428 -6.363 -6.157 -6.199 -5.966
0.04 0.47971 8.00000 5.2394561768 2.6152390565    5.239  3.423  3.5887  1.041    7  0.000  0.376    27.80    19.81    13.85    10.18     8.38  4    -1e-30      0.00 6.089e-01 3.508e-01 4.500e-03 6.388e-03 1.595e-02 -1.000 4.026e-02 -3.786 -3.842 -4.651 -5.301 -5.992 -6.414 -6.402 -6.574 -6.445 -5.921 -6.479 -5.847 -6.188 -6.377 -6.451 -6.257 -6.527 -6.568 -6.579 -6.550 -6.482 -6.280 -6.323 -6.081
0.04 0.47971 8.00000 5.2403407097 2.6152431595    5.240  3.462  3.5846  0.985    7  0.000  0.376    31.34    21.92    15.26    11.23     9.25  4    -1e-30      0.00 6.089e-01 3.508e-01 4.500e-03 6.388e-03 1.595e-02 -1.000 4.026e-02 -3.886 -3.898 -4.747 -5.410 -6.110 -6.540 -6.528 -6.704 -6.571 -6.040 -6.606 -5.962 -6.307 -6.502 -6.578 -6.381 -6.654 -6.698 -6.709 -6.676 -6.605 -6.408 -6.452 -6.199
0.04 0.47971 8.00000 5.2413434982 2.6152478091    5.241  3.503  3.5805  0.928    7  0.000  0.376    35.46    24.32    16.85    12.42    10.23  4    -1e-30      0.00 6.089e-01 3.508e-01 4.500e-03 6.388e-03 1.595e-02 -1.000 4.026e-02 -3.988 -3.956 -4.847 -5.523 -6.231 -6.670 -6.657 -6.837 -6.702 -6.163 -6.738 -6.081 -6.430 -6.631 -6.708 -6.509 -6.786 -6.831 -6.843 -6.806 -6.732 -6.540 -6.586 -6.322
0.04 0.47971 8.00000 5.2424249649 2.6152528212    5.242  3.545  3.5763  0.870    7  0.000  0.376    40.17    27.02    18.63    13.76    11.33  4    -1e-30      0.00 6.089e-01 3.508e-01 4.500e-03 6.389e-03 1.595e-02 -1.000 4.026e-02 -4.092 -4.003 -4.945 -5.638 -6.354 -6.801 -6.789 -6.973 -6.834 -6.287 -6.871 -6.203 -6.555 -6.761 -6.840 -6.638 -6.918 -6.967 -6.979 -6.938 -6.861 -6.674 -6.721 -6.446
0.04 0.47971 8.00000 5.2435116768 2.6152578553    5.243  3.586  3.5721  0.812    7  0.000  0.376    45.44    29.98    20.58    15.22    12.54  4    -1e-30      0.00 6.089e-01 3.508e-01 4.499e-03 6.390e-03 1.595e-02 -1.000 4.026e-02 -4.194 -4.047 -5.042 -5.752 -6.475 -6.931 -6.918 -7.107 -6.965 -6.410 -7.002 -6.322 -6.678 -6.889 -6.971 -6.766 -7.049 -7.100 -7.113 -7.068 -6.988 -6.806 -6.855 -6.568
0.04 0.47971 8.00000 5.2445206642 2.6152625271    5.244  3.625  3.5680  0.756    7  0.000  0.376    51.23    33.17    22.67    16.79    13.83  4    -1e-30      0.00 6.089e-01 3.508e-01 4.492e-03 6.396e-03 1.595e-02 -1.000 4.026e-02 -4.293 -4.082 -5.134 -5.862 -6.592 -7.056 -7.044 -7.237 -7.092 -6.529 -7.130 -6.437 -6.797 -7.014 -7.097 -6.890 -7.177 -7.230 -7.243 -7.195 -7.111 -6.935 -6.984 -6.686
0.04 0.47971 8.00000 5.2454133034 2.6152666585    5.245  3.664  3.5638  0.701    7  0.000  0.374    57.70    36.68    24.95    18.50    15.25  4    -1e-30      0.00 6.089e-01 3.508e-01 4.479e-03 6.411e-03 1.595e-02 -1.000 4.026e-02 -4.390 -4.108 -5.222 -5.970 -6.708 -7.181 -7.168 -7.365 -7.217 -6.647 -7.256 -6.552 -6.914 -7.137 -7.222 -7.012 -7.302 -7.358 -7.372 -7.320 -7.233 -7.062 -7.113 -6.803
0.04 0.47971 8.00000 5.2461962700 2.6152702810    5.246  3.702  3.5596  0.646    7  0.000  0.373    64.93    40.51    27.43    20.38    16.80  4    -1e-30      0.00 6.089e-01 3.508e-01 4.466e-03 6.426e-03 1.595e-02 -1.000 4.027e-02 -4.486 -4.130 -5.307 -6.077 -6.823 -7.304 -7.291 -7.493 -7.341 -6.764 -7.381 -6.664 -7.031 -7.259 -7.346 -7.134 -7.427 -7.485 -7.500 -7.443 -7.353 -7.188 -7.240 -6.919
0.04 0.47971 8.00000 5.2468976974 2.6152735252    5.247  3.740  3.5554  0.591    7  0.000  0.373    72.96    44.70    30.13    22.42    18.49  4    -1e-30      0.00 6.089e-01 3.508e-01 4.456e-03 6.439e-03 1.595e-02 -1.000 4.029e-02 -4.580 -4.137 -5.384 -6.183 -6.936 -7.426 -7.413 -7.619 -7.464 -6.879 -7.505 -6.777 -7.145 -7.380 -7.469 -7.254 -7.549 -7.611 -7.626 -7.566 -7.473 -7.312 -7.366 -7.033
0.04 0.47971 8.00000 5.2475461960 2.6152765236    5.247  3.778  3.5512  0.537    7  0.000  0.372    81.99    49.32    33.10    24.66    20.34  4    -1e-30      0.00 6.089e-01 3.508e-01 4.447e-03 6.451e-03 1.595e-02 -1.000 4.029e-02 -4.674 -4.143 -5.461 -6.289 -7.049 -7.548 -7.534 -7.745 -7.587 -6.994 -7.629 -6.888 -7.259 -7.500 -7.592 -7.374 -7.672 -7.737 -7.753 -7.689 -7.592 -7.437 -7.491 -7.147
0.04 0.47971 8.00000 5.2481503487 2.6152793163    5.248  3.815  3.5470  0.483    7  0.000  0.371    92.11    54.41    36.36    27.12    22.38  4    -1e-30      0.00 6.089e-01 3.509e-01 4.439e-03 6.464e-03 1.595e-02 -1.000 4.025e-02 -4.768 -4.135 -5.529 -6.394 -7.162 -7.669 -7.655 -7.871 -7.710 -7.109 -7.752 -7.000 -7.372 -7.620 -7.714 -7.493 -7.794 -7.862 -7.879 -7.811 -7.711 -7.562 -7.618 -7.260
0.04 0.47971 8.00000 5.2487192154 2.6152819452    5.248  3.852  3.5427  0.429    7  0.000  0.371   103.42    59.99    39.91    29.82    24.61  4    -1e-30      0.00 6.088e-01 3.510e-01 4.431e-03 6.482e-03 1.594e-02 -1.000 4.022e-02 -4.860 -4.120 -5.592 -6.499 -7.274 -7.790 -7.776 -7.997 -7.834 -7.223 -7.875 -7.111 -7.485 -7.740 -7.835 -7.613 -7.916 -7.987 -8.005 -7.934 -7.831 -7.689 -7.745 -7.373
0.04 0.47971 8.00000 5.2492570877 2.6152844302    5.249  3.887  3.5386  0.377    7  0.000  0.371   115.60    65.90    43.65    32.66    26.96  4    -1e-30      0.00 6.082e-01 3.515e-01 4.422e-03 6.515e-03 1.591e-02 -1.000 4.024e-02 -4.949 -4.098 -5.647 -6.599 -7.381 -7.906 -7.891 -8.117 -7.953 -7.332 -7.993 -7.218 -7.592 -7.854 -7.952 -7.727 -8.032 -8.107 -8.126 -8.051 -7.946 -7.810 -7.867 -7.481
0.04 0.47971 8.00000 5.2497887611 2.6152868861    5.249  3.920  3.5350  0.330    7  0.000  0.370   127.87    71.75    47.35    35.47    29.28  4    -1e-30      0.00 6.033e-01 3.564e-01 4.384e-03 6.676e-03 1.578e-02 -1.000 4.025e-02 -5.030 -4.073 -5.691 -6.689 -7.478 -8.011 -7.996 -8.226 -8.061 -7.432 -8.100 -7.315 -7.689 -7.959 -8.058 -7.831 -8.137 -8.216 -8.235 -8.159 -8.051 -7.921 -7.978 -7.579
0.04 0.47971 8.00000 5.2504529953 2.6152899534    5.250  3.962  3.5312  0.273    7  0.000  0.370   144.40    79.49    52.22    39.17    32.35  3    -1e-30      0.00 5.838e-01 3.760e-01 4.249e-03 7.270e-03 1.529e-02 -1.000 4.018e-02 -5.134 -4.066 -5.756 -6.803 -7.599 -8.140 -8.124 -8.360 -8.193 -7.554 -8.230 -7.436 -7.809 -8.086 -8.187 -7.959 -8.266 -8.349 -8.369 -8.290 -8.180 -8.055 -8.114 -7.700
0.04 0.47971 8.00000 5.2508606911 2.6152918356    5.250  4.005  3.5269  0.213    7  0.000  0.370   164.16    88.57    57.90    43.50    35.94  3    -1e-30      0.00 5.695e-01 3.904e-01 4.150e-03 7.706e-03 1.494e-02 -1.000 4.016e-02 -5.241 -4.028 -5.800 -6.919 -7.723 -8.274 -8.258 -8.500 -8.332 -7.682 -8.367 -7.561 -7.932 -8.219 -8.323 -8.091 -8.401 -8.489 -8.510 -8.427 -8.315 -8.197 -8.255 -7.825
0.04 0.47971 8.00000 5.2511696815 2.6152932620    5.251  4.046  3.5220  0.152    7  0.000  0.370   187.24    98.96    64.37    48.44    40.03  3    -1e-30      0.00 5.634e-01 3.964e-01 4.109e-03 7.887e-03 1.479e-02 -1.000 4.020e-02 -5.346 -3.956 -5.823 -7.033 -7.848 -8.411 -8.393 -8.642 -8.472 -7.809 -8.505 -7.687 -8.055 -8.354 -8.460 -8.225 -8.536 -8.630 -8.652 -8.566 -8.450 -8.340 -8.399 -7.950
0.04 0.47971 8.00000 5.2514381409 2.6152945010    5.251  4.087  3.5169  0.090    7  0.000  0.370   213.68   110.61    71.59    53.97    44.61  3    -1e-30      0.00 5.603e-01 3.995e-01 4.088e-03 7.981e-03 1.471e-02 -1.000 4.018e-02 -5.449 -3.842 -5.816 -7.141 -7.972 -8.547 -8.526 -8.784 -8.611 -7.935 -8.643 -7.811 -8.178 -8.489 -8.597 -8.357 -8.670 -8.771 -8.795 -8.705 -8.584 -8.483 -8.542 -8.075
0.04 0.47971 8.00000 5.2516846657 2.6152956387    5.251  4.128  3.5117  0.029    7  0.000  0.371   243.92   123.67    79.64    60.13    49.72  3    -1e-30      0.00 5.584e-01 4.014e-01 4.075e-03 8.039e-03 1.466e-02 -1.000 4.013e-02 -5.551 -3.698 -5.788 -7.245 -8.095 -8.682 -8.658 -8.925 -8.750 -8.060 -8.779 -7.935 -8.299 -8.623 -8.734 -8.488 -8.802 -8.912 -8.937 -8.843 -8.718 -8.625 -8.685 -8.198
0.04 0.47971 8.00000 5.2519197464 2.6152967235    5.252  4.169  3.5064 -0.033    7  0.000  0.371   278.16   138.15    88.52    66.95    55.37  3    -1e-30      0.00 5.571e-01 4.027e-01 4.066e-03 8.078e-03 1.463e-02 -1.000 4.020e-02 -5.651 -3.557 -5.753 -7.346 -8.216 -8.815 -8.783 -9.065 -8.888 -8.183 -8.911 -8.056 -8.421 -8.754 -8.869 -8.614 -8.927 -9.050 -9.078 -8.981 -8.850 -8.765 -8.827 -8.321
0.04 0.47971 8.00000 5.2521634102 2.6152978478    5.252  4.210  3.5010 -0.096    7  0.000  0.371   318.53   154.88    98.73    74.80    61.87  3    -1e-30      0.00 5.562e-01 4.036e-01 4.060e-03 8.105e-03 1.461e-02 -1.000 4.019e-02 -5.755 -3.400 -5.708 -7.447 -8.342 -8.952 -8.913 -9.210 -9.032 -8.309 -9.048 -8.181 -8.546 -8.889 -9.008 -8.744 -9.057 -9.193 -9.225 -9.124 -8.989 -8.912 -8.975 -8.447
0.04 0.47971 8.00000 5.2524242401 2.6152990511    5.252  4.251  3.4955 -0.159    7  0.000  0.371   364.47   173.51   110.04    83.51    69.10  2    -1e-30      0.00 5.557e-01 4.042e-01 4.056e-03 8.121e-03 1.459e-02 -1.000 4.018e-02 -5.857 -3.276 -5.671 -7.544 -8.465 -9.085 -9.033 -9.352 -9.173 -8.433 -9.179 -8.303 -8.670 -9.019 -9.144 -8.866 -9.177 -9.333 -9.369 -9.265 -9.124 -9.056 -9.120 -8.572
0.04 0.47971 8.00000 5.2527275085 2.6153004500    5.252  4.277  3.4919 -0.199    7  0.000  0.370   387.15   186.73   118.04    89.67    74.21  2    -1e-30      0.00 5.555e-01 4.044e-01 4.054e-03 8.128e-03 1.459e-02 -1.000 4.014e-02 -5.923 -3.190 -5.642 -7.606 -8.544 -9.172 -9.111 -9.444 -9.264 -8.512 -9.264 -8.382 -8.751 -9.104 -9.232 -8.945 -9.255 -9.424 -9.462 -9.357 -9.212 -9.148 -9.213 -8.652
0.04 0.47971 8.00000 5.2529973984 2.6153016948    5.253  4.241  3.4968 -0.143    7  0.000  0.371   352.78   168.80   107.19    81.31    67.27  2    -1e-30      0.00 5.553e-01 4.045e-01 4.054e-03 8.131e-03 1.458e-02 -1.000 4.017e-02 -5.833 -3.307 -5.681 -7.521 -8.435 -9.053 -9.004 -9.317 -9.139 -8.403 -9.148 -8.274 -8.640 -8.988 -9.111 -8.837 -9.148 -9.299 -9.334 -9.231 -9.092 -9.021 -9.085 -8.542
0.04 0.47971 8.00000 5.2530307770 2.6153018488    5.253  4.201  3.5022 -0.082    7  0.000  0.371   309.22   151.05    96.40    73.00    60.39  3    -1e-30      0.00 5.553e-01 4.045e-01 4.054e-03 8.131e-03 1.458e-02 -1.000 4.017e-02 -5.733 -3.438 -5.720 -7.425 -8.315 -8.922 -8.884 -9.178 -9.001 -8.282 -9.018 -8.154 -8.519 -8.859 -8.978 -8.716 -9.029 -9.162 -9.193 -9.093 -8.959 -8.880 -8.942 -8.420
0.04 0.47971 8.00000 5.2530493736 2.6153019346    5.253  4.173  3.5059 -0.039    7  0.000  0.371   282.34   139.90    89.59    67.77    56.05  3    -1e-30      0.00 5.553e-01 4.045e-01 4.054e-03 8.131e-03 1.458e-02 -1.000 4.017e-02 -5.663 -3.543 -5.751 -7.357 -8.231 -8.830 -8.797 -9.081 -8.904 -8.197 -8.927 -8.070 -8.435 -8.769 -8.884 -8.628 -8.942 -9.066 -9.095 -8.997 -8.866 -8.782 -8.843 -8.335
0.04 0.47971 8.00000 5.2530736923 2.6153020467    5.253  4.179  3.5052 -0.048    7  0.000  0.371   287.26   141.95    90.85    68.74    56.85  3    -1e-30      0.00 5.553e-01 4.045e-01 4.054e-03 8.131e-03 1.458e-02 -1.000 4.017e-02 -5.677 -3.524 -5.745 -7.370 -8.247 -8.848 -8.814 -9.099 -8.923 -8.213 -8.944 -8.086 -8.451 -8.786 -8.902 -8.645 -8.958 -9.084 -9.113 -9.015 -8.884 -8.801 -8.862 -8.351
0.04 0.47971 8.00000 5.2530913353 2.6153021281    5.253  4.210  3.5010 -0.095    7  0.000  0.371   318.15   154.72    98.63    74.72    61.81  3    -1e-30      0.00 5.553e-01 4.045e-01 4.054e-03 8.131e-03 1.458e-02 -1.000 4.017e-02 -5.754 -3.404 -5.710 -7.447 -8.341 -8.951 -8.912 -9.209 -9.031 -8.308 -9.047 -8.181 -8.545 -8.888 -9.007 -8.743 -9.056 -9.192 -9.224 -9.123 -8.988 -8.911 -8.973 -8.446
0.04 0.47971 8.00000 5.2531218529 2.6153022688    5.253  4.243  3.4966 -0.146    7  0.000  0.371   354.58   169.53   107.63    81.65    67.56  2    -1e-30      0.00 5.553e-01 4.045e-01 4.054e-03 8.131e-03 1.458e-02 -1.000 4.017e-02 -5.837 -3.303 -5.680 -7.525 -8.440 -9.058 -9.009 -9.323 -9.145 -8.408 -9.153 -8.279 -8.645 -8.993 -9.116 -8.842 -9.153 -9.305 -9.340 -9.237 -9.097 -9.027 -9.090 -8.547
0.04 0.47971 8.00000 5.2532739639 2.6153029703    5.253  4.295  3.4893 -0.228    7  0.864  0.371   403.65   196.61   123.99    94.27    78.02  2    -1e-30      0.00 5.553e-01 4.045e-01 4.054e-03 8.131e-03 1.458e-02 -1.000 4.017e-02 -5.968 -3.139 -5.627 -7.649 -8.600 -9.231 -9.164 -9.508 -9.329 -8.568 -9.323 -8.436 -8.807 -9.162 -9.293 -8.999 -9.308 -9.487 -9.528 -9.422 -9.274 -9.214 -9.279 -8.708
0.04 0.47971 8.00000 5.2533521652 2.6153033309    5.253  4.314  3.4866 -0.257    7  0.852  0.371   421.34   207.30   130.43    99.24    82.15  0    -1e-30      0.00 5.553e-01 4.045e-01 4.054e-03 8.131e-03 1.458e-02 -1.000 4.017e-02 -6.014 -3.123 -5.629 -7.692 -8.656 -9.290 -9.214 -9.573 -9.396 -8.624 -9.380 -8.490 -8.865 -9.219 -9.355 -9.052 -9.358 -9.550 -9.595 -9.488 -9.338 -9.282 -9.348 -8.765
0.04 0.47971 8.00000 5.2533578873 2.6153033573    5.253  4.316  3.4862 -0.261    7  0.852  0.371   423.68   208.72   131.28    99.90    82.70  0    -1e-30      0.00 5.553e-01 4.045e-01 4.054e-03 8.131e-03 1.458e-02 -1.000 4.017e-02 -6.020 -3.121 -5.629 -7.698 -8.663 -9.298 -9.220 -9.581 -9.404 -8.631 -9.388 -8.497 -8.873 -9.227 -9.362 -9.059 -9.364 -9.558 -9.603 -9.497 -9.346 -9.291 -9.357 -8.772
0.04 0.47971 8.00000 5.2533779144 2.6153034497    5.253  4.316  3.4750 -0.306    8  0.852  0.387   452.38   226.32   141.83   108.05    89.46  0 -8.85e-07      0.03 5.553e-01 4.045e-01 4.250e-03 8.135e-03 1.463e-02 -1.000 4.016e-02 -6.020 -2.873 -5.442 -7.660 -8.686 -9.342 -9.227 -9.671 -9.512 -8.654 -9.442 -8.505 -8.913 -9.258 -9.419 -9.075 -9.376 -9.637 -9.705 -9.604 -9.438 -9.399 -9.469 -8.803
0.04 0.47971 8.00000 5.2533788681 2.6153034540    5.253  4.421  3.4592 -0.473    8  0.852  0.387   578.40   306.54   189.49   145.01   120.16  0 -3.64e-06      0.15 5.553e-01 4.045e-01 4.250e-03 8.135e-03 1.463e-02 -1.000 4.016e-02 -6.282 -2.760 -5.425 -7.798 -8.926 -9.633 -9.488 -10.102 -9.999 -8.901 -9.814 -8.708 -9.197 -9.520 -9.738 -9.353 -9.668 -10.041 -10.158 -10.085 -9.898 -9.884 -9.965 -9.063
0.04 0.47971 8.00000 5.2533783913 2.6153034519    5.253  4.467  3.4523 -0.548    8  0.852  0.387   644.76   350.53   215.39   165.15   136.89  0 -1.04e-05      0.53 5.553e-01 4.045e-01 4.250e-03 8.135e-03 1.463e-02 -1.000 4.016e-02 -6.398 -2.207 -5.073 -7.595 -8.870 -9.713 -9.640 -10.457 -10.462 -8.863 -10.123 -8.602 -9.190 -9.543 -9.847 -9.484 -9.912 -10.374 -10.530 -10.518 -10.343 -10.342 -10.441 -9.036
0.04 0.47971 8.00000 5.2533793449 2.6153034562    5.253  4.409  3.4609 -0.455    8  0.852  0.387   563.16   296.60   183.62   140.45   116.37  0 -2.78e-06      0.17 5.553e-01 4.045e-01 4.250e-03 8.135e-03 1.463e-02 -1.000 4.016e-02 -6.253 -2.723 -5.389 -7.757 -8.886 -9.600 -9.469 -10.079 -9.983 -8.862 -9.795 -8.670 -9.154 -9.486 -9.703 -9.327 -9.655 -10.020 -10.134 -10.065 -9.883 -9.866 -9.949 -9.023
0.04 0.47971 8.00000 5.2533812523 2.6153034650    5.253  4.326  3.4733 -0.323    8  0.852  0.387   463.83   233.41   146.07   111.33    92.19  0 -9.26e-07      0.03 5.553e-01 4.045e-01 4.250e-03 8.135e-03 1.463e-02 -1.000 4.016e-02 -6.046 -2.870 -5.446 -7.681 -8.715 -9.373 -9.252 -9.709 -9.551 -8.684 -9.474 -8.532 -8.946 -9.288 -9.453 -9.103 -9.401 -9.672 -9.744 -9.644 -9.475 -9.439 -9.509 -8.834
0.04 0.47971 8.00000 5.2533845901 2.6153034804    5.252  4.232  3.4873 -0.172    8  0.852  0.387   372.18   177.86   112.68    85.54    70.78  3 -6.07e-07      0.01 5.553e-01 4.045e-01 4.250e-03 8.135e-03 1.463e-02 -1.000 4.016e-02 -5.810 -2.933 -5.425 -7.473 -8.441 -9.079 -9.003 -9.370 -9.196 -8.409 -9.176 -8.272 -8.654 -9.007 -9.144 -8.840 -9.149 -9.345 -9.393 -9.290 -9.136 -9.077 -9.146 -8.552
0.04 0.47971 8.00000 5.2533898354 2.6153035046    5.252  4.272  3.4814 -0.236    8  0.852  0.387   408.38   199.46   125.71    95.59    79.13  2 -7.24e-07      0.02 5.553e-01 4.045e-01 4.250e-03 8.135e-03 1.463e-02 -1.000 4.016e-02 -5.909 -2.885 -5.419 -7.562 -8.558 -9.206 -9.110 -9.513 -9.344 -8.527 -9.302 -8.385 -8.778 -9.129 -9.276 -8.952 -9.257 -9.484 -9.540 -9.437 -9.277 -9.228 -9.298 -8.672
0.04 0.47971 8.00000 5.2533969879 2.6153035376    5.252  4.306  3.4761 -0.292    8  0.852  0.387   443.23   220.68   138.45   105.44    87.30  0 -8.45e-07      0.02 5.553e-01 4.045e-01 4.250e-03 8.135e-03 1.463e-02 -1.000 4.016e-02 -5.996 -2.869 -5.432 -7.639 -8.659 -9.313 -9.201 -9.638 -9.476 -8.628 -9.412 -8.480 -8.885 -9.231 -9.389 -9.049 -9.349 -9.605 -9.670 -9.569 -9.404 -9.363 -9.433 -8.776
0.04 0.47971 8.00000 5.2534070015 2.6153035838    5.251  4.330  3.4724 -0.330    8  0.852  0.387   469.08   236.68   148.02   112.85    93.45  0 -9.41e-07      0.03 5.553e-01 4.045e-01 4.250e-03 8.135e-03 1.463e-02 -1.000 4.016e-02 -6.055 -2.866 -5.445 -7.689 -8.727 -9.386 -9.262 -9.724 -9.567 -8.696 -9.487 -8.542 -8.959 -9.300 -9.467 -9.114 -9.411 -9.687 -9.760 -9.661 -9.490 -9.455 -9.526 -8.847
0.04 0.47971 8.00000 5.2534193993 2.6153036409    5.250  4.347  3.4697 -0.358    8  0.852  0.387   488.43   248.80   155.25   118.44    98.09  0 -1.01e-06      0.03 5.553e-01 4.045e-01 4.250e-03 8.135e-03 1.463e-02 -1.000 4.016e-02 -6.097 -2.865 -5.453 -7.723 -8.775 -9.437 -9.303 -9.784 -9.630 -8.744 -9.538 -8.586 -9.012 -9.348 -9.521 -9.159 -9.451 -9.743 -9.823 -9.724 -9.549 -9.518 -9.590 -8.896
0.04 0.47971 8.00000 5.2534351349 2.6153037135    5.249  4.362  3.4673 -0.382    8  0.853  0.387   506.22   260.03   161.94   123.63   102.40  0 -1.08e-06      0.04 5.553e-01 4.045e-01 4.250e-03 8.135e-03 1.463e-02 -1.000 4.016e-02 -6.134 -2.871 -5.466 -7.754 -8.815 -9.479 -9.335 -9.835 -9.684 -8.784 -9.581 -8.621 -9.058 -9.388 -9.566 -9.196 -9.483 -9.790 -9.877 -9.780 -9.599 -9.572 -9.645 -8.939
0.04 0.47971 8.00000 5.2534546852 2.6153038037    5.247  4.378  3.4646 -0.409    8  0.853  0.387   526.41   272.91   169.59   129.56   107.32  0 -1.38e-06      0.05 5.553e-01 4.045e-01 4.250e-03 8.135e-03 1.463e-02 -1.000 4.016e-02 -6.174 -2.861 -5.469 -7.778 -8.854 -9.524 -9.372 -9.899 -9.755 -8.824 -9.635 -8.655 -9.104 -9.429 -9.615 -9.237 -9.524 -9.849 -9.945 -9.851 -9.665 -9.643 -9.717 -8.981
0.04 0.47971 8.00000 5.2534546852 2.6153038037    5.247  4.559  3.4375 -0.699    8  0.853  0.387   805.11   461.17   279.89   215.49   178.73  0 -4.94e-05      3.22 5.553e-01 4.045e-01 4.250e-03 8.135e-03 1.463e-02 -1.000 4.016e-02 -6.628 1.735 -2.317 -5.607 -7.778 -9.449 -9.772 -11.256 -11.538 -7.899 -10.780 -7.245 -8.341 -8.988 -9.686 -9.504 -10.393 -11.108 -11.365 -11.511 -11.379 -11.425 -11.560 -8.107
0.04 0.47971 8.00000 5.2534551620 2.6153038059    5.247  4.529  3.4421 -0.651    8  0.853  0.387   749.49   422.16   257.23   197.79   164.01  0 -3.98e-05      2.71 5.553e-01 4.045e-01 4.251e-03 8.135e-03 1.463e-02 -1.000 4.016e-02 -6.552 1.018 -2.803 -5.951 -7.952 -9.475 -9.740 -11.113 -11.355 -8.047 -10.666 -7.474 -8.465 -9.068 -9.692 -9.486 -10.311 -10.979 -11.215 -11.339 -11.203 -11.237 -11.368 -8.248
0.04 0.47971 8.00000 5.2534561157 2.6153038103    5.247  4.470  3.4508 -0.557    8  0.853  0.387   653.80   356.64   218.96   167.95   139.21  0 -1.19e-05      0.65 5.553e-01 4.045e-01 4.251e-03 8.135e-03 1.463e-02 -1.000 4.016e-02 -6.406 -2.015 -4.939 -7.503 -8.823 -9.705 -9.652 -10.518 -10.544 -8.822 -10.172 -8.541 -9.156 -9.519 -9.846 -9.491 -9.946 -10.429 -10.594 -10.594 -10.420 -10.424 -10.526 -8.997
0.04 0.47971 8.00000 5.2534584999 2.6153038212    5.247  4.386  3.4634 -0.423    8  0.853  0.387   536.90   279.64   173.58   132.66   109.89  0  -1.7e-06      0.08 5.553e-01 4.045e-01 4.251e-03 8.135e-03 1.463e-02 -1.000 4.016e-02 -6.196 -2.831 -5.452 -7.776 -8.866 -9.545 -9.397 -9.946 -9.814 -8.837 -9.676 -8.662 -9.121 -9.446 -9.640 -9.261 -9.556 -9.893 -9.994 -9.906 -9.721 -9.700 -9.777 -8.995
0.04 0.47971 8.00000 5.2534618378 2.6153038366    5.247  4.290  3.4779 -0.268    8  0.853  0.387   428.22   211.50   132.94   101.19    83.77  0 -7.82e-07      0.02 5.553e-01 4.045e-01 4.251e-03 8.134e-03 1.463e-02 -1.000 4.016e-02 -5.954 -2.862 -5.415 -7.602 -8.614 -9.265 -9.157 -9.582 -9.416 -8.582 -9.360 -8.436 -8.838 -9.185 -9.339 -9.003 -9.304 -9.550 -9.612 -9.510 -9.345 -9.302 -9.372 -8.730
0.04 0.47971 8.00000 5.2534675598 2.6153038630    5.246  4.326  3.4726 -0.326    8  0.853  0.387   465.83   234.67   146.82   111.92    92.67  0 -9.21e-07      0.03 5.553e-01 4.045e-01 4.252e-03 8.134e-03 1.463e-02 -1.000 4.016e-02 -6.045 -2.859 -5.437 -7.679 -8.716 -9.375 -9.250 -9.711 -9.554 -8.685 -9.474 -8.532 -8.948 -9.289 -9.455 -9.103 -9.399 -9.674 -9.747 -9.647 -9.477 -9.441 -9.512 -8.836
0.04 0.47971 8.00000 5.2534751892 2.6153038982    5.246  4.356  3.4682 -0.373    8  0.853  0.388   499.26   255.64   159.32   121.60   100.71  0 -1.06e-06      0.04 5.553e-01 4.045e-01 4.252e-03 8.134e-03 1.463e-02 -1.000 4.016e-02 -6.119 -2.868 -5.461 -7.741 -8.799 -9.462 -9.322 -9.815 -9.663 -8.768 -9.564 -8.607 -9.039 -9.372 -9.548 -9.181 -9.470 -9.771 -9.856 -9.758 -9.580 -9.551 -9.623 -8.922
0.04 0.47971 8.00000 5.2534856796 2.6153039466    5.245  4.373  3.4658 -0.401    8  0.853  0.388   519.68   268.61   167.04   127.58   105.68  0  -1.2e-06      0.04 5.553e-01 4.045e-01 4.253e-03 8.134e-03 1.463e-02 -1.000 4.016e-02 -6.163 -2.874 -5.476 -7.775 -8.844 -9.511 -9.362 -9.877 -9.729 -8.814 -9.617 -8.648 -9.091 -9.418 -9.601 -9.226 -9.512 -9.829 -9.921 -9.824 -9.641 -9.617 -9.690 -8.970
0.04 0.47971 8.00000 5.2534995079 2.6153040103    5.243  4.382  3.4647 -0.414    8  0.853  0.388   529.63   274.98   170.81   130.51   108.11  0 -1.47e-06      0.06 5.553e-01 4.045e-01 4.255e-03 8.134e-03 1.463e-02 -1.000 4.016e-02 -6.185 -2.860 -5.471 -7.782 -8.861 -9.534 -9.385 -9.916 -9.776 -8.831 -9.651 -8.661 -9.111 -9.437 -9.626 -9.249 -9.539 -9.865 -9.962 -9.870 -9.686 -9.663 -9.738 -8.988
0.04 0.47971 8.00000 5.2535161972 2.6153040873    5.242  4.386  3.4643 -0.420    8  0.853  0.388   534.35   278.01   172.61   131.91   109.27  0 -1.62e-06      0.07 5.553e-01 4.046e-01 4.256e-03 8.134e-03 1.463e-02 -1.000 4.016e-02 -6.196 -2.850 -5.466 -7.783 -8.867 -9.545 -9.398 -9.938 -9.803 -8.838 -9.671 -8.666 -9.120 -9.447 -9.638 -9.261 -9.556 -9.886 -9.985 -9.895 -9.712 -9.689 -9.765 -8.995
0.04 0.47971 8.00000 5.2535371780 2.6153041840    5.240  4.390  3.4642 -0.424    8  0.854  0.388   537.58   280.10   173.84   132.87   110.07  0 -1.73e-06      0.08 5.553e-01 4.046e-01 4.258e-03 8.134e-03 1.463e-02 -1.000 4.017e-02 -6.205 -2.845 -5.465 -7.786 -8.873 -9.553 -9.409 -9.953 -9.822 -8.844 -9.686 -8.670 -9.126 -9.454 -9.647 -9.271 -9.569 -9.902 -10.001 -9.913 -9.730 -9.708 -9.785 -9.001
0.04 0.47971 8.00000 5.2535371780 2.6153041840    5.240  4.572  3.4369 -0.715    8  0.854  0.388   822.94   473.89   287.25   221.26   183.52  0 -5.08e-05      3.27 5.553e-01 4.046e-01 4.258e-03 8.134e-03 1.463e-02 -1.000 4.017e-02 -6.659 1.772 -2.300 -5.601 -7.787 -9.469 -9.796 -11.289 -11.573 -7.910 -10.810 -7.248 -8.355 -9.004 -9.708 -9.528 -10.419 -11.139 -11.398 -11.546 -11.413 -11.461 -11.595 -8.119
0.04 0.47971 8.00000 5.2535376549 2.6153041862    5.240  4.541  3.4415 -0.666    8  0.854  0.388   766.33   433.97   264.09   203.16   168.47  0 -4.73e-05      3.16 5.553e-01 4.046e-01 4.258e-03 8.134e-03 1.463e-02 -1.000 4.017e-02 -6.583 1.656 -2.347 -5.615 -7.760 -9.413 -9.741 -11.197 -11.473 -7.875 -10.734 -7.244 -8.306 -8.963 -9.643 -9.467 -10.362 -11.057 -11.302 -11.446 -11.318 -11.357 -11.493 -8.080
0.04 0.47971 8.00000 5.2535390854 2.6153041928    5.240  4.483  3.4502 -0.573    8  0.854  0.388   668.51   366.62   224.81   172.50   143.00  0 -1.46e-05      0.82 5.553e-01 4.046e-01 4.258e-03 8.134e-03 1.463e-02 -1.000 4.017e-02 -6.437 -1.775 -4.776 -7.392 -8.771 -9.713 -9.697 -10.621 -10.677 -8.778 -10.265 -8.473 -9.119 -9.507 -9.862 -9.525 -10.025 -10.529 -10.700 -10.717 -10.551 -10.556 -10.663 -8.955
0.04 0.47971 8.00000 5.2535414696 2.6153042038    5.240  4.399  3.4628 -0.438    8  0.854  0.388   549.16   287.57   178.27   136.31   112.92  0 -2.16e-06      0.11 5.553e-01 4.046e-01 4.259e-03 8.134e-03 1.463e-02 -1.000 4.017e-02 -6.227 -2.805 -5.442 -7.781 -8.883 -9.575 -9.435 -10.004 -9.886 -8.856 -9.731 -8.676 -9.143 -9.471 -9.673 -9.296 -9.604 -9.950 -10.055 -9.975 -9.792 -9.772 -9.851 -9.015
0.04 0.47971 8.00000 5.2535452843 2.6153042214    5.239  4.302  3.4773 -0.284    8  0.854  0.388   437.89   217.43   136.50   103.94    86.05  0 -8.37e-07      0.02 5.553e-01 4.046e-01 4.259e-03 8.134e-03 1.463e-02 -1.000 4.017e-02 -5.985 -2.877 -5.436 -7.630 -8.645 -9.298 -9.190 -9.620 -9.457 -8.614 -9.397 -8.467 -8.870 -9.217 -9.373 -9.037 -9.339 -9.588 -9.651 -9.550 -9.386 -9.344 -9.414 -8.762
0.04 0.47971 8.00000 5.2535514832 2.6153042500    5.238  4.338  3.4718 -0.342    8  0.854  0.388   476.72   241.48   150.88   115.07    95.29  0 -9.84e-07      0.03 5.553e-01 4.046e-01 4.260e-03 8.134e-03 1.463e-02 -1.000 4.017e-02 -6.075 -2.873 -5.455 -7.706 -8.748 -9.408 -9.282 -9.750 -9.595 -8.717 -9.510 -8.562 -8.981 -9.321 -9.489 -9.135 -9.432 -9.711 -9.786 -9.687 -9.516 -9.482 -9.554 -8.868
0.04 0.47971 8.00000 5.2535600662 2.6153042896    5.237  4.368  3.4672 -0.390    8  0.854  0.388   511.43   263.38   163.92   125.18   103.68  0 -1.12e-06      0.04 5.552e-01 4.046e-01 4.261e-03 8.134e-03 1.463e-02 -1.000 4.017e-02 -6.149 -2.881 -5.478 -7.767 -8.829 -9.494 -9.351 -9.853 -9.703 -8.799 -9.598 -8.636 -9.072 -9.403 -9.582 -9.212 -9.500 -9.807 -9.895 -9.798 -9.618 -9.591 -9.664 -8.953
0.04 0.47971 8.00000 5.2535715103 2.6153043423    5.236  4.385  3.4645 -0.418    8  0.854  0.389   532.94   277.13   172.08   131.51   108.94  0 -1.58e-06      0.07 5.552e-01 4.046e-01 4.263e-03 8.134e-03 1.463e-02 -1.000 4.017e-02 -6.192 -2.852 -5.467 -7.782 -8.865 -9.541 -9.394 -9.931 -9.794 -8.836 -9.665 -8.664 -9.116 -9.443 -9.633 -9.257 -9.551 -9.880 -9.978 -9.887 -9.704 -9.681 -9.757 -8.992
0.04 0.47971 8.00000 5.2535862923 2.6153044105    5.234  4.393  3.4630 -0.432    8  0.854  0.389   543.98   284.24   176.30   134.78   111.66  0 -1.96e-06      0.09 5.552e-01 4.046e-01 4.265e-03 8.134e-03 1.463e-02 -1.000 4.017e-02 -6.213 -2.817 -5.447 -7.779 -8.876 -9.562 -9.417 -9.978 -9.853 -8.848 -9.706 -8.670 -9.133 -9.460 -9.658 -9.280 -9.582 -9.924 -10.028 -9.944 -9.760 -9.739 -9.817 -9.006
0.04 0.47971 8.00000 5.2536048889 2.6153044962    5.232  4.397  3.4622 -0.440    8  0.854  0.389   549.88   288.06   178.56   136.54   113.11  0 -2.19e-06      0.11 5.552e-01 4.046e-01 4.268e-03 8.134e-03 1.463e-02 -1.000 4.018e-02 -6.223 -2.789 -5.428 -7.772 -8.878 -9.572 -9.430 -10.005 -9.889 -8.851 -9.730 -8.669 -9.139 -9.467 -9.671 -9.292 -9.600 -9.950 -10.057 -9.977 -9.794 -9.774 -9.854 -9.010
0.04 0.47971 8.00000 5.2536277771 2.6153046018    5.230  4.400  3.4616 -0.445    8  0.854  0.389   554.42   291.01   180.30   137.89   114.24  0 -2.39e-06      0.13 5.552e-01 4.046e-01 4.271e-03 8.134e-03 1.463e-02 -1.000 4.018e-02 -6.230 -2.759 -5.409 -7.762 -8.877 -9.579 -9.440 -10.030 -9.921 -8.851 -9.751 -8.665 -9.142 -9.471 -9.680 -9.301 -9.616 -9.973 -10.083 -10.007 -9.824 -9.805 -9.886 -9.011
0.04 0.47971 8.00000 5.2536277771 2.6153046018    5.230  4.582  3.4341 -0.737    8  0.854  0.389   849.45   492.93   298.24   229.88   190.69  0  -5.2e-05      3.33 5.552e-01 4.046e-01 4.271e-03 8.134e-03 1.463e-02 -1.000 4.018e-02 -6.685 1.852 -2.259 -5.576 -7.784 -9.481 -9.805 -11.318 -11.606 -7.913 -10.830 -7.232 -8.366 -9.008 -9.724 -9.541 -10.428 -11.163 -11.430 -11.580 -11.443 -11.496 -11.630 -8.123
0.04 0.47971 8.00000 5.2536282539 2.6153046040    5.229  4.552  3.4387 -0.688    8  0.854  0.389   791.13   451.47   274.24   211.10   175.08  0 -4.85e-05      3.19 5.552e-01 4.046e-01 4.271e-03 8.134e-03 1.463e-02 -1.000 4.018e-02 -6.609 1.705 -2.328 -5.610 -7.771 -9.434 -9.757 -11.232 -11.511 -7.890 -10.760 -7.244 -8.329 -8.977 -9.669 -9.488 -10.377 -11.086 -11.339 -11.485 -11.353 -11.397 -11.532 -8.097
0.04 0.47971 8.00000 5.2536296844 2.6153046106    5.229  4.493  3.4475 -0.595    8  0.854  0.389   690.04   381.33   233.40   179.22   148.57  0 -1.95e-05      1.19 5.552e-01 4.046e-01 4.272e-03 8.134e-03 1.463e-02 -1.000 4.018e-02 -6.463 -1.214 -4.386 -7.112 -8.617 -9.680 -9.726 -10.763 -10.868 -8.642 -10.383 -8.280 -9.002 -9.430 -9.846 -9.536 -10.112 -10.659 -10.849 -10.894 -10.734 -10.746 -10.860 -8.825
0.04 0.47971 8.00000 5.2536320686 2.6153046216    5.229  4.409  3.4602 -0.460    8  0.854  0.389   566.63   298.95   184.99   141.54   117.27  0 -2.99e-06      0.12 5.552e-01 4.046e-01 4.272e-03 8.134e-03 1.463e-02 -1.000 4.018e-02 -6.253 -2.793 -5.439 -7.797 -8.912 -9.607 -9.456 -10.047 -9.932 -8.885 -9.764 -8.699 -9.178 -9.500 -9.709 -9.322 -9.626 -9.989 -10.101 -10.022 -9.833 -9.817 -9.897 -9.046
0.04 0.47971 8.00000 5.2536368370 2.6153046435    5.228  4.312  3.4749 -0.305    8  0.854  0.390   451.30   225.70   141.44   107.77    89.23  0 -8.75e-07      0.03 5.552e-01 4.047e-01 4.273e-03 8.134e-03 1.463e-02 -1.000 4.018e-02 -6.011 -2.863 -5.432 -7.651 -8.677 -9.333 -9.217 -9.663 -9.503 -8.646 -9.433 -8.496 -8.905 -9.250 -9.411 -9.066 -9.366 -9.628 -9.696 -9.596 -9.429 -9.390 -9.460 -8.795
0.04 0.47971 8.00000 5.2536435127 2.6153046743    5.227  4.348  3.4694 -0.362    8  0.854  0.390   491.04   250.50   156.25   119.24    98.75  0 -1.03e-06      0.03 5.552e-01 4.047e-01 4.274e-03 8.134e-03 1.463e-02 -1.000 4.019e-02 -6.101 -2.864 -5.453 -7.726 -8.778 -9.441 -9.306 -9.790 -9.636 -8.747 -9.543 -8.589 -9.016 -9.352 -9.525 -9.162 -9.454 -9.748 -9.829 -9.730 -9.555 -9.524 -9.596 -8.900
0.04 0.47971 8.00000 5.2536530495 2.6153047183    5.226  4.378  3.4649 -0.410    8  0.855  0.390   526.15   272.81   169.51   129.52   107.29  0 -1.38e-06      0.05 5.551e-01 4.047e-01 4.276e-03 8.135e-03 1.463e-02 -1.000 4.019e-02 -6.174 -2.863 -5.471 -7.778 -8.853 -9.523 -9.373 -9.898 -9.754 -8.823 -9.635 -8.654 -9.102 -9.428 -9.614 -9.237 -9.525 -9.848 -9.943 -9.849 -9.665 -9.642 -9.716 -8.979
0.04 0.47971 8.00000 5.2536654472 2.6153047755    5.224  4.394  3.4624 -0.437    8  0.855  0.390   547.48   286.54   177.65   135.84   112.53  0  -2.1e-06      0.10 5.551e-01 4.047e-01 4.278e-03 8.135e-03 1.463e-02 -1.000 4.019e-02 -6.216 -2.797 -5.433 -7.773 -8.875 -9.565 -9.420 -9.991 -9.871 -8.847 -9.716 -8.667 -9.135 -9.462 -9.663 -9.283 -9.588 -9.936 -10.042 -9.960 -9.776 -9.756 -9.835 -9.007
0.04 0.47971 8.00000 5.2536821365 2.6153048524    5.222  4.402  3.4611 -0.450    8  0.855  0.390   557.85   293.27   181.63   138.93   115.10  0 -2.56e-06      0.15 5.551e-01 4.047e-01 4.281e-03 8.135e-03 1.462e-02 -1.000 4.020e-02 -6.235 -2.735 -5.393 -7.754 -8.876 -9.583 -9.447 -10.047 -9.944 -8.851 -9.765 -8.662 -9.142 -9.472 -9.685 -9.307 -9.628 -9.989 -10.101 -10.029 -9.845 -9.828 -9.910 -9.011
0.04 0.47971 8.00000 5.2537026405 2.6153049469    5.219  4.406  3.4606 -0.456    8  0.855  0.391   562.75   296.47   183.52   140.40   116.32  0  -2.8e-06      0.17 5.551e-01 4.047e-01 4.285e-03 8.136e-03 1.462e-02 -1.000 4.020e-02 -6.244 -2.706 -5.374 -7.745 -8.876 -9.591 -9.459 -10.072 -9.977 -8.852 -9.788 -8.659 -9.146 -9.477 -9.695 -9.318 -9.646 -10.013 -10.128 -10.060 -9.877 -9.861 -9.944 -9.014
0.04 0.47971 8.00000 5.2537279129 2.6153050635    5.216  4.408  3.4602 -0.460    8  0.855  0.391   566.08   298.65   184.81   141.41   117.16  0 -2.98e-06      0.12 5.550e-01 4.048e-01 4.289e-03 8.136e-03 1.462e-02 -1.000 4.021e-02 -6.250 -2.791 -5.436 -7.794 -8.909 -9.604 -9.453 -10.043 -9.928 -8.882 -9.761 -8.696 -9.175 -9.496 -9.706 -9.318 -9.622 -9.985 -10.098 -10.018 -9.829 -9.813 -9.893 -9.043
0.04 0.47971 8.00000 5.2537279129 2.6153050635    5.216  4.590  3.4326 -0.752    8  0.855  0.391   867.92   506.36   305.98   235.96   195.74  0 -5.29e-05      3.37 5.550e-01 4.048e-01 4.289e-03 8.136e-03 1.462e-02 -1.000 4.021e-02 -6.704 1.899 -2.235 -5.563 -7.785 -9.493 -9.815 -11.340 -11.631 -7.917 -10.847 -7.225 -8.375 -9.014 -9.738 -9.553 -10.438 -11.182 -11.454 -11.605 -11.466 -11.521 -11.655 -8.128
0.04 0.47971 8.00000 5.2537283897 2.6153050657    5.216  4.559  3.4372 -0.704    8  0.855  0.391   808.53   463.90   281.43   216.75   179.77  0 -4.94e-05      3.22 5.550e-01 4.048e-01 4.289e-03 8.136e-03 1.462e-02 -1.000 4.021e-02 -6.629 1.735 -2.319 -5.608 -7.779 -9.450 -9.772 -11.257 -11.538 -7.901 -10.780 -7.246 -8.344 -8.989 -9.687 -9.505 -10.391 -11.108 -11.366 -11.512 -11.379 -11.426 -11.560 -8.109
0.04 0.47971 8.00000 5.2537298203 2.6153050723    5.215  4.501  3.4460 -0.610    8  0.855  0.391   705.24   391.83   239.52   184.01   152.55  0 -2.38e-05      1.51 5.550e-01 4.048e-01 4.289e-03 8.136e-03 1.462e-02 -1.000 4.021e-02 -6.484 -0.746 -4.058 -6.874 -8.484 -9.647 -9.744 -10.865 -11.006 -8.524 -10.468 -8.116 -8.898 -9.362 -9.826 -9.540 -10.176 -10.753 -10.955 -11.021 -10.866 -10.884 -11.002 -8.711
0.04 0.47971 8.00000 5.2537326813 2.6153050855    5.215  4.418  3.4587 -0.476    8  0.855  0.391   579.17   307.21   189.86   145.34   120.42  0 -3.75e-06      0.15 5.550e-01 4.048e-01 4.290e-03 8.137e-03 1.462e-02 -1.000 4.021e-02 -6.274 -2.736 -5.406 -7.784 -8.916 -9.625 -9.480 -10.100 -10.001 -8.891 -9.810 -8.696 -9.189 -9.511 -9.732 -9.345 -9.660 -10.038 -10.158 -10.086 -9.898 -9.885 -9.967 -9.054
0.04 0.47971 8.00000 5.2537379265 2.6153051096    5.214  4.321  3.4734 -0.320    8  0.855  0.391   461.05   231.77   145.07   110.59    91.56  0 -9.11e-07      0.03 5.550e-01 4.048e-01 4.291e-03 8.137e-03 1.462e-02 -1.000 4.021e-02 -6.032 -2.859 -5.434 -7.668 -8.701 -9.359 -9.238 -9.693 -9.535 -8.670 -9.459 -8.518 -8.931 -9.274 -9.438 -9.089 -9.387 -9.657 -9.728 -9.628 -9.459 -9.422 -9.493 -8.820
0.04 0.47971 8.00000 5.2537450790 2.6153051426    5.213  4.356  3.4679 -0.378    8  0.855  0.391   501.75   257.31   160.29   122.38   101.36  0 -1.07e-06      0.04 5.550e-01 4.048e-01 4.292e-03 8.137e-03 1.462e-02 -1.000 4.021e-02 -6.121 -2.865 -5.459 -7.742 -8.801 -9.464 -9.323 -9.819 -9.667 -8.770 -9.567 -8.609 -9.042 -9.374 -9.551 -9.183 -9.472 -9.775 -9.860 -9.762 -9.583 -9.555 -9.627 -8.924
0.04 0.47971 8.00000 5.2537555695 2.6153051910    5.211  4.386  3.4634 -0.425    8  0.855  0.392   537.62   280.23   173.90   132.94   110.12  0 -1.75e-06      0.08 5.550e-01 4.048e-01 4.294e-03 8.138e-03 1.462e-02 -1.000 4.021e-02 -6.194 -2.823 -5.446 -7.772 -8.862 -9.543 -9.396 -9.947 -9.816 -8.834 -9.677 -8.658 -9.118 -9.443 -9.638 -9.259 -9.556 -9.894 -9.995 -9.908 -9.724 -9.703 -9.779 -8.991
0.04 0.47971 8.00000 5.2537693977 2.6153052547    5.209  4.402  3.4608 -0.452    8  0.855  0.392   559.47   294.37   182.27   139.45   115.53  0 -2.65e-06      0.16 5.550e-01 4.048e-01 4.297e-03 8.139e-03 1.462e-02 -1.000 4.022e-02 -6.235 -2.719 -5.381 -7.747 -8.873 -9.583 -9.448 -10.054 -9.954 -8.848 -9.771 -8.657 -9.141 -9.471 -9.686 -9.308 -9.631 -9.996 -10.109 -10.038 -9.855 -9.838 -9.920 -9.009
0.04 0.47971 8.00000 5.2537870407 2.6153053361    5.206  4.410  3.4595 -0.465    8  0.855  0.392   570.22   301.39   186.42   142.67   118.20  0 -3.22e-06      0.13 5.549e-01 4.048e-01 4.301e-03 8.139e-03 1.462e-02 -1.000 4.022e-02 -6.255 -2.767 -5.421 -7.787 -8.908 -9.608 -9.458 -10.060 -9.950 -8.882 -9.774 -8.692 -9.177 -9.498 -9.712 -9.324 -9.631 -10.000 -10.116 -10.039 -9.850 -9.835 -9.915 -9.044
0.04 0.47971 8.00000 5.2538099289 2.6153054416    5.202  4.414  3.4589 -0.472    8  0.856  0.393   575.54   304.89   188.48   144.28   119.54  0 -3.54e-06      0.14 5.549e-01 4.049e-01 4.305e-03 8.141e-03 1.462e-02 -1.000 4.023e-02 -6.264 -2.743 -5.408 -7.782 -8.910 -9.616 -9.468 -10.083 -9.979 -8.885 -9.793 -8.691 -9.182 -9.503 -9.721 -9.333 -9.646 -10.021 -10.140 -10.066 -9.878 -9.864 -9.945 -9.047
0.04 0.47971 8.00000 5.2538375854 2.6153055691    5.197  4.416  3.4584 -0.476    8  0.856  0.393   579.36   307.41   189.97   145.44   120.50  0 -3.79e-06      0.16 5.549e-01 4.049e-01 4.310e-03 8.142e-03 1.462e-02 -1.000 4.024e-02 -6.270 -2.725 -5.397 -7.778 -8.911 -9.621 -9.475 -10.098 -10.000 -8.886 -9.807 -8.690 -9.185 -9.506 -9.728 -9.340 -9.656 -10.036 -10.157 -10.086 -9.897 -9.885 -9.967 -9.049
0.04 0.47971 8.00000 5.2538375854 2.6153055691    5.197  4.597  3.4307 -0.769    8  0.856  0.393   887.45    -1.00    -1.00    -1.00    -1.00  0 -5.39e-05      3.41 5.549e-01 4.049e-01 4.311e-03 8.142e-03 1.462e-02 -1.000 4.024e-02 -6.724 1.954 -2.208 -5.548 -7.785 -9.503 -9.825 -11.363 -11.656 -7.920 -10.864 -7.215 -8.384 -9.019 -9.752 -9.565 -10.448 -11.201 -11.479 -11.632 -11.489 -11.549 -11.682 -8.133
0.04 0.47971 8.00000 5.2538380623 2.6153055713    5.197  4.567  3.4353 -0.721    8  0.856  0.393   828.11   478.02   289.58   223.15   185.09  0 -5.03e-05      3.26 5.549e-01 4.049e-01 4.311e-03 8.142e-03 1.462e-02 -1.000 4.024e-02 -6.649 1.788 -2.292 -5.593 -7.779 -9.460 -9.780 -11.279 -11.563 -7.904 -10.796 -7.236 -8.353 -8.993 -9.701 -9.516 -10.399 -11.127 -11.390 -11.538 -11.402 -11.452 -11.586 -8.113
0.04 0.47971 8.00000 5.2538399696 2.6153055801    5.197  4.509  3.4441 -0.627    8  0.856  0.393   722.39   403.78   246.47   189.46   157.08  0 -2.96e-05      1.92 5.549e-01 4.049e-01 4.312e-03 8.142e-03 1.462e-02 -1.000 4.024e-02 -6.504 -0.124 -3.618 -6.551 -8.299 -9.591 -9.750 -10.970 -11.152 -8.359 -10.553 -7.890 -8.749 -9.261 -9.785 -9.527 -10.235 -10.849 -11.065 -11.155 -11.007 -11.030 -11.154 -8.550
0.04 0.47971 8.00000 5.2538428307 2.6153055933    5.196  4.426  3.4569 -0.493    8  0.856  0.393   593.28   316.57   195.36   149.63   123.99  0  -4.8e-06      0.20 5.549e-01 4.049e-01 4.313e-03 8.143e-03 1.462e-02 -1.000 4.024e-02 -6.295 -2.665 -5.365 -7.766 -8.918 -9.643 -9.503 -10.158 -10.076 -8.896 -9.858 -8.690 -9.200 -9.520 -9.755 -9.367 -9.696 -10.091 -10.219 -10.158 -9.970 -9.961 -10.045 -9.061
0.04 0.47971 8.00000 5.2538485527 2.6153056197    5.195  4.329  3.4717 -0.336    8  0.856  0.394   472.00   238.63   149.15   113.77    94.20  0 -9.47e-07      0.03 5.548e-01 4.049e-01 4.316e-03 8.143e-03 1.462e-02 -1.000 4.025e-02 -6.052 -2.851 -5.432 -7.684 -8.725 -9.385 -9.257 -9.725 -9.568 -8.694 -9.485 -8.539 -8.959 -9.298 -9.466 -9.111 -9.406 -9.686 -9.761 -9.662 -9.490 -9.456 -9.527 -8.845
0.04 0.47971 8.00000 5.2538566589 2.6153056570    5.193  4.364  3.4661 -0.394    8  0.856  0.394   513.60   264.90   164.79   125.89   104.26  0 -1.11e-06      0.04 5.548e-01 4.049e-01 4.319e-03 8.144e-03 1.462e-02 -1.000 4.025e-02 -6.141 -2.863 -5.462 -7.757 -8.823 -9.488 -9.339 -9.848 -9.699 -8.793 -9.591 -8.627 -9.069 -9.395 -9.577 -9.202 -9.487 -9.801 -9.892 -9.795 -9.612 -9.586 -9.659 -8.948
0.04 0.47971 8.00000 5.2538681030 2.6153057098    5.191  4.393  3.4616 -0.441    8  0.856  0.394   550.11   288.37   178.71   136.69   113.24  0 -2.25e-06      0.12 5.548e-01 4.050e-01 4.323e-03 8.144e-03 1.462e-02 -1.000 4.026e-02 -6.213 -2.764 -5.407 -7.756 -8.866 -9.563 -9.419 -10.002 -9.887 -8.839 -9.724 -8.656 -9.129 -9.456 -9.662 -9.282 -9.591 -9.945 -10.054 -9.976 -9.791 -9.772 -9.852 -8.999
0.04 0.47971 8.00000 5.2538833618 2.6153057801    5.188  4.409  3.4590 -0.468    8  0.856  0.395   572.21   302.77   187.22   143.31   118.73  0 -3.36e-06      0.14 5.547e-01 4.050e-01 4.328e-03 8.146e-03 1.461e-02 -1.000 4.026e-02 -6.254 -2.748 -5.408 -7.779 -8.904 -9.606 -9.456 -10.066 -9.959 -8.878 -9.778 -8.686 -9.174 -9.494 -9.711 -9.322 -9.631 -10.005 -10.123 -10.047 -9.858 -9.844 -9.925 -9.040
0.04 0.47971 8.00000 5.2539029121 2.6153058703    5.184  4.417  3.4578 -0.481    8  0.856  0.395   582.91   309.80   191.36   146.54   121.41  0 -4.05e-06      0.17 5.547e-01 4.050e-01 4.332e-03 8.148e-03 1.461e-02 -1.000 4.027e-02 -6.272 -2.701 -5.382 -7.769 -8.908 -9.622 -9.477 -10.112 -10.018 -8.885 -9.817 -8.685 -9.185 -9.505 -9.731 -9.343 -9.661 -10.047 -10.171 -10.103 -9.914 -9.903 -9.985 -9.048
0.04 0.47971 8.00000 5.2539281845 2.6153059868    5.179  4.420  3.4571 -0.487    8  0.856  0.396   587.97   313.15   193.33   148.07   122.69  0 -4.43e-06      0.18 5.547e-01 4.051e-01 4.335e-03 8.150e-03 1.461e-02 -1.000 4.028e-02 -6.280 -2.676 -5.368 -7.764 -8.910 -9.629 -9.487 -10.133 -10.046 -8.887 -9.835 -8.683 -9.190 -9.509 -9.740 -9.352 -9.675 -10.067 -10.193 -10.129 -9.940 -9.930 -10.013 -9.051
0.04 0.47971 8.00000 5.2539587021 2.6153061275    5.173  4.422  3.4567 -0.491    8  0.856  0.396   591.36   315.41   194.66   149.11   123.55  0  -4.7e-06      0.20 5.546e-01 4.051e-01 4.335e-03 8.153e-03 1.461e-02 -1.000 4.028e-02 -6.285 -2.659 -5.357 -7.759 -8.910 -9.633 -9.492 -10.147 -10.064 -8.888 -9.847 -8.681 -9.192 -9.511 -9.746 -9.357 -9.684 -10.080 -10.208 -10.146 -9.957 -9.948 -10.032 -9.053
0.04 0.47971 8.00000 5.2539587021 2.6153061275    5.173  4.603  3.4288 -0.784    8  0.856  0.399   885.39    -1.00    -1.00    -1.00    -1.00  0 -5.46e-05      3.45 5.545e-01 4.052e-01 4.370e-03 8.151e-03 1.461e-02 -1.000 4.032e-02 -6.739 1.995 -2.190 -5.537 -7.785 -9.510 -9.829 -11.379 -11.674 -7.924 -10.875 -7.205 -8.392 -9.021 -9.762 -9.572 -10.451 -11.212 -11.496 -11.651 -11.504 -11.567 -11.700 -8.137
0.04 0.47971 8.00000 5.2539591789 2.6153061297    5.173  4.574  3.4334 -0.736    8  0.856  0.399   846.02   491.10   297.11   229.08   190.01  0  -5.1e-05      3.30 5.545e-01 4.052e-01 4.370e-03 8.151e-03 1.461e-02 -1.000 4.032e-02 -6.664 1.830 -2.273 -5.582 -7.781 -9.469 -9.786 -11.297 -11.583 -7.909 -10.808 -7.228 -8.363 -8.997 -9.712 -9.525 -10.404 -11.141 -11.410 -11.559 -11.420 -11.473 -11.607 -8.119
0.04 0.47971 8.00000 5.2539610863 2.6153061385    5.173  4.516  3.4423 -0.643    8  0.856  0.399   738.00   414.79   252.86   194.48   161.24  0 -3.59e-05      2.46 5.545e-01 4.052e-01 4.370e-03 8.151e-03 1.461e-02 -1.000 4.032e-02 -6.519 0.681 -3.039 -6.121 -8.043 -9.493 -9.723 -11.051 -11.274 -8.128 -10.612 -7.586 -8.538 -9.110 -9.704 -9.480 -10.267 -10.920 -11.151 -11.265 -11.124 -11.155 -11.284 -8.326
0.04 0.47971 8.00000 5.2539644241 2.6153061539    5.172  4.432  3.4551 -0.508    8  0.856  0.399   606.03   325.12   200.38   153.56   127.25  0 -5.97e-06      0.28 5.545e-01 4.052e-01 4.371e-03 8.152e-03 1.461e-02 -1.000 4.032e-02 -6.310 -2.526 -5.273 -7.709 -8.895 -9.651 -9.527 -10.230 -10.173 -8.877 -9.919 -8.655 -9.188 -9.515 -9.770 -9.387 -9.741 -10.158 -10.295 -10.248 -10.062 -10.056 -10.144 -9.044
0.04 0.47971 8.00000 5.2539701462 2.6153061802    5.170  4.335  3.4700 -0.351    8  0.856  0.399   481.81   244.84   152.84   116.64    96.59  0 -9.78e-07      0.03 5.545e-01 4.052e-01 4.372e-03 8.153e-03 1.461e-02 -1.000 4.033e-02 -6.067 -2.841 -5.428 -7.695 -8.745 -9.406 -9.272 -9.751 -9.596 -8.714 -9.506 -8.557 -8.981 -9.318 -9.489 -9.128 -9.421 -9.710 -9.789 -9.690 -9.515 -9.483 -9.555 -8.866
0.04 0.47971 8.00000 5.2539787292 2.6153062198    5.168  4.370  3.4645 -0.409    8  0.857  0.399   524.24   271.78   168.86   129.07   106.90  0 -1.37e-06      0.05 5.544e-01 4.052e-01 4.374e-03 8.154e-03 1.461e-02 -1.000 4.033e-02 -6.156 -2.843 -5.450 -7.760 -8.836 -9.506 -9.354 -9.881 -9.737 -8.807 -9.617 -8.637 -9.087 -9.411 -9.598 -9.219 -9.505 -9.831 -9.927 -9.833 -9.647 -9.625 -9.699 -8.963
0.04 0.47971 8.00000 5.2539911270 2.6153062770    5.166  4.399  3.4600 -0.456    8  0.857  0.399   561.30   295.74   183.05   140.09   116.05  0 -2.79e-06      0.17 5.544e-01 4.052e-01 4.375e-03 8.156e-03 1.461e-02 -1.000 4.033e-02 -6.228 -2.685 -5.354 -7.728 -8.861 -9.576 -9.441 -10.058 -9.963 -8.837 -9.772 -8.643 -9.132 -9.462 -9.681 -9.301 -9.627 -9.998 -10.114 -10.046 -9.862 -9.847 -9.930 -8.999
0.04 0.47971 8.00000 5.2540073395 2.6153063517    5.162  4.415  3.4575 -0.483    8  0.857  0.400   583.59   310.35   191.67   146.80   121.62  0 -4.14e-06      0.17 5.544e-01 4.052e-01 4.377e-03 8.158e-03 1.461e-02 -1.000 4.034e-02 -6.268 -2.686 -5.371 -7.761 -8.903 -9.618 -9.473 -10.112 -10.020 -8.879 -9.816 -8.678 -9.181 -9.500 -9.728 -9.339 -9.658 -10.047 -10.172 -10.105 -9.916 -9.905 -9.988 -9.043
0.04 0.47971 8.00000 5.2540287971 2.6153064506    5.157  4.423  3.4562 -0.495    8  0.857  0.400   594.26   317.40   195.82   150.04   124.31  0 -4.96e-06      0.21 5.544e-01 4.053e-01 4.377e-03 8.161e-03 1.460e-02 -1.000 4.034e-02 -6.286 -2.628 -5.336 -7.746 -8.904 -9.634 -9.495 -10.160 -10.083 -8.883 -9.858 -8.673 -9.189 -9.508 -9.747 -9.359 -9.691 -10.092 -10.223 -10.164 -9.976 -9.967 -10.052 -9.048
0.04 0.47971 8.00000 5.2540550232 2.6153065715    5.150  4.426  3.4557 -0.501    8  0.857  0.399   599.19   320.69   197.76   151.54   125.56  0  -5.4e-06      0.25 5.544e-01 4.053e-01 4.375e-03 8.166e-03 1.460e-02 -1.000 4.034e-02 -6.294 -2.576 -5.303 -7.725 -8.897 -9.638 -9.506 -10.189 -10.122 -8.877 -9.883 -8.661 -9.185 -9.507 -9.754 -9.368 -9.710 -10.119 -10.253 -10.200 -10.012 -10.005 -10.092 -9.043
0.04 0.47971 8.00000 5.2540879250 2.6153067232    5.143  4.427  3.4553 -0.505    8  0.857  0.399   602.41   322.86   199.03   152.54   126.39  0 -5.71e-06      0.27 5.544e-01 4.053e-01 4.369e-03 8.171e-03 1.460e-02 -1.000 4.034e-02 -6.298 -2.541 -5.280 -7.711 -8.891 -9.640 -9.513 -10.208 -10.147 -8.872 -9.899 -8.652 -9.182 -9.506 -9.758 -9.374 -9.723 -10.137 -10.273 -10.223 -10.036 -10.030 -10.117 -9.039
0.04 0.47971 8.00000 5.2540879250 2.6153067232    5.143  4.609  3.4272 -0.799    8  0.857  0.405   882.77    -1.00    -1.00    -1.00    -1.00  0 -5.53e-05      3.47 5.541e-01 4.055e-01 4.435e-03 8.167e-03 1.460e-02 -1.000 4.042e-02 -6.752 2.028 -2.177 -5.529 -7.785 -9.517 -9.833 -11.393 -11.689 -7.927 -10.884 -7.197 -8.401 -9.023 -9.771 -9.579 -10.453 -11.222 -11.511 -11.667 -11.516 -11.582 -11.715 -8.141
0.04 0.47971 8.00000 5.2540888786 2.6153067276    5.143  4.579  3.4318 -0.751    8  0.857  0.405   862.45   503.27   304.10   234.61   194.60  0 -5.16e-05      3.32 5.541e-01 4.055e-01 4.435e-03 8.167e-03 1.460e-02 -1.000 4.042e-02 -6.678 1.863 -2.259 -5.575 -7.783 -9.478 -9.792 -11.314 -11.601 -7.914 -10.820 -7.224 -8.372 -9.002 -9.724 -9.534 -10.409 -11.154 -11.428 -11.578 -11.436 -11.492 -11.625 -8.125
0.04 0.47971 8.00000 5.2540903091 2.6153067342    5.142  4.521  3.4407 -0.657    8  0.857  0.405   752.35   425.04   258.79   199.15   165.12  0 -4.28e-05      2.95 5.541e-01 4.055e-01 4.435e-03 8.167e-03 1.460e-02 -1.000 4.042e-02 -6.533 1.406 -2.518 -5.733 -7.813 -9.406 -9.700 -11.123 -11.384 -7.920 -10.664 -7.312 -8.348 -8.975 -9.632 -9.438 -10.296 -10.984 -11.228 -11.363 -11.229 -11.267 -11.401 -8.124
0.04 0.47971 8.00000 5.2540941238 2.6153067518    5.141  4.438  3.4536 -0.522    8  0.857  0.405   617.77   333.09   205.04   157.23   130.28  0 -7.28e-06      0.37 5.541e-01 4.055e-01 4.435e-03 8.168e-03 1.460e-02 -1.000 4.042e-02 -6.325 -2.397 -5.186 -7.655 -8.872 -9.657 -9.548 -10.295 -10.261 -8.858 -9.974 -8.621 -9.176 -9.508 -9.782 -9.404 -9.782 -10.218 -10.364 -10.330 -10.146 -10.143 -10.235 -9.027
0.04 0.47971 8.00000 5.2541003227 2.6153067803    5.139  4.340  3.4686 -0.365    8  0.857  0.405   490.84   250.61   156.26   119.32    98.80  0 -1.01e-06      0.03 5.541e-01 4.055e-01 4.436e-03 8.169e-03 1.460e-02 -1.000 4.042e-02 -6.081 -2.838 -5.428 -7.705 -8.760 -9.423 -9.283 -9.772 -9.619 -8.730 -9.523 -8.570 -9.000 -9.333 -9.508 -9.142 -9.431 -9.730 -9.813 -9.714 -9.536 -9.507 -9.579 -8.883
0.04 0.47971 8.00000 5.2541098595 2.6153068243    5.137  4.376  3.4631 -0.423    8  0.857  0.405   533.98   278.15   172.61   132.01   109.34  0 -1.69e-06      0.08 5.541e-01 4.055e-01 4.436e-03 8.171e-03 1.460e-02 -1.000 4.042e-02 -6.169 -2.802 -5.424 -7.750 -8.840 -9.520 -9.369 -9.920 -9.788 -8.812 -9.650 -8.636 -9.097 -9.420 -9.615 -9.234 -9.528 -9.867 -9.970 -9.881 -9.695 -9.675 -9.751 -8.970
0.04 0.47971 8.00000 5.2541227341 2.6153068837    5.133  4.404  3.4586 -0.469    8  0.857  0.405   571.48   302.53   187.03   143.22   118.65  0  -3.4e-06      0.14 5.541e-01 4.055e-01 4.436e-03 8.174e-03 1.460e-02 -1.000 4.043e-02 -6.240 -2.725 -5.388 -7.762 -8.889 -9.593 -9.442 -10.056 -9.951 -8.864 -9.767 -8.670 -9.162 -9.480 -9.699 -9.309 -9.618 -9.994 -10.114 -10.039 -9.849 -9.836 -9.917 -9.027
0.04 0.47971 8.00000 5.2541403770 2.6153069650    5.128  4.420  3.4560 -0.496    8  0.857  0.405   593.88   317.29   195.73   149.99   124.27  0    -5e-06      0.22 5.541e-01 4.055e-01 4.435e-03 8.177e-03 1.460e-02 -1.000 4.043e-02 -6.280 -2.613 -5.325 -7.736 -8.896 -9.627 -9.489 -10.157 -10.081 -8.875 -9.853 -8.664 -9.181 -9.501 -9.741 -9.353 -9.685 -10.088 -10.219 -10.161 -9.973 -9.965 -10.050 -9.040
0.04 0.47971 8.00000 5.2541632652 2.6153070705    5.122  4.427  3.4548 -0.508    8  0.857  0.405   604.40   324.29   199.85   153.21   126.94  0 -5.95e-06      0.29 5.541e-01 4.055e-01 4.433e-03 8.182e-03 1.460e-02 -1.000 4.043e-02 -6.297 -2.508 -5.256 -7.695 -8.882 -9.637 -9.513 -10.218 -10.162 -8.864 -9.906 -8.640 -9.176 -9.501 -9.757 -9.373 -9.726 -10.145 -10.284 -10.237 -10.050 -10.045 -10.133 -9.031
0.04 0.47971 8.00000 5.2541918755 2.6153072024    5.114  4.429  3.4543 -0.514    8  0.857  0.404   609.02   327.40   201.67   154.63   128.12  0 -6.43e-06      0.32 5.541e-01 4.055e-01 4.428e-03 8.187e-03 1.460e-02 -1.000 4.043e-02 -6.304 -2.459 -5.224 -7.675 -8.874 -9.641 -9.522 -10.244 -10.197 -8.857 -9.929 -8.628 -9.172 -9.499 -9.763 -9.381 -9.743 -10.170 -10.311 -10.269 -10.084 -10.080 -10.169 -9.026
0.04 0.47971 8.00000 5.2542271614 2.6153073650    5.105  4.431  3.4539 -0.517    8  0.858  0.404   611.87   329.35   202.81   155.53   128.86  0 -6.75e-06      0.34 5.541e-01 4.055e-01 4.418e-03 8.194e-03 1.460e-02 -1.000 4.043e-02 -6.307 -2.426 -5.202 -7.660 -8.868 -9.642 -9.527 -10.261 -10.218 -8.852 -9.942 -8.619 -9.168 -9.497 -9.765 -9.385 -9.753 -10.185 -10.328 -10.289 -10.105 -10.101 -10.192 -9.021
0.04 0.47971 8.00000 5.2542271614 2.6153073650    5.105  4.612  3.4257 -0.811    8  0.858  0.412   879.49    -1.00    -1.00    -1.00    -1.00  0 -5.57e-05      3.49 5.538e-01 4.057e-01 4.513e-03 8.190e-03 1.459e-02 -1.000 4.053e-02 -6.760 2.052 -2.169 -5.525 -7.785 -9.520 -9.834 -11.402 -11.699 -7.930 -10.888 -7.190 -8.408 -9.024 -9.777 -9.582 -10.452 -11.228 -11.522 -11.678 -11.524 -11.592 -11.725 -8.144
0.04 0.47971 8.00000 5.2542281151 2.6153073694    5.104  4.582  3.4303 -0.763    8  0.858  0.412   876.47   513.87   310.16   239.42   198.59  0  -5.2e-05      3.34 5.538e-01 4.057e-01 4.513e-03 8.190e-03 1.459e-02 -1.000 4.053e-02 -6.686 1.887 -2.249 -5.570 -7.785 -9.484 -9.795 -11.324 -11.613 -7.918 -10.826 -7.220 -8.380 -9.005 -9.732 -9.539 -10.410 -11.162 -11.440 -11.591 -11.446 -11.505 -11.638 -8.130
0.04 0.47971 8.00000 5.2542300224 2.6153073782    5.104  4.525  3.4393 -0.670    8  0.858  0.412   764.64   433.99   263.95   203.24   168.51  0 -4.56e-05      3.12 5.538e-01 4.057e-01 4.513e-03 8.190e-03 1.459e-02 -1.000 4.054e-02 -6.542 1.654 -2.345 -5.605 -7.740 -9.381 -9.694 -11.153 -11.426 -7.856 -10.685 -7.221 -8.292 -8.932 -9.613 -9.428 -10.305 -11.009 -11.260 -11.402 -11.269 -11.311 -11.446 -8.062
0.04 0.47971 8.00000 5.2542338371 2.6153073958    5.103  4.441  3.4522 -0.535    8  0.858  0.412   627.93   340.09   209.12   160.45   132.95  0 -8.65e-06      0.44 5.538e-01 4.057e-01 4.513e-03 8.191e-03 1.459e-02 -1.000 4.054e-02 -6.334 -2.277 -5.105 -7.602 -8.848 -9.659 -9.563 -10.349 -10.335 -8.837 -10.019 -8.587 -9.162 -9.499 -9.789 -9.415 -9.814 -10.268 -10.421 -10.398 -10.217 -10.216 -10.312 -9.009
0.04 0.47971 8.00000 5.2542400360 2.6153074244    5.100  4.344  3.4672 -0.377    8  0.858  0.412   498.74   255.72   159.27   121.69   100.76  0 -1.04e-06      0.03 5.537e-01 4.057e-01 4.513e-03 8.193e-03 1.459e-02 -1.000 4.054e-02 -6.090 -2.830 -5.424 -7.711 -8.771 -9.434 -9.289 -9.789 -9.637 -8.741 -9.535 -8.578 -9.014 -9.344 -9.522 -9.151 -9.436 -9.743 -9.831 -9.732 -9.551 -9.524 -9.596 -8.895
0.04 0.47971 8.00000 5.2542500496 2.6153074705    5.097  4.379  3.4617 -0.435    8  0.858  0.412   542.58   283.85   175.96   134.65   111.52  0 -2.03e-06      0.10 5.537e-01 4.057e-01 4.513e-03 8.195e-03 1.459e-02 -1.000 4.054e-02 -6.178 -2.762 -5.396 -7.738 -8.841 -9.530 -9.379 -9.952 -9.830 -8.813 -9.675 -8.632 -9.103 -9.426 -9.628 -9.244 -9.545 -9.896 -10.004 -9.921 -9.734 -9.715 -9.794 -8.973
0.04 0.47971 8.00000 5.2542638779 2.6153075343    5.093  4.407  3.4572 -0.482    8  0.858  0.412   580.58   308.68   190.63   146.06   121.00  0 -4.06e-06      0.17 5.537e-01 4.057e-01 4.512e-03 8.198e-03 1.459e-02 -1.000 4.054e-02 -6.249 -2.667 -5.352 -7.743 -8.884 -9.599 -9.452 -10.091 -9.999 -8.861 -9.795 -8.659 -9.163 -9.480 -9.709 -9.318 -9.636 -10.026 -10.152 -10.084 -9.894 -9.884 -9.966 -9.025
0.04 0.47971 8.00000 5.2542824745 2.6153076200    5.087  4.423  3.4546 -0.508    8  0.858  0.412   603.21   323.68   199.46   152.94   126.71  0 -5.93e-06      0.29 5.537e-01 4.057e-01 4.510e-03 8.202e-03 1.459e-02 -1.000 4.054e-02 -6.288 -2.496 -5.245 -7.685 -8.872 -9.628 -9.502 -10.209 -10.153 -8.854 -9.897 -8.631 -9.167 -9.491 -9.748 -9.363 -9.716 -10.136 -10.275 -10.228 -10.042 -10.036 -10.124 -9.022
0.04 0.47971 8.00000 5.2543063164 2.6153077299    5.080  4.430  3.4534 -0.520    8  0.858  0.412   613.84   330.79   203.64   156.20   129.42  0 -7.04e-06      0.36 5.537e-01 4.057e-01 4.507e-03 8.208e-03 1.459e-02 -1.000 4.055e-02 -6.305 -2.391 -5.176 -7.643 -8.857 -9.638 -9.526 -10.270 -10.233 -8.842 -9.949 -8.607 -9.161 -9.491 -9.763 -9.383 -9.756 -10.193 -10.339 -10.303 -10.118 -10.115 -10.207 -9.012
0.04 0.47971 8.00000 5.2543363571 2.6153078684    5.070  4.432  3.4529 -0.526    8  0.858  0.411   618.50   333.96   205.49   157.66   130.63  0  -7.6e-06      0.39 5.537e-01 4.057e-01 4.500e-03 8.214e-03 1.459e-02 -1.000 4.055e-02 -6.311 -2.340 -5.143 -7.622 -8.849 -9.641 -9.535 -10.296 -10.268 -8.835 -9.971 -8.594 -9.157 -9.489 -9.768 -9.390 -9.773 -10.217 -10.366 -10.335 -10.151 -10.150 -10.243 -9.006
0.04 0.47971 8.00000 5.2543735504 2.6153080398    5.058  4.433  3.4525 -0.529    8  0.858  0.410   621.36   335.93   206.64   158.56   131.38  0 -7.99e-06      0.41 5.537e-01 4.057e-01 4.488e-03 8.223e-03 1.459e-02 -1.000 4.054e-02 -6.313 -2.306 -5.120 -7.607 -8.842 -9.641 -9.539 -10.312 -10.289 -8.829 -9.984 -8.584 -9.153 -9.486 -9.770 -9.393 -9.782 -10.231 -10.383 -10.355 -10.172 -10.171 -10.265 -9.001
0.04 0.47971 8.00000 5.2543735504 2.6153080398    5.058  4.615  3.4242 -0.824    8  0.858  0.422   875.45    -1.00    -1.00    -1.00    -1.00  0 -5.61e-05      3.50 5.534e-01 4.059e-01 4.612e-03 8.218e-03 1.458e-02 -1.000 4.068e-02 -6.767 2.074 -2.164 -5.522 -7.787 -9.524 -9.834 -11.412 -11.711 -7.934 -10.893 -7.183 -8.418 -9.025 -9.784 -9.587 -10.450 -11.234 -11.534 -11.691 -11.533 -11.605 -11.738 -8.150
0.04 0.47971 8.00000 5.2543745041 2.6153080442    5.058  4.585  3.4288 -0.776    8  0.858  0.422   875.43    -1.00    -1.00    -1.00    -1.00  0 -5.24e-05      3.35 5.534e-01 4.059e-01 4.612e-03 8.218e-03 1.458e-02 -1.000 4.068e-02 -6.693 1.906 -2.244 -5.568 -7.786 -9.487 -9.794 -11.331 -11.620 -7.921 -10.829 -7.214 -8.388 -9.005 -9.737 -9.541 -10.407 -11.165 -11.448 -11.599 -11.451 -11.513 -11.645 -8.134
0.04 0.47971 8.00000 5.2543764114 2.6153080530    5.057  4.528  3.4378 -0.683    8  0.858  0.422   777.00   443.14   269.20   207.42   171.97  0 -4.59e-05      3.13 5.534e-01 4.059e-01 4.612e-03 8.218e-03 1.458e-02 -1.000 4.068e-02 -6.549 1.668 -2.343 -5.606 -7.746 -9.388 -9.697 -11.163 -11.437 -7.862 -10.691 -7.221 -8.302 -8.937 -9.622 -9.433 -10.306 -11.016 -11.272 -11.414 -11.278 -11.323 -11.457 -8.069
0.04 0.47971 8.00000 5.2543802261 2.6153080706    5.056  4.444  3.4507 -0.548    8  0.858  0.422   638.13   347.22   213.26   163.73   135.67  0 -1.03e-05      0.54 5.534e-01 4.059e-01 4.612e-03 8.219e-03 1.458e-02 -1.000 4.068e-02 -6.341 -2.108 -4.988 -7.523 -8.808 -9.654 -9.576 -10.410 -10.418 -8.802 -10.069 -8.534 -9.134 -9.480 -9.791 -9.424 -9.849 -10.323 -10.486 -10.475 -10.296 -10.299 -10.397 -8.976
0.04 0.47971 8.00000 5.2543869019 2.6153081013    5.053  4.347  3.4658 -0.390    8  0.858  0.422   506.70   260.93   162.33   124.11   102.77  0 -1.06e-06      0.04 5.534e-01 4.059e-01 4.612e-03 8.221e-03 1.458e-02 -1.000 4.068e-02 -6.097 -2.821 -5.419 -7.715 -8.781 -9.445 -9.293 -9.803 -9.652 -8.750 -9.545 -8.585 -9.027 -9.352 -9.534 -9.157 -9.440 -9.756 -9.847 -9.749 -9.565 -9.540 -9.613 -8.906
0.04 0.47971 8.00000 5.2543973923 2.6153081497    5.049  4.382  3.4603 -0.448    8  0.858  0.422   551.33   289.72   179.39   137.37   113.77  0 -2.46e-06      0.14 5.534e-01 4.059e-01 4.611e-03 8.224e-03 1.458e-02 -1.000 4.068e-02 -6.185 -2.690 -5.345 -7.709 -8.832 -9.536 -9.392 -9.994 -9.888 -8.806 -9.710 -8.616 -9.100 -9.425 -9.639 -9.255 -9.569 -9.935 -10.049 -9.974 -9.788 -9.772 -9.853 -8.967
0.04 0.47971 8.00000 5.2544116974 2.6153082156    5.044  4.410  3.4557 -0.494    8  0.858  0.422   590.01   315.14   194.39   149.04   123.47  0 -4.87e-06      0.21 5.534e-01 4.059e-01 4.610e-03 8.227e-03 1.458e-02 -1.000 4.069e-02 -6.255 -2.596 -5.306 -7.717 -8.875 -9.603 -9.462 -10.129 -10.052 -8.853 -9.825 -8.643 -9.161 -9.477 -9.718 -9.327 -9.656 -10.060 -10.192 -10.133 -9.943 -9.936 -10.020 -9.019
0.04 0.47971 8.00000 5.2544307709 2.6153083035    5.037  4.426  3.4532 -0.521    8  0.858  0.421   613.13   330.55   203.45   156.11   129.33  0  -7.1e-06      0.36 5.534e-01 4.059e-01 4.608e-03 8.232e-03 1.458e-02 -1.000 4.069e-02 -6.295 -2.369 -5.159 -7.628 -8.845 -9.628 -9.515 -10.264 -10.228 -8.831 -9.941 -8.593 -9.150 -9.479 -9.753 -9.373 -9.747 -10.186 -10.333 -10.298 -10.113 -10.111 -10.202 -9.001
0.04 0.47971 8.00000 5.2544560432 2.6153084200    5.028  4.433  3.4519 -0.534    8  0.858  0.421   624.14   337.97   207.81   159.51   132.16  0 -8.45e-06      0.43 5.534e-01 4.059e-01 4.603e-03 8.238e-03 1.458e-02 -1.000 4.069e-02 -6.311 -2.260 -5.087 -7.584 -8.829 -9.637 -9.538 -10.325 -10.309 -8.818 -9.994 -8.568 -9.143 -9.478 -9.768 -9.392 -9.787 -10.243 -10.397 -10.373 -10.190 -10.190 -10.285 -8.990
0.04 0.47971 8.00000 5.2544870377 2.6153085629    5.016  4.435  3.4513 -0.540    8  0.858  0.420   629.21   341.45   209.84   161.11   133.48  0 -9.17e-06      0.47 5.534e-01 4.059e-01 4.595e-03 8.246e-03 1.458e-02 -1.000 4.069e-02 -6.318 -2.205 -5.051 -7.561 -8.820 -9.640 -9.547 -10.352 -10.346 -8.810 -10.017 -8.554 -9.138 -9.476 -9.774 -9.399 -9.804 -10.268 -10.426 -10.407 -10.226 -10.227 -10.323 -8.983
0.04 0.47971 8.00000 5.2545256615 2.6153087409    5.002  4.436  3.4508 -0.544    8  0.858  0.419   632.58   343.80   211.20   162.19   134.38  0  -9.7e-06      0.50 5.534e-01 4.059e-01 4.582e-03 8.255e-03 1.458e-02 -1.000 4.068e-02 -6.320 -2.152 -5.014 -7.537 -8.807 -9.639 -9.552 -10.372 -10.373 -8.799 -10.034 -8.537 -9.130 -9.470 -9.775 -9.403 -9.816 -10.286 -10.447 -10.433 -10.252 -10.254 -10.351 -8.973
0.04 0.47971 8.00000 5.2545256615 2.6153087409    5.001  4.618  3.4224 -0.839    8  0.858  0.433   870.51    -1.00    -1.00    -1.00    -1.00  0 -5.64e-05      3.51 5.530e-01 4.062e-01 4.736e-03 8.250e-03 1.457e-02 -1.000 4.085e-02 -6.774 2.099 -2.159 -5.520 -7.790 -9.530 -9.836 -11.426 -11.728 -7.941 -10.900 -7.176 -8.432 -9.027 -9.793 -9.592 -10.449 -11.243 -11.549 -11.709 -11.546 -11.624 -11.756 -8.157
0.04 0.47971 8.00000 5.2545266151 2.6153087453    5.001  4.588  3.4270 -0.791    8  0.858  0.433   870.49    -1.00    -1.00    -1.00    -1.00  0 -5.27e-05      3.36 5.530e-01 4.062e-01 4.736e-03 8.250e-03 1.457e-02 -1.000 4.085e-02 -6.700 1.926 -2.241 -5.566 -7.788 -9.490 -9.793 -11.338 -11.627 -7.925 -10.831 -7.207 -8.397 -9.006 -9.742 -9.543 -10.402 -11.168 -11.457 -11.608 -11.455 -11.520 -11.652 -8.138
0.04 0.47971 8.00000 5.2545285225 2.6153087541    5.000  4.530  3.4360 -0.698    8  0.858  0.433   791.39   453.90   275.38   212.34   176.05  0 -4.62e-05      3.13 5.530e-01 4.062e-01 4.736e-03 8.250e-03 1.457e-02 -1.000 4.085e-02 -6.556 1.683 -2.342 -5.608 -7.752 -9.395 -9.700 -11.175 -11.449 -7.871 -10.697 -7.221 -8.314 -8.941 -9.632 -9.440 -10.307 -11.025 -11.284 -11.427 -11.289 -11.337 -11.470 -8.078
0.04 0.47971 8.00000 5.2545328140 2.6153087739    4.998  4.447  3.4490 -0.563    8  0.858  0.433   650.02   355.62   218.13   167.59   138.87  0 -1.25e-05      0.72 5.530e-01 4.062e-01 4.736e-03 8.251e-03 1.457e-02 -1.000 4.086e-02 -6.348 -1.831 -4.795 -7.385 -8.732 -9.637 -9.592 -10.493 -10.532 -8.735 -10.137 -8.438 -9.077 -9.442 -9.785 -9.431 -9.898 -10.399 -10.572 -10.580 -10.404 -10.411 -10.515 -8.912
0.04 0.47971 8.00000 5.2545399666 2.6153088068    4.995  4.350  3.4642 -0.404    8  0.858  0.433   516.02   267.08   165.94   126.96   105.13  0 -1.26e-06      0.05 5.530e-01 4.062e-01 4.736e-03 8.253e-03 1.457e-02 -1.000 4.086e-02 -6.104 -2.796 -5.401 -7.711 -8.787 -9.455 -9.299 -9.826 -9.680 -8.757 -9.561 -8.587 -9.038 -9.360 -9.547 -9.165 -9.448 -9.775 -9.873 -9.777 -9.590 -9.568 -9.642 -8.914
0.04 0.47971 8.00000 5.2545504570 2.6153088552    4.990  4.385  3.4586 -0.462    8  0.858  0.433   561.49   296.59   183.41   140.55   116.41  0 -3.04e-06      0.12 5.530e-01 4.062e-01 4.735e-03 8.256e-03 1.457e-02 -1.000 4.086e-02 -6.192 -2.702 -5.358 -7.727 -8.849 -9.546 -9.389 -9.997 -9.886 -8.822 -9.708 -8.631 -9.120 -9.435 -9.651 -9.258 -9.560 -9.934 -10.054 -9.976 -9.784 -9.771 -9.851 -8.985
0.04 0.47971 8.00000 5.2545652390 2.6153089233    4.984  4.413  3.4540 -0.509    8  0.859  0.433   600.80   322.60   198.73   152.49   126.32  0 -5.98e-06      0.29 5.530e-01 4.062e-01 4.734e-03 8.260e-03 1.457e-02 -1.000 4.086e-02 -6.262 -2.452 -5.207 -7.652 -8.844 -9.602 -9.475 -10.190 -10.136 -8.826 -9.875 -8.600 -9.141 -9.463 -9.723 -9.337 -9.690 -10.115 -10.257 -10.211 -10.024 -10.019 -10.108 -8.994
0.04 0.47971 8.00000 5.2545852661 2.6153090156    4.975  4.428  3.4514 -0.536    8  0.859  0.433   624.28   338.36   207.99   159.72   132.32  0 -8.67e-06      0.45 5.530e-01 4.062e-01 4.731e-03 8.265e-03 1.457e-02 -1.000 4.086e-02 -6.301 -2.224 -5.059 -7.562 -8.813 -9.625 -9.528 -10.323 -10.310 -8.802 -9.989 -8.549 -9.129 -9.464 -9.758 -9.381 -9.779 -10.239 -10.396 -10.374 -10.191 -10.192 -10.287 -8.975
0.04 0.47971 8.00000 5.2546114922 2.6153091365    4.964  4.435  3.4502 -0.548    8  0.859  0.432   635.42   345.94   212.42   163.19   135.20  0 -1.03e-05      0.55 5.530e-01 4.062e-01 4.726e-03 8.271e-03 1.457e-02 -1.000 4.087e-02 -6.317 -2.059 -4.947 -7.488 -8.779 -9.628 -9.551 -10.392 -10.403 -8.773 -10.049 -8.503 -9.107 -9.453 -9.768 -9.399 -9.825 -10.304 -10.469 -10.460 -10.280 -10.283 -10.382 -8.948
0.04 0.47971 8.00000 5.2546439171 2.6153092859    4.949  4.437  3.4495 -0.554    8  0.859  0.432   640.49   349.47   214.48   164.81   136.54  0 -1.12e-05      0.63 5.530e-01 4.062e-01 4.718e-03 8.280e-03 1.457e-02 -1.000 4.086e-02 -6.322 -1.949 -4.871 -7.434 -8.750 -9.624 -9.560 -10.428 -10.451 -8.748 -10.079 -8.466 -9.086 -9.439 -9.767 -9.404 -9.848 -10.338 -10.507 -10.505 -10.326 -10.332 -10.433 -8.924
0.04 0.47971 8.00000 5.2546839714 2.6153094705    4.932  4.438  3.4491 -0.559    8  0.859  0.430   643.76   351.79   215.82   165.88   137.43  0 -1.18e-05      0.68 5.530e-01 4.062e-01 4.704e-03 8.290e-03 1.457e-02 -1.000 4.086e-02 -6.324 -1.870 -4.816 -7.395 -8.727 -9.619 -9.565 -10.452 -10.484 -8.728 -10.099 -8.438 -9.069 -9.428 -9.765 -9.406 -9.862 -10.359 -10.531 -10.534 -10.357 -10.363 -10.466 -8.905
0.04 0.47971 8.00000 5.2546839714 2.6153094705    4.931  4.619  3.4205 -0.854    8  0.859  0.447   864.34    -1.00    -1.00    -1.00    -1.00  0 -5.66e-05      3.52 5.525e-01 4.064e-01 4.888e-03 8.284e-03 1.457e-02 -1.000 4.106e-02 -6.778 2.122 -2.159 -5.521 -7.795 -9.535 -9.837 -11.439 -11.745 -7.949 -10.906 -7.169 -8.447 -9.028 -9.802 -9.598 -10.446 -11.251 -11.565 -11.727 -11.559 -11.643 -11.775 -8.166
0.04 0.47971 8.00000 5.2546849251 2.6153094749    4.931  4.590  3.4251 -0.806    8  0.859  0.447   864.31    -1.00    -1.00    -1.00    -1.00  0 -5.29e-05      3.37 5.525e-01 4.064e-01 4.888e-03 8.284e-03 1.457e-02 -1.000 4.106e-02 -6.704 1.940 -2.240 -5.566 -7.790 -9.493 -9.790 -11.343 -11.633 -7.930 -10.831 -7.201 -8.408 -9.006 -9.748 -9.544 -10.395 -11.169 -11.464 -11.616 -11.458 -11.526 -11.658 -8.144
0.04 0.47971 8.00000 5.2546868324 2.6153094837    4.929  4.532  3.4341 -0.713    8  0.859  0.447   805.79   464.94   281.68   217.39   180.23  0 -4.64e-05      3.14 5.525e-01 4.064e-01 4.888e-03 8.285e-03 1.457e-02 -1.000 4.106e-02 -6.560 1.695 -2.342 -5.610 -7.757 -9.400 -9.699 -11.181 -11.456 -7.877 -10.699 -7.220 -8.325 -8.944 -9.639 -9.443 -10.302 -11.028 -11.293 -11.436 -11.294 -11.345 -11.477 -8.086
0.04 0.47971 8.00000 5.2546911240 2.6153095035    4.927  4.449  3.4472 -0.578    8  0.859  0.447   661.86   364.15   223.05   171.53   142.12  0 -1.52e-05      0.90 5.525e-01 4.064e-01 4.888e-03 8.286e-03 1.457e-02 -1.000 4.106e-02 -6.353 -1.551 -4.600 -7.244 -8.651 -9.617 -9.606 -10.571 -10.641 -8.664 -10.202 -8.337 -9.016 -9.399 -9.775 -9.435 -9.944 -10.470 -10.655 -10.680 -10.509 -10.519 -10.628 -8.843
0.04 0.47971 8.00000 5.2546987534 2.6153095386    4.923  4.351  3.4625 -0.419    8  0.859  0.447   525.24   273.26   169.55   129.84   107.50  0 -1.57e-06      0.07 5.525e-01 4.064e-01 4.888e-03 8.287e-03 1.457e-02 -1.000 4.106e-02 -6.108 -2.749 -5.368 -7.695 -8.784 -9.461 -9.304 -9.854 -9.719 -8.755 -9.582 -8.580 -9.041 -9.361 -9.556 -9.171 -9.459 -9.800 -9.904 -9.813 -9.625 -9.605 -9.681 -8.914
0.04 0.47971 8.00000 5.2547092438 2.6153095870    4.917  4.386  3.4568 -0.477    8  0.859  0.447   571.55   303.54   187.45   143.77   119.07  0 -3.77e-06      0.16 5.525e-01 4.064e-01 4.887e-03 8.290e-03 1.457e-02 -1.000 4.107e-02 -6.196 -2.626 -5.308 -7.698 -8.837 -9.547 -9.395 -10.033 -9.938 -8.812 -9.735 -8.611 -9.116 -9.429 -9.657 -9.263 -9.575 -9.967 -10.094 -10.024 -9.832 -9.822 -9.904 -8.977
0.04 0.47971 8.00000 5.2547249794 2.6153096595    4.909  4.414  3.4523 -0.524    8  0.859  0.447   611.54   330.18   203.12   156.00   129.22  0 -7.34e-06      0.38 5.525e-01 4.064e-01 4.886e-03 8.294e-03 1.457e-02 -1.000 4.107e-02 -6.265 -2.300 -5.102 -7.582 -8.808 -9.597 -9.485 -10.248 -10.218 -8.794 -9.921 -8.552 -9.117 -9.445 -9.725 -9.343 -9.721 -10.168 -10.319 -10.287 -10.101 -10.100 -10.193 -8.965
0.04 0.47971 8.00000 5.2547454834 2.6153097540    4.898  4.429  3.4496 -0.551    8  0.859  0.447   635.38   346.32   212.58   163.39   135.36  0 -1.06e-05      0.59 5.525e-01 4.064e-01 4.883e-03 8.298e-03 1.457e-02 -1.000 4.107e-02 -6.303 -1.994 -4.898 -7.449 -8.751 -9.611 -9.538 -10.392 -10.408 -8.747 -10.046 -8.470 -9.083 -9.431 -9.752 -9.385 -9.817 -10.303 -10.470 -10.464 -10.284 -10.289 -10.389 -8.922
0.04 0.47971 8.00000 5.2547721863 2.6153098771    4.884  4.436  3.4483 -0.564    8  0.859  0.447   646.72   354.11   217.13   166.96   138.32  0 -1.26e-05      0.74 5.525e-01 4.064e-01 4.878e-03 8.305e-03 1.457e-02 -1.000 4.107e-02 -6.319 -1.771 -4.745 -7.342 -8.694 -9.606 -9.562 -10.471 -10.513 -8.699 -10.113 -8.397 -9.043 -9.407 -9.755 -9.401 -9.870 -10.376 -10.552 -10.561 -10.385 -10.393 -10.497 -8.876
0.04 0.47971 8.00000 5.2548055649 2.6153100309    4.866  4.438  3.4477 -0.570    8  0.859  0.446   651.89   357.75   219.25   168.63   139.70  0 -1.36e-05      0.81 5.525e-01 4.064e-01 4.870e-03 8.313e-03 1.456e-02 -1.000 4.107e-02 -6.324 -1.658 -4.668 -7.286 -8.664 -9.600 -9.571 -10.507 -10.562 -8.672 -10.143 -8.359 -9.021 -9.393 -9.754 -9.406 -9.892 -10.408 -10.589 -10.605 -10.431 -10.440 -10.546 -8.851
0.04 0.47971 8.00000 5.2548470497 2.6153102221    4.845  4.438  3.4472 -0.574    8  0.859  0.445   655.24   360.19   220.65   169.76   140.63  0 -1.44e-05      0.86 5.525e-01 4.064e-01 4.856e-03 8.322e-03 1.456e-02 -1.000 4.107e-02 -6.325 -1.575 -4.610 -7.244 -8.640 -9.594 -9.575 -10.530 -10.594 -8.651 -10.162 -8.329 -9.002 -9.380 -9.750 -9.407 -9.906 -10.429 -10.613 -10.635 -10.462 -10.472 -10.580 -8.830
0.04 0.47971 8.00000 5.2548470497 2.6153102221    4.844  4.619  3.4184 -0.870    8  0.859  0.464   856.64    -1.00    -1.00    -1.00    -1.00  0 -5.67e-05      3.51 5.521e-01 4.066e-01 5.071e-03 8.316e-03 1.456e-02 -1.000 4.130e-02 -6.778 2.127 -2.163 -5.524 -7.800 -9.539 -9.838 -11.444 -11.750 -7.957 -10.907 -7.168 -8.458 -9.031 -9.808 -9.602 -10.443 -11.254 -11.570 -11.733 -11.563 -11.651 -11.782 -8.174
0.04 0.47971 8.00000 5.2548480034 2.6153102265    4.843  4.590  3.4230 -0.823    8  0.859  0.464   856.60    -1.00    -1.00    -1.00    -1.00  0  -5.3e-05      3.36 5.521e-01 4.066e-01 5.071e-03 8.316e-03 1.456e-02 -1.000 4.130e-02 -6.705 1.951 -2.245 -5.570 -7.794 -9.495 -9.785 -11.349 -11.641 -7.937 -10.830 -7.195 -8.422 -9.005 -9.753 -9.545 -10.386 -11.169 -11.471 -11.625 -11.461 -11.535 -11.666 -8.152
0.04 0.47971 8.00000 5.2548503876 2.6153102374    4.842  4.532  3.4321 -0.729    8  0.859  0.464   820.50   476.53   288.26   222.70   184.61  0 -4.64e-05      3.13 5.521e-01 4.066e-01 5.071e-03 8.317e-03 1.456e-02 -1.000 4.130e-02 -6.561 1.704 -2.344 -5.612 -7.761 -9.403 -9.694 -11.184 -11.459 -7.883 -10.696 -7.217 -8.336 -8.944 -9.644 -9.442 -10.292 -11.026 -11.297 -11.440 -11.295 -11.349 -11.481 -8.092
0.04 0.47971 8.00000 5.2548546791 2.6153102572    4.839  4.449  3.4452 -0.594    8  0.859  0.464   674.02   373.12   228.20   175.67   145.54  0 -1.87e-05      1.20 5.521e-01 4.066e-01 5.071e-03 8.317e-03 1.456e-02 -1.000 4.130e-02 -6.353 -1.072 -4.261 -6.993 -8.504 -9.568 -9.606 -10.658 -10.765 -8.531 -10.271 -8.158 -8.898 -9.315 -9.738 -9.421 -9.989 -10.548 -10.747 -10.793 -10.627 -10.643 -10.756 -8.715
0.04 0.47971 8.00000 5.2548618317 2.6153102902    4.834  4.352  3.4606 -0.435    8  0.859  0.464   534.82   279.81   173.36   132.89   110.02  0 -1.99e-06      0.10 5.521e-01 4.066e-01 5.070e-03 8.319e-03 1.456e-02 -1.000 4.130e-02 -6.109 -2.687 -5.321 -7.669 -8.775 -9.463 -9.306 -9.885 -9.761 -8.747 -9.605 -8.565 -9.039 -9.358 -9.563 -9.174 -9.469 -9.827 -9.938 -9.854 -9.664 -9.647 -9.725 -8.908
0.04 0.47971 8.00000 5.2548732758 2.6153103429    4.827  4.387  3.4549 -0.493    8  0.859  0.464   582.06   310.93   191.72   147.20   121.90  0 -4.72e-06      0.20 5.521e-01 4.066e-01 5.070e-03 8.321e-03 1.456e-02 -1.000 4.131e-02 -6.196 -2.533 -5.245 -7.660 -8.819 -9.545 -9.398 -10.071 -9.993 -8.797 -9.764 -8.584 -9.107 -9.418 -9.661 -9.266 -9.590 -10.000 -10.135 -10.075 -9.883 -9.877 -9.961 -8.964
0.04 0.47971 8.00000 5.2548890114 2.6153104154    4.817  4.414  3.4503 -0.540    8  0.859  0.464   622.85   338.34   207.82   159.78   132.34  0 -9.12e-06      0.47 5.521e-01 4.066e-01 5.069e-03 8.324e-03 1.456e-02 -1.000 4.131e-02 -6.265 -2.132 -4.985 -7.502 -8.766 -9.588 -9.492 -10.306 -10.302 -8.756 -9.967 -8.497 -9.088 -9.421 -9.723 -9.346 -9.749 -10.220 -10.382 -10.364 -10.180 -10.183 -10.280 -8.930
0.04 0.47971 8.00000 5.2549099922 2.6153105121    4.803  4.429  3.4476 -0.567    8  0.859  0.464   647.25   355.01   217.58   167.41   138.67  0 -1.31e-05      0.78 5.521e-01 4.066e-01 5.067e-03 8.328e-03 1.456e-02 -1.000 4.131e-02 -6.303 -1.679 -4.677 -7.288 -8.657 -9.583 -9.547 -10.475 -10.525 -8.663 -10.112 -8.354 -9.011 -9.379 -9.735 -9.384 -9.863 -10.377 -10.557 -10.571 -10.395 -10.404 -10.509 -8.842
0.04 0.47971 8.00000 5.2549371719 2.6153106374    4.785  4.435  3.4462 -0.580    8  0.859  0.464   659.03   363.20   222.35   171.17   141.79  0 -1.56e-05      0.93 5.521e-01 4.066e-01 5.063e-03 8.334e-03 1.456e-02 -1.000 4.131e-02 -6.318 -1.450 -4.521 -7.177 -8.599 -9.578 -9.571 -10.554 -10.630 -8.614 -10.180 -8.279 -8.970 -9.354 -9.738 -9.400 -9.915 -10.450 -10.639 -10.668 -10.496 -10.508 -10.618 -8.794
0.04 0.47971 8.00000 5.2549715042 2.6153107956    4.763  4.437  3.4455 -0.587    8  0.859  0.463   664.61   367.19   224.66   173.00   143.31  0  -1.7e-05      1.08 5.521e-01 4.066e-01 5.055e-03 8.340e-03 1.456e-02 -1.000 4.131e-02 -6.323 -1.230 -4.366 -7.063 -8.533 -9.558 -9.574 -10.595 -10.688 -8.555 -10.214 -8.199 -8.917 -9.318 -9.724 -9.396 -9.939 -10.488 -10.683 -10.721 -10.552 -10.566 -10.678 -8.737
0.04 0.47971 8.00000 5.2550139427 2.6153109911    4.736  4.437  3.4449 -0.592    8  0.859  0.462   668.45   370.04   226.30   174.32   144.39  0 -1.82e-05      1.19 5.521e-01 4.066e-01 5.042e-03 8.349e-03 1.456e-02 -1.000 4.130e-02 -6.323 -1.059 -4.244 -6.973 -8.480 -9.540 -9.573 -10.624 -10.730 -8.507 -10.237 -8.134 -8.874 -9.287 -9.710 -9.391 -9.954 -10.514 -10.714 -10.759 -10.591 -10.608 -10.721 -8.691
0.04 0.47971 8.00000 5.2550139427 2.6153109911    4.735  4.619  3.4159 -0.890    8  0.859  0.484   846.94    -1.00    -1.00    -1.00    -1.00  0 -5.66e-05      3.51 5.516e-01 4.068e-01 5.286e-03 8.342e-03 1.455e-02 -1.000 4.157e-02 -6.776 2.125 -2.167 -5.527 -7.806 -9.542 -9.838 -11.443 -11.749 -7.964 -10.903 -7.170 -8.467 -9.034 -9.812 -9.604 -10.439 -11.252 -11.569 -11.731 -11.561 -11.651 -11.782 -8.181
0.04 0.47971 8.00000 5.2550148964 2.6153109955    4.735  4.589  3.4206 -0.842    8  0.859  0.484   846.89    -1.00    -1.00    -1.00    -1.00  0 -5.29e-05      3.36 5.516e-01 4.068e-01 5.286e-03 8.342e-03 1.455e-02 -1.000 4.157e-02 -6.703 1.965 -2.252 -5.575 -7.799 -9.496 -9.780 -11.357 -11.652 -7.946 -10.830 -7.187 -8.439 -9.004 -9.760 -9.546 -10.375 -11.171 -11.482 -11.638 -11.467 -11.548 -11.679 -8.161
0.04 0.47971 8.00000 5.2550172806 2.6153110065    4.733  4.532  3.4297 -0.748    8  0.859  0.484   837.41   490.17   295.99   228.95   189.78  0 -4.63e-05      3.13 5.516e-01 4.068e-01 5.286e-03 8.342e-03 1.455e-02 -1.000 4.157e-02 -6.559 1.715 -2.346 -5.614 -7.763 -9.403 -9.685 -11.184 -11.459 -7.888 -10.690 -7.212 -8.346 -8.942 -9.647 -9.439 -10.278 -11.022 -11.299 -11.442 -11.292 -11.350 -11.481 -8.098
0.04 0.47971 8.00000 5.2550215721 2.6153110263    4.729  4.449  3.4429 -0.612    8  0.859  0.484   687.97   383.63   234.22   180.52   149.54  0 -2.35e-05      1.59 5.516e-01 4.068e-01 5.287e-03 8.343e-03 1.455e-02 -1.000 4.157e-02 -6.352 -0.468 -3.830 -6.674 -8.314 -9.502 -9.600 -10.756 -10.906 -8.360 -10.347 -7.929 -8.745 -9.204 -9.688 -9.398 -10.037 -10.636 -10.851 -10.922 -10.762 -10.784 -10.904 -8.549
0.04 0.47971 8.00000 5.2550292015 2.6153110614    4.723  4.351  3.4584 -0.453    8  0.859  0.484   545.85   287.47   177.80   136.47   112.97  0  -2.6e-06      0.15 5.516e-01 4.068e-01 5.287e-03 8.344e-03 1.455e-02 -1.000 4.157e-02 -6.107 -2.571 -5.240 -7.618 -8.750 -9.457 -9.309 -9.931 -9.831 -8.725 -9.640 -8.528 -9.024 -9.343 -9.564 -9.175 -9.488 -9.868 -9.989 -9.918 -9.728 -9.715 -9.797 -8.888
0.04 0.47971 8.00000 5.2550406456 2.6153111142    4.714  4.386  3.4526 -0.512    8  0.859  0.484   594.20   319.63   196.74   151.25   125.23  0  -6.1e-06      0.31 5.516e-01 4.068e-01 5.287e-03 8.345e-03 1.455e-02 -1.000 4.158e-02 -6.194 -2.337 -5.108 -7.567 -8.768 -9.533 -9.405 -10.138 -10.090 -8.752 -9.816 -8.519 -9.071 -9.390 -9.657 -9.268 -9.623 -10.060 -10.207 -10.165 -9.975 -9.974 -10.063 -8.922
0.04 0.47971 8.00000 5.2550563812 2.6153111867    4.702  4.413  3.4479 -0.559    8  0.859  0.484   635.97   347.98   213.36   164.25   136.02  0 -1.17e-05      0.69 5.516e-01 4.068e-01 5.286e-03 8.347e-03 1.455e-02 -1.000 4.158e-02 -6.263 -1.781 -4.738 -7.322 -8.660 -9.556 -9.500 -10.398 -10.432 -8.663 -10.040 -8.366 -9.007 -9.362 -9.704 -9.343 -9.798 -10.302 -10.478 -10.483 -10.304 -10.312 -10.414 -8.840
0.04 0.47971 8.00000 5.2550778389 2.6153112856    4.685  4.428  3.4452 -0.587    8  0.859  0.484   661.10   365.36   223.50   172.20   142.62  0 -1.68e-05      1.07 5.516e-01 4.068e-01 5.285e-03 8.350e-03 1.455e-02 -1.000 4.158e-02 -6.300 -1.218 -4.352 -7.047 -8.515 -9.537 -9.550 -10.571 -10.664 -8.536 -10.189 -8.180 -8.900 -9.297 -9.703 -9.374 -9.913 -10.463 -10.660 -10.697 -10.527 -10.542 -10.653 -8.719
0.04 0.47971 8.00000 5.2551059723 2.6153114152    4.664  4.434  3.4438 -0.600    8  0.859  0.484   673.43   374.05   228.56   176.19   145.93  0 -2.01e-05      1.36 5.516e-01 4.068e-01 5.282e-03 8.354e-03 1.455e-02 -1.000 4.158e-02 -6.315 -0.789 -4.050 -6.828 -8.391 -9.504 -9.563 -10.660 -10.784 -8.426 -10.263 -8.028 -8.801 -9.232 -9.681 -9.373 -9.967 -10.545 -10.752 -10.808 -10.643 -10.662 -10.778 -8.612
0.04 0.47971 8.00000 5.2551407814 2.6153115756    4.636  4.436  3.4429 -0.608    8  0.860  0.483   679.53   378.51   231.13   178.24   147.63  0  -2.2e-05      1.51 5.516e-01 4.068e-01 5.275e-03 8.359e-03 1.455e-02 -1.000 4.158e-02 -6.319 -0.552 -3.882 -6.704 -8.319 -9.482 -9.566 -10.704 -10.845 -8.362 -10.298 -7.941 -8.744 -9.193 -9.665 -9.369 -9.991 -10.585 -10.798 -10.864 -10.701 -10.723 -10.841 -8.550
0.04 0.47971 8.00000 5.2551836967 2.6153117733    4.604  4.436  3.4422 -0.614    8  0.860  0.482   683.93   381.86   233.04   179.78   148.90  0 -2.37e-05      1.63 5.516e-01 4.068e-01 5.264e-03 8.365e-03 1.455e-02 -1.000 4.157e-02 -6.319 -0.359 -3.744 -6.602 -8.259 -9.461 -9.565 -10.736 -10.891 -8.307 -10.323 -7.868 -8.695 -9.158 -9.650 -9.362 -10.008 -10.614 -10.832 -10.906 -10.745 -10.769 -10.889 -8.497
0.04 0.47971 8.00000 5.2551836967 2.6153117733    4.602  4.617  3.4130 -0.912    8  0.860  0.508   834.93    -1.00    -1.00    -1.00    -1.00  0 -5.63e-05      3.47 5.511e-01 4.071e-01 5.538e-03 8.358e-03 1.455e-02 -1.000 4.187e-02 -6.772 2.082 -2.200 -5.552 -7.822 -9.549 -9.842 -11.440 -11.744 -7.979 -10.901 -7.187 -8.481 -9.044 -9.819 -9.609 -10.438 -11.250 -11.566 -11.727 -11.558 -11.649 -11.778 -8.196
0.04 0.47971 8.00000 5.2551846504 2.6153117777    4.602  4.588  3.4177 -0.864    8  0.860  0.508   834.86    -1.00    -1.00    -1.00    -1.00  0 -5.27e-05      3.34 5.511e-01 4.071e-01 5.538e-03 8.358e-03 1.455e-02 -1.000 4.187e-02 -6.699 1.965 -2.261 -5.581 -7.806 -9.499 -9.777 -11.358 -11.654 -7.955 -10.825 -7.186 -8.453 -9.006 -9.765 -9.548 -10.366 -11.169 -11.484 -11.640 -11.467 -11.553 -11.683 -8.171
0.04 0.47971 8.00000 5.2551870346 2.6153117887    4.600  4.530  3.4269 -0.770    8  0.860  0.508   834.67    -1.00    -1.00    -1.00    -1.00  0 -4.61e-05      3.12 5.511e-01 4.071e-01 5.538e-03 8.358e-03 1.455e-02 -1.000 4.187e-02 -6.556 1.724 -2.352 -5.616 -7.762 -9.398 -9.669 -11.177 -11.451 -7.889 -10.677 -7.200 -8.356 -8.934 -9.645 -9.430 -10.254 -11.008 -11.295 -11.438 -11.279 -11.342 -11.472 -8.101
0.04 0.47971 8.00000 5.2551913261 2.6153118085    4.595  4.447  3.4402 -0.634    8  0.860  0.508   704.27   396.18   241.38   186.33   154.33  0 -3.07e-05      2.24 5.511e-01 4.071e-01 5.539e-03 8.358e-03 1.455e-02 -1.000 4.187e-02 -6.348 0.530 -3.111 -6.134 -7.988 -9.370 -9.557 -10.854 -11.060 -8.064 -10.415 -7.542 -8.474 -9.005 -9.578 -9.330 -10.069 -10.721 -10.956 -11.059 -10.908 -10.940 -11.066 -8.261
0.04 0.47971 8.00000 5.2551989555 2.6153118436    4.588  4.349  3.4558 -0.474    8  0.860  0.508   558.84   296.66   183.11   140.75   116.50  0 -3.54e-06      0.16 5.511e-01 4.071e-01 5.539e-03 8.359e-03 1.455e-02 -1.000 4.187e-02 -6.103 -2.529 -5.214 -7.608 -8.747 -9.455 -9.296 -9.940 -9.844 -8.723 -9.639 -8.519 -9.029 -9.336 -9.567 -9.168 -9.474 -9.871 -10.002 -9.932 -9.737 -9.729 -9.810 -8.888
0.04 0.47971 8.00000 5.2552103996 2.6153118964    4.578  4.384  3.4499 -0.534    8  0.860  0.508   608.51   330.08   202.75   156.11   129.24  0 -8.19e-06      0.44 5.511e-01 4.071e-01 5.540e-03 8.359e-03 1.455e-02 -1.000 4.187e-02 -6.190 -2.104 -4.944 -7.454 -8.707 -9.516 -9.410 -10.214 -10.201 -8.696 -9.875 -8.439 -9.027 -9.353 -9.651 -9.267 -9.658 -10.127 -10.289 -10.266 -10.079 -10.083 -10.177 -8.870
0.04 0.47971 8.00000 5.2552266121 2.6153119711    4.563  4.412  3.4451 -0.582    8  0.860  0.508   651.51   359.65   220.04   169.66   140.48  0 -1.56e-05      0.97 5.511e-01 4.071e-01 5.540e-03 8.361e-03 1.455e-02 -1.000 4.188e-02 -6.259 -1.323 -4.417 -7.085 -8.521 -9.512 -9.507 -10.505 -10.587 -8.538 -10.127 -8.194 -8.899 -9.283 -9.675 -9.336 -9.855 -10.398 -10.593 -10.624 -10.450 -10.465 -10.574 -8.720
0.04 0.47971 8.00000 5.2552480698 2.6153120699    4.543  4.426  3.4423 -0.610    8  0.860  0.508   677.60   377.95   230.69   178.03   147.43  0 -2.24e-05      1.55 5.511e-01 4.070e-01 5.539e-03 8.362e-03 1.455e-02 -1.000 4.188e-02 -6.296 -0.458 -3.810 -6.645 -8.275 -9.451 -9.540 -10.692 -10.838 -8.320 -10.283 -7.891 -8.705 -9.157 -9.637 -9.343 -9.971 -10.571 -10.787 -10.856 -10.693 -10.716 -10.835 -8.509
0.04 0.47971 8.00000 5.2552762032 2.6153121995    4.517  4.432  3.4408 -0.624    8  0.860  0.507   690.75   387.39   236.16   182.36   151.02  0 -2.69e-05      1.91 5.511e-01 4.070e-01 5.537e-03 8.364e-03 1.455e-02 -1.000 4.188e-02 -6.310 0.082 -3.426 -6.362 -8.112 -9.399 -9.542 -10.778 -10.959 -8.174 -10.351 -7.694 -8.573 -9.066 -9.598 -9.328 -10.018 -10.649 -10.877 -10.966 -10.809 -10.838 -10.961 -8.367
0.04 0.47971 8.00000 5.2553114891 2.6153123621    4.485  4.434  3.4398 -0.633    8  0.860  0.507   697.73   392.60   239.16   184.75   153.00  0 -2.98e-05      2.22 5.511e-01 4.070e-01 5.532e-03 8.367e-03 1.455e-02 -1.000 4.187e-02 -6.314 0.536 -3.098 -6.117 -7.964 -9.340 -9.522 -10.818 -11.022 -8.040 -10.378 -7.518 -8.450 -8.977 -9.548 -9.297 -10.031 -10.683 -10.920 -11.022 -10.869 -10.902 -11.028 -8.237
0.04 0.47971 8.00000 5.2553548813 2.6153125620    4.446  4.433  3.4389 -0.640    8  0.860  0.506   703.19   396.84   241.58   186.71   154.61  0 -3.25e-05      2.48 5.511e-01 4.070e-01 5.521e-03 8.370e-03 1.455e-02 -1.000 4.187e-02 -6.313 0.928 -2.815 -5.903 -7.834 -9.285 -9.501 -10.848 -11.071 -7.921 -10.398 -7.364 -8.341 -8.897 -9.501 -9.266 -10.038 -10.708 -10.952 -11.066 -10.916 -10.953 -11.081 -8.122
0.04 0.47971 8.00000 5.2553548813 2.6153125620    4.445  4.615  3.4094 -0.939    8  0.860  0.534   820.46    -1.00    -1.00    -1.00    -1.00  0 -5.61e-05      3.41 5.505e-01 4.073e-01 5.827e-03 8.362e-03 1.454e-02 -1.000 4.220e-02 -6.767 2.008 -2.255 -5.593 -7.846 -9.558 -9.845 -11.435 -11.737 -8.000 -10.898 -7.215 -8.501 -9.057 -9.827 -9.615 -10.437 -11.247 -11.561 -11.720 -11.550 -11.641 -11.770 -8.216
0.04 0.47971 8.00000 5.2553558350 2.6153125664    4.444  4.585  3.4142 -0.891    8  0.860  0.534   820.38    -1.00    -1.00    -1.00    -1.00  0 -5.24e-05      3.32 5.505e-01 4.073e-01 5.827e-03 8.362e-03 1.454e-02 -1.000 4.220e-02 -6.694 1.944 -2.280 -5.595 -7.818 -9.504 -9.779 -11.356 -11.650 -7.968 -10.820 -7.195 -8.467 -9.012 -9.771 -9.552 -10.361 -11.166 -11.481 -11.636 -11.464 -11.553 -11.681 -8.183
0.04 0.47971 8.00000 5.2553582191 2.6153125774    4.441  4.528  3.4234 -0.797    8  0.860  0.534   820.13    -1.00    -1.00    -1.00    -1.00  0 -4.59e-05      3.11 5.505e-01 4.073e-01 5.827e-03 8.362e-03 1.454e-02 -1.000 4.220e-02 -6.550 1.738 -2.355 -5.617 -7.762 -9.393 -9.652 -11.173 -11.446 -7.894 -10.663 -7.186 -8.370 -8.928 -9.645 -9.421 -10.228 -10.996 -11.294 -11.437 -11.269 -11.338 -11.468 -8.106
0.04 0.47971 8.00000 5.2553629875 2.6153125994    4.436  4.445  3.4368 -0.661    8  0.860  0.534   724.44   412.06   250.41   193.66   160.38  0 -3.79e-05      2.86 5.505e-01 4.073e-01 5.828e-03 8.362e-03 1.454e-02 -1.000 4.220e-02 -6.343 1.481 -2.427 -5.618 -7.673 -9.235 -9.500 -10.923 -11.177 -7.779 -10.456 -7.165 -8.215 -8.808 -9.464 -9.252 -10.075 -10.776 -11.032 -11.163 -11.017 -11.061 -11.192 -7.984
0.04 0.47971 8.00000 5.2553706169 2.6153126345    4.427  4.347  3.4525 -0.501    8  0.860  0.534   575.07   308.35   189.84   146.20   120.99  0 -5.11e-06      0.25 5.505e-01 4.073e-01 5.829e-03 8.362e-03 1.454e-02 -1.000 4.220e-02 -6.097 -2.328 -5.074 -7.517 -8.699 -9.442 -9.297 -10.009 -9.946 -8.680 -9.690 -8.454 -8.998 -9.306 -9.564 -9.166 -9.500 -9.931 -10.077 -10.025 -9.831 -9.830 -9.916 -8.849
0.04 0.47971 8.00000 5.2553820610 2.6153126873    4.414  4.382  3.4465 -0.561    8  0.860  0.534   626.36   343.39   210.37   162.29   134.33  0 -1.17e-05      0.72 5.505e-01 4.073e-01 5.830e-03 8.363e-03 1.454e-02 -1.000 4.220e-02 -6.184 -1.648 -4.625 -7.220 -8.568 -9.473 -9.418 -10.332 -10.372 -8.573 -9.969 -8.267 -8.922 -9.274 -9.624 -9.262 -9.718 -10.232 -10.415 -10.423 -10.241 -10.251 -10.355 -8.751
0.04 0.47971 8.00000 5.2553987503 2.6153127642    4.396  4.409  3.4416 -0.609    8  0.860  0.535   670.87   374.50   228.52   176.54   146.16  0  -2.2e-05      1.55 5.505e-01 4.073e-01 5.831e-03 8.363e-03 1.454e-02 -1.000 4.221e-02 -6.253 -0.409 -3.764 -6.600 -8.232 -9.408 -9.494 -10.650 -10.796 -8.277 -10.238 -7.846 -8.664 -9.113 -9.595 -9.298 -9.924 -10.527 -10.746 -10.815 -10.650 -10.674 -10.792 -8.467
0.04 0.47971 8.00000 5.2554211617 2.6153128674    4.371  4.424  3.4387 -0.638    8  0.860  0.535   698.14   393.99   239.83   185.46   153.55  0 -3.16e-05      2.42 5.505e-01 4.073e-01 5.831e-03 8.364e-03 1.454e-02 -1.000 4.221e-02 -6.289 0.863 -2.857 -5.929 -7.840 -9.273 -9.480 -10.816 -11.035 -7.925 -10.368 -7.374 -8.344 -8.890 -9.488 -9.248 -10.009 -10.677 -10.920 -11.032 -10.880 -10.917 -11.044 -8.125
0.04 0.47971 8.00000 5.2554497719 2.6153129992    4.339  4.429  3.4370 -0.654    8  0.860  0.534   712.23   404.36   245.81   190.21   157.49  0 -3.66e-05      2.83 5.505e-01 4.073e-01 5.829e-03 8.365e-03 1.454e-02 -1.000 4.221e-02 -6.303 1.469 -2.424 -5.606 -7.649 -9.202 -9.462 -10.879 -11.129 -7.754 -10.413 -7.145 -8.188 -8.779 -9.429 -9.215 -10.034 -10.732 -10.987 -11.116 -10.970 -11.013 -11.144 -7.958
0.04 0.47971 8.00000 5.2554860115 2.6153131662    4.300  4.430  3.4359 -0.663    8  0.860  0.534   720.11   410.44   249.29   193.01   159.80  0 -3.67e-05      2.84 5.505e-01 4.073e-01 5.825e-03 8.366e-03 1.454e-02 -1.000 4.220e-02 -6.306 1.489 -2.415 -5.600 -7.648 -9.203 -9.461 -10.885 -11.136 -7.754 -10.416 -7.140 -8.192 -8.778 -9.432 -9.216 -10.033 -10.736 -10.994 -11.123 -10.976 -11.020 -11.151 -7.959
0.04 0.47971 8.00000 5.2555303574 2.6153133705    4.252  4.430  3.4349 -0.672    8  0.860  0.533   726.54   415.62   252.23   195.40   161.77  0 -3.66e-05      2.84 5.505e-01 4.073e-01 5.816e-03 8.367e-03 1.454e-02 -1.000 4.219e-02 -6.304 1.509 -2.405 -5.593 -7.645 -9.202 -9.457 -10.886 -11.138 -7.752 -10.414 -7.132 -8.192 -8.774 -9.432 -9.214 -10.027 -10.735 -10.996 -11.126 -10.977 -11.024 -11.154 -7.957
0.04 0.47971 8.00000 5.2555303574 2.6153133705    4.251  4.611  3.4051 -0.972    8  0.860  0.564   802.26    -1.00    -1.00    -1.00    -1.00  0 -5.56e-05      3.34 5.499e-01 4.075e-01 6.155e-03 8.358e-03 1.454e-02 -1.000 4.257e-02 -6.758 1.918 -2.321 -5.642 -7.873 -9.567 -9.848 -11.427 -11.725 -8.025 -10.892 -7.249 -8.523 -9.072 -9.835 -9.619 -10.434 -11.240 -11.553 -11.709 -11.539 -11.629 -11.758 -8.240
0.04 0.47971 8.00000 5.2555313110 2.6153133749    4.249  4.582  3.4098 -0.924    8  0.860  0.564   802.15    -1.00    -1.00    -1.00    -1.00  0  -5.2e-05      3.25 5.499e-01 4.075e-01 6.155e-03 8.358e-03 1.454e-02 -1.000 4.257e-02 -6.685 1.856 -2.347 -5.644 -7.846 -9.515 -9.784 -11.351 -11.642 -7.994 -10.817 -7.229 -8.490 -9.028 -9.781 -9.559 -10.361 -11.163 -11.476 -11.629 -11.457 -11.546 -11.673 -8.208
0.04 0.47971 8.00000 5.2555336952 2.6153133859    4.246  4.525  3.4192 -0.830    8  0.860  0.565   801.86    -1.00    -1.00    -1.00    -1.00  0 -4.55e-05      3.10 5.499e-01 4.075e-01 6.156e-03 8.358e-03 1.454e-02 -1.000 4.257e-02 -6.541 1.763 -2.359 -5.618 -7.763 -9.389 -9.636 -11.174 -11.451 -7.900 -10.652 -7.169 -8.389 -8.919 -9.647 -9.415 -10.202 -10.988 -11.298 -11.444 -11.266 -11.345 -11.474 -8.114
0.04 0.47971 8.00000 5.2555384636 2.6153134078    4.240  4.442  3.4326 -0.694    8  0.860  0.565   749.00   432.05   261.73   202.90   167.99  0 -3.76e-05      2.85 5.499e-01 4.075e-01 6.156e-03 8.358e-03 1.454e-02 -1.000 4.257e-02 -6.334 1.501 -2.429 -5.621 -7.676 -9.233 -9.484 -10.921 -11.174 -7.785 -10.444 -7.157 -8.230 -8.802 -9.467 -9.245 -10.050 -10.767 -11.033 -11.163 -11.011 -11.062 -11.191 -7.991
0.04 0.47971 8.00000 5.2555460930 2.6153134430    4.230  4.343  3.4485 -0.533    8  0.860  0.565   594.96   323.07   198.28   153.06   126.64  0 -7.89e-06      0.44 5.499e-01 4.075e-01 6.157e-03 8.358e-03 1.454e-02 -1.000 4.257e-02 -6.089 -1.988 -4.837 -7.350 -8.604 -9.413 -9.302 -10.116 -10.104 -8.594 -9.772 -8.332 -8.930 -9.249 -9.551 -9.163 -9.548 -10.025 -10.193 -10.171 -9.980 -9.985 -10.080 -8.769
0.04 0.47971 8.00000 5.2555580139 2.6153134979    4.214  4.378  3.4424 -0.594    8  0.860  0.565   648.47   360.35   220.06   170.17   140.83  0 -1.78e-05      1.25 5.499e-01 4.075e-01 6.158e-03 8.358e-03 1.454e-02 -1.000 4.257e-02 -6.176 -0.794 -4.019 -6.771 -8.302 -9.381 -9.416 -10.496 -10.609 -8.333 -10.098 -7.943 -8.710 -9.119 -9.557 -9.235 -9.801 -10.379 -10.589 -10.639 -10.466 -10.487 -10.601 -8.519
0.04 0.47971 8.00000 5.2555747032 2.6153135748    4.192  4.406  3.4373 -0.644    8  0.860  0.565   695.22   393.75   239.46   185.46   153.50  0 -3.33e-05      2.63 5.499e-01 4.075e-01 6.159e-03 8.358e-03 1.454e-02 -1.000 4.257e-02 -6.244 1.230 -2.582 -5.710 -7.690 -9.184 -9.415 -10.796 -11.031 -7.785 -10.337 -7.202 -8.214 -8.780 -9.406 -9.178 -9.966 -10.651 -10.903 -11.023 -10.873 -10.913 -11.043 -7.988
0.04 0.47971 8.00000 5.2555971146 2.6153136780    4.163  4.420  3.4342 -0.674    8  0.860  0.565   724.49   415.20   251.87   195.27   161.63  0 -3.58e-05      2.79 5.499e-01 4.075e-01 6.160e-03 8.358e-03 1.454e-02 -1.000 4.257e-02 -6.281 1.462 -2.436 -5.611 -7.647 -9.189 -9.435 -10.857 -11.106 -7.752 -10.385 -7.136 -8.193 -8.765 -9.419 -9.196 -9.998 -10.706 -10.968 -11.096 -10.944 -10.991 -11.121 -7.958
0.04 0.47971 8.00000 5.2556262016 2.6153138120    4.125  4.426  3.4323 -0.691    8  0.860  0.565   740.50   427.34   258.85   200.83   166.24  0 -3.63e-05      2.82 5.499e-01 4.075e-01 6.159e-03 8.359e-03 1.454e-02 -1.000 4.257e-02 -6.295 1.499 -2.421 -5.605 -7.651 -9.200 -9.445 -10.879 -11.130 -7.759 -10.401 -7.133 -8.204 -8.771 -9.433 -9.208 -10.007 -10.724 -10.991 -11.120 -10.966 -11.017 -11.146 -7.966
0.04 0.47971 8.00000 5.2556624413 2.6153139790    4.078  4.427  3.4309 -0.703    8  0.860  0.564   750.52   435.33   263.40   204.50   169.27  0 -3.64e-05      2.83 5.500e-01 4.075e-01 6.154e-03 8.359e-03 1.454e-02 -1.000 4.257e-02 -6.298 1.526 -2.409 -5.597 -7.650 -9.202 -9.445 -10.886 -11.139 -7.760 -10.405 -7.126 -8.208 -8.770 -9.437 -9.210 -10.006 -10.729 -10.999 -11.129 -10.974 -11.028 -11.156 -7.967
0.04 0.47971 8.00000 5.2557072639 2.6153141854    4.021  4.427  3.4294 -0.715    8  0.860  0.564   759.54   442.83   267.64   207.96   172.12  0 -3.64e-05      2.84 5.500e-01 4.075e-01 6.145e-03 8.360e-03 1.454e-02 -1.000 4.256e-02 -6.297 1.551 -2.397 -5.588 -7.644 -9.198 -9.438 -10.887 -11.140 -7.756 -10.401 -7.115 -8.209 -8.765 -9.436 -9.206 -9.997 -10.726 -11.001 -11.132 -10.973 -11.029 -11.157 -7.964
0.04 0.47971 8.00000 5.2557072639 2.6153141854    4.021  4.608  3.3993 -1.017    8  0.860  0.598   780.19    -1.00    -1.00    -1.00    -1.00  0 -5.52e-05      3.26 5.493e-01 4.077e-01 6.521e-03 8.350e-03 1.454e-02 -1.000 4.297e-02 -6.750 1.813 -2.398 -5.700 -7.907 -9.580 -9.853 -11.421 -11.714 -8.055 -10.887 -7.289 -8.550 -9.092 -9.847 -9.627 -10.432 -11.235 -11.545 -11.699 -11.529 -11.619 -11.746 -8.269
0.04 0.47971 8.00000 5.2557082176 2.6153141898    4.020  4.579  3.4041 -0.968    8  0.860  0.598   780.08    -1.00    -1.00    -1.00    -1.00  0 -5.16e-05      3.20 5.493e-01 4.077e-01 6.521e-03 8.350e-03 1.454e-02 -1.000 4.297e-02 -6.678 1.789 -2.396 -5.681 -7.866 -9.521 -9.784 -11.342 -11.630 -8.011 -10.810 -7.254 -8.505 -9.038 -9.786 -9.561 -10.357 -11.156 -11.466 -11.617 -11.445 -11.534 -11.661 -8.225
0.04 0.47971 8.00000 5.2557106018 2.6153142008    4.016  4.522  3.4135 -0.874    8  0.860  0.598   779.73    -1.00    -1.00    -1.00    -1.00  0 -4.52e-05      3.09 5.493e-01 4.077e-01 6.521e-03 8.350e-03 1.454e-02 -1.000 4.297e-02 -6.534 1.762 -2.370 -5.625 -7.773 -9.393 -9.635 -11.173 -11.450 -7.912 -10.645 -7.170 -8.405 -8.922 -9.654 -9.418 -10.193 -10.985 -11.298 -11.443 -11.265 -11.350 -11.477 -8.125
0.04 0.47971 8.00000 5.2557153702 2.6153142228    4.009  4.439  3.4271 -0.737    8  0.860  0.598   779.04    -1.00    -1.00    -1.00    -1.00  0 -3.74e-05      2.84 5.493e-01 4.077e-01 6.521e-03 8.350e-03 1.454e-02 -1.000 4.297e-02 -6.327 1.529 -2.432 -5.620 -7.674 -9.226 -9.456 -10.914 -11.166 -7.789 -10.423 -7.136 -8.248 -8.790 -9.466 -9.230 -10.009 -10.748 -11.030 -11.161 -10.995 -11.055 -11.182 -7.997
0.04 0.47971 8.00000 5.2557234764 2.6153142601    3.997  4.340  3.4432 -0.576    8  0.860  0.598   622.68   344.10   210.32   162.84   134.69  0 -1.37e-05      0.91 5.493e-01 4.077e-01 6.522e-03 8.350e-03 1.454e-02 -1.000 4.297e-02 -6.081 -1.224 -4.302 -6.957 -8.374 -9.343 -9.317 -10.311 -10.385 -8.389 -9.929 -8.046 -8.754 -9.118 -9.507 -9.156 -9.651 -10.200 -10.400 -10.427 -10.246 -10.263 -10.370 -8.572
0.04 0.47971 8.00000 5.2557353973 2.6153143150    3.979  4.375  3.4369 -0.638    8  0.860  0.598   678.86   384.32   233.71   181.28   149.98  0 -3.02e-05      2.45 5.493e-01 4.077e-01 6.523e-03 8.350e-03 1.454e-02 -1.000 4.297e-02 -6.168 1.043 -2.700 -5.780 -7.703 -9.145 -9.349 -10.699 -10.920 -7.791 -10.244 -7.229 -8.216 -8.757 -9.362 -9.120 -9.877 -10.555 -10.805 -10.918 -10.763 -10.802 -10.929 -7.992
0.04 0.47971 8.00000 5.2557525635 2.6153143941    3.954  4.402  3.4317 -0.689    8  0.860  0.598   728.16   420.59   254.70   197.87   163.73  0 -3.44e-05      2.73 5.493e-01 4.077e-01 6.524e-03 8.350e-03 1.454e-02 -1.000 4.297e-02 -6.236 1.437 -2.453 -5.615 -7.635 -9.158 -9.389 -10.810 -11.055 -7.740 -10.334 -7.121 -8.184 -8.737 -9.390 -9.157 -9.940 -10.655 -10.922 -11.048 -10.891 -10.942 -11.070 -7.946
0.04 0.47971 8.00000 5.2557759285 2.6153145017    3.921  4.417  3.4283 -0.720    8  0.860  0.598   759.40   444.27   268.32   208.69   172.69  0 -3.55e-05      2.79 5.493e-01 4.077e-01 6.524e-03 8.350e-03 1.454e-02 -1.000 4.297e-02 -6.272 1.500 -2.432 -5.608 -7.646 -9.183 -9.410 -10.854 -11.103 -7.757 -10.367 -7.116 -8.211 -8.753 -9.420 -9.184 -9.960 -10.691 -10.969 -11.098 -10.934 -10.991 -11.119 -7.964
0.04 0.47971 8.00000 5.2558054924 2.6153146379    3.878  4.422  3.4262 -0.739    8  0.860  0.598   766.13    -1.00    -1.00    -1.00    -1.00  0  -3.6e-05      2.81 5.493e-01 4.077e-01 6.523e-03 8.350e-03 1.454e-02 -1.000 4.297e-02 -6.286 1.536 -2.420 -5.601 -7.646 -9.189 -9.412 -10.869 -11.119 -7.760 -10.376 -7.105 -8.221 -8.755 -9.429 -9.190 -9.960 -10.701 -10.986 -11.116 -10.947 -11.007 -11.134 -7.969
0.04 0.47971 8.00000 5.2558431625 2.6153148115    3.825  4.423  3.4246 -0.752    8  0.860  0.598   760.83    -1.00    -1.00    -1.00    -1.00  0 -3.61e-05      2.83 5.493e-01 4.077e-01 6.520e-03 8.350e-03 1.454e-02 -1.000 4.297e-02 -6.288 1.564 -2.407 -5.592 -7.642 -9.188 -9.407 -10.873 -11.124 -7.759 -10.375 -7.093 -8.225 -8.751 -9.431 -9.188 -9.953 -10.700 -10.992 -11.123 -10.949 -11.013 -11.140 -7.968
0.04 0.47971 8.00000 5.2558889389 2.6153150223    3.760  4.423  3.4229 -0.766    8  0.860  0.597   754.37    -1.00    -1.00    -1.00    -1.00  0  -3.6e-05      2.84 5.493e-01 4.077e-01 6.513e-03 8.351e-03 1.454e-02 -1.000 4.296e-02 -6.286 1.593 -2.392 -5.580 -7.635 -9.183 -9.399 -10.874 -11.126 -7.755 -10.371 -7.078 -8.226 -8.743 -9.429 -9.183 -9.941 -10.697 -10.994 -11.127 -10.948 -11.015 -11.142 -7.965
0.04 0.47971 8.00000 5.2558889389 2.6153150223    3.759  4.604  3.3923 -1.070    8  0.860  0.635   754.27    -1.00    -1.00    -1.00    -1.00  0 -5.47e-05      3.19 5.486e-01 4.079e-01 6.917e-03 8.340e-03 1.453e-02 -1.000 4.341e-02 -6.740 1.726 -2.460 -5.745 -7.930 -9.584 -9.849 -11.405 -11.694 -8.075 -10.874 -7.318 -8.569 -9.102 -9.850 -9.626 -10.421 -11.220 -11.530 -11.681 -11.510 -11.599 -11.726 -8.289
0.04 0.47971 8.00000 5.2558898926 2.6153150267    3.758  4.575  3.3972 -1.021    8  0.860  0.635   754.13    -1.00    -1.00    -1.00    -1.00  0 -5.11e-05      3.14 5.486e-01 4.079e-01 6.917e-03 8.340e-03 1.453e-02 -1.000 4.341e-02 -6.667 1.718 -2.447 -5.717 -7.885 -9.523 -9.780 -11.327 -11.612 -8.027 -10.798 -7.277 -8.519 -9.046 -9.787 -9.559 -10.347 -11.143 -11.451 -11.600 -11.428 -11.516 -11.643 -8.240
0.04 0.47971 8.00000 5.2558922768 2.6153150377    3.754  4.517  3.4067 -0.926    8  0.860  0.635   753.76    -1.00    -1.00    -1.00    -1.00  0 -4.48e-05      3.03 5.487e-01 4.079e-01 6.916e-03 8.340e-03 1.453e-02 -1.000 4.341e-02 -6.524 1.697 -2.422 -5.663 -7.794 -9.400 -9.640 -11.168 -11.444 -7.932 -10.642 -7.195 -8.422 -8.933 -9.661 -9.425 -10.194 -10.984 -11.292 -11.436 -11.260 -11.347 -11.473 -8.144
0.04 0.47971 8.00000 5.2558970451 2.6153150596    3.747  4.435  3.4205 -0.789    8  0.860  0.634   753.01    -1.00    -1.00    -1.00    -1.00  0  -3.7e-05      2.83 5.487e-01 4.079e-01 6.916e-03 8.340e-03 1.453e-02 -1.000 4.341e-02 -6.316 1.567 -2.431 -5.617 -7.671 -9.216 -9.423 -10.906 -11.159 -7.793 -10.397 -7.106 -8.271 -8.774 -9.464 -9.213 -9.960 -10.724 -11.029 -11.161 -10.978 -11.049 -11.176 -8.004
0.04 0.47971 8.00000 5.2559051514 2.6153150970    3.734  4.336  3.4366 -0.628    8  0.860  0.634   656.83   371.18   225.75   175.43   145.05  0 -2.59e-05      2.13 5.487e-01 4.079e-01 6.916e-03 8.340e-03 1.453e-02 -1.000 4.341e-02 -6.071 0.669 -2.948 -5.944 -7.765 -9.113 -9.270 -10.565 -10.762 -7.840 -10.119 -7.316 -8.257 -8.755 -9.323 -9.057 -9.762 -10.424 -10.670 -10.769 -10.605 -10.642 -10.766 -8.038
0.04 0.47971 8.00000 5.2559170723 2.6153151519    3.715  4.371  3.4302 -0.690    8  0.860  0.634   716.15   415.17   251.21   195.57   161.75  0  -3.2e-05      2.63 5.487e-01 4.079e-01 6.915e-03 8.340e-03 1.453e-02 -1.000 4.341e-02 -6.158 1.376 -2.484 -5.619 -7.608 -9.102 -9.313 -10.723 -10.960 -7.710 -10.245 -7.098 -8.156 -8.688 -9.333 -9.089 -9.850 -10.566 -10.836 -10.957 -10.795 -10.848 -10.974 -7.916
0.04 0.47971 8.00000 5.2559342384 2.6153152310    3.689  4.399  3.4249 -0.742    8  0.860  0.634   747.19    -1.00    -1.00    -1.00    -1.00  0 -3.41e-05      2.73 5.487e-01 4.079e-01 6.914e-03 8.341e-03 1.453e-02 -1.000 4.340e-02 -6.226 1.476 -2.453 -5.612 -7.629 -9.146 -9.352 -10.800 -11.043 -7.742 -10.306 -7.090 -8.205 -8.719 -9.386 -9.137 -9.887 -10.628 -10.918 -11.044 -10.869 -10.931 -11.057 -7.950
0.04 0.47971 8.00000 5.2559571266 2.6153153364    3.654  4.413  3.4214 -0.775    8  0.860  0.634   743.63    -1.00    -1.00    -1.00    -1.00  0 -3.53e-05      2.78 5.487e-01 4.079e-01 6.913e-03 8.341e-03 1.453e-02 -1.000 4.340e-02 -6.263 1.541 -2.431 -5.604 -7.641 -9.171 -9.375 -10.845 -11.094 -7.760 -10.340 -7.083 -8.234 -8.736 -9.417 -9.164 -9.908 -10.666 -10.967 -11.097 -10.914 -10.983 -11.110 -7.970
0.04 0.47971 8.00000 5.2559866905 2.6153154726    3.610  4.419  3.4191 -0.795    8  0.860  0.634   739.05    -1.00    -1.00    -1.00    -1.00  0 -3.57e-05      2.81 5.487e-01 4.079e-01 6.913e-03 8.341e-03 1.453e-02 -1.000 4.340e-02 -6.278 1.580 -2.414 -5.595 -7.644 -9.181 -9.383 -10.865 -11.117 -7.767 -10.354 -7.076 -8.246 -8.742 -9.430 -9.176 -9.915 -10.682 -10.988 -11.120 -10.934 -11.006 -11.133 -7.977
0.04 0.47971 8.00000 5.2560243607 2.6153156461    3.554  4.420  3.4173 -0.810    8  0.860  0.634   733.33    -1.00    -1.00    -1.00    -1.00  0 -3.58e-05      2.82 5.487e-01 4.079e-01 6.914e-03 8.341e-03 1.453e-02 -1.000 4.340e-02 -6.281 1.607 -2.400 -5.585 -7.642 -9.184 -9.385 -10.873 -11.126 -7.767 -10.358 -7.068 -8.250 -8.741 -9.435 -9.179 -9.915 -10.687 -10.996 -11.129 -10.941 -11.017 -11.143 -7.978
0.04 0.47971 8.00000 5.2560701370 2.6153158569    3.487  4.420  3.4153 -0.826    8  0.860  0.634   726.35    -1.00    -1.00    -1.00    -1.00  0 -3.58e-05      2.84 5.486e-01 4.079e-01 6.916e-03 8.341e-03 1.453e-02 -1.000 4.341e-02 -6.280 1.635 -2.385 -5.574 -7.637 -9.183 -9.383 -10.876 -11.131 -7.765 -10.358 -7.058 -8.251 -8.738 -9.436 -9.179 -9.912 -10.689 -11.000 -11.134 -10.945 -11.024 -11.150 -7.976
0.04 0.47971 8.00000 5.2560701370 2.6153158569    3.486  4.601  3.3844 -1.131    8  0.860  0.670   726.25    -1.00    -1.00    -1.00    -1.00  0 -5.44e-05      3.14 5.480e-01 4.082e-01 7.307e-03 8.331e-03 1.453e-02 -1.000 4.384e-02 -6.733 1.648 -2.516 -5.786 -7.953 -9.590 -9.847 -11.393 -11.678 -8.095 -10.864 -7.345 -8.587 -9.113 -9.854 -9.626 -10.413 -11.209 -11.517 -11.666 -11.494 -11.582 -11.709 -8.308
0.04 0.47971 8.00000 5.2560710907 2.6153158613    3.485  4.572  3.3893 -1.083    8  0.860  0.670   726.11    -1.00    -1.00    -1.00    -1.00  0 -5.08e-05      3.08 5.480e-01 4.082e-01 7.307e-03 8.331e-03 1.453e-02 -1.000 4.384e-02 -6.661 1.640 -2.503 -5.758 -7.907 -9.529 -9.778 -11.315 -11.596 -8.047 -10.788 -7.304 -8.538 -9.057 -9.791 -9.560 -10.339 -11.131 -11.439 -11.585 -11.412 -11.500 -11.626 -8.259
0.04 0.47971 8.00000 5.2560734749 2.6153158723    3.481  4.515  3.3990 -0.987    8  0.860  0.670   725.70    -1.00    -1.00    -1.00    -1.00  0 -4.46e-05      2.97 5.480e-01 4.082e-01 7.307e-03 8.331e-03 1.453e-02 -1.000 4.384e-02 -6.517 1.622 -2.478 -5.705 -7.818 -9.408 -9.642 -11.160 -11.432 -7.953 -10.636 -7.224 -8.441 -8.946 -9.668 -9.429 -10.191 -10.977 -11.283 -11.425 -11.249 -11.336 -11.461 -8.164
0.04 0.47971 8.00000 5.2560782433 2.6153158942    3.473  4.432  3.4129 -0.850    8  0.860  0.670   724.88    -1.00    -1.00    -1.00    -1.00  0 -3.68e-05      2.81 5.480e-01 4.082e-01 7.306e-03 8.331e-03 1.453e-02 -1.000 4.384e-02 -6.310 1.574 -2.445 -5.627 -7.683 -9.222 -9.423 -10.912 -11.167 -7.811 -10.393 -7.104 -8.295 -8.779 -9.476 -9.219 -9.950 -10.726 -11.036 -11.169 -10.982 -11.063 -11.187 -8.021
0.04 0.47971 8.00000 5.2560863495 2.6153159316    3.460  4.334  3.4292 -0.688    8  0.860  0.670   698.32   405.93   245.48   191.54   158.32  0 -2.94e-05      2.51 5.480e-01 4.082e-01 7.306e-03 8.331e-03 1.453e-02 -1.000 4.384e-02 -6.065 1.295 -2.522 -5.625 -7.575 -9.032 -9.222 -10.614 -10.842 -7.673 -10.138 -7.070 -8.118 -8.629 -9.261 -9.006 -9.742 -10.455 -10.727 -10.844 -10.676 -10.728 -10.853 -7.877
0.04 0.47971 8.00000 5.2560987473 2.6153159887    3.441  4.369  3.4227 -0.751    8  0.860  0.670   721.47    -1.00    -1.00    -1.00    -1.00  0 -3.18e-05      2.63 5.480e-01 4.082e-01 7.306e-03 8.331e-03 1.453e-02 -1.000 4.384e-02 -6.152 1.419 -2.484 -5.617 -7.603 -9.090 -9.275 -10.714 -10.951 -7.714 -10.217 -7.063 -8.181 -8.670 -9.331 -9.069 -9.794 -10.538 -10.834 -10.958 -10.773 -10.838 -10.964 -7.922
0.04 0.47971 8.00000 5.2561159134 2.6153160678    3.413  4.396  3.4172 -0.804    8  0.860  0.670   718.58    -1.00    -1.00    -1.00    -1.00  0 -3.39e-05      2.72 5.480e-01 4.082e-01 7.308e-03 8.331e-03 1.453e-02 -1.000 4.384e-02 -6.220 1.517 -2.449 -5.607 -7.630 -9.143 -9.329 -10.798 -11.043 -7.751 -10.287 -7.065 -8.231 -8.710 -9.391 -9.128 -9.848 -10.614 -10.921 -11.050 -10.859 -10.934 -11.059 -7.961
0.04 0.47971 8.00000 5.2561392784 2.6153161754    3.377  4.410  3.4136 -0.838    8  0.860  0.671   714.72    -1.00    -1.00    -1.00    -1.00  0  -3.5e-05      2.77 5.480e-01 4.082e-01 7.311e-03 8.331e-03 1.453e-02 -1.000 4.384e-02 -6.256 1.560 -2.437 -5.608 -7.650 -9.175 -9.368 -10.848 -11.099 -7.775 -10.332 -7.075 -8.258 -8.736 -9.427 -9.166 -9.889 -10.663 -10.972 -11.103 -10.914 -10.994 -11.118 -7.985
0.04 0.47971 8.00000 5.2561693192 2.6153163137    3.330  4.416  3.4112 -0.859    8  0.860  0.671   709.76    -1.00    -1.00    -1.00    -1.00  0 -3.55e-05      2.78 5.480e-01 4.082e-01 7.318e-03 8.331e-03 1.453e-02 -1.000 4.385e-02 -6.270 1.567 -2.441 -5.615 -7.661 -9.191 -9.389 -10.872 -11.125 -7.787 -10.354 -7.085 -8.271 -8.750 -9.444 -9.186 -9.912 -10.687 -10.995 -11.127 -10.941 -11.022 -11.146 -7.997
0.04 0.47971 8.00000 5.2562069893 2.6153164872    3.273  4.417  3.4092 -0.875    8  0.860  0.673   703.57    -1.00    -1.00    -1.00    -1.00  0 -3.56e-05      2.78 5.480e-01 4.082e-01 7.332e-03 8.331e-03 1.453e-02 -1.000 4.387e-02 -6.273 1.569 -2.444 -5.618 -7.666 -9.197 -9.398 -10.881 -11.136 -7.792 -10.364 -7.089 -8.275 -8.755 -9.450 -9.194 -9.922 -10.698 -11.004 -11.137 -10.952 -11.035 -11.159 -8.002
0.04 0.47971 8.00000 5.2562532425 2.6153167002    3.203  4.417  3.4071 -0.893    8  0.861  0.675   696.03    -1.00    -1.00    -1.00    -1.00  0 -3.55e-05      2.77 5.479e-01 4.082e-01 7.357e-03 8.330e-03 1.453e-02 -1.000 4.390e-02 -6.272 1.568 -2.449 -5.622 -7.669 -9.200 -9.403 -10.886 -11.142 -7.795 -10.369 -7.092 -8.278 -8.757 -9.454 -9.199 -9.928 -10.704 -11.009 -11.142 -10.959 -11.043 -11.166 -8.005
0.04 0.47971 8.00000 5.2562532425 2.6153167002    3.203  4.598  3.3759 -1.199    8  0.861  0.705   695.99    -1.00    -1.00    -1.00    -1.00  0 -5.39e-05      3.07 5.474e-01 4.084e-01 7.685e-03 8.322e-03 1.453e-02 -1.000 4.426e-02 -6.725 1.564 -2.576 -5.829 -7.975 -9.595 -9.843 -11.378 -11.658 -8.115 -10.851 -7.373 -8.605 -9.123 -9.857 -9.625 -10.403 -11.195 -11.502 -11.648 -11.474 -11.562 -11.688 -8.327
0.04 0.47971 8.00000 5.2562541962 2.6153167046    3.201  4.569  3.3809 -1.150    8  0.861  0.705   695.83    -1.00    -1.00    -1.00    -1.00  0 -5.04e-05      3.02 5.474e-01 4.084e-01 7.684e-03 8.323e-03 1.453e-02 -1.000 4.426e-02 -6.652 1.556 -2.562 -5.801 -7.930 -9.533 -9.775 -11.300 -11.576 -8.067 -10.775 -7.332 -8.556 -9.067 -9.794 -9.559 -10.328 -11.117 -11.424 -11.567 -11.393 -11.480 -11.605 -8.279
0.04 0.47971 8.00000 5.2562565804 2.6153167156    3.197  4.512  3.3906 -1.054    8  0.861  0.705   695.39    -1.00    -1.00    -1.00    -1.00  0 -4.42e-05      2.91 5.474e-01 4.084e-01 7.682e-03 8.323e-03 1.453e-02 -1.000 4.426e-02 -6.509 1.539 -2.537 -5.748 -7.841 -9.413 -9.640 -11.146 -11.414 -7.973 -10.624 -7.252 -8.459 -8.957 -9.671 -9.429 -10.181 -10.964 -11.269 -11.407 -11.231 -11.318 -11.442 -8.184
0.04 0.47971 8.00000 5.2562613487 2.6153167376    3.189  4.429  3.4046 -0.917    8  0.861  0.705   694.52    -1.00    -1.00    -1.00    -1.00  0 -3.65e-05      2.75 5.474e-01 4.084e-01 7.678e-03 8.323e-03 1.453e-02 -1.000 4.425e-02 -6.302 1.505 -2.505 -5.673 -7.713 -9.237 -9.439 -10.918 -11.173 -7.838 -10.401 -7.137 -8.320 -8.796 -9.491 -9.236 -9.963 -10.737 -11.040 -11.172 -10.991 -11.075 -11.198 -8.047
0.04 0.47971 8.00000 5.2562694550 2.6153167749    3.176  4.331  3.4210 -0.755    8  0.861  0.704   693.06    -1.00    -1.00    -1.00    -1.00  0 -2.91e-05      2.51 5.474e-01 4.084e-01 7.673e-03 8.323e-03 1.453e-02 -1.000 4.425e-02 -6.057 1.347 -2.519 -5.620 -7.568 -9.018 -9.181 -10.606 -10.835 -7.676 -10.108 -7.031 -8.145 -8.608 -9.258 -8.984 -9.682 -10.427 -10.727 -10.846 -10.654 -10.721 -10.845 -7.883
0.04 0.47971 8.00000 5.2562813759 2.6153168298    3.156  4.365  3.4143 -0.819    8  0.861  0.704   690.86    -1.00    -1.00    -1.00    -1.00  0 -3.16e-05      2.62 5.474e-01 4.084e-01 7.667e-03 8.323e-03 1.453e-02 -1.000 4.424e-02 -6.144 1.457 -2.480 -5.612 -7.607 -9.089 -9.259 -10.714 -10.953 -7.725 -10.203 -7.044 -8.205 -8.665 -9.337 -9.065 -9.764 -10.529 -10.838 -10.962 -10.768 -10.845 -10.968 -7.934
0.04 0.47971 8.00000 5.2562985420 2.6153169089    3.128  4.393  3.4088 -0.872    8  0.861  0.703   687.78    -1.00    -1.00    -1.00    -1.00  0 -3.36e-05      2.68 5.474e-01 4.084e-01 7.663e-03 8.323e-03 1.453e-02 -1.000 4.424e-02 -6.212 1.485 -2.490 -5.638 -7.653 -9.156 -9.343 -10.809 -11.056 -7.775 -10.295 -7.085 -8.256 -8.723 -9.407 -9.144 -9.857 -10.627 -10.931 -11.060 -10.873 -10.955 -11.077 -7.984
0.04 0.47971 8.00000 5.2563214302 2.6153170143    3.091  4.407  3.4050 -0.907    8  0.861  0.704   683.65    -1.00    -1.00    -1.00    -1.00  0 -3.48e-05      2.71 5.474e-01 4.084e-01 7.667e-03 8.323e-03 1.453e-02 -1.000 4.424e-02 -6.248 1.498 -2.496 -5.653 -7.679 -9.191 -9.388 -10.859 -11.112 -7.802 -10.344 -7.107 -8.283 -8.755 -9.445 -9.187 -9.907 -10.679 -10.982 -11.112 -10.929 -11.014 -11.136 -8.011
0.04 0.47971 8.00000 5.2563509941 2.6153171504    3.043  4.413  3.4025 -0.930    8  0.861  0.705   678.35    -1.00    -1.00    -1.00    -1.00  0 -3.52e-05      2.72 5.474e-01 4.084e-01 7.685e-03 8.323e-03 1.453e-02 -1.000 4.426e-02 -6.263 1.498 -2.501 -5.660 -7.690 -9.205 -9.403 -10.876 -11.129 -7.813 -10.360 -7.117 -8.294 -8.767 -9.458 -9.201 -9.923 -10.695 -10.998 -11.128 -10.947 -11.031 -11.153 -8.022
0.04 0.47971 8.00000 5.2563886642 2.6153173239    2.984  4.414  3.4003 -0.948    8  0.861  0.709   671.73    -1.00    -1.00    -1.00    -1.00  0 -3.53e-05      2.71 5.473e-01 4.084e-01 7.731e-03 8.322e-03 1.453e-02 -1.000 4.431e-02 -6.266 1.488 -2.509 -5.667 -7.696 -9.209 -9.408 -10.880 -11.133 -7.819 -10.364 -7.124 -8.299 -8.772 -9.463 -9.206 -9.928 -10.700 -11.002 -11.132 -10.950 -11.035 -11.157 -8.027
0.04 0.47971 8.00000 5.2564344406 2.6153175347    2.913  4.414  3.3979 -0.968    8  0.861  0.718   663.69    -1.00    -1.00    -1.00    -1.00  0 -3.53e-05      2.70 5.471e-01 4.084e-01 7.823e-03 8.319e-03 1.453e-02 -1.000 4.441e-02 -6.265 1.468 -2.525 -5.679 -7.703 -9.213 -9.410 -10.879 -11.130 -7.826 -10.364 -7.132 -8.305 -8.777 -9.466 -9.208 -9.928 -10.699 -11.000 -11.130 -10.949 -11.033 -11.155 -8.034
0.04 0.47971 8.00000 5.2564344406 2.6153175347    2.913  4.595  3.3669 -1.273    8  0.861  0.721   663.69    -1.00    -1.00    -1.00    -1.00  0 -5.36e-05      3.04 5.471e-01 4.085e-01 7.852e-03 8.319e-03 1.453e-02 -1.000 4.445e-02 -6.718 1.524 -2.603 -5.848 -7.984 -9.595 -9.839 -11.368 -11.646 -8.123 -10.842 -7.385 -8.612 -9.126 -9.856 -9.622 -10.395 -11.185 -11.492 -11.636 -11.462 -11.550 -11.676 -8.334
0.04 0.47971 8.00000 5.2564353943 2.6153175391    2.912  4.566  3.3718 -1.225    8  0.861  0.721   663.52    -1.00    -1.00    -1.00    -1.00  0 -5.01e-05      2.99 5.471e-01 4.085e-01 7.854e-03 8.319e-03 1.453e-02 -1.000 4.445e-02 -6.646 1.515 -2.591 -5.821 -7.940 -9.534 -9.771 -11.291 -11.564 -8.075 -10.766 -7.344 -8.563 -9.071 -9.794 -9.556 -10.321 -11.108 -11.414 -11.556 -11.381 -11.468 -11.593 -8.286
0.04 0.47971 8.00000 5.2564377785 2.6153175501    2.908  4.509  3.3815 -1.130    8  0.861  0.721   663.05    -1.00    -1.00    -1.00    -1.00  0  -4.4e-05      2.88 5.471e-01 4.085e-01 7.860e-03 8.319e-03 1.453e-02 -1.000 4.445e-02 -6.503 1.497 -2.567 -5.769 -7.851 -9.414 -9.636 -11.136 -11.402 -7.982 -10.616 -7.266 -8.467 -8.961 -9.671 -9.426 -10.174 -10.955 -11.259 -11.396 -11.219 -11.306 -11.429 -8.192
0.04 0.47971 8.00000 5.2564425468 2.6153175720    2.900  4.426  3.3953 -0.993    8  0.861  0.722   662.12    -1.00    -1.00    -1.00    -1.00  0 -3.63e-05      2.71 5.471e-01 4.085e-01 7.871e-03 8.318e-03 1.453e-02 -1.000 4.447e-02 -6.296 1.463 -2.538 -5.697 -7.726 -9.241 -9.441 -10.913 -11.166 -7.850 -10.397 -7.154 -8.330 -8.804 -9.495 -9.239 -9.961 -10.734 -11.034 -11.165 -10.984 -11.069 -11.191 -8.058
0.04 0.47971 8.00000 5.2564501762 2.6153176072    2.886  4.328  3.4116 -0.831    8  0.861  0.724   660.56    -1.00    -1.00    -1.00    -1.00  0  -2.9e-05      2.51 5.470e-01 4.085e-01 7.889e-03 8.318e-03 1.453e-02 -1.000 4.449e-02 -6.051 1.388 -2.509 -5.612 -7.571 -9.022 -9.180 -10.615 -10.846 -7.684 -10.107 -7.018 -8.161 -8.607 -9.268 -8.989 -9.673 -10.432 -10.737 -10.857 -10.662 -10.739 -10.861 -7.892
0.04 0.47971 8.00000 5.2564620972 2.6153176621    2.866  4.363  3.4050 -0.896    8  0.861  0.727   658.21    -1.00    -1.00    -1.00    -1.00  0 -3.14e-05      2.58 5.470e-01 4.085e-01 7.918e-03 8.317e-03 1.453e-02 -1.000 4.452e-02 -6.138 1.417 -2.526 -5.649 -7.633 -9.107 -9.286 -10.734 -10.977 -7.750 -10.223 -7.072 -8.228 -8.683 -9.357 -9.090 -9.790 -10.555 -10.856 -10.980 -10.795 -10.877 -10.998 -7.958
0.04 0.47971 8.00000 5.2564787865 2.6153177389    2.837  4.391  3.3993 -0.950    8  0.861  0.730   654.91    -1.00    -1.00    -1.00    -1.00  0 -3.35e-05      2.63 5.469e-01 4.085e-01 7.958e-03 8.316e-03 1.453e-02 -1.000 4.456e-02 -6.206 1.423 -2.542 -5.678 -7.678 -9.168 -9.355 -10.812 -11.058 -7.798 -10.299 -7.114 -8.276 -8.739 -9.419 -9.157 -9.865 -10.633 -10.933 -11.060 -10.877 -10.961 -11.082 -8.006
0.04 0.47971 8.00000 5.2565011978 2.6153178421    2.799  4.405  3.3955 -0.986    8  0.861  0.735   650.51    -1.00    -1.00    -1.00    -1.00  0 -3.46e-05      2.65 5.468e-01 4.085e-01 8.013e-03 8.315e-03 1.453e-02 -1.000 4.463e-02 -6.243 1.418 -2.557 -5.698 -7.706 -9.202 -9.393 -10.853 -11.101 -7.827 -10.339 -7.140 -8.305 -8.770 -9.454 -9.193 -9.906 -10.674 -10.974 -11.101 -10.920 -11.004 -11.125 -8.034
0.04 0.47971 8.00000 5.2565302849 2.6153179761    2.751  4.411  3.3928 -1.010    8  0.861  0.742   644.85    -1.00    -1.00    -1.00    -1.00  0 -3.51e-05      2.65 5.467e-01 4.086e-01 8.086e-03 8.313e-03 1.453e-02 -1.000 4.471e-02 -6.258 1.402 -2.572 -5.714 -7.722 -9.217 -9.408 -10.868 -11.116 -7.842 -10.355 -7.155 -8.320 -8.786 -9.469 -9.209 -9.921 -10.690 -10.989 -11.117 -10.935 -11.019 -11.141 -8.050
0.04 0.47971 8.00000 5.2565670013 2.6153181451    2.691  4.413  3.3905 -1.030    8  0.861  0.751   637.81    -1.00    -1.00    -1.00    -1.00  0 -3.52e-05      2.63 5.466e-01 4.086e-01 8.180e-03 8.311e-03 1.453e-02 -1.000 4.481e-02 -6.262 1.378 -2.591 -5.729 -7.732 -9.224 -9.413 -10.870 -11.118 -7.852 -10.358 -7.167 -8.330 -8.794 -9.475 -9.214 -9.925 -10.692 -10.992 -11.118 -10.937 -11.021 -11.142 -8.059
0.04 0.47971 8.00000 5.2566118240 2.6153183515    2.620  4.413  3.3881 -1.052    8  0.862  0.762   629.25    -1.00    -1.00    -1.00    -1.00  0 -3.52e-05      2.61 5.464e-01 4.087e-01 8.298e-03 8.308e-03 1.453e-02 -1.000 4.494e-02 -6.262 1.345 -2.615 -5.747 -7.743 -9.228 -9.415 -10.868 -11.114 -7.862 -10.356 -7.180 -8.339 -8.801 -9.480 -9.217 -9.924 -10.690 -10.989 -11.115 -10.933 -11.017 -11.138 -8.069
0.04 0.47971 8.00000 5.2566118240 2.6153183515    2.620  4.594  3.3577 -1.355    8  0.862  0.762   629.22    -1.00    -1.00    -1.00    -1.00  0 -5.34e-05      2.96 5.464e-01 4.087e-01 8.298e-03 8.308e-03 1.453e-02 -1.000 4.494e-02 -6.715 1.407 -2.689 -5.912 -8.022 -9.608 -9.841 -11.357 -11.628 -8.156 -10.833 -7.429 -8.643 -9.148 -9.868 -9.628 -10.389 -11.174 -11.480 -11.621 -11.445 -11.532 -11.657 -8.367
0.04 0.47971 8.00000 5.2566127777 2.6153183559    2.618  4.565  3.3625 -1.307    8  0.862  0.762   629.06    -1.00    -1.00    -1.00    -1.00  0    -5e-05      2.91 5.464e-01 4.087e-01 8.301e-03 8.308e-03 1.453e-02 -1.000 4.495e-02 -6.643 1.399 -2.676 -5.885 -7.977 -9.548 -9.774 -11.279 -11.547 -8.109 -10.758 -7.389 -8.595 -9.092 -9.806 -9.563 -10.315 -11.098 -11.402 -11.540 -11.364 -11.451 -11.574 -8.319
0.04 0.47971 8.00000 5.2566151619 2.6153183669    2.615  4.508  3.3719 -1.213    8  0.862  0.762   628.58    -1.00    -1.00    -1.00    -1.00  0 -4.38e-05      2.80 5.464e-01 4.087e-01 8.307e-03 8.308e-03 1.453e-02 -1.000 4.495e-02 -6.500 1.379 -2.653 -5.833 -7.889 -9.428 -9.639 -11.125 -11.385 -8.017 -10.607 -7.311 -8.499 -8.983 -9.684 -9.433 -10.169 -10.945 -11.248 -11.381 -11.203 -11.288 -11.411 -8.226
0.04 0.47971 8.00000 5.2566194534 2.6153183867    2.607  4.426  3.3856 -1.077    8  0.862  0.763   627.64    -1.00    -1.00    -1.00    -1.00  0 -3.63e-05      2.63 5.463e-01 4.087e-01 8.318e-03 8.308e-03 1.453e-02 -1.000 4.497e-02 -6.294 1.345 -2.624 -5.762 -7.765 -9.256 -9.446 -10.903 -11.150 -7.885 -10.390 -7.200 -8.362 -8.826 -9.508 -9.247 -9.957 -10.725 -11.024 -11.151 -10.969 -11.053 -11.174 -8.092
0.04 0.47971 8.00000 5.2566266060 2.6153184196    2.594  4.328  3.4016 -0.917    8  0.862  0.765   626.08    -1.00    -1.00    -1.00    -1.00  0 -2.89e-05      2.43 5.463e-01 4.087e-01 8.338e-03 8.307e-03 1.453e-02 -1.000 4.499e-02 -6.049 1.289 -2.598 -5.682 -7.619 -9.051 -9.210 -10.632 -10.864 -7.729 -10.126 -7.070 -8.202 -8.640 -9.297 -9.021 -9.699 -10.455 -10.753 -10.871 -10.684 -10.765 -10.885 -7.935
0.04 0.47971 8.00000 5.2566380501 2.6153184723    2.574  4.363  3.3952 -0.981    8  0.862  0.768   623.71    -1.00    -1.00    -1.00    -1.00  0 -3.14e-05      2.50 5.463e-01 4.087e-01 8.368e-03 8.307e-03 1.453e-02 -1.000 4.502e-02 -6.137 1.301 -2.614 -5.716 -7.675 -9.127 -9.297 -10.730 -10.968 -7.789 -10.222 -7.121 -8.263 -8.710 -9.375 -9.104 -9.794 -10.554 -10.851 -10.972 -10.787 -10.870 -10.990 -7.995
0.04 0.47971 8.00000 5.2566537857 2.6153185448    2.547  4.390  3.3898 -1.035    8  0.862  0.772   620.39    -1.00    -1.00    -1.00    -1.00  0 -3.34e-05      2.54 5.462e-01 4.087e-01 8.411e-03 8.306e-03 1.453e-02 -1.000 4.507e-02 -6.205 1.303 -2.632 -5.746 -7.720 -9.186 -9.364 -10.805 -11.046 -7.836 -10.295 -7.163 -8.311 -8.765 -9.436 -9.168 -9.866 -10.628 -10.926 -11.049 -10.865 -10.949 -11.069 -8.043
0.04 0.47971 8.00000 5.2566747665 2.6153186414    2.511  4.405  3.3864 -1.069    8  0.862  0.777   615.96    -1.00    -1.00    -1.00    -1.00  0 -3.46e-05      2.56 5.461e-01 4.088e-01 8.468e-03 8.304e-03 1.453e-02 -1.000 4.513e-02 -6.243 1.293 -2.649 -5.769 -7.749 -9.220 -9.400 -10.844 -11.087 -7.865 -10.334 -7.190 -8.341 -8.796 -9.470 -9.204 -9.904 -10.667 -10.965 -11.089 -10.906 -10.990 -11.110 -8.072
0.04 0.47971 8.00000 5.2567024231 2.6153187687    2.465  4.411  3.3843 -1.092    8  0.862  0.784   610.26    -1.00    -1.00    -1.00    -1.00  0 -3.51e-05      2.56 5.460e-01 4.088e-01 8.541e-03 8.303e-03 1.453e-02 -1.000 4.522e-02 -6.259 1.273 -2.668 -5.787 -7.766 -9.236 -9.416 -10.860 -11.102 -7.882 -10.350 -7.207 -8.358 -8.813 -9.486 -9.220 -9.919 -10.683 -10.981 -11.104 -10.921 -11.005 -11.125 -8.089
0.04 0.47971 8.00000 5.2567367554 2.6153189268    2.408  4.414  3.3827 -1.111    8  0.862  0.792   603.19    -1.00    -1.00    -1.00    -1.00  0 -3.53e-05      2.54 5.458e-01 4.089e-01 8.634e-03 8.301e-03 1.453e-02 -1.000 4.532e-02 -6.264 1.245 -2.690 -5.805 -7.779 -9.245 -9.422 -10.864 -11.105 -7.895 -10.354 -7.221 -8.370 -8.823 -9.494 -9.227 -9.924 -10.687 -10.985 -11.108 -10.924 -11.008 -11.128 -8.101
0.04 0.47971 8.00000 5.2567791939 2.6153191222    2.341  4.414  3.3813 -1.130    8  0.863  0.803   594.60    -1.00    -1.00    -1.00    -1.00  0 -3.53e-05      2.52 5.456e-01 4.089e-01 8.748e-03 8.298e-03 1.453e-02 -1.000 4.545e-02 -6.266 1.208 -2.718 -5.827 -7.793 -9.252 -9.426 -10.863 -11.103 -7.908 -10.355 -7.237 -8.382 -8.832 -9.501 -9.232 -9.926 -10.687 -10.984 -11.106 -10.922 -11.005 -11.125 -8.114
0.04 0.47971 8.00000 5.2567791939 2.6153191222    2.340  4.596  3.3527 -1.425    8  0.863  0.803   594.52    -1.00    -1.00    -1.00    -1.00  0 -5.36e-05      2.87 5.456e-01 4.089e-01 8.748e-03 8.298e-03 1.453e-02 -1.000 4.545e-02 -6.719 1.269 -2.792 -5.992 -8.072 -9.632 -9.853 -11.352 -11.617 -8.202 -10.831 -7.486 -8.686 -9.180 -9.889 -9.643 -10.390 -11.171 -11.474 -11.611 -11.434 -11.520 -11.644 -8.412
0.04 0.47971 8.00000 5.2567801476 2.6153191266    2.339  4.567  3.3572 -1.379    8  0.863  0.803   594.35    -1.00    -1.00    -1.00    -1.00  0 -5.02e-05      2.81 5.456e-01 4.089e-01 8.750e-03 8.298e-03 1.453e-02 -1.000 4.545e-02 -6.648 1.260 -2.779 -5.965 -8.027 -9.572 -9.785 -11.275 -11.536 -8.155 -10.756 -7.447 -8.638 -9.125 -9.828 -9.578 -10.317 -11.094 -11.397 -11.532 -11.353 -11.439 -11.562 -8.365
0.04 0.47971 8.00000 5.2567820549 2.6153191354    2.335  4.510  3.3660 -1.288    8  0.863  0.804   593.88    -1.00    -1.00    -1.00    -1.00  0 -4.41e-05      2.71 5.456e-01 4.089e-01 8.755e-03 8.298e-03 1.453e-02 -1.000 4.546e-02 -6.505 1.241 -2.756 -5.913 -7.940 -9.452 -9.652 -11.122 -11.374 -8.063 -10.607 -7.368 -8.543 -9.016 -9.706 -9.449 -10.171 -10.943 -11.243 -11.373 -11.193 -11.278 -11.400 -8.271
0.04 0.47971 8.00000 5.2567863464 2.6153191551    2.328  4.428  3.3787 -1.156    8  0.863  0.804   592.95    -1.00    -1.00    -1.00    -1.00  0 -3.65e-05      2.54 5.456e-01 4.089e-01 8.766e-03 8.297e-03 1.453e-02 -1.000 4.547e-02 -6.300 1.208 -2.727 -5.842 -7.815 -9.281 -9.458 -10.900 -11.140 -7.931 -10.390 -7.258 -8.406 -8.859 -9.530 -9.263 -9.960 -10.723 -11.020 -11.143 -10.960 -11.043 -11.164 -8.138
0.04 0.47971 8.00000 5.2567934990 2.6153191881    2.315  4.330  3.3937 -1.000    8  0.863  0.806   591.39    -1.00    -1.00    -1.00    -1.00  0 -2.91e-05      2.34 5.456e-01 4.089e-01 8.783e-03 8.297e-03 1.453e-02 -1.000 4.549e-02 -6.054 1.156 -2.701 -5.763 -7.671 -9.078 -9.228 -10.634 -10.860 -7.778 -10.131 -7.130 -8.247 -8.675 -9.323 -9.042 -9.708 -10.459 -10.753 -10.868 -10.680 -10.762 -10.880 -7.982
0.04 0.47971 8.00000 5.2568039894 2.6153192364    2.297  4.365  3.3876 -1.063    8  0.863  0.808   589.05    -1.00    -1.00    -1.00    -1.00  0 -3.15e-05      2.41 5.455e-01 4.089e-01 8.809e-03 8.296e-03 1.453e-02 -1.000 4.552e-02 -6.142 1.164 -2.717 -5.796 -7.726 -9.152 -9.311 -10.728 -10.959 -7.836 -10.223 -7.180 -8.307 -8.743 -9.398 -9.122 -9.798 -10.553 -10.848 -10.965 -10.779 -10.861 -10.980 -8.041
0.04 0.47971 8.00000 5.2568187714 2.6153193044    2.272  4.392  3.3825 -1.116    8  0.863  0.812   585.76    -1.00    -1.00    -1.00    -1.00  0 -3.36e-05      2.45 5.455e-01 4.090e-01 8.845e-03 8.296e-03 1.453e-02 -1.000 4.556e-02 -6.211 1.164 -2.735 -5.826 -7.771 -9.210 -9.376 -10.801 -11.036 -7.883 -10.295 -7.221 -8.355 -8.797 -9.458 -9.185 -9.868 -10.626 -10.921 -11.041 -10.856 -10.938 -11.057 -8.088
0.04 0.47971 8.00000 5.2568387985 2.6153193967    2.238  4.407  3.3792 -1.150    8  0.863  0.816   581.36    -1.00    -1.00    -1.00    -1.00  0 -3.48e-05      2.47 5.454e-01 4.090e-01 8.894e-03 8.294e-03 1.453e-02 -1.000 4.561e-02 -6.248 1.153 -2.753 -5.849 -7.799 -9.244 -9.412 -10.840 -11.076 -7.912 -10.333 -7.248 -8.385 -8.829 -9.492 -9.220 -9.906 -10.664 -10.961 -11.080 -10.896 -10.979 -11.098 -8.118
0.04 0.47971 8.00000 5.2568645477 2.6153195152    2.195  4.414  3.3772 -1.173    8  0.864  0.822   575.73    -1.00    -1.00    -1.00    -1.00  0 -3.53e-05      2.47 5.453e-01 4.090e-01 8.958e-03 8.293e-03 1.453e-02 -1.000 4.568e-02 -6.264 1.133 -2.773 -5.868 -7.817 -9.261 -9.428 -10.856 -11.091 -7.929 -10.349 -7.266 -8.402 -8.846 -9.508 -9.236 -9.922 -10.680 -10.976 -11.096 -10.911 -10.994 -11.113 -8.135
0.04 0.47971 8.00000 5.2568969727 2.6153196645    2.142  4.416  3.3756 -1.192    8  0.864  0.830   568.72    -1.00    -1.00    -1.00    -1.00  0 -3.55e-05      2.45 5.452e-01 4.091e-01 9.038e-03 8.291e-03 1.453e-02 -1.000 4.577e-02 -6.269 1.103 -2.796 -5.887 -7.831 -9.270 -9.435 -10.860 -11.094 -7.942 -10.353 -7.281 -8.415 -8.857 -9.517 -9.244 -9.927 -10.684 -10.980 -11.099 -10.914 -10.996 -11.116 -8.148
0.04 0.47971 8.00000 5.2569370270 2.6153198489    2.079  4.417  3.3744 -1.211    8  0.864  0.839   560.23    -1.00    -1.00    -1.00    -1.00  0 -3.55e-05      2.43 5.450e-01 4.091e-01 9.137e-03 8.289e-03 1.453e-02 -1.000 4.588e-02 -6.272 1.064 -2.825 -5.910 -7.846 -9.277 -9.439 -10.860 -11.092 -7.956 -10.354 -7.298 -8.428 -8.867 -9.524 -9.249 -9.928 -10.684 -10.980 -11.098 -10.912 -10.994 -11.114 -8.161
0.04 0.47971 8.00000 5.2569370270 2.6153198489    2.078  4.598  3.3483 -1.497    8  0.864  0.839   560.16    -1.00    -1.00    -1.00    -1.00  0 -5.39e-05      2.77 5.450e-01 4.091e-01 9.137e-03 8.289e-03 1.453e-02 -1.000 4.588e-02 -6.724 1.124 -2.900 -6.075 -8.124 -9.657 -9.865 -11.348 -11.605 -8.250 -10.830 -7.547 -8.732 -9.214 -9.912 -9.660 -10.392 -11.168 -11.470 -11.602 -11.423 -11.509 -11.631 -8.459
0.04 0.47971 8.00000 5.2569379807 2.6153198533    2.077  4.569  3.3524 -1.453    8  0.864  0.839   560.00    -1.00    -1.00    -1.00    -1.00  0 -5.05e-05      2.72 5.450e-01 4.091e-01 9.138e-03 8.289e-03 1.453e-02 -1.000 4.589e-02 -6.654 1.116 -2.887 -6.048 -8.080 -9.597 -9.799 -11.271 -11.525 -8.204 -10.756 -7.508 -8.684 -9.159 -9.851 -9.596 -10.320 -11.092 -11.393 -11.524 -11.344 -11.429 -11.551 -8.412
0.04 0.47971 8.00000 5.2569398880 2.6153198621    2.074  4.513  3.3605 -1.364    8  0.864  0.839   559.54    -1.00    -1.00    -1.00    -1.00  0 -4.43e-05      2.61 5.450e-01 4.091e-01 9.142e-03 8.289e-03 1.453e-02 -1.000 4.589e-02 -6.512 1.098 -2.864 -5.997 -7.993 -9.479 -9.665 -11.119 -11.365 -8.112 -10.607 -7.430 -8.589 -9.051 -9.730 -9.467 -10.175 -10.941 -11.240 -11.366 -11.184 -11.268 -11.389 -8.319
0.04 0.47971 8.00000 5.2569437027 2.6153198797    2.067  4.431  3.3721 -1.237    8  0.864  0.840   558.61    -1.00    -1.00    -1.00    -1.00  0 -3.67e-05      2.45 5.450e-01 4.091e-01 9.149e-03 8.289e-03 1.453e-02 -1.000 4.590e-02 -6.308 1.065 -2.834 -5.925 -7.869 -9.308 -9.473 -10.898 -11.132 -7.981 -10.392 -7.319 -8.453 -8.895 -9.555 -9.282 -9.965 -10.722 -11.018 -11.137 -10.952 -11.035 -11.154 -8.186
0.04 0.47971 8.00000 5.2569499016 2.6153199082    2.055  4.333  3.3859 -1.086    8  0.864  0.841   557.08    -1.00    -1.00    -1.00    -1.00  0 -2.93e-05      2.25 5.450e-01 4.091e-01 9.161e-03 8.288e-03 1.453e-02 -1.000 4.591e-02 -6.062 1.014 -2.807 -5.845 -7.724 -9.104 -9.243 -10.632 -10.851 -7.827 -10.132 -7.191 -8.293 -8.710 -9.347 -9.060 -9.713 -10.459 -10.751 -10.861 -10.673 -10.753 -10.871 -8.030
0.04 0.47971 8.00000 5.2569599152 2.6153199543    2.038  4.368  3.3807 -1.146    8  0.865  0.843   554.75    -1.00    -1.00    -1.00    -1.00  0 -3.18e-05      2.32 5.449e-01 4.091e-01 9.180e-03 8.288e-03 1.453e-02 -1.000 4.593e-02 -6.150 1.024 -2.823 -5.878 -7.779 -9.178 -9.325 -10.726 -10.951 -7.884 -10.224 -7.240 -8.353 -8.778 -9.422 -9.140 -9.803 -10.553 -10.846 -10.959 -10.772 -10.853 -10.971 -8.088
0.04 0.47971 8.00000 5.2569732666 2.6153200158    2.015  4.395  3.3767 -1.194    8  0.865  0.845   551.51    -1.00    -1.00    -1.00    -1.00  0 -3.38e-05      2.36 5.449e-01 4.091e-01 9.205e-03 8.287e-03 1.453e-02 -1.000 4.596e-02 -6.218 1.025 -2.840 -5.907 -7.823 -9.236 -9.390 -10.799 -11.027 -7.931 -10.296 -7.280 -8.401 -8.832 -9.482 -9.202 -9.872 -10.625 -10.919 -11.034 -10.848 -10.929 -11.048 -8.135
0.04 0.47971 8.00000 5.2569918633 2.6153201014    1.983  4.410  3.3747 -1.224    8  0.865  0.848   547.15    -1.00    -1.00    -1.00    -1.00  0  -3.5e-05      2.38 5.448e-01 4.092e-01 9.240e-03 8.287e-03 1.453e-02 -1.000 4.600e-02 -6.255 1.017 -2.856 -5.929 -7.850 -9.269 -9.425 -10.838 -11.067 -7.959 -10.334 -7.306 -8.430 -8.863 -9.515 -9.237 -9.910 -10.663 -10.958 -11.074 -10.888 -10.970 -11.088 -8.164
0.04 0.47971 8.00000 5.2570157051 2.6153202112    1.943  4.416  3.3741 -1.242    8  0.865  0.852   541.55    -1.00    -1.00    -1.00    -1.00  0 -3.55e-05      3.44 5.448e-01 4.092e-01 9.286e-03 8.286e-03 1.453e-02 -1.000 4.605e-02 -6.271 2.549 -1.727 -5.073 -7.336 -9.057 -9.350 -10.943 -11.247 -7.492 -10.405 -6.704 -7.992 -8.554 -9.327 -9.117 -9.945 -10.755 -11.069 -11.228 -11.061 -11.152 -11.281 -7.708
0.04 0.47971 8.00000 5.2570457458 2.6153203495    1.894  4.419  3.3745 -1.253    8  0.866  0.857   534.59    -1.00    -1.00    -1.00    -1.00  0 -3.57e-05      3.45 5.447e-01 4.092e-01 9.342e-03 8.284e-03 1.453e-02 -1.000 4.612e-02 -6.277 2.554 -1.725 -5.073 -7.338 -9.061 -9.354 -10.949 -11.253 -7.494 -10.411 -6.705 -7.995 -8.557 -9.331 -9.122 -9.951 -10.761 -11.075 -11.235 -11.067 -11.159 -11.288 -7.710
0.04 0.47971 8.00000 5.2570824623 2.6153205185    1.835  4.420  3.3759 -1.263    8  0.866  0.864   526.17    -1.00    -1.00    -1.00    -1.00  0 -3.58e-05      3.46 5.446e-01 4.092e-01 9.412e-03 8.283e-03 1.453e-02 -1.000 4.619e-02 -6.280 2.556 -1.724 -5.073 -7.339 -9.063 -9.357 -10.952 -11.256 -7.496 -10.414 -6.706 -7.996 -8.559 -9.333 -9.124 -9.953 -10.764 -11.078 -11.238 -11.071 -11.162 -11.291 -7.712
0.04 0.47971 8.00000 5.2570824623 2.6153205185    1.834  4.601  3.3546 -1.529    8  0.866  0.864   526.09    -1.00    -1.00    -1.00    -1.00  0 -5.43e-05      4.06 5.446e-01 4.092e-01 9.412e-03 8.283e-03 1.453e-02 -1.000 4.619e-02 -6.732 2.949 -1.545 -5.039 -7.491 -9.372 -9.731 -11.412 -11.750 -7.673 -10.857 -6.810 -8.190 -8.818 -9.653 -9.477 -10.380 -11.218 -11.540 -11.719 -11.561 -11.658 -11.792 -7.895
0.04 0.47971 8.00000 5.2570834160 2.6153205229    1.833  4.573  3.3579 -1.488    8  0.866  0.864   525.92    -1.00    -1.00    -1.00    -1.00  0 -5.09e-05      3.97 5.446e-01 4.092e-01 9.413e-03 8.283e-03 1.453e-02 -1.000 4.620e-02 -6.662 2.892 -1.570 -5.042 -7.467 -9.324 -9.673 -11.341 -11.674 -7.645 -10.789 -6.792 -8.159 -8.777 -9.603 -9.423 -10.314 -11.148 -11.469 -11.645 -11.486 -11.582 -11.715 -7.866
0.04 0.47971 8.00000 5.2570848465 2.6153205295    1.830  4.517  3.3645 -1.406    8  0.866  0.864   525.45    -1.00    -1.00    -1.00    -1.00  0 -4.47e-05      3.78 5.446e-01 4.093e-01 9.414e-03 8.283e-03 1.453e-02 -1.000 4.620e-02 -6.522 2.773 -1.623 -5.051 -7.418 -9.227 -9.557 -11.199 -11.521 -7.589 -10.651 -6.759 -8.098 -8.696 -9.504 -9.312 -10.181 -11.007 -11.325 -11.496 -11.334 -11.428 -11.559 -7.808
0.04 0.47971 8.00000 5.2570886612 2.6153205470    1.823  4.435  3.3740 -1.288    8  0.866  0.864   524.53    -1.00    -1.00    -1.00    -1.00  0 -3.71e-05      3.51 5.445e-01 4.093e-01 9.417e-03 8.283e-03 1.453e-02 -1.000 4.620e-02 -6.318 2.592 -1.707 -5.068 -7.352 -9.089 -9.389 -10.992 -11.299 -7.510 -10.451 -6.714 -8.012 -8.580 -9.360 -9.154 -9.990 -10.803 -11.117 -11.279 -11.113 -11.204 -11.334 -7.727
0.04 0.47971 8.00000 5.2570943832 2.6153205734    1.812  4.337  3.3854 -1.147    8  0.866  0.865   522.98    -1.00    -1.00    -1.00    -1.00  0 -2.96e-05      3.20 5.445e-01 4.093e-01 9.422e-03 8.283e-03 1.453e-02 -1.000 4.621e-02 -6.072 2.395 -1.791 -5.076 -7.262 -8.917 -9.181 -10.738 -11.027 -7.407 -10.207 -6.649 -7.901 -8.434 -9.182 -8.958 -9.754 -10.553 -10.862 -11.013 -10.842 -10.931 -11.058 -7.620
0.04 0.47971 8.00000 5.2571034431 2.6153206151    1.796  4.372  3.3812 -1.203    8  0.867  0.865   520.66    -1.00    -1.00    -1.00    -1.00  0 -3.21e-05      3.29 5.445e-01 4.093e-01 9.430e-03 8.282e-03 1.453e-02 -1.000 4.621e-02 -6.160 2.443 -1.778 -5.087 -7.303 -8.983 -9.259 -10.831 -11.125 -7.452 -10.296 -6.682 -7.948 -8.492 -9.250 -9.032 -9.841 -10.644 -10.955 -11.110 -10.940 -11.030 -11.158 -7.666
0.04 0.47971 8.00000 5.2571163177 2.6153206744    1.774  4.399  3.3781 -1.247    8  0.867  0.866   517.39    -1.00    -1.00    -1.00    -1.00  0 -3.41e-05      3.38 5.445e-01 4.093e-01 9.440e-03 8.282e-03 1.453e-02 -1.000 4.623e-02 -6.227 2.507 -1.747 -5.079 -7.323 -9.028 -9.314 -10.899 -11.199 -7.476 -10.362 -6.695 -7.975 -8.529 -9.297 -9.084 -9.904 -10.712 -11.024 -11.182 -11.014 -11.104 -11.233 -7.691
0.04 0.47971 8.00000 5.2571334839 2.6153207534    1.745  4.414  3.3768 -1.275    8  0.867  0.868   513.04    -1.00    -1.00    -1.00    -1.00  0 -3.53e-05      3.43 5.445e-01 4.093e-01 9.455e-03 8.282e-03 1.453e-02 -1.000 4.624e-02 -6.264 2.541 -1.731 -5.074 -7.334 -9.053 -9.344 -10.936 -11.239 -7.490 -10.398 -6.703 -7.990 -8.550 -9.322 -9.112 -9.938 -10.748 -11.062 -11.221 -11.053 -11.145 -11.274 -7.706
0.04 0.47971 8.00000 5.2571558952 2.6153208566    1.707  4.420  3.3768 -1.290    8  0.868  0.869   507.47    -1.00    -1.00    -1.00    -1.00  0 -3.58e-05      3.46 5.445e-01 4.093e-01 9.473e-03 8.281e-03 1.453e-02 -1.000 4.626e-02 -6.280 2.556 -1.724 -5.073 -7.340 -9.063 -9.357 -10.953 -11.257 -7.496 -10.414 -6.706 -7.996 -8.559 -9.333 -9.124 -9.953 -10.764 -11.078 -11.238 -11.071 -11.162 -11.291 -7.712
0.04 0.47971 8.00000 5.2571835518 2.6153209839    1.661  4.422  3.3781 -1.300    8  0.868  0.872   500.55    -1.00    -1.00    -1.00    -1.00  0  -3.6e-05      3.47 5.444e-01 4.093e-01 9.497e-03 8.281e-03 1.453e-02 -1.000 4.629e-02 -6.286 2.562 -1.721 -5.072 -7.342 -9.068 -9.362 -10.959 -11.263 -7.498 -10.420 -6.707 -7.999 -8.562 -9.338 -9.129 -9.959 -10.771 -11.084 -11.245 -11.078 -11.169 -11.298 -7.714
0.04 0.47971 8.00000 5.2572178841 2.6153211419    1.606  4.424  3.3808 -1.305    8  0.869  0.874   492.17    -1.00    -1.00    -1.00    -1.00  0 -3.61e-05      3.47 5.444e-01 4.093e-01 9.525e-03 8.280e-03 1.453e-02 -1.000 4.632e-02 -6.289 2.565 -1.720 -5.072 -7.343 -9.070 -9.365 -10.962 -11.267 -7.499 -10.423 -6.708 -8.000 -8.564 -9.340 -9.132 -9.963 -10.774 -11.088 -11.248 -11.081 -11.173 -11.302 -7.716
0.04 0.47971 8.00000 5.2572178841 2.6153211419    1.606  4.605  3.3643 -1.552    8  0.869  0.874   492.13    -1.00    -1.00    -1.00    -1.00  0 -5.48e-05      4.07 5.444e-01 4.093e-01 9.525e-03 8.280e-03 1.453e-02 -1.000 4.632e-02 -6.741 2.956 -1.542 -5.039 -7.495 -9.379 -9.739 -11.422 -11.760 -7.677 -10.866 -6.812 -8.194 -8.823 -9.660 -9.485 -10.389 -11.227 -11.549 -11.729 -11.571 -11.668 -11.802 -7.899
0.04 0.47971 8.00000 5.2572183609 2.6153211441    1.605  4.577  3.3668 -1.515    8  0.869  0.874   491.96    -1.00    -1.00    -1.00    -1.00  0 -5.14e-05      3.98 5.444e-01 4.093e-01 9.525e-03 8.280e-03 1.453e-02 -1.000 4.632e-02 -6.673 2.900 -1.566 -5.042 -7.471 -9.331 -9.682 -11.352 -11.686 -7.649 -10.799 -6.795 -8.164 -8.783 -9.611 -9.431 -10.324 -11.159 -11.480 -11.657 -11.497 -11.593 -11.726 -7.870
0.04 0.47971 8.00000 5.2572202682 2.6153211529    1.601  4.521  3.3719 -1.439    8  0.869  0.874   491.48    -1.00    -1.00    -1.00    -1.00  0 -4.52e-05      3.80 5.444e-01 4.093e-01 9.525e-03 8.280e-03 1.453e-02 -1.000 4.632e-02 -6.533 2.783 -1.619 -5.050 -7.422 -9.235 -9.566 -11.210 -11.534 -7.593 -10.662 -6.762 -8.103 -8.703 -9.512 -9.322 -10.193 -11.019 -11.337 -11.508 -11.346 -11.440 -11.572 -7.813
0.04 0.47971 8.00000 5.2572236061 2.6153211683    1.595  4.440  3.3794 -1.330    8  0.869  0.874   490.52    -1.00    -1.00    -1.00    -1.00  0 -3.75e-05      3.53 5.444e-01 4.093e-01 9.525e-03 8.280e-03 1.453e-02 -1.000 4.632e-02 -6.331 2.603 -1.702 -5.067 -7.356 -9.098 -9.399 -11.005 -11.313 -7.515 -10.464 -6.717 -8.018 -8.588 -9.369 -9.164 -10.002 -10.816 -11.131 -11.293 -11.127 -11.219 -11.348 -7.732
0.04 0.47971 8.00000 5.2572293282 2.6153211946    1.585  4.342  3.3884 -1.198    8  0.869  0.874   488.93    -1.00    -1.00    -1.00    -1.00  0 -2.99e-05      3.21 5.444e-01 4.093e-01 9.525e-03 8.280e-03 1.453e-02 -1.000 4.632e-02 -6.084 2.397 -1.793 -5.080 -7.269 -8.927 -9.193 -10.751 -11.041 -7.415 -10.220 -6.656 -7.909 -8.443 -9.192 -8.969 -9.766 -10.566 -10.876 -11.027 -10.856 -10.945 -11.072 -7.628
0.04 0.47971 8.00000 5.2572379112 2.6153212341    1.570  4.377  3.3855 -1.249    8  0.869  0.874   486.54    -1.00    -1.00    -1.00    -1.00  0 -3.24e-05      3.31 5.444e-01 4.093e-01 9.525e-03 8.281e-03 1.453e-02 -1.000 4.632e-02 -6.172 2.454 -1.773 -5.086 -7.306 -8.991 -9.269 -10.843 -11.139 -7.456 -10.308 -6.685 -7.953 -8.499 -9.259 -9.041 -9.852 -10.656 -10.968 -11.123 -10.954 -11.044 -11.172 -7.671
0.04 0.47971 8.00000 5.2572498322 2.6153212890    1.548  4.403  3.3839 -1.288    8  0.869  0.874   483.18    -1.00    -1.00    -1.00    -1.00  0 -3.45e-05      3.40 5.444e-01 4.093e-01 9.525e-03 8.281e-03 1.453e-02 -1.000 4.632e-02 -6.238 2.517 -1.742 -5.077 -7.327 -9.036 -9.323 -10.910 -11.211 -7.481 -10.373 -6.698 -7.980 -8.536 -9.305 -9.092 -9.915 -10.723 -11.036 -11.194 -11.026 -11.117 -11.245 -7.696
0.04 0.47971 8.00000 5.2572660446 2.6153213636    1.520  4.418  3.3839 -1.310    8  0.870  0.874   478.70    -1.00    -1.00    -1.00    -1.00  0 -3.56e-05      3.45 5.444e-01 4.093e-01 9.526e-03 8.281e-03 1.453e-02 -1.000 4.632e-02 -6.274 2.551 -1.726 -5.073 -7.338 -9.060 -9.353 -10.947 -11.251 -7.494 -10.408 -6.705 -7.994 -8.556 -9.330 -9.120 -9.948 -10.759 -11.072 -11.232 -11.065 -11.156 -11.285 -7.710
0.04 0.47971 8.00000 5.2572870255 2.6153214602    1.484  4.424  3.3858 -1.320    8  0.870  0.874   472.96    -1.00    -1.00    -1.00    -1.00  0 -3.61e-05      3.47 5.444e-01 4.093e-01 9.526e-03 8.281e-03 1.453e-02 -1.000 4.632e-02 -6.290 2.565 -1.720 -5.072 -7.343 -9.070 -9.365 -10.963 -11.268 -7.500 -10.424 -6.708 -8.001 -8.564 -9.341 -9.132 -9.963 -10.775 -11.088 -11.249 -11.082 -11.173 -11.302 -7.716
0.04 0.47971 8.00000 5.2573137283 2.6153215831    1.439  4.426  3.3895 -1.320    8  0.871  0.874   465.85    -1.00    -1.00    -1.00    -1.00  0 -3.63e-05      3.48 5.444e-01 4.093e-01 9.526e-03 8.281e-03 1.453e-02 -1.000 4.632e-02 -6.296 2.571 -1.717 -5.071 -7.345 -9.074 -9.371 -10.969 -11.275 -7.502 -10.430 -6.709 -8.003 -8.568 -9.345 -9.137 -9.969 -10.781 -11.095 -11.255 -11.089 -11.180 -11.309 -7.718
0.04 0.47971 8.00000 5.2573461533 2.6153217324    1.387  4.428  3.3955 -1.314    8  0.871  0.874   457.25    -1.00    -1.00    -1.00    -1.00  0 -3.65e-05      3.48 5.444e-01 4.093e-01 9.526e-03 8.281e-03 1.453e-02 -1.000 4.632e-02 -6.300 2.574 -1.715 -5.071 -7.346 -9.077 -9.373 -10.973 -11.278 -7.503 -10.433 -6.710 -8.004 -8.570 -9.347 -9.140 -9.972 -10.784 -11.098 -11.259 -11.092 -11.184 -11.313 -7.719
0.04 0.47971 8.00000 5.2573461533 2.6153217324    1.387  4.608  3.3835 -1.542    8  0.871  0.874   457.23    -1.00    -1.00    -1.00    -1.00  0 -5.52e-05      4.08 5.444e-01 4.093e-01 9.526e-03 8.281e-03 1.453e-02 -1.000 4.632e-02 -6.751 2.964 -1.539 -5.038 -7.498 -9.385 -9.747 -11.431 -11.771 -7.681 -10.875 -6.815 -8.198 -8.829 -9.667 -9.492 -10.398 -11.237 -11.559 -11.740 -11.582 -11.678 -11.812 -7.903
0.04 0.47971 8.00000 5.2573466301 2.6153217346    1.386  4.581  3.3854 -1.508    8  0.871  0.874   457.05    -1.00    -1.00    -1.00    -1.00  0 -5.19e-05      4.00 5.444e-01 4.093e-01 9.526e-03 8.281e-03 1.453e-02 -1.000 4.632e-02 -6.684 2.909 -1.563 -5.041 -7.474 -9.339 -9.691 -11.363 -11.697 -7.654 -10.810 -6.798 -8.168 -8.790 -9.619 -9.439 -10.334 -11.169 -11.491 -11.668 -11.509 -11.605 -11.738 -7.875
0.04 0.47971 8.00000 5.2573485374 2.6153217434    1.383  4.526  3.3894 -1.438    8  0.871  0.874   456.53    -1.00    -1.00    -1.00    -1.00  0 -4.57e-05      3.81 5.444e-01 4.093e-01 9.526e-03 8.281e-03 1.453e-02 -1.000 4.632e-02 -6.545 2.793 -1.614 -5.049 -7.427 -9.244 -9.576 -11.223 -11.547 -7.598 -10.674 -6.764 -8.108 -8.710 -9.520 -9.331 -10.204 -11.031 -11.350 -11.521 -11.359 -11.454 -11.586 -7.818
0.04 0.47971 8.00000 5.2573518753 2.6153217587    1.376  4.446  3.3954 -1.336    8  0.872  0.874   455.50    -1.00    -1.00    -1.00    -1.00  0  -3.8e-05      3.55 5.444e-01 4.093e-01 9.526e-03 8.281e-03 1.453e-02 -1.000 4.632e-02 -6.345 2.616 -1.696 -5.066 -7.360 -9.107 -9.410 -11.019 -11.328 -7.520 -10.477 -6.720 -8.023 -8.595 -9.379 -9.175 -10.015 -10.829 -11.144 -11.307 -11.141 -11.233 -11.363 -7.737
0.04 0.47971 8.00000 5.2573571205 2.6153217829    1.366  4.347  3.4030 -1.209    8  0.872  0.874   453.78    -1.00    -1.00    -1.00    -1.00  0 -3.03e-05      3.22 5.444e-01 4.093e-01 9.526e-03 8.281e-03 1.453e-02 -1.000 4.632e-02 -6.097 2.400 -1.794 -5.084 -7.277 -8.937 -9.205 -10.765 -11.055 -7.423 -10.233 -6.663 -7.917 -8.453 -9.203 -8.980 -9.780 -10.580 -10.890 -11.041 -10.871 -10.960 -11.087 -7.636
0.04 0.47971 8.00000 5.2573657036 2.6153218224    1.351  4.382  3.4023 -1.252    8  0.872  0.874   451.18    -1.00    -1.00    -1.00    -1.00  0 -3.28e-05      3.32 5.444e-01 4.093e-01 9.526e-03 8.281e-03 1.453e-02 -1.000 4.632e-02 -6.185 2.466 -1.767 -5.084 -7.310 -8.999 -9.279 -10.856 -11.152 -7.461 -10.321 -6.687 -7.958 -8.506 -9.267 -9.051 -9.864 -10.669 -10.981 -11.136 -10.967 -11.057 -11.185 -7.675
0.04 0.47971 8.00000 5.2573776245 2.6153218773    1.329  4.408  3.4027 -1.283    8  0.872  0.874   447.55    -1.00    -1.00    -1.00    -1.00  0 -3.48e-05      3.42 5.444e-01 4.093e-01 9.526e-03 8.281e-03 1.453e-02 -1.000 4.632e-02 -6.250 2.528 -1.737 -5.076 -7.330 -9.043 -9.332 -10.922 -11.224 -7.485 -10.384 -6.700 -7.984 -8.542 -9.313 -9.101 -9.925 -10.734 -11.047 -11.206 -11.038 -11.129 -11.258 -7.700
0.04 0.47971 8.00000 5.2573933601 2.6153219497    1.301  4.422  3.4047 -1.299    8  0.872  0.874   442.72    -1.00    -1.00    -1.00    -1.00  0  -3.6e-05      3.46 5.444e-01 4.093e-01 9.526e-03 8.281e-03 1.453e-02 -1.000 4.632e-02 -6.285 2.561 -1.722 -5.072 -7.341 -9.067 -9.361 -10.958 -11.262 -7.498 -10.419 -6.707 -7.998 -8.562 -9.337 -9.128 -9.958 -10.769 -11.083 -11.243 -11.076 -11.168 -11.297 -7.714
0.04 0.47971 8.00000 5.2574138641 2.6153220441    1.265  4.428  3.4081 -1.304    8  0.873  0.874   436.55    -1.00    -1.00    -1.00    -1.00  0 -3.65e-05      3.48 5.444e-01 4.093e-01 9.526e-03 8.281e-03 1.453e-02 -1.000 4.632e-02 -6.300 2.575 -1.715 -5.071 -7.346 -9.077 -9.374 -10.973 -11.279 -7.503 -10.433 -6.710 -8.005 -8.570 -9.347 -9.140 -9.972 -10.785 -11.099 -11.259 -11.093 -11.184 -11.313 -7.720
0.04 0.47971 8.00000 5.2574396133 2.6153221626    1.221  4.430  3.4125 -1.303    8  0.873  0.874   428.90    -1.00    -1.00    -1.00    -1.00  0 -3.67e-05      3.49 5.444e-01 4.093e-01 9.526e-03 8.281e-03 1.453e-02 -1.000 4.632e-02 -6.306 2.580 -1.713 -5.070 -7.348 -9.081 -9.378 -10.979 -11.285 -7.506 -10.439 -6.711 -8.007 -8.573 -9.352 -9.145 -9.978 -10.791 -11.105 -11.266 -11.099 -11.191 -11.320 -7.722
0.04 0.47971 8.00000 5.2574715614 2.6153223097    1.169  4.432  3.4180 -1.302    8  0.874  0.874   419.69    -1.00    -1.00    -1.00    -1.00  0 -3.68e-05      3.46 5.444e-01 4.093e-01 9.526e-03 8.281e-03 1.453e-02 -1.000 4.632e-02 -6.309 2.533 -1.752 -5.102 -7.364 -9.091 -9.391 -10.991 -11.298 -7.519 -10.454 -6.734 -8.019 -8.585 -9.362 -9.156 -9.993 -10.804 -11.116 -11.278 -11.112 -11.203 -11.333 -7.735
0.04 0.47971 8.00000 5.2574715614 2.6153223097    1.169  4.612  3.4066 -1.528    8  0.874  0.874   419.62    -1.00    -1.00    -1.00    -1.00  0 -5.57e-05      4.09 5.444e-01 4.093e-01 9.526e-03 8.281e-03 1.453e-02 -1.000 4.632e-02 -6.760 2.971 -1.535 -5.038 -7.501 -9.392 -9.754 -11.440 -11.780 -7.685 -10.884 -6.817 -8.202 -8.834 -9.673 -9.499 -10.406 -11.246 -11.568 -11.749 -11.591 -11.688 -11.822 -7.907
0.04 0.47971 8.00000 5.2574720383 2.6153223119    1.168  4.586  3.4084 -1.495    8  0.874  0.874   419.42    -1.00    -1.00    -1.00    -1.00  0 -5.24e-05      4.01 5.444e-01 4.093e-01 9.526e-03 8.281e-03 1.453e-02 -1.000 4.632e-02 -6.694 2.917 -1.559 -5.041 -7.478 -9.346 -9.699 -11.374 -11.709 -7.658 -10.820 -6.800 -8.173 -8.796 -9.626 -9.447 -10.344 -11.180 -11.501 -11.679 -11.520 -11.616 -11.750 -7.879
0.04 0.47971 8.00000 5.2574739456 2.6153223207    1.165  4.531  3.4122 -1.426    8  0.874  0.874   418.85    -1.00    -1.00    -1.00    -1.00  0 -4.62e-05      3.83 5.444e-01 4.093e-01 9.526e-03 8.281e-03 1.453e-02 -1.000 4.632e-02 -6.557 2.803 -1.610 -5.049 -7.430 -9.252 -9.586 -11.234 -11.559 -7.603 -10.685 -6.767 -8.113 -8.716 -9.528 -9.340 -10.215 -11.042 -11.361 -11.533 -11.372 -11.466 -11.598 -7.822
0.04 0.47971 8.00000 5.2574772835 2.6153223360    1.158  4.451  3.4180 -1.325    8  0.874  0.874   417.74    -1.00    -1.00    -1.00    -1.00  0 -3.84e-05      3.52 5.444e-01 4.093e-01 9.526e-03 8.281e-03 1.453e-02 -1.000 4.632e-02 -6.357 2.578 -1.731 -5.097 -7.380 -9.124 -9.431 -11.040 -11.350 -7.537 -10.501 -6.744 -8.039 -8.613 -9.395 -9.193 -10.039 -10.852 -11.166 -11.329 -11.164 -11.256 -11.386 -7.754
0.04 0.47971 8.00000 5.2574825287 2.6153223602    1.148  4.352  3.4255 -1.200    8  0.874  0.874   415.87    -1.00    -1.00    -1.00    -1.00  0 -3.06e-05      3.15 5.444e-01 4.093e-01 9.526e-03 8.281e-03 1.453e-02 -1.000 4.632e-02 -6.109 2.236 -1.878 -5.151 -7.310 -8.957 -9.238 -10.758 -11.039 -7.441 -10.252 -6.738 -7.911 -8.486 -9.209 -8.998 -9.826 -10.589 -10.876 -11.022 -10.866 -10.937 -11.066 -7.652
0.04 0.47971 8.00000 5.2574906349 2.6153223975    1.133  4.387  3.4249 -1.243    8  0.875  0.874   413.07    -1.00    -1.00    -1.00    -1.00  0 -3.31e-05      3.22 5.444e-01 4.093e-01 9.525e-03 8.281e-03 1.453e-02 -1.000 4.632e-02 -6.196 2.264 -1.885 -5.177 -7.360 -9.029 -9.318 -10.855 -11.143 -7.496 -10.345 -6.779 -7.970 -8.550 -9.284 -9.077 -9.914 -10.685 -10.975 -11.124 -10.969 -11.041 -11.171 -7.708
0.04 0.47971 8.00000 5.2575020790 2.6153224501    1.112  4.412  3.4257 -1.274    8  0.875  0.874   409.15    -1.00    -1.00    -1.00    -1.00  0 -3.52e-05      3.30 5.444e-01 4.093e-01 9.525e-03 8.281e-03 1.453e-02 -1.000 4.632e-02 -6.260 2.300 -1.869 -5.180 -7.385 -9.074 -9.374 -10.917 -11.208 -7.523 -10.408 -6.802 -7.996 -8.590 -9.329 -9.128 -9.978 -10.748 -11.036 -11.187 -11.035 -11.106 -11.236 -7.735
0.04 0.47971 8.00000 5.2575178146 2.6153225226    1.084  4.426  3.4279 -1.289    8  0.875  0.874   403.96    -1.00    -1.00    -1.00    -1.00  0 -3.63e-05      3.32 5.444e-01 4.093e-01 9.525e-03 8.281e-03 1.453e-02 -1.000 4.632e-02 -6.295 2.271 -1.879 -5.196 -7.408 -9.102 -9.410 -10.942 -11.231 -7.542 -10.440 -6.836 -8.008 -8.621 -9.352 -9.157 -10.020 -10.778 -11.058 -11.209 -11.062 -11.127 -11.258 -7.754
0.04 0.47971 8.00000 5.2575378418 2.6153226148    1.048  4.432  3.4315 -1.295    8  0.876  0.874   397.33    -1.00    -1.00    -1.00    -1.00  0 -3.68e-05      3.30 5.444e-01 4.093e-01 9.525e-03 8.282e-03 1.453e-02 -1.000 4.632e-02 -6.309 2.189 -1.915 -5.226 -7.429 -9.118 -9.435 -10.942 -11.226 -7.557 -10.453 -6.877 -8.010 -8.646 -9.361 -9.174 -10.051 -10.787 -11.054 -11.201 -11.064 -11.118 -11.250 -7.767
0.04 0.47971 8.00000 5.2575631142 2.6153227311    1.006  4.434  3.4361 -1.297    8  0.876  0.874   389.17    -1.00    -1.00    -1.00    -1.00  0  -3.7e-05      3.25 5.444e-01 4.093e-01 9.525e-03 8.282e-03 1.453e-02 -1.000 4.632e-02 -6.315 2.074 -1.972 -5.269 -7.450 -9.129 -9.460 -10.928 -11.205 -7.571 -10.458 -6.922 -8.006 -8.668 -9.361 -9.187 -10.083 -10.786 -11.034 -11.177 -11.051 -11.093 -11.227 -7.777
0.04 0.47971 8.00000 5.2575941086 2.6153228737    0.956  4.435  3.4416 -1.299    8  0.877  0.874   357.60    -1.00    -1.00    -1.00    -1.00  0 -3.71e-05      3.20 5.444e-01 4.093e-01 9.525e-03 8.282e-03 1.453e-02 -1.000 4.632e-02 -6.318 1.958 -2.033 -5.314 -7.471 -9.138 -9.484 -10.919 -11.191 -7.585 -10.467 -6.966 -8.004 -8.690 -9.362 -9.200 -10.114 -10.788 -11.019 -11.160 -11.043 -11.074 -11.210 -7.788
0.04 0.47971 8.00000 5.2576413155 2.6153230910    0.877 -9.999  4.0000  1.007    9  0.877  0.000     0.00     0.00     0.00     0.00     0.00 -1    -1e-30      0.00 5.444e-01 4.093e-01 9.525e-03 8.282e-03 1.453e-02 -1.000 4.632e-02 29.767 29.957 29.962 30.013 30.021 30.028 30.034 30.042 30.043 30.018 30.038 30.026 30.009 30.020 30.034 30.039 30.037 30.042 30.043 30.041 30.042 30.042 30.046 30.019
#isochrone terminated
