nohup: ignoring input
WARNING: Found cached file /net/vdesk/data2/slagter/JWST_NIRCAM_#1227_level_2/mastDownload/JWST/jw01227026001_07201_00003_nrca1/jw01227026001_07201_00003_nrca1_cal.fits with size 3866624 that is different from expected size 117573120.   [astroquery.query]
Looking for program 1227...
Found 43 observations for #1227.
Generating product list...
Filter for Level 2 images (_cal.fits)...
Found! 556 Level 2 NIRCam files for #1227.
 obsID   obs_collection dataproduct_type ... dataRights calib_level filters
-------- -------------- ---------------- ... ---------- ----------- -------
87629246           JWST            image ...     PUBLIC           2   F200W
87629248           JWST            image ...     PUBLIC           2   F277W
87629252           JWST            image ...     PUBLIC           2   F200W
87629259           JWST            image ...     PUBLIC           2   F277W
87629261           JWST            image ...     PUBLIC           2   F335M
87629265           JWST            image ...     PUBLIC           2   F444W
87629267           JWST            image ...     PUBLIC           2   F200W
87629269           JWST            image ...     PUBLIC           2   F200W
87629281           JWST            image ...     PUBLIC           2   F200W
87629303           JWST            image ...     PUBLIC           2   F200W
Carefull... total size is 60.9 GB of data!
INFO: Found cached file /net/vdesk/data2/slagter/JWST_NIRCAM_#1227_level_2/mastDownload/JWST/jw01227002002_02105_00004_nrcb1/jw01227002002_02105_00004_nrcb1_cal.fits with expected size 117573120. [astroquery.query]
INFO: Found cached file /net/vdesk/data2/slagter/JWST_NIRCAM_#1227_level_2/mastDownload/JWST/jw01227002002_02103_00001_nrcblong/jw01227002002_02103_00001_nrcblong_cal.fits with expected size 117573120. [astroquery.query]
INFO: Found cached file /net/vdesk/data2/slagter/JWST_NIRCAM_#1227_level_2/mastDownload/JWST/jw01227002002_02105_00001_nrca1/jw01227002002_02105_00001_nrca1_cal.fits with expected size 117570240. [astroquery.query]
INFO: Found cached file /net/vdesk/data2/slagter/JWST_NIRCAM_#1227_level_2/mastDownload/JWST/jw01227002002_02103_00001_nrcalong/jw01227002002_02103_00001_nrcalong_cal.fits with expected size 117573120. [astroquery.query]
INFO: Found cached file /net/vdesk/data2/slagter/JWST_NIRCAM_#1227_level_2/mastDownload/JWST/jw01227002002_02101_00003_nrcblong/jw01227002002_02101_00003_nrcblong_cal.fits with expected size 117573120. [astroquery.query]
INFO: Found cached file /net/vdesk/data2/slagter/JWST_NIRCAM_#1227_level_2/mastDownload/JWST/jw01227002002_02105_00004_nrcalong/jw01227002002_02105_00004_nrcalong_cal.fits with expected size 117573120. [astroquery.query]
INFO: Found cached file /net/vdesk/data2/slagter/JWST_NIRCAM_#1227_level_2/mastDownload/JWST/jw01227002002_02105_00004_nrca3/jw01227002002_02105_00004_nrca3_cal.fits with expected size 117573120. [astroquery.query]
INFO: Found cached file /net/vdesk/data2/slagter/JWST_NIRCAM_#1227_level_2/mastDownload/JWST/jw01227002002_02105_00003_nrcb3/jw01227002002_02105_00003_nrcb3_cal.fits with expected size 117573120. [astroquery.query]
INFO: Found cached file /net/vdesk/data2/slagter/JWST_NIRCAM_#1227_level_2/mastDownload/JWST/jw01227002002_02105_00001_nrcb2/jw01227002002_02105_00001_nrcb2_cal.fits with expected size 117573120. [astroquery.query]
INFO: Found cached file /net/vdesk/data2/slagter/JWST_NIRCAM_#1227_level_2/mastDownload/JWST/jw01227002002_02105_00003_nrcb4/jw01227002002_02105_00003_nrcb4_cal.fits with expected size 117573120. [astroquery.query]
INFO: Found cached file /net/vdesk/data2/slagter/JWST_NIRCAM_#1227_level_2/mastDownload/JWST/jw01227002002_02105_00001_nrcb4/jw01227002002_02105_00001_nrcb4_cal.fits with expected size 117573120. [astroquery.query]
INFO: Found cached file /net/vdesk/data2/slagter/JWST_NIRCAM_#1227_level_2/mastDownload/JWST/jw01227002002_02105_00002_nrcalong/jw01227002002_02105_00002_nrcalong_cal.fits with expected size 117573120. [astroquery.query]
INFO: Found cached file /net/vdesk/data2/slagter/JWST_NIRCAM_#1227_level_2/mastDownload/JWST/jw01227002002_02103_00002_nrcalong/jw01227002002_02103_00002_nrcalong_cal.fits with expected size 117573120. [astroquery.query]
INFO: Found cached file /net/vdesk/data2/slagter/JWST_NIRCAM_#1227_level_2/mastDownload/JWST/jw01227002002_02105_00001_nrca4/jw01227002002_02105_00001_nrca4_cal.fits with expected size 117573120. [astroquery.query]
INFO: Found cached file /net/vdesk/data2/slagter/JWST_NIRCAM_#1227_level_2/mastDownload/JWST/jw01227002002_02105_00001_nrcalong/jw01227002002_02105_00001_nrcalong_cal.fits with expected size 117573120. [astroquery.query]
INFO: Found cached file /net/vdesk/data2/slagter/JWST_NIRCAM_#1227_level_2/mastDownload/JWST/jw01227002002_02105_00002_nrca1/jw01227002002_02105_00002_nrca1_cal.fits with expected size 117570240. [astroquery.query]
INFO: Found cached file /net/vdesk/data2/slagter/JWST_NIRCAM_#1227_level_2/mastDownload/JWST/jw01227002002_02105_00003_nrcb2/jw01227002002_02105_00003_nrcb2_cal.fits with expected size 117573120. [astroquery.query]
INFO: Found cached file /net/vdesk/data2/slagter/JWST_NIRCAM_#1227_level_2/mastDownload/JWST/jw01227002002_02105_00002_nrca4/jw01227002002_02105_00002_nrca4_cal.fits with expected size 117573120. [astroquery.query]
INFO: Found cached file /net/vdesk/data2/slagter/JWST_NIRCAM_#1227_level_2/mastDownload/JWST/jw01227002002_02101_00002_nrcalong/jw01227002002_02101_00002_nrcalong_cal.fits with expected size 117573120. [astroquery.query]
INFO: Found cached file /net/vdesk/data2/slagter/JWST_NIRCAM_#1227_level_2/mastDownload/JWST/jw01227002002_02105_00004_nrcb4/jw01227002002_02105_00004_nrcb4_cal.fits with expected size 117573120. [astroquery.query]
INFO: Found cached file /net/vdesk/data2/slagter/JWST_NIRCAM_#1227_level_2/mastDownload/JWST/jw01227002002_02105_00003_nrcb1/jw01227002002_02105_00003_nrcb1_cal.fits with expected size 117573120. [astroquery.query]
INFO: Found cached file /net/vdesk/data2/slagter/JWST_NIRCAM_#1227_level_2/mastDownload/JWST/jw01227002002_02105_00001_nrcb1/jw01227002002_02105_00001_nrcb1_cal.fits with expected size 117573120. [astroquery.query]
INFO: Found cached file /net/vdesk/data2/slagter/JWST_NIRCAM_#1227_level_2/mastDownload/JWST/jw01227002002_02103_00002_nrcblong/jw01227002002_02103_00002_nrcblong_cal.fits with expected size 117573120. [astroquery.query]
INFO: Found cached file /net/vdesk/data2/slagter/JWST_NIRCAM_#1227_level_2/mastDownload/JWST/jw01227002002_02101_00001_nrcalong/jw01227002002_02101_00001_nrcalong_cal.fits with expected size 117573120. [astroquery.query]
INFO: Found cached file /net/vdesk/data2/slagter/JWST_NIRCAM_#1227_level_2/mastDownload/JWST/jw01227002002_02103_00003_nrcalong/jw01227002002_02103_00003_nrcalong_cal.fits with expected size 117573120. [astroquery.query]
INFO: Found cached file /net/vdesk/data2/slagter/JWST_NIRCAM_#1227_level_2/mastDownload/JWST/jw01227002002_02105_00002_nrcb4/jw01227002002_02105_00002_nrcb4_cal.fits with expected size 117573120. [astroquery.query]
INFO: Found cached file /net/vdesk/data2/slagter/JWST_NIRCAM_#1227_level_2/mastDownload/JWST/jw01227002002_02105_00002_nrcb3/jw01227002002_02105_00002_nrcb3_cal.fits with expected size 117573120. [astroquery.query]
INFO: Found cached file /net/vdesk/data2/slagter/JWST_NIRCAM_#1227_level_2/mastDownload/JWST/jw01227002002_02105_00004_nrca4/jw01227002002_02105_00004_nrca4_cal.fits with expected size 117573120. [astroquery.query]
INFO: Found cached file /net/vdesk/data2/slagter/JWST_NIRCAM_#1227_level_2/mastDownload/JWST/jw01227002002_02105_00001_nrcb3/jw01227002002_02105_00001_nrcb3_cal.fits with expected size 117573120. [astroquery.query]
INFO: Found cached file /net/vdesk/data2/slagter/JWST_NIRCAM_#1227_level_2/mastDownload/JWST/jw01227002002_02105_00003_nrca2/jw01227002002_02105_00003_nrca2_cal.fits with expected size 117570240. [astroquery.query]
INFO: Found cached file /net/vdesk/data2/slagter/JWST_NIRCAM_#1227_level_2/mastDownload/JWST/jw01227002002_02105_00003_nrca3/jw01227002002_02105_00003_nrca3_cal.fits with expected size 117573120. [astroquery.query]
INFO: Found cached file /net/vdesk/data2/slagter/JWST_NIRCAM_#1227_level_2/mastDownload/JWST/jw01227002002_02105_00001_nrca2/jw01227002002_02105_00001_nrca2_cal.fits with expected size 117570240. [astroquery.query]
INFO: Found cached file /net/vdesk/data2/slagter/JWST_NIRCAM_#1227_level_2/mastDownload/JWST/jw01227002002_02105_00002_nrca3/jw01227002002_02105_00002_nrca3_cal.fits with expected size 117573120. [astroquery.query]
INFO: Found cached file /net/vdesk/data2/slagter/JWST_NIRCAM_#1227_level_2/mastDownload/JWST/jw01227002002_02101_00004_nrcblong/jw01227002002_02101_00004_nrcblong_cal.fits with expected size 117573120. [astroquery.query]
INFO: Found cached file /net/vdesk/data2/slagter/JWST_NIRCAM_#1227_level_2/mastDownload/JWST/jw01227002002_02105_00002_nrcblong/jw01227002002_02105_00002_nrcblong_cal.fits with expected size 117573120. [astroquery.query]
INFO: Found cached file /net/vdesk/data2/slagter/JWST_NIRCAM_#1227_level_2/mastDownload/JWST/jw01227002002_02105_00003_nrca4/jw01227002002_02105_00003_nrca4_cal.fits with expected size 117573120. [astroquery.query]
INFO: Found cached file /net/vdesk/data2/slagter/JWST_NIRCAM_#1227_level_2/mastDownload/JWST/jw01227002002_02105_00004_nrcb3/jw01227002002_02105_00004_nrcb3_cal.fits with expected size 117573120. [astroquery.query]
INFO: Found cached file /net/vdesk/data2/slagter/JWST_NIRCAM_#1227_level_2/mastDownload/JWST/jw01227002002_02101_00004_nrcalong/jw01227002002_02101_00004_nrcalong_cal.fits with expected size 117573120. [astroquery.query]
INFO: Found cached file /net/vdesk/data2/slagter/JWST_NIRCAM_#1227_level_2/mastDownload/JWST/jw01227002002_02105_00004_nrcblong/jw01227002002_02105_00004_nrcblong_cal.fits with expected size 117573120. [astroquery.query]
INFO: Found cached file /net/vdesk/data2/slagter/JWST_NIRCAM_#1227_level_2/mastDownload/JWST/jw01227002002_02105_00004_nrcb2/jw01227002002_02105_00004_nrcb2_cal.fits with expected size 117573120. [astroquery.query]
INFO: Found cached file /net/vdesk/data2/slagter/JWST_NIRCAM_#1227_level_2/mastDownload/JWST/jw01227002002_02105_00002_nrca2/jw01227002002_02105_00002_nrca2_cal.fits with expected size 117570240. [astroquery.query]
INFO: Found cached file /net/vdesk/data2/slagter/JWST_NIRCAM_#1227_level_2/mastDownload/JWST/jw01227002002_02105_00002_nrcb1/jw01227002002_02105_00002_nrcb1_cal.fits with expected size 117573120. [astroquery.query]
INFO: Found cached file /net/vdesk/data2/slagter/JWST_NIRCAM_#1227_level_2/mastDownload/JWST/jw01227002002_02105_00001_nrca3/jw01227002002_02105_00001_nrca3_cal.fits with expected size 117573120. [astroquery.query]
INFO: Found cached file /net/vdesk/data2/slagter/JWST_NIRCAM_#1227_level_2/mastDownload/JWST/jw01227002002_02101_00003_nrcalong/jw01227002002_02101_00003_nrcalong_cal.fits with expected size 117573120. [astroquery.query]
INFO: Found cached file /net/vdesk/data2/slagter/JWST_NIRCAM_#1227_level_2/mastDownload/JWST/jw01227002002_02105_00004_nrca1/jw01227002002_02105_00004_nrca1_cal.fits with expected size 117570240. [astroquery.query]
INFO: Found cached file /net/vdesk/data2/slagter/JWST_NIRCAM_#1227_level_2/mastDownload/JWST/jw01227002002_02105_00003_nrca1/jw01227002002_02105_00003_nrca1_cal.fits with expected size 117570240. [astroquery.query]
INFO: Found cached file /net/vdesk/data2/slagter/JWST_NIRCAM_#1227_level_2/mastDownload/JWST/jw01227002002_02105_00004_nrca2/jw01227002002_02105_00004_nrca2_cal.fits with expected size 117570240. [astroquery.query]
INFO: Found cached file /net/vdesk/data2/slagter/JWST_NIRCAM_#1227_level_2/mastDownload/JWST/jw01227002003_02105_00004_nrcb1/jw01227002003_02105_00004_nrcb1_cal.fits with expected size 117573120. [astroquery.query]
INFO: Found cached file /net/vdesk/data2/slagter/JWST_NIRCAM_#1227_level_2/mastDownload/JWST/jw01227002001_02101_00004_nrcalong/jw01227002001_02101_00004_nrcalong_cal.fits with expected size 117573120. [astroquery.query]
INFO: Found cached file /net/vdesk/data2/slagter/JWST_NIRCAM_#1227_level_2/mastDownload/JWST/jw01227002003_02105_00003_nrcb4/jw01227002003_02105_00003_nrcb4_cal.fits with expected size 117573120. [astroquery.query]
INFO: Found cached file /net/vdesk/data2/slagter/JWST_NIRCAM_#1227_level_2/mastDownload/JWST/jw01227002001_02105_00004_nrca4/jw01227002001_02105_00004_nrca4_cal.fits with expected size 117573120. [astroquery.query]
INFO: Found cached file /net/vdesk/data2/slagter/JWST_NIRCAM_#1227_level_2/mastDownload/JWST/jw01227002001_02105_00002_nrcb1/jw01227002001_02105_00002_nrcb1_cal.fits with expected size 117573120. [astroquery.query]
INFO: Found cached file /net/vdesk/data2/slagter/JWST_NIRCAM_#1227_level_2/mastDownload/JWST/jw01227002003_02105_00004_nrcb3/jw01227002003_02105_00004_nrcb3_cal.fits with expected size 117573120. [astroquery.query]
INFO: Found cached file /net/vdesk/data2/slagter/JWST_NIRCAM_#1227_level_2/mastDownload/JWST/jw01227002001_02105_00002_nrcalong/jw01227002001_02105_00002_nrcalong_cal.fits with expected size 117573120. [astroquery.query]
INFO: Found cached file /net/vdesk/data2/slagter/JWST_NIRCAM_#1227_level_2/mastDownload/JWST/jw01227002003_02105_00003_nrca1/jw01227002003_02105_00003_nrca1_cal.fits with expected size 117570240. [astroquery.query]
INFO: Found cached file /net/vdesk/data2/slagter/JWST_NIRCAM_#1227_level_2/mastDownload/JWST/jw01227002003_02105_00003_nrcb1/jw01227002003_02105_00003_nrcb1_cal.fits with expected size 117573120. [astroquery.query]
INFO: Found cached file /net/vdesk/data2/slagter/JWST_NIRCAM_#1227_level_2/mastDownload/JWST/jw01227002001_02105_00001_nrca2/jw01227002001_02105_00001_nrca2_cal.fits with expected size 117570240. [astroquery.query]
INFO: Found cached file /net/vdesk/data2/slagter/JWST_NIRCAM_#1227_level_2/mastDownload/JWST/jw01227002001_02105_00004_nrcalong/jw01227002001_02105_00004_nrcalong_cal.fits with expected size 117573120. [astroquery.query]
INFO: Found cached file /net/vdesk/data2/slagter/JWST_NIRCAM_#1227_level_2/mastDownload/JWST/jw01227002003_02105_00003_nrca3/jw01227002003_02105_00003_nrca3_cal.fits with expected size 117573120. [astroquery.query]
INFO: Found cached file /net/vdesk/data2/slagter/JWST_NIRCAM_#1227_level_2/mastDownload/JWST/jw01227002003_02105_00002_nrcb4/jw01227002003_02105_00002_nrcb4_cal.fits with expected size 117573120. [astroquery.query]
INFO: Found cached file /net/vdesk/data2/slagter/JWST_NIRCAM_#1227_level_2/mastDownload/JWST/jw01227002003_02105_00003_nrca4/jw01227002003_02105_00003_nrca4_cal.fits with expected size 117573120. [astroquery.query]
INFO: Found cached file /net/vdesk/data2/slagter/JWST_NIRCAM_#1227_level_2/mastDownload/JWST/jw01227002001_02105_00003_nrcb2/jw01227002001_02105_00003_nrcb2_cal.fits with expected size 117573120. [astroquery.query]
INFO: Found cached file /net/vdesk/data2/slagter/JWST_NIRCAM_#1227_level_2/mastDownload/JWST/jw01227002001_02105_00004_nrcb4/jw01227002001_02105_00004_nrcb4_cal.fits with expected size 117573120. [astroquery.query]
INFO: Found cached file /net/vdesk/data2/slagter/JWST_NIRCAM_#1227_level_2/mastDownload/JWST/jw01227002001_02105_00001_nrca1/jw01227002001_02105_00001_nrca1_cal.fits with expected size 117570240. [astroquery.query]
INFO: Found cached file /net/vdesk/data2/slagter/JWST_NIRCAM_#1227_level_2/mastDownload/JWST/jw01227002003_02103_00002_nrcblong/jw01227002003_02103_00002_nrcblong_cal.fits with expected size 117573120. [astroquery.query]
INFO: Found cached file /net/vdesk/data2/slagter/JWST_NIRCAM_#1227_level_2/mastDownload/JWST/jw01227002003_02105_00002_nrca3/jw01227002003_02105_00002_nrca3_cal.fits with expected size 117573120. [astroquery.query]
INFO: Found cached file /net/vdesk/data2/slagter/JWST_NIRCAM_#1227_level_2/mastDownload/JWST/jw01227002003_02105_00002_nrca1/jw01227002003_02105_00002_nrca1_cal.fits with expected size 117570240. [astroquery.query]
INFO: Found cached file /net/vdesk/data2/slagter/JWST_NIRCAM_#1227_level_2/mastDownload/JWST/jw01227002001_02105_00003_nrca2/jw01227002001_02105_00003_nrca2_cal.fits with expected size 117570240. [astroquery.query]
INFO: Found cached file /net/vdesk/data2/slagter/JWST_NIRCAM_#1227_level_2/mastDownload/JWST/jw01227002003_02105_00002_nrcblong/jw01227002003_02105_00002_nrcblong_cal.fits with expected size 117573120. [astroquery.query]
INFO: Found cached file /net/vdesk/data2/slagter/JWST_NIRCAM_#1227_level_2/mastDownload/JWST/jw01227002001_02105_00004_nrcb3/jw01227002001_02105_00004_nrcb3_cal.fits with expected size 117573120. [astroquery.query]
INFO: Found cached file /net/vdesk/data2/slagter/JWST_NIRCAM_#1227_level_2/mastDownload/JWST/jw01227002001_02105_00003_nrca3/jw01227002001_02105_00003_nrca3_cal.fits with expected size 117573120. [astroquery.query]
INFO: Found cached file /net/vdesk/data2/slagter/JWST_NIRCAM_#1227_level_2/mastDownload/JWST/jw01227002003_02105_00003_nrcalong/jw01227002003_02105_00003_nrcalong_cal.fits with expected size 117573120. [astroquery.query]
INFO: Found cached file /net/vdesk/data2/slagter/JWST_NIRCAM_#1227_level_2/mastDownload/JWST/jw01227002001_02101_00003_nrcblong/jw01227002001_02101_00003_nrcblong_cal.fits with expected size 117573120. [astroquery.query]
INFO: Found cached file /net/vdesk/data2/slagter/JWST_NIRCAM_#1227_level_2/mastDownload/JWST/jw01227002001_02105_00003_nrcb3/jw01227002001_02105_00003_nrcb3_cal.fits with expected size 117573120. [astroquery.query]
INFO: Found cached file /net/vdesk/data2/slagter/JWST_NIRCAM_#1227_level_2/mastDownload/JWST/jw01227002001_02105_00003_nrcalong/jw01227002001_02105_00003_nrcalong_cal.fits with expected size 117573120. [astroquery.query]
INFO: Found cached file /net/vdesk/data2/slagter/JWST_NIRCAM_#1227_level_2/mastDownload/JWST/jw01227002001_02105_00002_nrcb4/jw01227002001_02105_00002_nrcb4_cal.fits with expected size 117573120. [astroquery.query]
INFO: Found cached file /net/vdesk/data2/slagter/JWST_NIRCAM_#1227_level_2/mastDownload/JWST/jw01227002003_02101_00001_nrcblong/jw01227002003_02101_00001_nrcblong_cal.fits with expected size 117573120. [astroquery.query]
INFO: Found cached file /net/vdesk/data2/slagter/JWST_NIRCAM_#1227_level_2/mastDownload/JWST/jw01227002003_02101_00002_nrcalong/jw01227002003_02101_00002_nrcalong_cal.fits with expected size 117573120. [astroquery.query]
INFO: Found cached file /net/vdesk/data2/slagter/JWST_NIRCAM_#1227_level_2/mastDownload/JWST/jw01227002001_02103_00004_nrcblong/jw01227002001_02103_00004_nrcblong_cal.fits with expected size 117573120. [astroquery.query]
INFO: Found cached file /net/vdesk/data2/slagter/JWST_NIRCAM_#1227_level_2/mastDownload/JWST/jw01227002003_02103_00003_nrcalong/jw01227002003_02103_00003_nrcalong_cal.fits with expected size 117573120. [astroquery.query]
INFO: Found cached file /net/vdesk/data2/slagter/JWST_NIRCAM_#1227_level_2/mastDownload/JWST/jw01227002001_02103_00001_nrcblong/jw01227002001_02103_00001_nrcblong_cal.fits with expected size 117573120. [astroquery.query]
INFO: Found cached file /net/vdesk/data2/slagter/JWST_NIRCAM_#1227_level_2/mastDownload/JWST/jw01227002001_02105_00004_nrcb2/jw01227002001_02105_00004_nrcb2_cal.fits with expected size 117573120. [astroquery.query]
INFO: Found cached file /net/vdesk/data2/slagter/JWST_NIRCAM_#1227_level_2/mastDownload/JWST/jw01227002003_02101_00003_nrcblong/jw01227002003_02101_00003_nrcblong_cal.fits with expected size 117573120. [astroquery.query]
INFO: Found cached file /net/vdesk/data2/slagter/JWST_NIRCAM_#1227_level_2/mastDownload/JWST/jw01227002001_02105_00003_nrcb1/jw01227002001_02105_00003_nrcb1_cal.fits with expected size 117573120. [astroquery.query]
INFO: Found cached file /net/vdesk/data2/slagter/JWST_NIRCAM_#1227_level_2/mastDownload/JWST/jw01227002003_02101_00004_nrcblong/jw01227002003_02101_00004_nrcblong_cal.fits with expected size 117573120. [astroquery.query]
INFO: Found cached file /net/vdesk/data2/slagter/JWST_NIRCAM_#1227_level_2/mastDownload/JWST/jw01227002001_02103_00003_nrcalong/jw01227002001_02103_00003_nrcalong_cal.fits with expected size 117573120. [astroquery.query]
INFO: Found cached file /net/vdesk/data2/slagter/JWST_NIRCAM_#1227_level_2/mastDownload/JWST/jw01227002001_02105_00002_nrca4/jw01227002001_02105_00002_nrca4_cal.fits with expected size 117573120. [astroquery.query]
INFO: Found cached file /net/vdesk/data2/slagter/JWST_NIRCAM_#1227_level_2/mastDownload/JWST/jw01227002003_02101_00004_nrcalong/jw01227002003_02101_00004_nrcalong_cal.fits with expected size 117573120. [astroquery.query]
INFO: Found cached file /net/vdesk/data2/slagter/JWST_NIRCAM_#1227_level_2/mastDownload/JWST/jw01227002003_02101_00001_nrcalong/jw01227002003_02101_00001_nrcalong_cal.fits with expected size 117573120. [astroquery.query]
INFO: Found cached file /net/vdesk/data2/slagter/JWST_NIRCAM_#1227_level_2/mastDownload/JWST/jw01227002001_02105_00003_nrcb4/jw01227002001_02105_00003_nrcb4_cal.fits with expected size 117573120. [astroquery.query]
INFO: Found cached file /net/vdesk/data2/slagter/JWST_NIRCAM_#1227_level_2/mastDownload/JWST/jw01227002003_02105_00002_nrcalong/jw01227002003_02105_00002_nrcalong_cal.fits with expected size 117573120. [astroquery.query]
INFO: Found cached file /net/vdesk/data2/slagter/JWST_NIRCAM_#1227_level_2/mastDownload/JWST/jw01227002003_02105_00004_nrca3/jw01227002003_02105_00004_nrca3_cal.fits with expected size 117573120. [astroquery.query]
INFO: Found cached file /net/vdesk/data2/slagter/JWST_NIRCAM_#1227_level_2/mastDownload/JWST/jw01227002003_02105_00002_nrca2/jw01227002003_02105_00002_nrca2_cal.fits with expected size 117570240. [astroquery.query]
INFO: Found cached file /net/vdesk/data2/slagter/JWST_NIRCAM_#1227_level_2/mastDownload/JWST/jw01227002001_02105_00001_nrcb4/jw01227002001_02105_00001_nrcb4_cal.fits with expected size 117573120. [astroquery.query]
INFO: Found cached file /net/vdesk/data2/slagter/JWST_NIRCAM_#1227_level_2/mastDownload/JWST/jw01227002003_02105_00004_nrcblong/jw01227002003_02105_00004_nrcblong_cal.fits with expected size 117573120. [astroquery.query]
INFO: Found cached file /net/vdesk/data2/slagter/JWST_NIRCAM_#1227_level_2/mastDownload/JWST/jw01227002001_02105_00003_nrca4/jw01227002001_02105_00003_nrca4_cal.fits with expected size 117573120. [astroquery.query]
INFO: Found cached file /net/vdesk/data2/slagter/JWST_NIRCAM_#1227_level_2/mastDownload/JWST/jw01227002003_02105_00002_nrcb3/jw01227002003_02105_00002_nrcb3_cal.fits with expected size 117573120. [astroquery.query]
INFO: Found cached file /net/vdesk/data2/slagter/JWST_NIRCAM_#1227_level_2/mastDownload/JWST/jw01227002003_02105_00002_nrcb1/jw01227002003_02105_00002_nrcb1_cal.fits with expected size 117573120. [astroquery.query]
INFO: Found cached file /net/vdesk/data2/slagter/JWST_NIRCAM_#1227_level_2/mastDownload/JWST/jw01227002001_02105_00001_nrca4/jw01227002001_02105_00001_nrca4_cal.fits with expected size 117573120. [astroquery.query]
INFO: Found cached file /net/vdesk/data2/slagter/JWST_NIRCAM_#1227_level_2/mastDownload/JWST/jw01227002003_02105_00004_nrcb4/jw01227002003_02105_00004_nrcb4_cal.fits with expected size 117573120. [astroquery.query]
INFO: Found cached file /net/vdesk/data2/slagter/JWST_NIRCAM_#1227_level_2/mastDownload/JWST/jw01227002001_02101_00003_nrcalong/jw01227002001_02101_00003_nrcalong_cal.fits with expected size 117573120. [astroquery.query]
INFO: Found cached file /net/vdesk/data2/slagter/JWST_NIRCAM_#1227_level_2/mastDownload/JWST/jw01227002001_02105_00001_nrcb3/jw01227002001_02105_00001_nrcb3_cal.fits with expected size 117573120. [astroquery.query]
INFO: Found cached file /net/vdesk/data2/slagter/JWST_NIRCAM_#1227_level_2/mastDownload/JWST/jw01227002003_02105_00003_nrca2/jw01227002003_02105_00003_nrca2_cal.fits with expected size 117570240. [astroquery.query]
INFO: Found cached file /net/vdesk/data2/slagter/JWST_NIRCAM_#1227_level_2/mastDownload/JWST/jw01227002003_02103_00002_nrcalong/jw01227002003_02103_00002_nrcalong_cal.fits with expected size 117573120. [astroquery.query]
INFO: Found cached file /net/vdesk/data2/slagter/JWST_NIRCAM_#1227_level_2/mastDownload/JWST/jw01227002001_02105_00004_nrca1/jw01227002001_02105_00004_nrca1_cal.fits with expected size 117570240. [astroquery.query]
INFO: Found cached file /net/vdesk/data2/slagter/JWST_NIRCAM_#1227_level_2/mastDownload/JWST/jw01227002003_02103_00004_nrcalong/jw01227002003_02103_00004_nrcalong_cal.fits with expected size 117573120. [astroquery.query]
INFO: Found cached file /net/vdesk/data2/slagter/JWST_NIRCAM_#1227_level_2/mastDownload/JWST/jw01227002001_02105_00002_nrcblong/jw01227002001_02105_00002_nrcblong_cal.fits with expected size 117573120. [astroquery.query]
INFO: Found cached file /net/vdesk/data2/slagter/JWST_NIRCAM_#1227_level_2/mastDownload/JWST/jw01227002003_02105_00002_nrcb2/jw01227002003_02105_00002_nrcb2_cal.fits with expected size 117573120. [astroquery.query]
INFO: Found cached file /net/vdesk/data2/slagter/JWST_NIRCAM_#1227_level_2/mastDownload/JWST/jw01227002001_02105_00001_nrcalong/jw01227002001_02105_00001_nrcalong_cal.fits with expected size 117573120. [astroquery.query]
INFO: Found cached file /net/vdesk/data2/slagter/JWST_NIRCAM_#1227_level_2/mastDownload/JWST/jw01227002001_02105_00001_nrcb2/jw01227002001_02105_00001_nrcb2_cal.fits with expected size 117573120. [astroquery.query]
INFO: Found cached file /net/vdesk/data2/slagter/JWST_NIRCAM_#1227_level_2/mastDownload/JWST/jw01227002003_02105_00004_nrca1/jw01227002003_02105_00004_nrca1_cal.fits with expected size 117570240. [astroquery.query]
INFO: Found cached file /net/vdesk/data2/slagter/JWST_NIRCAM_#1227_level_2/mastDownload/JWST/jw01227002001_02103_00002_nrcalong/jw01227002001_02103_00002_nrcalong_cal.fits with expected size 117573120. [astroquery.query]
INFO: Found cached file /net/vdesk/data2/slagter/JWST_NIRCAM_#1227_level_2/mastDownload/JWST/jw01227002003_02105_00004_nrcb2/jw01227002003_02105_00004_nrcb2_cal.fits with expected size 117573120. [astroquery.query]
INFO: Found cached file /net/vdesk/data2/slagter/JWST_NIRCAM_#1227_level_2/mastDownload/JWST/jw01227002003_02105_00004_nrca2/jw01227002003_02105_00004_nrca2_cal.fits with expected size 117570240. [astroquery.query]
INFO: Found cached file /net/vdesk/data2/slagter/JWST_NIRCAM_#1227_level_2/mastDownload/JWST/jw01227002003_02101_00003_nrcalong/jw01227002003_02101_00003_nrcalong_cal.fits with expected size 117573120. [astroquery.query]
INFO: Found cached file /net/vdesk/data2/slagter/JWST_NIRCAM_#1227_level_2/mastDownload/JWST/jw01227002003_02103_00003_nrcblong/jw01227002003_02103_00003_nrcblong_cal.fits with expected size 117573120. [astroquery.query]
INFO: Found cached file /net/vdesk/data2/slagter/JWST_NIRCAM_#1227_level_2/mastDownload/JWST/jw01227002001_02103_00002_nrcblong/jw01227002001_02103_00002_nrcblong_cal.fits with expected size 117573120. [astroquery.query]
INFO: Found cached file /net/vdesk/data2/slagter/JWST_NIRCAM_#1227_level_2/mastDownload/JWST/jw01227002003_02105_00004_nrcalong/jw01227002003_02105_00004_nrcalong_cal.fits with expected size 117573120. [astroquery.query]
INFO: Found cached file /net/vdesk/data2/slagter/JWST_NIRCAM_#1227_level_2/mastDownload/JWST/jw01227002003_02105_00002_nrca4/jw01227002003_02105_00002_nrca4_cal.fits with expected size 117573120. [astroquery.query]
INFO: Found cached file /net/vdesk/data2/slagter/JWST_NIRCAM_#1227_level_2/mastDownload/JWST/jw01227002001_02105_00003_nrcblong/jw01227002001_02105_00003_nrcblong_cal.fits with expected size 117573120. [astroquery.query]
INFO: Found cached file /net/vdesk/data2/slagter/JWST_NIRCAM_#1227_level_2/mastDownload/JWST/jw01227002003_02105_00003_nrcb2/jw01227002003_02105_00003_nrcb2_cal.fits with expected size 117573120. [astroquery.query]
INFO: Found cached file /net/vdesk/data2/slagter/JWST_NIRCAM_#1227_level_2/mastDownload/JWST/jw01227002001_02105_00002_nrcb2/jw01227002001_02105_00002_nrcb2_cal.fits with expected size 117573120. [astroquery.query]
INFO: Found cached file /net/vdesk/data2/slagter/JWST_NIRCAM_#1227_level_2/mastDownload/JWST/jw01227002003_02105_00004_nrca4/jw01227002003_02105_00004_nrca4_cal.fits with expected size 117573120. [astroquery.query]
INFO: Found cached file /net/vdesk/data2/slagter/JWST_NIRCAM_#1227_level_2/mastDownload/JWST/jw01227002001_02105_00004_nrcblong/jw01227002001_02105_00004_nrcblong_cal.fits with expected size 117573120. [astroquery.query]
INFO: Found cached file /net/vdesk/data2/slagter/JWST_NIRCAM_#1227_level_2/mastDownload/JWST/jw01227002003_02101_00002_nrcblong/jw01227002003_02101_00002_nrcblong_cal.fits with expected size 117573120. [astroquery.query]
INFO: Found cached file /net/vdesk/data2/slagter/JWST_NIRCAM_#1227_level_2/mastDownload/JWST/jw01227002001_02105_00003_nrca1/jw01227002001_02105_00003_nrca1_cal.fits with expected size 117570240. [astroquery.query]
INFO: Found cached file /net/vdesk/data2/slagter/JWST_NIRCAM_#1227_level_2/mastDownload/JWST/jw01227002003_02103_00004_nrcblong/jw01227002003_02103_00004_nrcblong_cal.fits with expected size 117573120. [astroquery.query]
INFO: Found cached file /net/vdesk/data2/slagter/JWST_NIRCAM_#1227_level_2/mastDownload/JWST/jw01227002003_02105_00003_nrcblong/jw01227002003_02105_00003_nrcblong_cal.fits with expected size 117573120. [astroquery.query]
INFO: Found cached file /net/vdesk/data2/slagter/JWST_NIRCAM_#1227_level_2/mastDownload/JWST/jw01227002001_02103_00004_nrcalong/jw01227002001_02103_00004_nrcalong_cal.fits with expected size 117573120. [astroquery.query]
INFO: Found cached file /net/vdesk/data2/slagter/JWST_NIRCAM_#1227_level_2/mastDownload/JWST/jw01227002003_02105_00003_nrcb3/jw01227002003_02105_00003_nrcb3_cal.fits with expected size 117573120. [astroquery.query]
INFO: Found cached file /net/vdesk/data2/slagter/JWST_NIRCAM_#1227_level_2/mastDownload/JWST/jw01227002001_02103_00001_nrcalong/jw01227002001_02103_00001_nrcalong_cal.fits with expected size 117573120. [astroquery.query]
INFO: Found cached file /net/vdesk/data2/slagter/JWST_NIRCAM_#1227_level_2/mastDownload/JWST/jw01227002001_02105_00002_nrca2/jw01227002001_02105_00002_nrca2_cal.fits with expected size 117570240. [astroquery.query]
INFO: Found cached file /net/vdesk/data2/slagter/JWST_NIRCAM_#1227_level_2/mastDownload/JWST/jw01227002001_02103_00003_nrcblong/jw01227002001_02103_00003_nrcblong_cal.fits with expected size 117573120. [astroquery.query]
INFO: Found cached file /net/vdesk/data2/slagter/JWST_NIRCAM_#1227_level_2/mastDownload/JWST/jw01227002001_02105_00001_nrcblong/jw01227002001_02105_00001_nrcblong_cal.fits with expected size 117573120. [astroquery.query]
INFO: Found cached file /net/vdesk/data2/slagter/JWST_NIRCAM_#1227_level_2/mastDownload/JWST/jw01227002001_02105_00004_nrca2/jw01227002001_02105_00004_nrca2_cal.fits with expected size 117570240. [astroquery.query]
INFO: Found cached file /net/vdesk/data2/slagter/JWST_NIRCAM_#1227_level_2/mastDownload/JWST/jw01227002001_02105_00002_nrcb3/jw01227002001_02105_00002_nrcb3_cal.fits with expected size 117573120. [astroquery.query]
INFO: Found cached file /net/vdesk/data2/slagter/JWST_NIRCAM_#1227_level_2/mastDownload/JWST/jw01227002001_02101_00004_nrcblong/jw01227002001_02101_00004_nrcblong_cal.fits with expected size 117573120. [astroquery.query]
INFO: Found cached file /net/vdesk/data2/slagter/JWST_NIRCAM_#1227_level_2/mastDownload/JWST/jw01227002001_02105_00002_nrca3/jw01227002001_02105_00002_nrca3_cal.fits with expected size 117573120. [astroquery.query]
INFO: Found cached file /net/vdesk/data2/slagter/JWST_NIRCAM_#1227_level_2/mastDownload/JWST/jw01227002001_02105_00004_nrca3/jw01227002001_02105_00004_nrca3_cal.fits with expected size 117573120. [astroquery.query]
INFO: Found cached file /net/vdesk/data2/slagter/JWST_NIRCAM_#1227_level_2/mastDownload/JWST/jw01227002001_02105_00004_nrcb1/jw01227002001_02105_00004_nrcb1_cal.fits with expected size 117573120. [astroquery.query]
INFO: Found cached file /net/vdesk/data2/slagter/JWST_NIRCAM_#1227_level_2/mastDownload/JWST/jw01227002001_02105_00001_nrcb1/jw01227002001_02105_00001_nrcb1_cal.fits with expected size 117573120. [astroquery.query]
INFO: Found cached file /net/vdesk/data2/slagter/JWST_NIRCAM_#1227_level_2/mastDownload/JWST/jw01227002003_02105_00001_nrcalong/jw01227002003_02105_00001_nrcalong_cal.fits with expected size 117573120. [astroquery.query]
INFO: Found cached file /net/vdesk/data2/slagter/JWST_NIRCAM_#1227_level_2/mastDownload/JWST/jw01227002003_02105_00001_nrcb3/jw01227002003_02105_00001_nrcb3_cal.fits with expected size 117573120. [astroquery.query]
INFO: Found cached file /net/vdesk/data2/slagter/JWST_NIRCAM_#1227_level_2/mastDownload/JWST/jw01227002003_02105_00001_nrca1/jw01227002003_02105_00001_nrca1_cal.fits with expected size 117570240. [astroquery.query]
INFO: Found cached file /net/vdesk/data2/slagter/JWST_NIRCAM_#1227_level_2/mastDownload/JWST/jw01227002003_02105_00001_nrcb4/jw01227002003_02105_00001_nrcb4_cal.fits with expected size 117573120. [astroquery.query]
INFO: Found cached file /net/vdesk/data2/slagter/JWST_NIRCAM_#1227_level_2/mastDownload/JWST/jw01227002003_02103_00001_nrcalong/jw01227002003_02103_00001_nrcalong_cal.fits with expected size 117573120. [astroquery.query]
INFO: Found cached file /net/vdesk/data2/slagter/JWST_NIRCAM_#1227_level_2/mastDownload/JWST/jw01227002003_02105_00001_nrcblong/jw01227002003_02105_00001_nrcblong_cal.fits with expected size 117573120. [astroquery.query]
INFO: Found cached file /net/vdesk/data2/slagter/JWST_NIRCAM_#1227_level_2/mastDownload/JWST/jw01227002003_02103_00001_nrcblong/jw01227002003_02103_00001_nrcblong_cal.fits with expected size 117573120. [astroquery.query]
INFO: Found cached file /net/vdesk/data2/slagter/JWST_NIRCAM_#1227_level_2/mastDownload/JWST/jw01227002003_02105_00001_nrcb1/jw01227002003_02105_00001_nrcb1_cal.fits with expected size 117573120. [astroquery.query]
INFO: Found cached file /net/vdesk/data2/slagter/JWST_NIRCAM_#1227_level_2/mastDownload/JWST/jw01227002003_02105_00001_nrca3/jw01227002003_02105_00001_nrca3_cal.fits with expected size 117573120. [astroquery.query]
INFO: Found cached file /net/vdesk/data2/slagter/JWST_NIRCAM_#1227_level_2/mastDownload/JWST/jw01227002003_02105_00001_nrca2/jw01227002003_02105_00001_nrca2_cal.fits with expected size 117570240. [astroquery.query]
INFO: Found cached file /net/vdesk/data2/slagter/JWST_NIRCAM_#1227_level_2/mastDownload/JWST/jw01227002003_02105_00001_nrcb2/jw01227002003_02105_00001_nrcb2_cal.fits with expected size 117573120. [astroquery.query]
INFO: Found cached file /net/vdesk/data2/slagter/JWST_NIRCAM_#1227_level_2/mastDownload/JWST/jw01227002003_02105_00001_nrca4/jw01227002003_02105_00001_nrca4_cal.fits with expected size 117573120. [astroquery.query]
INFO: Found cached file /net/vdesk/data2/slagter/JWST_NIRCAM_#1227_level_2/mastDownload/JWST/jw01227014001_05201_00002_nrca2/jw01227014001_05201_00002_nrca2_cal.fits with expected size 117573120. [astroquery.query]
INFO: Found cached file /net/vdesk/data2/slagter/JWST_NIRCAM_#1227_level_2/mastDownload/JWST/jw01227014001_09201_00002_nrca3/jw01227014001_09201_00002_nrca3_cal.fits with expected size 117573120. [astroquery.query]
INFO: Found cached file /net/vdesk/data2/slagter/JWST_NIRCAM_#1227_level_2/mastDownload/JWST/jw01227014001_07201_00002_nrcalong/jw01227014001_07201_00002_nrcalong_cal.fits with expected size 117573120. [astroquery.query]
INFO: Found cached file /net/vdesk/data2/slagter/JWST_NIRCAM_#1227_level_2/mastDownload/JWST/jw01227014001_05201_00003_nrcb1/jw01227014001_05201_00003_nrcb1_cal.fits with expected size 117573120. [astroquery.query]
INFO: Found cached file /net/vdesk/data2/slagter/JWST_NIRCAM_#1227_level_2/mastDownload/JWST/jw01227014001_09201_00001_nrcb3/jw01227014001_09201_00001_nrcb3_cal.fits with expected size 117573120. [astroquery.query]
INFO: Found cached file /net/vdesk/data2/slagter/JWST_NIRCAM_#1227_level_2/mastDownload/JWST/jw01227014001_09201_00002_nrca2/jw01227014001_09201_00002_nrca2_cal.fits with expected size 117573120. [astroquery.query]
INFO: Found cached file /net/vdesk/data2/slagter/JWST_NIRCAM_#1227_level_2/mastDownload/JWST/jw01227014001_07201_00002_nrcblong/jw01227014001_07201_00002_nrcblong_cal.fits with expected size 117573120. [astroquery.query]
INFO: Found cached file /net/vdesk/data2/slagter/JWST_NIRCAM_#1227_level_2/mastDownload/JWST/jw01227014001_09201_00002_nrcb1/jw01227014001_09201_00002_nrcb1_cal.fits with expected size 117573120. [astroquery.query]
INFO: Found cached file /net/vdesk/data2/slagter/JWST_NIRCAM_#1227_level_2/mastDownload/JWST/jw01227014001_05201_00001_nrcb3/jw01227014001_05201_00001_nrcb3_cal.fits with expected size 117573120. [astroquery.query]
INFO: Found cached file /net/vdesk/data2/slagter/JWST_NIRCAM_#1227_level_2/mastDownload/JWST/jw01227014001_05201_00002_nrcb2/jw01227014001_05201_00002_nrcb2_cal.fits with expected size 117573120. [astroquery.query]
INFO: Found cached file /net/vdesk/data2/slagter/JWST_NIRCAM_#1227_level_2/mastDownload/JWST/jw01227014001_09201_00003_nrca3/jw01227014001_09201_00003_nrca3_cal.fits with expected size 117573120. [astroquery.query]
INFO: Found cached file /net/vdesk/data2/slagter/JWST_NIRCAM_#1227_level_2/mastDownload/JWST/jw01227014001_05201_00002_nrcb1/jw01227014001_05201_00002_nrcb1_cal.fits with expected size 117573120. [astroquery.query]
INFO: Found cached file /net/vdesk/data2/slagter/JWST_NIRCAM_#1227_level_2/mastDownload/JWST/jw01227014001_05201_00003_nrcb4/jw01227014001_05201_00003_nrcb4_cal.fits with expected size 117573120. [astroquery.query]
INFO: Found cached file /net/vdesk/data2/slagter/JWST_NIRCAM_#1227_level_2/mastDownload/JWST/jw01227014001_05201_00001_nrca2/jw01227014001_05201_00001_nrca2_cal.fits with expected size 117573120. [astroquery.query]
INFO: Found cached file /net/vdesk/data2/slagter/JWST_NIRCAM_#1227_level_2/mastDownload/JWST/jw01227014001_03201_00002_nrcblong/jw01227014001_03201_00002_nrcblong_cal.fits with expected size 117573120. [astroquery.query]
INFO: Found cached file /net/vdesk/data2/slagter/JWST_NIRCAM_#1227_level_2/mastDownload/JWST/jw01227014001_09201_00003_nrca1/jw01227014001_09201_00003_nrca1_cal.fits with expected size 117573120. [astroquery.query]
INFO: Found cached file /net/vdesk/data2/slagter/JWST_NIRCAM_#1227_level_2/mastDownload/JWST/jw01227014001_09201_00003_nrcb1/jw01227014001_09201_00003_nrcb1_cal.fits with expected size 117573120. [astroquery.query]
INFO: Found cached file /net/vdesk/data2/slagter/JWST_NIRCAM_#1227_level_2/mastDownload/JWST/jw01227014001_09201_00002_nrca4/jw01227014001_09201_00002_nrca4_cal.fits with expected size 117573120. [astroquery.query]
INFO: Found cached file /net/vdesk/data2/slagter/JWST_NIRCAM_#1227_level_2/mastDownload/JWST/jw01227014001_03201_00001_nrcalong/jw01227014001_03201_00001_nrcalong_cal.fits with expected size 117573120. [astroquery.query]
INFO: Found cached file /net/vdesk/data2/slagter/JWST_NIRCAM_#1227_level_2/mastDownload/JWST/jw01227014001_05201_00002_nrcb4/jw01227014001_05201_00002_nrcb4_cal.fits with expected size 117573120. [astroquery.query]
INFO: Found cached file /net/vdesk/data2/slagter/JWST_NIRCAM_#1227_level_2/mastDownload/JWST/jw01227014001_09201_00002_nrca1/jw01227014001_09201_00002_nrca1_cal.fits with expected size 117573120. [astroquery.query]
INFO: Found cached file /net/vdesk/data2/slagter/JWST_NIRCAM_#1227_level_2/mastDownload/JWST/jw01227014001_09201_00001_nrcb1/jw01227014001_09201_00001_nrcb1_cal.fits with expected size 117573120. [astroquery.query]
INFO: Found cached file /net/vdesk/data2/slagter/JWST_NIRCAM_#1227_level_2/mastDownload/JWST/jw01227014001_05201_00001_nrcb4/jw01227014001_05201_00001_nrcb4_cal.fits with expected size 117573120. [astroquery.query]
INFO: Found cached file /net/vdesk/data2/slagter/JWST_NIRCAM_#1227_level_2/mastDownload/JWST/jw01227014001_09201_00003_nrcb3/jw01227014001_09201_00003_nrcb3_cal.fits with expected size 117573120. [astroquery.query]
INFO: Found cached file /net/vdesk/data2/slagter/JWST_NIRCAM_#1227_level_2/mastDownload/JWST/jw01227014001_05201_00002_nrca1/jw01227014001_05201_00002_nrca1_cal.fits with expected size 117573120. [astroquery.query]
INFO: Found cached file /net/vdesk/data2/slagter/JWST_NIRCAM_#1227_level_2/mastDownload/JWST/jw01227014001_05201_00001_nrca1/jw01227014001_05201_00001_nrca1_cal.fits with expected size 117573120. [astroquery.query]
INFO: Found cached file /net/vdesk/data2/slagter/JWST_NIRCAM_#1227_level_2/mastDownload/JWST/jw01227014001_05201_00003_nrca3/jw01227014001_05201_00003_nrca3_cal.fits with expected size 117573120. [astroquery.query]
INFO: Found cached file /net/vdesk/data2/slagter/JWST_NIRCAM_#1227_level_2/mastDownload/JWST/jw01227014001_09201_00001_nrcalong/jw01227014001_09201_00001_nrcalong_cal.fits with expected size 117573120. [astroquery.query]
INFO: Found cached file /net/vdesk/data2/slagter/JWST_NIRCAM_#1227_level_2/mastDownload/JWST/jw01227014001_05201_00002_nrcblong/jw01227014001_05201_00002_nrcblong_cal.fits with expected size 117573120. [astroquery.query]
INFO: Found cached file /net/vdesk/data2/slagter/JWST_NIRCAM_#1227_level_2/mastDownload/JWST/jw01227014001_09201_00003_nrcblong/jw01227014001_09201_00003_nrcblong_cal.fits with expected size 117573120. [astroquery.query]
INFO: Found cached file /net/vdesk/data2/slagter/JWST_NIRCAM_#1227_level_2/mastDownload/JWST/jw01227014001_05201_00001_nrcb2/jw01227014001_05201_00001_nrcb2_cal.fits with expected size 117573120. [astroquery.query]
INFO: Found cached file /net/vdesk/data2/slagter/JWST_NIRCAM_#1227_level_2/mastDownload/JWST/jw01227014001_05201_00003_nrca4/jw01227014001_05201_00003_nrca4_cal.fits with expected size 117573120. [astroquery.query]
INFO: Found cached file /net/vdesk/data2/slagter/JWST_NIRCAM_#1227_level_2/mastDownload/JWST/jw01227014001_09201_00001_nrca3/jw01227014001_09201_00001_nrca3_cal.fits with expected size 117573120. [astroquery.query]
INFO: Found cached file /net/vdesk/data2/slagter/JWST_NIRCAM_#1227_level_2/mastDownload/JWST/jw01227014001_05201_00001_nrcb1/jw01227014001_05201_00001_nrcb1_cal.fits with expected size 117573120. [astroquery.query]
INFO: Found cached file /net/vdesk/data2/slagter/JWST_NIRCAM_#1227_level_2/mastDownload/JWST/jw01227014001_09201_00002_nrcblong/jw01227014001_09201_00002_nrcblong_cal.fits with expected size 117573120. [astroquery.query]
INFO: Found cached file /net/vdesk/data2/slagter/JWST_NIRCAM_#1227_level_2/mastDownload/JWST/jw01227014001_05201_00003_nrcalong/jw01227014001_05201_00003_nrcalong_cal.fits with expected size 117573120. [astroquery.query]
INFO: Found cached file /net/vdesk/data2/slagter/JWST_NIRCAM_#1227_level_2/mastDownload/JWST/jw01227014001_05201_00003_nrca1/jw01227014001_05201_00003_nrca1_cal.fits with expected size 117573120. [astroquery.query]
INFO: Found cached file /net/vdesk/data2/slagter/JWST_NIRCAM_#1227_level_2/mastDownload/JWST/jw01227014001_05201_00002_nrca4/jw01227014001_05201_00002_nrca4_cal.fits with expected size 117573120. [astroquery.query]
INFO: Found cached file /net/vdesk/data2/slagter/JWST_NIRCAM_#1227_level_2/mastDownload/JWST/jw01227014001_09201_00002_nrcb4/jw01227014001_09201_00002_nrcb4_cal.fits with expected size 117573120. [astroquery.query]
INFO: Found cached file /net/vdesk/data2/slagter/JWST_NIRCAM_#1227_level_2/mastDownload/JWST/jw01227014001_07201_00001_nrcblong/jw01227014001_07201_00001_nrcblong_cal.fits with expected size 117573120. [astroquery.query]
INFO: Found cached file /net/vdesk/data2/slagter/JWST_NIRCAM_#1227_level_2/mastDownload/JWST/jw01227014001_05201_00003_nrcb3/jw01227014001_05201_00003_nrcb3_cal.fits with expected size 117573120. [astroquery.query]
INFO: Found cached file /net/vdesk/data2/slagter/JWST_NIRCAM_#1227_level_2/mastDownload/JWST/jw01227014001_07201_00003_nrcblong/jw01227014001_07201_00003_nrcblong_cal.fits with expected size 117573120. [astroquery.query]
INFO: Found cached file /net/vdesk/data2/slagter/JWST_NIRCAM_#1227_level_2/mastDownload/JWST/jw01227014001_05201_00001_nrca3/jw01227014001_05201_00001_nrca3_cal.fits with expected size 117573120. [astroquery.query]
INFO: Found cached file /net/vdesk/data2/slagter/JWST_NIRCAM_#1227_level_2/mastDownload/JWST/jw01227014001_09201_00003_nrcb2/jw01227014001_09201_00003_nrcb2_cal.fits with expected size 117573120. [astroquery.query]
INFO: Found cached file /net/vdesk/data2/slagter/JWST_NIRCAM_#1227_level_2/mastDownload/JWST/jw01227014001_09201_00001_nrca2/jw01227014001_09201_00001_nrca2_cal.fits with expected size 117573120. [astroquery.query]
INFO: Found cached file /net/vdesk/data2/slagter/JWST_NIRCAM_#1227_level_2/mastDownload/JWST/jw01227014001_09201_00003_nrca4/jw01227014001_09201_00003_nrca4_cal.fits with expected size 117573120. [astroquery.query]
INFO: Found cached file /net/vdesk/data2/slagter/JWST_NIRCAM_#1227_level_2/mastDownload/JWST/jw01227014001_09201_00002_nrcb2/jw01227014001_09201_00002_nrcb2_cal.fits with expected size 117573120. [astroquery.query]
INFO: Found cached file /net/vdesk/data2/slagter/JWST_NIRCAM_#1227_level_2/mastDownload/JWST/jw01227014001_09201_00001_nrcb2/jw01227014001_09201_00001_nrcb2_cal.fits with expected size 117573120. [astroquery.query]
INFO: Found cached file /net/vdesk/data2/slagter/JWST_NIRCAM_#1227_level_2/mastDownload/JWST/jw01227014001_07201_00001_nrcalong/jw01227014001_07201_00001_nrcalong_cal.fits with expected size 117573120. [astroquery.query]
INFO: Found cached file /net/vdesk/data2/slagter/JWST_NIRCAM_#1227_level_2/mastDownload/JWST/jw01227014001_09201_00003_nrcalong/jw01227014001_09201_00003_nrcalong_cal.fits with expected size 117573120. [astroquery.query]
INFO: Found cached file /net/vdesk/data2/slagter/JWST_NIRCAM_#1227_level_2/mastDownload/JWST/jw01227014001_05201_00002_nrca3/jw01227014001_05201_00002_nrca3_cal.fits with expected size 117573120. [astroquery.query]
INFO: Found cached file /net/vdesk/data2/slagter/JWST_NIRCAM_#1227_level_2/mastDownload/JWST/jw01227014001_05201_00002_nrcb3/jw01227014001_05201_00002_nrcb3_cal.fits with expected size 117573120. [astroquery.query]
INFO: Found cached file /net/vdesk/data2/slagter/JWST_NIRCAM_#1227_level_2/mastDownload/JWST/jw01227014001_09201_00003_nrcb4/jw01227014001_09201_00003_nrcb4_cal.fits with expected size 117573120. [astroquery.query]
INFO: Found cached file /net/vdesk/data2/slagter/JWST_NIRCAM_#1227_level_2/mastDownload/JWST/jw01227014001_05201_00003_nrca2/jw01227014001_05201_00003_nrca2_cal.fits with expected size 117573120. [astroquery.query]
INFO: Found cached file /net/vdesk/data2/slagter/JWST_NIRCAM_#1227_level_2/mastDownload/JWST/jw01227014001_09201_00001_nrcblong/jw01227014001_09201_00001_nrcblong_cal.fits with expected size 117573120. [astroquery.query]
INFO: Found cached file /net/vdesk/data2/slagter/JWST_NIRCAM_#1227_level_2/mastDownload/JWST/jw01227014001_03201_00001_nrcblong/jw01227014001_03201_00001_nrcblong_cal.fits with expected size 117573120. [astroquery.query]
INFO: Found cached file /net/vdesk/data2/slagter/JWST_NIRCAM_#1227_level_2/mastDownload/JWST/jw01227014001_03201_00002_nrcalong/jw01227014001_03201_00002_nrcalong_cal.fits with expected size 117573120. [astroquery.query]
INFO: Found cached file /net/vdesk/data2/slagter/JWST_NIRCAM_#1227_level_2/mastDownload/JWST/jw01227014001_09201_00003_nrca2/jw01227014001_09201_00003_nrca2_cal.fits with expected size 117573120. [astroquery.query]
INFO: Found cached file /net/vdesk/data2/slagter/JWST_NIRCAM_#1227_level_2/mastDownload/JWST/jw01227014001_09201_00002_nrcalong/jw01227014001_09201_00002_nrcalong_cal.fits with expected size 117573120. [astroquery.query]
INFO: Found cached file /net/vdesk/data2/slagter/JWST_NIRCAM_#1227_level_2/mastDownload/JWST/jw01227014001_07201_00003_nrcalong/jw01227014001_07201_00003_nrcalong_cal.fits with expected size 117573120. [astroquery.query]
INFO: Found cached file /net/vdesk/data2/slagter/JWST_NIRCAM_#1227_level_2/mastDownload/JWST/jw01227014001_09201_00001_nrca1/jw01227014001_09201_00001_nrca1_cal.fits with expected size 117573120. [astroquery.query]
INFO: Found cached file /net/vdesk/data2/slagter/JWST_NIRCAM_#1227_level_2/mastDownload/JWST/jw01227014001_09201_00001_nrca4/jw01227014001_09201_00001_nrca4_cal.fits with expected size 117573120. [astroquery.query]
INFO: Found cached file /net/vdesk/data2/slagter/JWST_NIRCAM_#1227_level_2/mastDownload/JWST/jw01227014001_05201_00002_nrcalong/jw01227014001_05201_00002_nrcalong_cal.fits with expected size 117573120. [astroquery.query]
INFO: Found cached file /net/vdesk/data2/slagter/JWST_NIRCAM_#1227_level_2/mastDownload/JWST/jw01227014001_09201_00001_nrcb4/jw01227014001_09201_00001_nrcb4_cal.fits with expected size 117573120. [astroquery.query]
INFO: Found cached file /net/vdesk/data2/slagter/JWST_NIRCAM_#1227_level_2/mastDownload/JWST/jw01227014001_09201_00002_nrcb3/jw01227014001_09201_00002_nrcb3_cal.fits with expected size 117573120. [astroquery.query]
INFO: Found cached file /net/vdesk/data2/slagter/JWST_NIRCAM_#1227_level_2/mastDownload/JWST/jw01227014001_05201_00003_nrcblong/jw01227014001_05201_00003_nrcblong_cal.fits with expected size 117573120. [astroquery.query]
INFO: Found cached file /net/vdesk/data2/slagter/JWST_NIRCAM_#1227_level_2/mastDownload/JWST/jw01227017001_06201_00001_nrcb1/jw01227017001_06201_00001_nrcb1_cal.fits with expected size 117573120. [astroquery.query]
INFO: Found cached file /net/vdesk/data2/slagter/JWST_NIRCAM_#1227_level_2/mastDownload/JWST/jw01227017001_08201_00001_nrcb1/jw01227017001_08201_00001_nrcb1_cal.fits with expected size 117573120. [astroquery.query]
INFO: Found cached file /net/vdesk/data2/slagter/JWST_NIRCAM_#1227_level_2/mastDownload/JWST/jw01227017001_06201_00004_nrcb2/jw01227017001_06201_00004_nrcb2_cal.fits with expected size 117573120. [astroquery.query]
INFO: Found cached file /net/vdesk/data2/slagter/JWST_NIRCAM_#1227_level_2/mastDownload/JWST/jw01227017001_06201_00003_nrcb1/jw01227017001_06201_00003_nrcb1_cal.fits with expected size 117573120. [astroquery.query]
INFO: Found cached file /net/vdesk/data2/slagter/JWST_NIRCAM_#1227_level_2/mastDownload/JWST/jw01227017001_10201_00003_nrcb1/jw01227017001_10201_00003_nrcb1_cal.fits with expected size 117573120. [astroquery.query]
INFO: Found cached file /net/vdesk/data2/slagter/JWST_NIRCAM_#1227_level_2/mastDownload/JWST/jw01227017001_08201_00004_nrcb1/jw01227017001_08201_00004_nrcb1_cal.fits with expected size 117573120. [astroquery.query]
INFO: Found cached file /net/vdesk/data2/slagter/JWST_NIRCAM_#1227_level_2/mastDownload/JWST/jw01227017001_10201_00002_nrcb1/jw01227017001_10201_00002_nrcb1_cal.fits with expected size 117573120. [astroquery.query]
INFO: Found cached file /net/vdesk/data2/slagter/JWST_NIRCAM_#1227_level_2/mastDownload/JWST/jw01227017001_08201_00003_nrcb1/jw01227017001_08201_00003_nrcb1_cal.fits with expected size 117573120. [astroquery.query]
INFO: Found cached file /net/vdesk/data2/slagter/JWST_NIRCAM_#1227_level_2/mastDownload/JWST/jw01227017001_08201_00001_nrcb2/jw01227017001_08201_00001_nrcb2_cal.fits with expected size 117573120. [astroquery.query]
INFO: Found cached file /net/vdesk/data2/slagter/JWST_NIRCAM_#1227_level_2/mastDownload/JWST/jw01227017001_06201_00004_nrcb1/jw01227017001_06201_00004_nrcb1_cal.fits with expected size 117573120. [astroquery.query]
INFO: Found cached file /net/vdesk/data2/slagter/JWST_NIRCAM_#1227_level_2/mastDownload/JWST/jw01227017001_06201_00003_nrcb2/jw01227017001_06201_00003_nrcb2_cal.fits with expected size 117573120. [astroquery.query]
INFO: Found cached file /net/vdesk/data2/slagter/JWST_NIRCAM_#1227_level_2/mastDownload/JWST/jw01227017001_08201_00003_nrcblong/jw01227017001_08201_00003_nrcblong_cal.fits with expected size 117573120. [astroquery.query]
INFO: Found cached file /net/vdesk/data2/slagter/JWST_NIRCAM_#1227_level_2/mastDownload/JWST/jw01227017001_10201_00003_nrcb2/jw01227017001_10201_00003_nrcb2_cal.fits with expected size 117573120. [astroquery.query]
INFO: Found cached file /net/vdesk/data2/slagter/JWST_NIRCAM_#1227_level_2/mastDownload/JWST/jw01227017001_02201_00003_nrcblong/jw01227017001_02201_00003_nrcblong_cal.fits with expected size 117573120. [astroquery.query]
INFO: Found cached file /net/vdesk/data2/slagter/JWST_NIRCAM_#1227_level_2/mastDownload/JWST/jw01227017001_06201_00002_nrcb3/jw01227017001_06201_00002_nrcb3_cal.fits with expected size 117573120. [astroquery.query]
INFO: Found cached file /net/vdesk/data2/slagter/JWST_NIRCAM_#1227_level_2/mastDownload/JWST/jw01227017001_06201_00004_nrcblong/jw01227017001_06201_00004_nrcblong_cal.fits with expected size 117573120. [astroquery.query]
INFO: Found cached file /net/vdesk/data2/slagter/JWST_NIRCAM_#1227_level_2/mastDownload/JWST/jw01227017001_10201_00002_nrcblong/jw01227017001_10201_00002_nrcblong_cal.fits with expected size 117573120. [astroquery.query]
INFO: Found cached file /net/vdesk/data2/slagter/JWST_NIRCAM_#1227_level_2/mastDownload/JWST/jw01227017001_08201_00002_nrcb3/jw01227017001_08201_00002_nrcb3_cal.fits with expected size 117573120. [astroquery.query]
INFO: Found cached file /net/vdesk/data2/slagter/JWST_NIRCAM_#1227_level_2/mastDownload/JWST/jw01227017001_10201_00004_nrcblong/jw01227017001_10201_00004_nrcblong_cal.fits with expected size 117573120. [astroquery.query]
INFO: Found cached file /net/vdesk/data2/slagter/JWST_NIRCAM_#1227_level_2/mastDownload/JWST/jw01227017001_08201_00004_nrcb2/jw01227017001_08201_00004_nrcb2_cal.fits with expected size 117573120. [astroquery.query]
INFO: Found cached file /net/vdesk/data2/slagter/JWST_NIRCAM_#1227_level_2/mastDownload/JWST/jw01227017001_10201_00003_nrcblong/jw01227017001_10201_00003_nrcblong_cal.fits with expected size 117573120. [astroquery.query]
INFO: Found cached file /net/vdesk/data2/slagter/JWST_NIRCAM_#1227_level_2/mastDownload/JWST/jw01227017001_06201_00001_nrcb3/jw01227017001_06201_00001_nrcb3_cal.fits with expected size 117573120. [astroquery.query]
INFO: Found cached file /net/vdesk/data2/slagter/JWST_NIRCAM_#1227_level_2/mastDownload/JWST/jw01227017001_06201_00002_nrcb4/jw01227017001_06201_00002_nrcb4_cal.fits with expected size 117573120. [astroquery.query]
INFO: Found cached file /net/vdesk/data2/slagter/JWST_NIRCAM_#1227_level_2/mastDownload/JWST/jw01227017001_04201_00003_nrcblong/jw01227017001_04201_00003_nrcblong_cal.fits with expected size 117573120. [astroquery.query]
INFO: Found cached file /net/vdesk/data2/slagter/JWST_NIRCAM_#1227_level_2/mastDownload/JWST/jw01227017001_06201_00002_nrcb1/jw01227017001_06201_00002_nrcb1_cal.fits with expected size 117573120. [astroquery.query]
INFO: Found cached file /net/vdesk/data2/slagter/JWST_NIRCAM_#1227_level_2/mastDownload/JWST/jw01227017001_02201_00001_nrcblong/jw01227017001_02201_00001_nrcblong_cal.fits with expected size 117573120. [astroquery.query]
INFO: Found cached file /net/vdesk/data2/slagter/JWST_NIRCAM_#1227_level_2/mastDownload/JWST/jw01227017001_06201_00003_nrcblong/jw01227017001_06201_00003_nrcblong_cal.fits with expected size 117573120. [astroquery.query]
INFO: Found cached file /net/vdesk/data2/slagter/JWST_NIRCAM_#1227_level_2/mastDownload/JWST/jw01227017001_10201_00002_nrcb2/jw01227017001_10201_00002_nrcb2_cal.fits with expected size 117573120. [astroquery.query]
INFO: Found cached file /net/vdesk/data2/slagter/JWST_NIRCAM_#1227_level_2/mastDownload/JWST/jw01227017001_08201_00002_nrcblong/jw01227017001_08201_00002_nrcblong_cal.fits with expected size 117573120. [astroquery.query]
INFO: Found cached file /net/vdesk/data2/slagter/JWST_NIRCAM_#1227_level_2/mastDownload/JWST/jw01227017001_08201_00003_nrcb2/jw01227017001_08201_00003_nrcb2_cal.fits with expected size 117573120. [astroquery.query]
INFO: Found cached file /net/vdesk/data2/slagter/JWST_NIRCAM_#1227_level_2/mastDownload/JWST/jw01227017001_06201_00004_nrcb4/jw01227017001_06201_00004_nrcb4_cal.fits with expected size 117573120. [astroquery.query]
INFO: Found cached file /net/vdesk/data2/slagter/JWST_NIRCAM_#1227_level_2/mastDownload/JWST/jw01227017001_08201_00002_nrcb1/jw01227017001_08201_00002_nrcb1_cal.fits with expected size 117573120. [astroquery.query]
INFO: Found cached file /net/vdesk/data2/slagter/JWST_NIRCAM_#1227_level_2/mastDownload/JWST/jw01227017001_10201_00002_nrcb4/jw01227017001_10201_00002_nrcb4_cal.fits with expected size 117573120. [astroquery.query]
INFO: Found cached file /net/vdesk/data2/slagter/JWST_NIRCAM_#1227_level_2/mastDownload/JWST/jw01227017001_08201_00004_nrcblong/jw01227017001_08201_00004_nrcblong_cal.fits with expected size 117573120. [astroquery.query]
INFO: Found cached file /net/vdesk/data2/slagter/JWST_NIRCAM_#1227_level_2/mastDownload/JWST/jw01227017001_10201_00001_nrcb4/jw01227017001_10201_00001_nrcb4_cal.fits with expected size 117573120. [astroquery.query]
INFO: Found cached file /net/vdesk/data2/slagter/JWST_NIRCAM_#1227_level_2/mastDownload/JWST/jw01227017001_04201_00001_nrcblong/jw01227017001_04201_00001_nrcblong_cal.fits with expected size 117573120. [astroquery.query]
INFO: Found cached file /net/vdesk/data2/slagter/JWST_NIRCAM_#1227_level_2/mastDownload/JWST/jw01227017001_06201_00001_nrcb2/jw01227017001_06201_00001_nrcb2_cal.fits with expected size 117573120. [astroquery.query]
INFO: Found cached file /net/vdesk/data2/slagter/JWST_NIRCAM_#1227_level_2/mastDownload/JWST/jw01227017001_02201_00004_nrcblong/jw01227017001_02201_00004_nrcblong_cal.fits with expected size 117573120. [astroquery.query]
INFO: Found cached file /net/vdesk/data2/slagter/JWST_NIRCAM_#1227_level_2/mastDownload/JWST/jw01227017001_10201_00004_nrcb1/jw01227017001_10201_00004_nrcb1_cal.fits with expected size 117573120. [astroquery.query]
INFO: Found cached file /net/vdesk/data2/slagter/JWST_NIRCAM_#1227_level_2/mastDownload/JWST/jw01227017001_08201_00001_nrcb4/jw01227017001_08201_00001_nrcb4_cal.fits with expected size 117573120. [astroquery.query]
INFO: Found cached file /net/vdesk/data2/slagter/JWST_NIRCAM_#1227_level_2/mastDownload/JWST/jw01227017001_10201_00001_nrcblong/jw01227017001_10201_00001_nrcblong_cal.fits with expected size 117573120. [astroquery.query]
INFO: Found cached file /net/vdesk/data2/slagter/JWST_NIRCAM_#1227_level_2/mastDownload/JWST/jw01227017001_08201_00001_nrcb3/jw01227017001_08201_00001_nrcb3_cal.fits with expected size 117573120. [astroquery.query]
INFO: Found cached file /net/vdesk/data2/slagter/JWST_NIRCAM_#1227_level_2/mastDownload/JWST/jw01227017001_08201_00004_nrcb4/jw01227017001_08201_00004_nrcb4_cal.fits with expected size 117573120. [astroquery.query]
INFO: Found cached file /net/vdesk/data2/slagter/JWST_NIRCAM_#1227_level_2/mastDownload/JWST/jw01227017001_04201_00002_nrcblong/jw01227017001_04201_00002_nrcblong_cal.fits with expected size 117573120. [astroquery.query]
INFO: Found cached file /net/vdesk/data2/slagter/JWST_NIRCAM_#1227_level_2/mastDownload/JWST/jw01227017001_06201_00003_nrcb3/jw01227017001_06201_00003_nrcb3_cal.fits with expected size 117573120. [astroquery.query]
INFO: Found cached file /net/vdesk/data2/slagter/JWST_NIRCAM_#1227_level_2/mastDownload/JWST/jw01227017001_08201_00003_nrcb3/jw01227017001_08201_00003_nrcb3_cal.fits with expected size 117573120. [astroquery.query]
INFO: Found cached file /net/vdesk/data2/slagter/JWST_NIRCAM_#1227_level_2/mastDownload/JWST/jw01227017001_02201_00002_nrcblong/jw01227017001_02201_00002_nrcblong_cal.fits with expected size 117573120. [astroquery.query]
INFO: Found cached file /net/vdesk/data2/slagter/JWST_NIRCAM_#1227_level_2/mastDownload/JWST/jw01227017001_10201_00004_nrcb4/jw01227017001_10201_00004_nrcb4_cal.fits with expected size 117573120. [astroquery.query]
INFO: Found cached file /net/vdesk/data2/slagter/JWST_NIRCAM_#1227_level_2/mastDownload/JWST/jw01227017001_08201_00001_nrcblong/jw01227017001_08201_00001_nrcblong_cal.fits with expected size 117573120. [astroquery.query]
INFO: Found cached file /net/vdesk/data2/slagter/JWST_NIRCAM_#1227_level_2/mastDownload/JWST/jw01227017001_10201_00001_nrcb2/jw01227017001_10201_00001_nrcb2_cal.fits with expected size 117573120. [astroquery.query]
INFO: Found cached file /net/vdesk/data2/slagter/JWST_NIRCAM_#1227_level_2/mastDownload/JWST/jw01227017001_10201_00002_nrcb3/jw01227017001_10201_00002_nrcb3_cal.fits with expected size 117573120. [astroquery.query]
INFO: Found cached file /net/vdesk/data2/slagter/JWST_NIRCAM_#1227_level_2/mastDownload/JWST/jw01227017001_06201_00003_nrcb4/jw01227017001_06201_00003_nrcb4_cal.fits with expected size 117573120. [astroquery.query]
INFO: Found cached file /net/vdesk/data2/slagter/JWST_NIRCAM_#1227_level_2/mastDownload/JWST/jw01227017001_10201_00001_nrcb1/jw01227017001_10201_00001_nrcb1_cal.fits with expected size 117573120. [astroquery.query]
INFO: Found cached file /net/vdesk/data2/slagter/JWST_NIRCAM_#1227_level_2/mastDownload/JWST/jw01227017001_10201_00003_nrcb4/jw01227017001_10201_00003_nrcb4_cal.fits with expected size 117573120. [astroquery.query]
INFO: Found cached file /net/vdesk/data2/slagter/JWST_NIRCAM_#1227_level_2/mastDownload/JWST/jw01227017001_06201_00004_nrcb3/jw01227017001_06201_00004_nrcb3_cal.fits with expected size 117573120. [astroquery.query]
INFO: Found cached file /net/vdesk/data2/slagter/JWST_NIRCAM_#1227_level_2/mastDownload/JWST/jw01227017001_06201_00001_nrcblong/jw01227017001_06201_00001_nrcblong_cal.fits with expected size 117573120. [astroquery.query]
INFO: Found cached file /net/vdesk/data2/slagter/JWST_NIRCAM_#1227_level_2/mastDownload/JWST/jw01227017001_06201_00001_nrcb4/jw01227017001_06201_00001_nrcb4_cal.fits with expected size 117573120. [astroquery.query]
INFO: Found cached file /net/vdesk/data2/slagter/JWST_NIRCAM_#1227_level_2/mastDownload/JWST/jw01227017001_08201_00003_nrcb4/jw01227017001_08201_00003_nrcb4_cal.fits with expected size 117573120. [astroquery.query]
INFO: Found cached file /net/vdesk/data2/slagter/JWST_NIRCAM_#1227_level_2/mastDownload/JWST/jw01227017001_06201_00002_nrcb2/jw01227017001_06201_00002_nrcb2_cal.fits with expected size 117573120. [astroquery.query]
INFO: Found cached file /net/vdesk/data2/slagter/JWST_NIRCAM_#1227_level_2/mastDownload/JWST/jw01227017001_06201_00002_nrcblong/jw01227017001_06201_00002_nrcblong_cal.fits with expected size 117573120. [astroquery.query]
INFO: Found cached file /net/vdesk/data2/slagter/JWST_NIRCAM_#1227_level_2/mastDownload/JWST/jw01227017001_10201_00004_nrcb2/jw01227017001_10201_00004_nrcb2_cal.fits with expected size 117573120. [astroquery.query]
INFO: Found cached file /net/vdesk/data2/slagter/JWST_NIRCAM_#1227_level_2/mastDownload/JWST/jw01227017001_10201_00001_nrcb3/jw01227017001_10201_00001_nrcb3_cal.fits with expected size 117573120. [astroquery.query]
INFO: Found cached file /net/vdesk/data2/slagter/JWST_NIRCAM_#1227_level_2/mastDownload/JWST/jw01227017001_08201_00004_nrcb3/jw01227017001_08201_00004_nrcb3_cal.fits with expected size 117573120. [astroquery.query]
INFO: Found cached file /net/vdesk/data2/slagter/JWST_NIRCAM_#1227_level_2/mastDownload/JWST/jw01227017001_10201_00004_nrcb3/jw01227017001_10201_00004_nrcb3_cal.fits with expected size 117573120. [astroquery.query]
INFO: Found cached file /net/vdesk/data2/slagter/JWST_NIRCAM_#1227_level_2/mastDownload/JWST/jw01227017001_08201_00002_nrcb2/jw01227017001_08201_00002_nrcb2_cal.fits with expected size 117573120. [astroquery.query]
INFO: Found cached file /net/vdesk/data2/slagter/JWST_NIRCAM_#1227_level_2/mastDownload/JWST/jw01227017001_04201_00004_nrcblong/jw01227017001_04201_00004_nrcblong_cal.fits with expected size 117573120. [astroquery.query]
INFO: Found cached file /net/vdesk/data2/slagter/JWST_NIRCAM_#1227_level_2/mastDownload/JWST/jw01227017001_10201_00003_nrcb3/jw01227017001_10201_00003_nrcb3_cal.fits with expected size 117573120. [astroquery.query]
INFO: Found cached file /net/vdesk/data2/slagter/JWST_NIRCAM_#1227_level_2/mastDownload/JWST/jw01227017001_08201_00002_nrcb4/jw01227017001_08201_00002_nrcb4_cal.fits with expected size 117573120. [astroquery.query]
INFO: Found cached file /net/vdesk/data2/slagter/JWST_NIRCAM_#1227_level_2/mastDownload/JWST/jw01227014001_05201_00001_nrcalong/jw01227014001_05201_00001_nrcalong_cal.fits with expected size 117573120. [astroquery.query]
INFO: Found cached file /net/vdesk/data2/slagter/JWST_NIRCAM_#1227_level_2/mastDownload/JWST/jw01227014001_03201_00003_nrcalong/jw01227014001_03201_00003_nrcalong_cal.fits with expected size 117573120. [astroquery.query]
INFO: Found cached file /net/vdesk/data2/slagter/JWST_NIRCAM_#1227_level_2/mastDownload/JWST/jw01227014001_05201_00001_nrca4/jw01227014001_05201_00001_nrca4_cal.fits with expected size 117573120. [astroquery.query]
INFO: Found cached file /net/vdesk/data2/slagter/JWST_NIRCAM_#1227_level_2/mastDownload/JWST/jw01227014001_05201_00003_nrcb2/jw01227014001_05201_00003_nrcb2_cal.fits with expected size 117573120. [astroquery.query]
INFO: Found cached file /net/vdesk/data2/slagter/JWST_NIRCAM_#1227_level_2/mastDownload/JWST/jw01227014001_03201_00003_nrcblong/jw01227014001_03201_00003_nrcblong_cal.fits with expected size 117573120. [astroquery.query]
INFO: Found cached file /net/vdesk/data2/slagter/JWST_NIRCAM_#1227_level_2/mastDownload/JWST/jw01227014001_05201_00001_nrcblong/jw01227014001_05201_00001_nrcblong_cal.fits with expected size 117573120. [astroquery.query]
INFO: Found cached file /net/vdesk/data2/slagter/JWST_NIRCAM_#1227_level_2/mastDownload/JWST/jw01227026001_09201_00002_nrca3/jw01227026001_09201_00002_nrca3_cal.fits with expected size 117573120. [astroquery.query]
INFO: Found cached file /net/vdesk/data2/slagter/JWST_NIRCAM_#1227_level_2/mastDownload/JWST/jw01227026001_11201_00002_nrcb2/jw01227026001_11201_00002_nrcb2_cal.fits with expected size 117573120. [astroquery.query]
INFO: Found cached file /net/vdesk/data2/slagter/JWST_NIRCAM_#1227_level_2/mastDownload/JWST/jw01227026001_11201_00003_nrcb3/jw01227026001_11201_00003_nrcb3_cal.fits with expected size 117573120. [astroquery.query]
INFO: Found cached file /net/vdesk/data2/slagter/JWST_NIRCAM_#1227_level_2/mastDownload/JWST/jw01227026001_09201_00001_nrca3/jw01227026001_09201_00001_nrca3_cal.fits with expected size 117573120. [astroquery.query]
INFO: Found cached file /net/vdesk/data2/slagter/JWST_NIRCAM_#1227_level_2/mastDownload/JWST/jw01227026001_11201_00002_nrca4/jw01227026001_11201_00002_nrca4_cal.fits with expected size 117573120. [astroquery.query]
INFO: Found cached file /net/vdesk/data2/slagter/JWST_NIRCAM_#1227_level_2/mastDownload/JWST/jw01227026001_11201_00001_nrca2/jw01227026001_11201_00001_nrca2_cal.fits with expected size 117573120. [astroquery.query]
INFO: Found cached file /net/vdesk/data2/slagter/JWST_NIRCAM_#1227_level_2/mastDownload/JWST/jw01227026001_11201_00003_nrca1/jw01227026001_11201_00003_nrca1_cal.fits with expected size 117573120. [astroquery.query]
INFO: Found cached file /net/vdesk/data2/slagter/JWST_NIRCAM_#1227_level_2/mastDownload/JWST/jw01227026001_11201_00002_nrcblong/jw01227026001_11201_00002_nrcblong_cal.fits with expected size 117573120. [astroquery.query]
INFO: Found cached file /net/vdesk/data2/slagter/JWST_NIRCAM_#1227_level_2/mastDownload/JWST/jw01227026001_11201_00003_nrca3/jw01227026001_11201_00003_nrca3_cal.fits with expected size 117573120. [astroquery.query]
INFO: Found cached file /net/vdesk/data2/slagter/JWST_NIRCAM_#1227_level_2/mastDownload/JWST/jw01227026001_11201_00002_nrcb1/jw01227026001_11201_00002_nrcb1_cal.fits with expected size 117573120. [astroquery.query]
INFO: Found cached file /net/vdesk/data2/slagter/JWST_NIRCAM_#1227_level_2/mastDownload/JWST/jw01227026001_11201_00003_nrcb2/jw01227026001_11201_00003_nrcb2_cal.fits with expected size 117573120. [astroquery.query]
INFO: Found cached file /net/vdesk/data2/slagter/JWST_NIRCAM_#1227_level_2/mastDownload/JWST/jw01227026001_09201_00003_nrca2/jw01227026001_09201_00003_nrca2_cal.fits with expected size 117573120. [astroquery.query]
INFO: Found cached file /net/vdesk/data2/slagter/JWST_NIRCAM_#1227_level_2/mastDownload/JWST/jw01227026001_11201_00003_nrcb1/jw01227026001_11201_00003_nrcb1_cal.fits with expected size 117573120. [astroquery.query]
INFO: Found cached file /net/vdesk/data2/slagter/JWST_NIRCAM_#1227_level_2/mastDownload/JWST/jw01227026001_11201_00001_nrca3/jw01227026001_11201_00001_nrca3_cal.fits with expected size 117573120. [astroquery.query]
INFO: Found cached file /net/vdesk/data2/slagter/JWST_NIRCAM_#1227_level_2/mastDownload/JWST/jw01227026001_09201_00003_nrcb1/jw01227026001_09201_00003_nrcb1_cal.fits with expected size 117573120. [astroquery.query]
INFO: Found cached file /net/vdesk/data2/slagter/JWST_NIRCAM_#1227_level_2/mastDownload/JWST/jw01227026001_11201_00002_nrca1/jw01227026001_11201_00002_nrca1_cal.fits with expected size 117573120. [astroquery.query]
INFO: Found cached file /net/vdesk/data2/slagter/JWST_NIRCAM_#1227_level_2/mastDownload/JWST/jw01227026001_09201_00001_nrca2/jw01227026001_09201_00001_nrca2_cal.fits with expected size 117573120. [astroquery.query]
INFO: Found cached file /net/vdesk/data2/slagter/JWST_NIRCAM_#1227_level_2/mastDownload/JWST/jw01227026001_09201_00003_nrca1/jw01227026001_09201_00003_nrca1_cal.fits with expected size 117573120. [astroquery.query]
INFO: Found cached file /net/vdesk/data2/slagter/JWST_NIRCAM_#1227_level_2/mastDownload/JWST/jw01227026001_11201_00002_nrcb4/jw01227026001_11201_00002_nrcb4_cal.fits with expected size 117573120. [astroquery.query]
INFO: Found cached file /net/vdesk/data2/slagter/JWST_NIRCAM_#1227_level_2/mastDownload/JWST/jw01227026001_09201_00002_nrcalong/jw01227026001_09201_00002_nrcalong_cal.fits with expected size 117573120. [astroquery.query]
INFO: Found cached file /net/vdesk/data2/slagter/JWST_NIRCAM_#1227_level_2/mastDownload/JWST/jw01227026001_09201_00003_nrcb3/jw01227026001_09201_00003_nrcb3_cal.fits with expected size 117573120. [astroquery.query]
INFO: Found cached file /net/vdesk/data2/slagter/JWST_NIRCAM_#1227_level_2/mastDownload/JWST/jw01227026001_09201_00003_nrca4/jw01227026001_09201_00003_nrca4_cal.fits with expected size 117573120. [astroquery.query]
INFO: Found cached file /net/vdesk/data2/slagter/JWST_NIRCAM_#1227_level_2/mastDownload/JWST/jw01227026001_09201_00001_nrcalong/jw01227026001_09201_00001_nrcalong_cal.fits with expected size 117573120. [astroquery.query]
INFO: Found cached file /net/vdesk/data2/slagter/JWST_NIRCAM_#1227_level_2/mastDownload/JWST/jw01227026001_03201_00001_nrcblong/jw01227026001_03201_00001_nrcblong_cal.fits with expected size 117573120. [astroquery.query]
INFO: Found cached file /net/vdesk/data2/slagter/JWST_NIRCAM_#1227_level_2/mastDownload/JWST/jw01227026001_11201_00002_nrcalong/jw01227026001_11201_00002_nrcalong_cal.fits with expected size 117573120. [astroquery.query]
INFO: Found cached file /net/vdesk/data2/slagter/JWST_NIRCAM_#1227_level_2/mastDownload/JWST/jw01227026001_07201_00002_nrcalong/jw01227026001_07201_00002_nrcalong_cal.fits with expected size 117573120. [astroquery.query]
INFO: Found cached file /net/vdesk/data2/slagter/JWST_NIRCAM_#1227_level_2/mastDownload/JWST/jw01227026001_07201_00001_nrcb2/jw01227026001_07201_00001_nrcb2_cal.fits with expected size 117573120. [astroquery.query]
INFO: Found cached file /net/vdesk/data2/slagter/JWST_NIRCAM_#1227_level_2/mastDownload/JWST/jw01227026001_07201_00002_nrca4/jw01227026001_07201_00002_nrca4_cal.fits with expected size 117573120. [astroquery.query]
INFO: Found cached file /net/vdesk/data2/slagter/JWST_NIRCAM_#1227_level_2/mastDownload/JWST/jw01227026001_09201_00002_nrca4/jw01227026001_09201_00002_nrca4_cal.fits with expected size 117573120. [astroquery.query]
INFO: Found cached file /net/vdesk/data2/slagter/JWST_NIRCAM_#1227_level_2/mastDownload/JWST/jw01227026001_11201_00001_nrcb4/jw01227026001_11201_00001_nrcb4_cal.fits with expected size 117573120. [astroquery.query]
INFO: Found cached file /net/vdesk/data2/slagter/JWST_NIRCAM_#1227_level_2/mastDownload/JWST/jw01227026001_13201_00001_nrca4/jw01227026001_13201_00001_nrca4_cal.fits with expected size 117573120. [astroquery.query]
INFO: Found cached file /net/vdesk/data2/slagter/JWST_NIRCAM_#1227_level_2/mastDownload/JWST/jw01227026001_07201_00002_nrcb2/jw01227026001_07201_00002_nrcb2_cal.fits with expected size 117573120. [astroquery.query]
INFO: Found cached file /net/vdesk/data2/slagter/JWST_NIRCAM_#1227_level_2/mastDownload/JWST/jw01227026001_15201_00001_nrca1/jw01227026001_15201_00001_nrca1_cal.fits with expected size 117570240. [astroquery.query]
INFO: Found cached file /net/vdesk/data2/slagter/JWST_NIRCAM_#1227_level_2/mastDownload/JWST/jw01227026001_09201_00003_nrcb2/jw01227026001_09201_00003_nrcb2_cal.fits with expected size 117573120. [astroquery.query]
INFO: Found cached file /net/vdesk/data2/slagter/JWST_NIRCAM_#1227_level_2/mastDownload/JWST/jw01227026001_11201_00002_nrcb3/jw01227026001_11201_00002_nrcb3_cal.fits with expected size 117573120. [astroquery.query]
INFO: Found cached file /net/vdesk/data2/slagter/JWST_NIRCAM_#1227_level_2/mastDownload/JWST/jw01227026001_07201_00003_nrcb2/jw01227026001_07201_00003_nrcb2_cal.fits with expected size 117573120. [astroquery.query]
INFO: Found cached file /net/vdesk/data2/slagter/JWST_NIRCAM_#1227_level_2/mastDownload/JWST/jw01227026001_09201_00003_nrcalong/jw01227026001_09201_00003_nrcalong_cal.fits with expected size 117573120. [astroquery.query]
INFO: Found cached file /net/vdesk/data2/slagter/JWST_NIRCAM_#1227_level_2/mastDownload/JWST/jw01227026001_07201_00002_nrca3/jw01227026001_07201_00002_nrca3_cal.fits with expected size 117573120. [astroquery.query]
INFO: Found cached file /net/vdesk/data2/slagter/JWST_NIRCAM_#1227_level_2/mastDownload/JWST/jw01227026001_05201_00003_nrcalong/jw01227026001_05201_00003_nrcalong_cal.fits with expected size 117573120. [astroquery.query]
INFO: Found cached file /net/vdesk/data2/slagter/JWST_NIRCAM_#1227_level_2/mastDownload/JWST/jw01227026001_11201_00002_nrca3/jw01227026001_11201_00002_nrca3_cal.fits with expected size 117573120. [astroquery.query]
INFO: Found cached file /net/vdesk/data2/slagter/JWST_NIRCAM_#1227_level_2/mastDownload/JWST/jw01227026001_11201_00001_nrcblong/jw01227026001_11201_00001_nrcblong_cal.fits with expected size 117573120. [astroquery.query]
INFO: Found cached file /net/vdesk/data2/slagter/JWST_NIRCAM_#1227_level_2/mastDownload/JWST/jw01227026001_03201_00002_nrcalong/jw01227026001_03201_00002_nrcalong_cal.fits with expected size 117573120. [astroquery.query]
INFO: Found cached file /net/vdesk/data2/slagter/JWST_NIRCAM_#1227_level_2/mastDownload/JWST/jw01227026001_07201_00001_nrcb4/jw01227026001_07201_00001_nrcb4_cal.fits with expected size 117573120. [astroquery.query]
INFO: Found cached file /net/vdesk/data2/slagter/JWST_NIRCAM_#1227_level_2/mastDownload/JWST/jw01227026001_09201_00003_nrca3/jw01227026001_09201_00003_nrca3_cal.fits with expected size 117573120. [astroquery.query]
INFO: Found cached file /net/vdesk/data2/slagter/JWST_NIRCAM_#1227_level_2/mastDownload/JWST/jw01227026001_15201_00003_nrca3/jw01227026001_15201_00003_nrca3_cal.fits with expected size 117573120. [astroquery.query]
INFO: Found cached file /net/vdesk/data2/slagter/JWST_NIRCAM_#1227_level_2/mastDownload/JWST/jw01227026001_11201_00001_nrca4/jw01227026001_11201_00001_nrca4_cal.fits with expected size 117573120. [astroquery.query]
INFO: Found cached file /net/vdesk/data2/slagter/JWST_NIRCAM_#1227_level_2/mastDownload/JWST/jw01227026001_13201_00001_nrcb3/jw01227026001_13201_00001_nrcb3_cal.fits with expected size 117573120. [astroquery.query]
INFO: Found cached file /net/vdesk/data2/slagter/JWST_NIRCAM_#1227_level_2/mastDownload/JWST/jw01227026001_05201_00001_nrcalong/jw01227026001_05201_00001_nrcalong_cal.fits with expected size 117573120. [astroquery.query]
INFO: Found cached file /net/vdesk/data2/slagter/JWST_NIRCAM_#1227_level_2/mastDownload/JWST/jw01227026001_11201_00001_nrcb2/jw01227026001_11201_00001_nrcb2_cal.fits with expected size 117573120. [astroquery.query]
Downloading URL https://mast.stsci.edu/api/v0.1/Download/file?uri=mast:JWST/product/jw01227026001_07201_00003_nrca1_cal.fits to /net/vdesk/data2/slagter/JWST_NIRCAM_#1227_level_2/mastDownload/JWST/jw01227026001_07201_00003_nrca1/jw01227026001_07201_00003_nrca1_cal.fits ... [Done]
Downloading URL https://mast.stsci.edu/api/v0.1/Download/file?uri=mast:JWST/product/jw01227026001_09201_00001_nrca1_cal.fits to /net/vdesk/data2/slagter/JWST_NIRCAM_#1227_level_2/mastDownload/JWST/jw01227026001_09201_00001_nrca1/jw01227026001_09201_00001_nrca1_cal.fits ... [Done]
Downloading URL https://mast.stsci.edu/api/v0.1/Download/file?uri=mast:JWST/product/jw01227026001_11201_00001_nrcalong_cal.fits to /net/vdesk/data2/slagter/JWST_NIRCAM_#1227_level_2/mastDownload/JWST/jw01227026001_11201_00001_nrcalong/jw01227026001_11201_00001_nrcalong_cal.fits ... [Done]
Downloading URL https://mast.stsci.edu/api/v0.1/Download/file?uri=mast:JWST/product/jw01227026001_13201_00002_nrcb1_cal.fits to /net/vdesk/data2/slagter/JWST_NIRCAM_#1227_level_2/mastDownload/JWST/jw01227026001_13201_00002_nrcb1/jw01227026001_13201_00002_nrcb1_cal.fits ... [Done]
Downloading URL https://mast.stsci.edu/api/v0.1/Download/file?uri=mast:JWST/product/jw01227026001_07201_00002_nrca1_cal.fits to /net/vdesk/data2/slagter/JWST_NIRCAM_#1227_level_2/mastDownload/JWST/jw01227026001_07201_00002_nrca1/jw01227026001_07201_00002_nrca1_cal.fits ... [Done]
Downloading URL https://mast.stsci.edu/api/v0.1/Download/file?uri=mast:JWST/product/jw01227026001_07201_00001_nrcblong_cal.fits to /net/vdesk/data2/slagter/JWST_NIRCAM_#1227_level_2/mastDownload/JWST/jw01227026001_07201_00001_nrcblong/jw01227026001_07201_00001_nrcblong_cal.fits ... [Done]
Downloading URL https://mast.stsci.edu/api/v0.1/Download/file?uri=mast:JWST/product/jw01227026001_11201_00002_nrca2_cal.fits to /net/vdesk/data2/slagter/JWST_NIRCAM_#1227_level_2/mastDownload/JWST/jw01227026001_11201_00002_nrca2/jw01227026001_11201_00002_nrca2_cal.fits ... [Done]
Downloading URL https://mast.stsci.edu/api/v0.1/Download/file?uri=mast:JWST/product/jw01227026001_11201_00003_nrcalong_cal.fits to /net/vdesk/data2/slagter/JWST_NIRCAM_#1227_level_2/mastDownload/JWST/jw01227026001_11201_00003_nrcalong/jw01227026001_11201_00003_nrcalong_cal.fits ... [Done]
Downloading URL https://mast.stsci.edu/api/v0.1/Download/file?uri=mast:JWST/product/jw01227026001_07201_00003_nrca3_cal.fits to /net/vdesk/data2/slagter/JWST_NIRCAM_#1227_level_2/mastDownload/JWST/jw01227026001_07201_00003_nrca3/jw01227026001_07201_00003_nrca3_cal.fits ... [Done]
Downloading URL https://mast.stsci.edu/api/v0.1/Download/file?uri=mast:JWST/product/jw01227026001_03201_00003_nrcblong_cal.fits to /net/vdesk/data2/slagter/JWST_NIRCAM_#1227_level_2/mastDownload/JWST/jw01227026001_03201_00003_nrcblong/jw01227026001_03201_00003_nrcblong_cal.fits ... [Done]
Downloading URL https://mast.stsci.edu/api/v0.1/Download/file?uri=mast:JWST/product/jw01227026001_07201_00001_nrcb1_cal.fits to /net/vdesk/data2/slagter/JWST_NIRCAM_#1227_level_2/mastDownload/JWST/jw01227026001_07201_00001_nrcb1/jw01227026001_07201_00001_nrcb1_cal.fits ... [Done]
Downloading URL https://mast.stsci.edu/api/v0.1/Download/file?uri=mast:JWST/product/jw01227026001_13201_00003_nrcblong_cal.fits to /net/vdesk/data2/slagter/JWST_NIRCAM_#1227_level_2/mastDownload/JWST/jw01227026001_13201_00003_nrcblong/jw01227026001_13201_00003_nrcblong_cal.fits ... [Done]
Downloading URL https://mast.stsci.edu/api/v0.1/Download/file?uri=mast:JWST/product/jw01227026001_09201_00002_nrcb3_cal.fits to /net/vdesk/data2/slagter/JWST_NIRCAM_#1227_level_2/mastDownload/JWST/jw01227026001_09201_00002_nrcb3/jw01227026001_09201_00002_nrcb3_cal.fits ... [Done]
Downloading URL https://mast.stsci.edu/api/v0.1/Download/file?uri=mast:JWST/product/jw01227026001_11201_00003_nrcb4_cal.fits to /net/vdesk/data2/slagter/JWST_NIRCAM_#1227_level_2/mastDownload/JWST/jw01227026001_11201_00003_nrcb4/jw01227026001_11201_00003_nrcb4_cal.fits ... [Done]
Downloading URL https://mast.stsci.edu/api/v0.1/Download/file?uri=mast:JWST/product/jw01227026001_07201_00001_nrcb3_cal.fits to /net/vdesk/data2/slagter/JWST_NIRCAM_#1227_level_2/mastDownload/JWST/jw01227026001_07201_00001_nrcb3/jw01227026001_07201_00001_nrcb3_cal.fits ... [Done]
Downloading URL https://mast.stsci.edu/api/v0.1/Download/file?uri=mast:JWST/product/jw01227026001_03201_00002_nrcblong_cal.fits to /net/vdesk/data2/slagter/JWST_NIRCAM_#1227_level_2/mastDownload/JWST/jw01227026001_03201_00002_nrcblong/jw01227026001_03201_00002_nrcblong_cal.fits ... [Done]
Downloading URL https://mast.stsci.edu/api/v0.1/Download/file?uri=mast:JWST/product/jw01227026001_09201_00001_nrcb3_cal.fits to /net/vdesk/data2/slagter/JWST_NIRCAM_#1227_level_2/mastDownload/JWST/jw01227026001_09201_00001_nrcb3/jw01227026001_09201_00001_nrcb3_cal.fits ... [Done]
Downloading URL https://mast.stsci.edu/api/v0.1/Download/file?uri=mast:JWST/product/jw01227026001_07201_00001_nrca3_cal.fits to /net/vdesk/data2/slagter/JWST_NIRCAM_#1227_level_2/mastDownload/JWST/jw01227026001_07201_00001_nrca3/jw01227026001_07201_00001_nrca3_cal.fits ... [Done]
Downloading URL https://mast.stsci.edu/api/v0.1/Download/file?uri=mast:JWST/product/jw01227026001_07201_00003_nrcb1_cal.fits to /net/vdesk/data2/slagter/JWST_NIRCAM_#1227_level_2/mastDownload/JWST/jw01227026001_07201_00003_nrcb1/jw01227026001_07201_00003_nrcb1_cal.fits ... [Done]
Downloading URL https://mast.stsci.edu/api/v0.1/Download/file?uri=mast:JWST/product/jw01227026001_05201_00001_nrcblong_cal.fits to /net/vdesk/data2/slagter/JWST_NIRCAM_#1227_level_2/mastDownload/JWST/jw01227026001_05201_00001_nrcblong/jw01227026001_05201_00001_nrcblong_cal.fits ... [Done]
Downloading URL https://mast.stsci.edu/api/v0.1/Download/file?uri=mast:JWST/product/jw01227026001_13201_00001_nrca1_cal.fits to /net/vdesk/data2/slagter/JWST_NIRCAM_#1227_level_2/mastDownload/JWST/jw01227026001_13201_00001_nrca1/jw01227026001_13201_00001_nrca1_cal.fits ... [Done]
Downloading URL https://mast.stsci.edu/api/v0.1/Download/file?uri=mast:JWST/product/jw01227026001_07201_00002_nrcb3_cal.fits to /net/vdesk/data2/slagter/JWST_NIRCAM_#1227_level_2/mastDownload/JWST/jw01227026001_07201_00002_nrcb3/jw01227026001_07201_00002_nrcb3_cal.fits ... [Done]
Downloading URL https://mast.stsci.edu/api/v0.1/Download/file?uri=mast:JWST/product/jw01227026001_09201_00001_nrca4_cal.fits to /net/vdesk/data2/slagter/JWST_NIRCAM_#1227_level_2/mastDownload/JWST/jw01227026001_09201_00001_nrca4/jw01227026001_09201_00001_nrca4_cal.fits ... [Done]
Downloading URL https://mast.stsci.edu/api/v0.1/Download/file?uri=mast:JWST/product/jw01227026001_05201_00002_nrcalong_cal.fits to /net/vdesk/data2/slagter/JWST_NIRCAM_#1227_level_2/mastDownload/JWST/jw01227026001_05201_00002_nrcalong/jw01227026001_05201_00002_nrcalong_cal.fits ... [Done]
Downloading URL https://mast.stsci.edu/api/v0.1/Download/file?uri=mast:JWST/product/jw01227026001_11201_00001_nrcb3_cal.fits to /net/vdesk/data2/slagter/JWST_NIRCAM_#1227_level_2/mastDownload/JWST/jw01227026001_11201_00001_nrcb3/jw01227026001_11201_00001_nrcb3_cal.fits ... [Done]
Downloading URL https://mast.stsci.edu/api/v0.1/Download/file?uri=mast:JWST/product/jw01227026001_07201_00003_nrcblong_cal.fits to /net/vdesk/data2/slagter/JWST_NIRCAM_#1227_level_2/mastDownload/JWST/jw01227026001_07201_00003_nrcblong/jw01227026001_07201_00003_nrcblong_cal.fits ... [Done]
Downloading URL https://mast.stsci.edu/api/v0.1/Download/file?uri=mast:JWST/product/jw01227026001_07201_00001_nrca1_cal.fits to /net/vdesk/data2/slagter/JWST_NIRCAM_#1227_level_2/mastDownload/JWST/jw01227026001_07201_00001_nrca1/jw01227026001_07201_00001_nrca1_cal.fits ... [Done]
Downloading URL https://mast.stsci.edu/api/v0.1/Download/file?uri=mast:JWST/product/jw01227026001_07201_00001_nrcalong_cal.fits to /net/vdesk/data2/slagter/JWST_NIRCAM_#1227_level_2/mastDownload/JWST/jw01227026001_07201_00001_nrcalong/jw01227026001_07201_00001_nrcalong_cal.fits ... [Done]
Downloading URL https://mast.stsci.edu/api/v0.1/Download/file?uri=mast:JWST/product/jw01227026001_09201_00002_nrca1_cal.fits to /net/vdesk/data2/slagter/JWST_NIRCAM_#1227_level_2/mastDownload/JWST/jw01227026001_09201_00002_nrca1/jw01227026001_09201_00002_nrca1_cal.fits ... [Done]
Downloading URL https://mast.stsci.edu/api/v0.1/Download/file?uri=mast:JWST/product/jw01227026001_11201_00003_nrca4_cal.fits to /net/vdesk/data2/slagter/JWST_NIRCAM_#1227_level_2/mastDownload/JWST/jw01227026001_11201_00003_nrca4/jw01227026001_11201_00003_nrca4_cal.fits ... [Done]
Downloading URL https://mast.stsci.edu/api/v0.1/Download/file?uri=mast:JWST/product/jw01227026001_13201_00001_nrca2_cal.fits to /net/vdesk/data2/slagter/JWST_NIRCAM_#1227_level_2/mastDownload/JWST/jw01227026001_13201_00001_nrca2/jw01227026001_13201_00001_nrca2_cal.fits ... [Done]
Downloading URL https://mast.stsci.edu/api/v0.1/Download/file?uri=mast:JWST/product/jw01227026001_09201_00001_nrcb1_cal.fits to /net/vdesk/data2/slagter/JWST_NIRCAM_#1227_level_2/mastDownload/JWST/jw01227026001_09201_00001_nrcb1/jw01227026001_09201_00001_nrcb1_cal.fits ... [Done]
Downloading URL https://mast.stsci.edu/api/v0.1/Download/file?uri=mast:JWST/product/jw01227026001_07201_00003_nrca4_cal.fits to /net/vdesk/data2/slagter/JWST_NIRCAM_#1227_level_2/mastDownload/JWST/jw01227026001_07201_00003_nrca4/jw01227026001_07201_00003_nrca4_cal.fits ... [Done]
Downloading URL https://mast.stsci.edu/api/v0.1/Download/file?uri=mast:JWST/product/jw01227026001_13201_00001_nrca3_cal.fits to /net/vdesk/data2/slagter/JWST_NIRCAM_#1227_level_2/mastDownload/JWST/jw01227026001_13201_00001_nrca3/jw01227026001_13201_00001_nrca3_cal.fits ... [Done]
Downloading URL https://mast.stsci.edu/api/v0.1/Download/file?uri=mast:JWST/product/jw01227026001_13201_00003_nrca3_cal.fits to /net/vdesk/data2/slagter/JWST_NIRCAM_#1227_level_2/mastDownload/JWST/jw01227026001_13201_00003_nrca3/jw01227026001_13201_00003_nrca3_cal.fits ... [Done]
Downloading URL https://mast.stsci.edu/api/v0.1/Download/file?uri=mast:JWST/product/jw01227026001_07201_00002_nrcb1_cal.fits to /net/vdesk/data2/slagter/JWST_NIRCAM_#1227_level_2/mastDownload/JWST/jw01227026001_07201_00002_nrcb1/jw01227026001_07201_00002_nrcb1_cal.fits ... [Done]
Downloading URL https://mast.stsci.edu/api/v0.1/Download/file?uri=mast:JWST/product/jw01227026001_07201_00002_nrcblong_cal.fits to /net/vdesk/data2/slagter/JWST_NIRCAM_#1227_level_2/mastDownload/JWST/jw01227026001_07201_00002_nrcblong/jw01227026001_07201_00002_nrcblong_cal.fits ... [Done]
Downloading URL https://mast.stsci.edu/api/v0.1/Download/file?uri=mast:JWST/product/jw01227026001_07201_00003_nrcb4_cal.fits to /net/vdesk/data2/slagter/JWST_NIRCAM_#1227_level_2/mastDownload/JWST/jw01227026001_07201_00003_nrcb4/jw01227026001_07201_00003_nrcb4_cal.fits ... [Done]
Downloading URL https://mast.stsci.edu/api/v0.1/Download/file?uri=mast:JWST/product/jw01227026001_11201_00001_nrca1_cal.fits to /net/vdesk/data2/slagter/JWST_NIRCAM_#1227_level_2/mastDownload/JWST/jw01227026001_11201_00001_nrca1/jw01227026001_11201_00001_nrca1_cal.fits ... [Done]
Downloading URL https://mast.stsci.edu/api/v0.1/Download/file?uri=mast:JWST/product/jw01227026001_15201_00003_nrcb3_cal.fits to /net/vdesk/data2/slagter/JWST_NIRCAM_#1227_level_2/mastDownload/JWST/jw01227026001_15201_00003_nrcb3/jw01227026001_15201_00003_nrcb3_cal.fits ... [Done]
Downloading URL https://mast.stsci.edu/api/v0.1/Download/file?uri=mast:JWST/product/jw01227026001_11201_00003_nrca2_cal.fits to /net/vdesk/data2/slagter/JWST_NIRCAM_#1227_level_2/mastDownload/JWST/jw01227026001_11201_00003_nrca2/jw01227026001_11201_00003_nrca2_cal.fits ... [Done]
Downloading URL https://mast.stsci.edu/api/v0.1/Download/file?uri=mast:JWST/product/jw01227026001_05201_00003_nrcblong_cal.fits to /net/vdesk/data2/slagter/JWST_NIRCAM_#1227_level_2/mastDownload/JWST/jw01227026001_05201_00003_nrcblong/jw01227026001_05201_00003_nrcblong_cal.fits ... [Done]
Downloading URL https://mast.stsci.edu/api/v0.1/Download/file?uri=mast:JWST/product/jw01227026001_07201_00002_nrcb4_cal.fits to /net/vdesk/data2/slagter/JWST_NIRCAM_#1227_level_2/mastDownload/JWST/jw01227026001_07201_00002_nrcb4/jw01227026001_07201_00002_nrcb4_cal.fits ... [Done]
Downloading URL https://mast.stsci.edu/api/v0.1/Download/file?uri=mast:JWST/product/jw01227026001_13201_00001_nrcb4_cal.fits to /net/vdesk/data2/slagter/JWST_NIRCAM_#1227_level_2/mastDownload/JWST/jw01227026001_13201_00001_nrcb4/jw01227026001_13201_00001_nrcb4_cal.fits ... [Done]
Downloading URL https://mast.stsci.edu/api/v0.1/Download/file?uri=mast:JWST/product/jw01227026001_09201_00002_nrca2_cal.fits to /net/vdesk/data2/slagter/JWST_NIRCAM_#1227_level_2/mastDownload/JWST/jw01227026001_09201_00002_nrca2/jw01227026001_09201_00002_nrca2_cal.fits ... [Done]
Downloading URL https://mast.stsci.edu/api/v0.1/Download/file?uri=mast:JWST/product/jw01227026001_09201_00001_nrcb2_cal.fits to /net/vdesk/data2/slagter/JWST_NIRCAM_#1227_level_2/mastDownload/JWST/jw01227026001_09201_00001_nrcb2/jw01227026001_09201_00001_nrcb2_cal.fits ... [Done]
Downloading URL https://mast.stsci.edu/api/v0.1/Download/file?uri=mast:JWST/product/jw01227026001_09201_00002_nrcblong_cal.fits to /net/vdesk/data2/slagter/JWST_NIRCAM_#1227_level_2/mastDownload/JWST/jw01227026001_09201_00002_nrcblong/jw01227026001_09201_00002_nrcblong_cal.fits ... [Done]
Downloading URL https://mast.stsci.edu/api/v0.1/Download/file?uri=mast:JWST/product/jw01227026001_13201_00001_nrcb2_cal.fits to /net/vdesk/data2/slagter/JWST_NIRCAM_#1227_level_2/mastDownload/JWST/jw01227026001_13201_00001_nrcb2/jw01227026001_13201_00001_nrcb2_cal.fits ... [Done]
Downloading URL https://mast.stsci.edu/api/v0.1/Download/file?uri=mast:JWST/product/jw01227026001_09201_00003_nrcblong_cal.fits to /net/vdesk/data2/slagter/JWST_NIRCAM_#1227_level_2/mastDownload/JWST/jw01227026001_09201_00003_nrcblong/jw01227026001_09201_00003_nrcblong_cal.fits ... [Done]
Downloading URL https://mast.stsci.edu/api/v0.1/Download/file?uri=mast:JWST/product/jw01227026001_13201_00003_nrcb4_cal.fits to /net/vdesk/data2/slagter/JWST_NIRCAM_#1227_level_2/mastDownload/JWST/jw01227026001_13201_00003_nrcb4/jw01227026001_13201_00003_nrcb4_cal.fits ... [Done]
Downloading URL https://mast.stsci.edu/api/v0.1/Download/file?uri=mast:JWST/product/jw01227026001_11201_00003_nrcblong_cal.fits to /net/vdesk/data2/slagter/JWST_NIRCAM_#1227_level_2/mastDownload/JWST/jw01227026001_11201_00003_nrcblong/jw01227026001_11201_00003_nrcblong_cal.fits ... [Done]
Downloading URL https://mast.stsci.edu/api/v0.1/Download/file?uri=mast:JWST/product/jw01227026001_05201_00002_nrcblong_cal.fits to /net/vdesk/data2/slagter/JWST_NIRCAM_#1227_level_2/mastDownload/JWST/jw01227026001_05201_00002_nrcblong/jw01227026001_05201_00002_nrcblong_cal.fits ... [Done]
Downloading URL https://mast.stsci.edu/api/v0.1/Download/file?uri=mast:JWST/product/jw01227026001_15201_00001_nrcb3_cal.fits to /net/vdesk/data2/slagter/JWST_NIRCAM_#1227_level_2/mastDownload/JWST/jw01227026001_15201_00001_nrcb3/jw01227026001_15201_00001_nrcb3_cal.fits ... [Done]
Downloading URL https://mast.stsci.edu/api/v0.1/Download/file?uri=mast:JWST/product/jw01227026001_07201_00001_nrca2_cal.fits to /net/vdesk/data2/slagter/JWST_NIRCAM_#1227_level_2/mastDownload/JWST/jw01227026001_07201_00001_nrca2/jw01227026001_07201_00001_nrca2_cal.fits ... [Done]
Downloading URL https://mast.stsci.edu/api/v0.1/Download/file?uri=mast:JWST/product/jw01227026001_11201_00001_nrcb1_cal.fits to /net/vdesk/data2/slagter/JWST_NIRCAM_#1227_level_2/mastDownload/JWST/jw01227026001_11201_00001_nrcb1/jw01227026001_11201_00001_nrcb1_cal.fits ... [Done]
Downloading URL https://mast.stsci.edu/api/v0.1/Download/file?uri=mast:JWST/product/jw01227026001_13201_00003_nrca4_cal.fits to /net/vdesk/data2/slagter/JWST_NIRCAM_#1227_level_2/mastDownload/JWST/jw01227026001_13201_00003_nrca4/jw01227026001_13201_00003_nrca4_cal.fits ... [Done]
Downloading URL https://mast.stsci.edu/api/v0.1/Download/file?uri=mast:JWST/product/jw01227026001_07201_00003_nrcb3_cal.fits to /net/vdesk/data2/slagter/JWST_NIRCAM_#1227_level_2/mastDownload/JWST/jw01227026001_07201_00003_nrcb3/jw01227026001_07201_00003_nrcb3_cal.fits ... [Done]
Downloading URL https://mast.stsci.edu/api/v0.1/Download/file?uri=mast:JWST/product/jw01227026001_09201_00001_nrcb4_cal.fits to /net/vdesk/data2/slagter/JWST_NIRCAM_#1227_level_2/mastDownload/JWST/jw01227026001_09201_00001_nrcb4/jw01227026001_09201_00001_nrcb4_cal.fits ... [Done]
Downloading URL https://mast.stsci.edu/api/v0.1/Download/file?uri=mast:JWST/product/jw01227026001_07201_00003_nrca2_cal.fits to /net/vdesk/data2/slagter/JWST_NIRCAM_#1227_level_2/mastDownload/JWST/jw01227026001_07201_00003_nrca2/jw01227026001_07201_00003_nrca2_cal.fits ... [Done]
Downloading URL https://mast.stsci.edu/api/v0.1/Download/file?uri=mast:JWST/product/jw01227026001_13201_00003_nrca1_cal.fits to /net/vdesk/data2/slagter/JWST_NIRCAM_#1227_level_2/mastDownload/JWST/jw01227026001_13201_00003_nrca1/jw01227026001_13201_00003_nrca1_cal.fits ... [Done]
Downloading URL https://mast.stsci.edu/api/v0.1/Download/file?uri=mast:JWST/product/jw01227026001_07201_00003_nrcalong_cal.fits to /net/vdesk/data2/slagter/JWST_NIRCAM_#1227_level_2/mastDownload/JWST/jw01227026001_07201_00003_nrcalong/jw01227026001_07201_00003_nrcalong_cal.fits ... [Done]
Downloading URL https://mast.stsci.edu/api/v0.1/Download/file?uri=mast:JWST/product/jw01227026001_09201_00002_nrcb1_cal.fits to /net/vdesk/data2/slagter/JWST_NIRCAM_#1227_level_2/mastDownload/JWST/jw01227026001_09201_00002_nrcb1/jw01227026001_09201_00002_nrcb1_cal.fits ... [Done]
Downloading URL https://mast.stsci.edu/api/v0.1/Download/file?uri=mast:JWST/product/jw01227026001_03201_00003_nrcalong_cal.fits to /net/vdesk/data2/slagter/JWST_NIRCAM_#1227_level_2/mastDownload/JWST/jw01227026001_03201_00003_nrcalong/jw01227026001_03201_00003_nrcalong_cal.fits ... [Done]
Downloading URL https://mast.stsci.edu/api/v0.1/Download/file?uri=mast:JWST/product/jw01227026001_13201_00001_nrcalong_cal.fits to /net/vdesk/data2/slagter/JWST_NIRCAM_#1227_level_2/mastDownload/JWST/jw01227026001_13201_00001_nrcalong/jw01227026001_13201_00001_nrcalong_cal.fits ... [Done]
Downloading URL https://mast.stsci.edu/api/v0.1/Download/file?uri=mast:JWST/product/jw01227026001_03201_00001_nrcalong_cal.fits to /net/vdesk/data2/slagter/JWST_NIRCAM_#1227_level_2/mastDownload/JWST/jw01227026001_03201_00001_nrcalong/jw01227026001_03201_00001_nrcalong_cal.fits ... [Done]
Downloading URL https://mast.stsci.edu/api/v0.1/Download/file?uri=mast:JWST/product/jw01227026001_09201_00003_nrcb4_cal.fits to /net/vdesk/data2/slagter/JWST_NIRCAM_#1227_level_2/mastDownload/JWST/jw01227026001_09201_00003_nrcb4/jw01227026001_09201_00003_nrcb4_cal.fits ... [Done]
Downloading URL https://mast.stsci.edu/api/v0.1/Download/file?uri=mast:JWST/product/jw01227026001_09201_00001_nrcblong_cal.fits to /net/vdesk/data2/slagter/JWST_NIRCAM_#1227_level_2/mastDownload/JWST/jw01227026001_09201_00001_nrcblong/jw01227026001_09201_00001_nrcblong_cal.fits ... [Done]
Downloading URL https://mast.stsci.edu/api/v0.1/Download/file?uri=mast:JWST/product/jw01227026001_13201_00001_nrcblong_cal.fits to /net/vdesk/data2/slagter/JWST_NIRCAM_#1227_level_2/mastDownload/JWST/jw01227026001_13201_00001_nrcblong/jw01227026001_13201_00001_nrcblong_cal.fits ... [Done]
Downloading URL https://mast.stsci.edu/api/v0.1/Download/file?uri=mast:JWST/product/jw01227026001_07201_00002_nrca2_cal.fits to /net/vdesk/data2/slagter/JWST_NIRCAM_#1227_level_2/mastDownload/JWST/jw01227026001_07201_00002_nrca2/jw01227026001_07201_00002_nrca2_cal.fits ... [Done]
Downloading URL https://mast.stsci.edu/api/v0.1/Download/file?uri=mast:JWST/product/jw01227026001_09201_00002_nrcb4_cal.fits to /net/vdesk/data2/slagter/JWST_NIRCAM_#1227_level_2/mastDownload/JWST/jw01227026001_09201_00002_nrcb4/jw01227026001_09201_00002_nrcb4_cal.fits ... [Done]
Downloading URL https://mast.stsci.edu/api/v0.1/Download/file?uri=mast:JWST/product/jw01227026001_13201_00001_nrcb1_cal.fits to /net/vdesk/data2/slagter/JWST_NIRCAM_#1227_level_2/mastDownload/JWST/jw01227026001_13201_00001_nrcb1/jw01227026001_13201_00001_nrcb1_cal.fits ... [Done]
Downloading URL https://mast.stsci.edu/api/v0.1/Download/file?uri=mast:JWST/product/jw01227026001_07201_00001_nrca4_cal.fits to /net/vdesk/data2/slagter/JWST_NIRCAM_#1227_level_2/mastDownload/JWST/jw01227026001_07201_00001_nrca4/jw01227026001_07201_00001_nrca4_cal.fits ... [Done]
Downloading URL https://mast.stsci.edu/api/v0.1/Download/file?uri=mast:JWST/product/jw01227026001_09201_00002_nrcb2_cal.fits to /net/vdesk/data2/slagter/JWST_NIRCAM_#1227_level_2/mastDownload/JWST/jw01227026001_09201_00002_nrcb2/jw01227026001_09201_00002_nrcb2_cal.fits ... [Done]
Downloading URL https://mast.stsci.edu/api/v0.1/Download/file?uri=mast:JWST/product/jw01227026001_17201_00003_nrca2_cal.fits to /net/vdesk/data2/slagter/JWST_NIRCAM_#1227_level_2/mastDownload/JWST/jw01227026001_17201_00003_nrca2/jw01227026001_17201_00003_nrca2_cal.fits ... [Done]
Downloading URL https://mast.stsci.edu/api/v0.1/Download/file?uri=mast:JWST/product/jw01227026001_17201_00001_nrca4_cal.fits to /net/vdesk/data2/slagter/JWST_NIRCAM_#1227_level_2/mastDownload/JWST/jw01227026001_17201_00001_nrca4/jw01227026001_17201_00001_nrca4_cal.fits ... [Done]
Downloading URL https://mast.stsci.edu/api/v0.1/Download/file?uri=mast:JWST/product/jw01227026001_17201_00001_nrca2_cal.fits to /net/vdesk/data2/slagter/JWST_NIRCAM_#1227_level_2/mastDownload/JWST/jw01227026001_17201_00001_nrca2/jw01227026001_17201_00001_nrca2_cal.fits ... [Done]
Downloading URL https://mast.stsci.edu/api/v0.1/Download/file?uri=mast:JWST/product/jw01227026001_15201_00001_nrca2_cal.fits to /net/vdesk/data2/slagter/JWST_NIRCAM_#1227_level_2/mastDownload/JWST/jw01227026001_15201_00001_nrca2/jw01227026001_15201_00001_nrca2_cal.fits ... [Done]
Downloading URL https://mast.stsci.edu/api/v0.1/Download/file?uri=mast:JWST/product/jw01227026001_15201_00002_nrca1_cal.fits to /net/vdesk/data2/slagter/JWST_NIRCAM_#1227_level_2/mastDownload/JWST/jw01227026001_15201_00002_nrca1/jw01227026001_15201_00002_nrca1_cal.fits ... [Done]
Downloading URL https://mast.stsci.edu/api/v0.1/Download/file?uri=mast:JWST/product/jw01227026001_17201_00002_nrca1_cal.fits to /net/vdesk/data2/slagter/JWST_NIRCAM_#1227_level_2/mastDownload/JWST/jw01227026001_17201_00002_nrca1/jw01227026001_17201_00002_nrca1_cal.fits ... [Done]
Downloading URL https://mast.stsci.edu/api/v0.1/Download/file?uri=mast:JWST/product/jw01227026001_17201_00001_nrcb2_cal.fits to /net/vdesk/data2/slagter/JWST_NIRCAM_#1227_level_2/mastDownload/JWST/jw01227026001_17201_00001_nrcb2/jw01227026001_17201_00001_nrcb2_cal.fits ... [Done]
Downloading URL https://mast.stsci.edu/api/v0.1/Download/file?uri=mast:JWST/product/jw01227026001_17201_00002_nrcalong_cal.fits to /net/vdesk/data2/slagter/JWST_NIRCAM_#1227_level_2/mastDownload/JWST/jw01227026001_17201_00002_nrcalong/jw01227026001_17201_00002_nrcalong_cal.fits ... [Done]
Downloading URL https://mast.stsci.edu/api/v0.1/Download/file?uri=mast:JWST/product/jw01227026001_17201_00002_nrcb2_cal.fits to /net/vdesk/data2/slagter/JWST_NIRCAM_#1227_level_2/mastDownload/JWST/jw01227026001_17201_00002_nrcb2/jw01227026001_17201_00002_nrcb2_cal.fits ... [Done]
Downloading URL https://mast.stsci.edu/api/v0.1/Download/file?uri=mast:JWST/product/jw01227026001_17201_00002_nrca4_cal.fits to /net/vdesk/data2/slagter/JWST_NIRCAM_#1227_level_2/mastDownload/JWST/jw01227026001_17201_00002_nrca4/jw01227026001_17201_00002_nrca4_cal.fits ... [Done]
Downloading URL https://mast.stsci.edu/api/v0.1/Download/file?uri=mast:JWST/product/jw01227026001_13201_00002_nrcb3_cal.fits to /net/vdesk/data2/slagter/JWST_NIRCAM_#1227_level_2/mastDownload/JWST/jw01227026001_13201_00002_nrcb3/jw01227026001_13201_00002_nrcb3_cal.fits ... [Done]
Downloading URL https://mast.stsci.edu/api/v0.1/Download/file?uri=mast:JWST/product/jw01227026001_15201_00001_nrcb1_cal.fits to /net/vdesk/data2/slagter/JWST_NIRCAM_#1227_level_2/mastDownload/JWST/jw01227026001_15201_00001_nrcb1/jw01227026001_15201_00001_nrcb1_cal.fits ... [Done]
Downloading URL https://mast.stsci.edu/api/v0.1/Download/file?uri=mast:JWST/product/jw01227026001_17201_00002_nrcb3_cal.fits to /net/vdesk/data2/slagter/JWST_NIRCAM_#1227_level_2/mastDownload/JWST/jw01227026001_17201_00002_nrcb3/jw01227026001_17201_00002_nrcb3_cal.fits ... [Done]
Downloading URL https://mast.stsci.edu/api/v0.1/Download/file?uri=mast:JWST/product/jw01227026001_15201_00001_nrca4_cal.fits to /net/vdesk/data2/slagter/JWST_NIRCAM_#1227_level_2/mastDownload/JWST/jw01227026001_15201_00001_nrca4/jw01227026001_15201_00001_nrca4_cal.fits ... [Done]
Downloading URL https://mast.stsci.edu/api/v0.1/Download/file?uri=mast:JWST/product/jw01227026001_13201_00003_nrcalong_cal.fits to /net/vdesk/data2/slagter/JWST_NIRCAM_#1227_level_2/mastDownload/JWST/jw01227026001_13201_00003_nrcalong/jw01227026001_13201_00003_nrcalong_cal.fits ... [Done]
Downloading URL https://mast.stsci.edu/api/v0.1/Download/file?uri=mast:JWST/product/jw01227026001_17201_00003_nrca3_cal.fits to /net/vdesk/data2/slagter/JWST_NIRCAM_#1227_level_2/mastDownload/JWST/jw01227026001_17201_00003_nrca3/jw01227026001_17201_00003_nrca3_cal.fits ... [Done]
Downloading URL https://mast.stsci.edu/api/v0.1/Download/file?uri=mast:JWST/product/jw01227026001_15201_00002_nrcb2_cal.fits to /net/vdesk/data2/slagter/JWST_NIRCAM_#1227_level_2/mastDownload/JWST/jw01227026001_15201_00002_nrcb2/jw01227026001_15201_00002_nrcb2_cal.fits ... [Done]
Downloading URL https://mast.stsci.edu/api/v0.1/Download/file?uri=mast:JWST/product/jw01227026001_15201_00002_nrca3_cal.fits to /net/vdesk/data2/slagter/JWST_NIRCAM_#1227_level_2/mastDownload/JWST/jw01227026001_15201_00002_nrca3/jw01227026001_15201_00002_nrca3_cal.fits ... [Done]
Downloading URL https://mast.stsci.edu/api/v0.1/Download/file?uri=mast:JWST/product/jw01227026001_15201_00001_nrcb4_cal.fits to /net/vdesk/data2/slagter/JWST_NIRCAM_#1227_level_2/mastDownload/JWST/jw01227026001_15201_00001_nrcb4/jw01227026001_15201_00001_nrcb4_cal.fits ... [Done]
Downloading URL https://mast.stsci.edu/api/v0.1/Download/file?uri=mast:JWST/product/jw01227026001_15201_00003_nrca4_cal.fits to /net/vdesk/data2/slagter/JWST_NIRCAM_#1227_level_2/mastDownload/JWST/jw01227026001_15201_00003_nrca4/jw01227026001_15201_00003_nrca4_cal.fits ... [Done]
Downloading URL https://mast.stsci.edu/api/v0.1/Download/file?uri=mast:JWST/product/jw01227026001_13201_00002_nrcblong_cal.fits to /net/vdesk/data2/slagter/JWST_NIRCAM_#1227_level_2/mastDownload/JWST/jw01227026001_13201_00002_nrcblong/jw01227026001_13201_00002_nrcblong_cal.fits ... [Done]
Downloading URL https://mast.stsci.edu/api/v0.1/Download/file?uri=mast:JWST/product/jw01227026001_15201_00003_nrca1_cal.fits to /net/vdesk/data2/slagter/JWST_NIRCAM_#1227_level_2/mastDownload/JWST/jw01227026001_15201_00003_nrca1/jw01227026001_15201_00003_nrca1_cal.fits ... [Done]
Downloading URL https://mast.stsci.edu/api/v0.1/Download/file?uri=mast:JWST/product/jw01227026001_17201_00003_nrcb4_cal.fits to /net/vdesk/data2/slagter/JWST_NIRCAM_#1227_level_2/mastDownload/JWST/jw01227026001_17201_00003_nrcb4/jw01227026001_17201_00003_nrcb4_cal.fits ... [Done]
Downloading URL https://mast.stsci.edu/api/v0.1/Download/file?uri=mast:JWST/product/jw01227026001_13201_00002_nrcb4_cal.fits to /net/vdesk/data2/slagter/JWST_NIRCAM_#1227_level_2/mastDownload/JWST/jw01227026001_13201_00002_nrcb4/jw01227026001_13201_00002_nrcb4_cal.fits ... [Done]
Downloading URL https://mast.stsci.edu/api/v0.1/Download/file?uri=mast:JWST/product/jw01227026001_15201_00002_nrcb3_cal.fits to /net/vdesk/data2/slagter/JWST_NIRCAM_#1227_level_2/mastDownload/JWST/jw01227026001_15201_00002_nrcb3/jw01227026001_15201_00002_nrcb3_cal.fits ... [Done]
Downloading URL https://mast.stsci.edu/api/v0.1/Download/file?uri=mast:JWST/product/jw01227026001_13201_00003_nrcb2_cal.fits to /net/vdesk/data2/slagter/JWST_NIRCAM_#1227_level_2/mastDownload/JWST/jw01227026001_13201_00003_nrcb2/jw01227026001_13201_00003_nrcb2_cal.fits ... [Done]
Downloading URL https://mast.stsci.edu/api/v0.1/Download/file?uri=mast:JWST/product/jw01227026001_15201_00002_nrcb1_cal.fits to /net/vdesk/data2/slagter/JWST_NIRCAM_#1227_level_2/mastDownload/JWST/jw01227026001_15201_00002_nrcb1/jw01227026001_15201_00002_nrcb1_cal.fits ... [Done]
Downloading URL https://mast.stsci.edu/api/v0.1/Download/file?uri=mast:JWST/product/jw01227026001_15201_00001_nrcb2_cal.fits to /net/vdesk/data2/slagter/JWST_NIRCAM_#1227_level_2/mastDownload/JWST/jw01227026001_15201_00001_nrcb2/jw01227026001_15201_00001_nrcb2_cal.fits ... [Done]
Downloading URL https://mast.stsci.edu/api/v0.1/Download/file?uri=mast:JWST/product/jw01227026001_17201_00003_nrcalong_cal.fits to /net/vdesk/data2/slagter/JWST_NIRCAM_#1227_level_2/mastDownload/JWST/jw01227026001_17201_00003_nrcalong/jw01227026001_17201_00003_nrcalong_cal.fits ... [Done]
Downloading URL https://mast.stsci.edu/api/v0.1/Download/file?uri=mast:JWST/product/jw01227026001_13201_00002_nrca4_cal.fits to /net/vdesk/data2/slagter/JWST_NIRCAM_#1227_level_2/mastDownload/JWST/jw01227026001_13201_00002_nrca4/jw01227026001_13201_00002_nrca4_cal.fits ... [Done]
Downloading URL https://mast.stsci.edu/api/v0.1/Download/file?uri=mast:JWST/product/jw01227026001_17201_00001_nrca1_cal.fits to /net/vdesk/data2/slagter/JWST_NIRCAM_#1227_level_2/mastDownload/JWST/jw01227026001_17201_00001_nrca1/jw01227026001_17201_00001_nrca1_cal.fits ... [Done]
Downloading URL https://mast.stsci.edu/api/v0.1/Download/file?uri=mast:JWST/product/jw01227026001_17201_00001_nrcblong_cal.fits to /net/vdesk/data2/slagter/JWST_NIRCAM_#1227_level_2/mastDownload/JWST/jw01227026001_17201_00001_nrcblong/jw01227026001_17201_00001_nrcblong_cal.fits ... [Done]
Downloading URL https://mast.stsci.edu/api/v0.1/Download/file?uri=mast:JWST/product/jw01227026001_17201_00001_nrcalong_cal.fits to /net/vdesk/data2/slagter/JWST_NIRCAM_#1227_level_2/mastDownload/JWST/jw01227026001_17201_00001_nrcalong/jw01227026001_17201_00001_nrcalong_cal.fits ... [Done]
Downloading URL https://mast.stsci.edu/api/v0.1/Download/file?uri=mast:JWST/product/jw01227026001_15201_00002_nrca4_cal.fits to /net/vdesk/data2/slagter/JWST_NIRCAM_#1227_level_2/mastDownload/JWST/jw01227026001_15201_00002_nrca4/jw01227026001_15201_00002_nrca4_cal.fits ... [Done]
Downloading URL https://mast.stsci.edu/api/v0.1/Download/file?uri=mast:JWST/product/jw01227026001_13201_00002_nrca2_cal.fits to /net/vdesk/data2/slagter/JWST_NIRCAM_#1227_level_2/mastDownload/JWST/jw01227026001_13201_00002_nrca2/jw01227026001_13201_00002_nrca2_cal.fits ... [Done]
Downloading URL https://mast.stsci.edu/api/v0.1/Download/file?uri=mast:JWST/product/jw01227026001_17201_00003_nrca4_cal.fits to /net/vdesk/data2/slagter/JWST_NIRCAM_#1227_level_2/mastDownload/JWST/jw01227026001_17201_00003_nrca4/jw01227026001_17201_00003_nrca4_cal.fits ... [Done]
Downloading URL https://mast.stsci.edu/api/v0.1/Download/file?uri=mast:JWST/product/jw01227026001_17201_00003_nrcb3_cal.fits to /net/vdesk/data2/slagter/JWST_NIRCAM_#1227_level_2/mastDownload/JWST/jw01227026001_17201_00003_nrcb3/jw01227026001_17201_00003_nrcb3_cal.fits ... [Done]
Downloading URL https://mast.stsci.edu/api/v0.1/Download/file?uri=mast:JWST/product/jw01227026001_13201_00003_nrcb1_cal.fits to /net/vdesk/data2/slagter/JWST_NIRCAM_#1227_level_2/mastDownload/JWST/jw01227026001_13201_00003_nrcb1/jw01227026001_13201_00003_nrcb1_cal.fits ... [Done]
Downloading URL https://mast.stsci.edu/api/v0.1/Download/file?uri=mast:JWST/product/jw01227026001_13201_00002_nrca3_cal.fits to /net/vdesk/data2/slagter/JWST_NIRCAM_#1227_level_2/mastDownload/JWST/jw01227026001_13201_00002_nrca3/jw01227026001_13201_00002_nrca3_cal.fits ... [Done]
Downloading URL https://mast.stsci.edu/api/v0.1/Download/file?uri=mast:JWST/product/jw01227026001_17201_00002_nrca2_cal.fits to /net/vdesk/data2/slagter/JWST_NIRCAM_#1227_level_2/mastDownload/JWST/jw01227026001_17201_00002_nrca2/jw01227026001_17201_00002_nrca2_cal.fits ... [Done]
Downloading URL https://mast.stsci.edu/api/v0.1/Download/file?uri=mast:JWST/product/jw01227026001_17201_00001_nrcb3_cal.fits to /net/vdesk/data2/slagter/JWST_NIRCAM_#1227_level_2/mastDownload/JWST/jw01227026001_17201_00001_nrcb3/jw01227026001_17201_00001_nrcb3_cal.fits ... [Done]
Downloading URL https://mast.stsci.edu/api/v0.1/Download/file?uri=mast:JWST/product/jw01227026001_13201_00002_nrcalong_cal.fits to /net/vdesk/data2/slagter/JWST_NIRCAM_#1227_level_2/mastDownload/JWST/jw01227026001_13201_00002_nrcalong/jw01227026001_13201_00002_nrcalong_cal.fits ... [Done]
Downloading URL https://mast.stsci.edu/api/v0.1/Download/file?uri=mast:JWST/product/jw01227026001_15201_00003_nrcblong_cal.fits to /net/vdesk/data2/slagter/JWST_NIRCAM_#1227_level_2/mastDownload/JWST/jw01227026001_15201_00003_nrcblong/jw01227026001_15201_00003_nrcblong_cal.fits ... [Done]
Downloading URL https://mast.stsci.edu/api/v0.1/Download/file?uri=mast:JWST/product/jw01227026001_17201_00001_nrcb4_cal.fits to /net/vdesk/data2/slagter/JWST_NIRCAM_#1227_level_2/mastDownload/JWST/jw01227026001_17201_00001_nrcb4/jw01227026001_17201_00001_nrcb4_cal.fits ... [Done]
Downloading URL https://mast.stsci.edu/api/v0.1/Download/file?uri=mast:JWST/product/jw01227026001_17201_00002_nrcb4_cal.fits to /net/vdesk/data2/slagter/JWST_NIRCAM_#1227_level_2/mastDownload/JWST/jw01227026001_17201_00002_nrcb4/jw01227026001_17201_00002_nrcb4_cal.fits ... [Done]
Downloading URL https://mast.stsci.edu/api/v0.1/Download/file?uri=mast:JWST/product/jw01227026001_13201_00002_nrcb2_cal.fits to /net/vdesk/data2/slagter/JWST_NIRCAM_#1227_level_2/mastDownload/JWST/jw01227026001_13201_00002_nrcb2/jw01227026001_13201_00002_nrcb2_cal.fits ... [Done]
Downloading URL https://mast.stsci.edu/api/v0.1/Download/file?uri=mast:JWST/product/jw01227026001_13201_00003_nrcb3_cal.fits to /net/vdesk/data2/slagter/JWST_NIRCAM_#1227_level_2/mastDownload/JWST/jw01227026001_13201_00003_nrcb3/jw01227026001_13201_00003_nrcb3_cal.fits ... [Done]
Downloading URL https://mast.stsci.edu/api/v0.1/Download/file?uri=mast:JWST/product/jw01227026001_17201_00002_nrca3_cal.fits to /net/vdesk/data2/slagter/JWST_NIRCAM_#1227_level_2/mastDownload/JWST/jw01227026001_17201_00002_nrca3/jw01227026001_17201_00002_nrca3_cal.fits ... [Done]
Downloading URL https://mast.stsci.edu/api/v0.1/Download/file?uri=mast:JWST/product/jw01227026001_15201_00002_nrca2_cal.fits to /net/vdesk/data2/slagter/JWST_NIRCAM_#1227_level_2/mastDownload/JWST/jw01227026001_15201_00002_nrca2/jw01227026001_15201_00002_nrca2_cal.fits ... [Done]
Downloading URL https://mast.stsci.edu/api/v0.1/Download/file?uri=mast:JWST/product/jw01227026001_15201_00003_nrcb2_cal.fits to /net/vdesk/data2/slagter/JWST_NIRCAM_#1227_level_2/mastDownload/JWST/jw01227026001_15201_00003_nrcb2/jw01227026001_15201_00003_nrcb2_cal.fits ... [Done]
Downloading URL https://mast.stsci.edu/api/v0.1/Download/file?uri=mast:JWST/product/jw01227026001_15201_00001_nrcalong_cal.fits to /net/vdesk/data2/slagter/JWST_NIRCAM_#1227_level_2/mastDownload/JWST/jw01227026001_15201_00001_nrcalong/jw01227026001_15201_00001_nrcalong_cal.fits ... [Done]
Downloading URL https://mast.stsci.edu/api/v0.1/Download/file?uri=mast:JWST/product/jw01227026001_17201_00001_nrca3_cal.fits to /net/vdesk/data2/slagter/JWST_NIRCAM_#1227_level_2/mastDownload/JWST/jw01227026001_17201_00001_nrca3/jw01227026001_17201_00001_nrca3_cal.fits ... [Done]
Downloading URL https://mast.stsci.edu/api/v0.1/Download/file?uri=mast:JWST/product/jw01227026001_17201_00003_nrca1_cal.fits to /net/vdesk/data2/slagter/JWST_NIRCAM_#1227_level_2/mastDownload/JWST/jw01227026001_17201_00003_nrca1/jw01227026001_17201_00003_nrca1_cal.fits ... [Done]
Downloading URL https://mast.stsci.edu/api/v0.1/Download/file?uri=mast:JWST/product/jw01227026001_17201_00003_nrcb2_cal.fits to /net/vdesk/data2/slagter/JWST_NIRCAM_#1227_level_2/mastDownload/JWST/jw01227026001_17201_00003_nrcb2/jw01227026001_17201_00003_nrcb2_cal.fits ... [Done]
Downloading URL https://mast.stsci.edu/api/v0.1/Download/file?uri=mast:JWST/product/jw01227026001_15201_00003_nrcalong_cal.fits to /net/vdesk/data2/slagter/JWST_NIRCAM_#1227_level_2/mastDownload/JWST/jw01227026001_15201_00003_nrcalong/jw01227026001_15201_00003_nrcalong_cal.fits ... [Done]
Downloading URL https://mast.stsci.edu/api/v0.1/Download/file?uri=mast:JWST/product/jw01227026001_15201_00001_nrcblong_cal.fits to /net/vdesk/data2/slagter/JWST_NIRCAM_#1227_level_2/mastDownload/JWST/jw01227026001_15201_00001_nrcblong/jw01227026001_15201_00001_nrcblong_cal.fits ... [Done]
Downloading URL https://mast.stsci.edu/api/v0.1/Download/file?uri=mast:JWST/product/jw01227026001_13201_00003_nrca2_cal.fits to /net/vdesk/data2/slagter/JWST_NIRCAM_#1227_level_2/mastDownload/JWST/jw01227026001_13201_00003_nrca2/jw01227026001_13201_00003_nrca2_cal.fits ... [Done]
Downloading URL https://mast.stsci.edu/api/v0.1/Download/file?uri=mast:JWST/product/jw01227026001_15201_00001_nrca3_cal.fits to /net/vdesk/data2/slagter/JWST_NIRCAM_#1227_level_2/mastDownload/JWST/jw01227026001_15201_00001_nrca3/jw01227026001_15201_00001_nrca3_cal.fits ... [Done]
Downloading URL https://mast.stsci.edu/api/v0.1/Download/file?uri=mast:JWST/product/jw01227026001_17201_00002_nrcblong_cal.fits to /net/vdesk/data2/slagter/JWST_NIRCAM_#1227_level_2/mastDownload/JWST/jw01227026001_17201_00002_nrcblong/jw01227026001_17201_00002_nrcblong_cal.fits ... [Done]
Downloading URL https://mast.stsci.edu/api/v0.1/Download/file?uri=mast:JWST/product/jw01227026001_15201_00003_nrcb1_cal.fits to /net/vdesk/data2/slagter/JWST_NIRCAM_#1227_level_2/mastDownload/JWST/jw01227026001_15201_00003_nrcb1/jw01227026001_15201_00003_nrcb1_cal.fits ... [Done]
Downloading URL https://mast.stsci.edu/api/v0.1/Download/file?uri=mast:JWST/product/jw01227026001_15201_00002_nrcb4_cal.fits to /net/vdesk/data2/slagter/JWST_NIRCAM_#1227_level_2/mastDownload/JWST/jw01227026001_15201_00002_nrcb4/jw01227026001_15201_00002_nrcb4_cal.fits ... [Done]
Downloading URL https://mast.stsci.edu/api/v0.1/Download/file?uri=mast:JWST/product/jw01227026001_13201_00002_nrca1_cal.fits to /net/vdesk/data2/slagter/JWST_NIRCAM_#1227_level_2/mastDownload/JWST/jw01227026001_13201_00002_nrca1/jw01227026001_13201_00002_nrca1_cal.fits ... [Done]
Downloading URL https://mast.stsci.edu/api/v0.1/Download/file?uri=mast:JWST/product/jw01227026001_17201_00003_nrcblong_cal.fits to /net/vdesk/data2/slagter/JWST_NIRCAM_#1227_level_2/mastDownload/JWST/jw01227026001_17201_00003_nrcblong/jw01227026001_17201_00003_nrcblong_cal.fits ... [Done]
Downloading URL https://mast.stsci.edu/api/v0.1/Download/file?uri=mast:JWST/product/jw01227026001_15201_00003_nrcb4_cal.fits to /net/vdesk/data2/slagter/JWST_NIRCAM_#1227_level_2/mastDownload/JWST/jw01227026001_15201_00003_nrcb4/jw01227026001_15201_00003_nrcb4_cal.fits ... [Done]
Downloading URL https://mast.stsci.edu/api/v0.1/Download/file?uri=mast:JWST/product/jw01227026001_17201_00001_nrcb1_cal.fits to /net/vdesk/data2/slagter/JWST_NIRCAM_#1227_level_2/mastDownload/JWST/jw01227026001_17201_00001_nrcb1/jw01227026001_17201_00001_nrcb1_cal.fits ... [Done]
Downloading URL https://mast.stsci.edu/api/v0.1/Download/file?uri=mast:JWST/product/jw01227026001_15201_00002_nrcalong_cal.fits to /net/vdesk/data2/slagter/JWST_NIRCAM_#1227_level_2/mastDownload/JWST/jw01227026001_15201_00002_nrcalong/jw01227026001_15201_00002_nrcalong_cal.fits ... [Done]
Downloading URL https://mast.stsci.edu/api/v0.1/Download/file?uri=mast:JWST/product/jw01227026001_15201_00003_nrca2_cal.fits to /net/vdesk/data2/slagter/JWST_NIRCAM_#1227_level_2/mastDownload/JWST/jw01227026001_15201_00003_nrca2/jw01227026001_15201_00003_nrca2_cal.fits ... [Done]
Downloading URL https://mast.stsci.edu/api/v0.1/Download/file?uri=mast:JWST/product/jw01227026001_17201_00002_nrcb1_cal.fits to /net/vdesk/data2/slagter/JWST_NIRCAM_#1227_level_2/mastDownload/JWST/jw01227026001_17201_00002_nrcb1/jw01227026001_17201_00002_nrcb1_cal.fits ... [Done]
Downloading URL https://mast.stsci.edu/api/v0.1/Download/file?uri=mast:JWST/product/jw01227026001_17201_00003_nrcb1_cal.fits to /net/vdesk/data2/slagter/JWST_NIRCAM_#1227_level_2/mastDownload/JWST/jw01227026001_17201_00003_nrcb1/jw01227026001_17201_00003_nrcb1_cal.fits ... [Done]
Downloading URL https://mast.stsci.edu/api/v0.1/Download/file?uri=mast:JWST/product/jw01227026001_15201_00002_nrcblong_cal.fits to /net/vdesk/data2/slagter/JWST_NIRCAM_#1227_level_2/mastDownload/JWST/jw01227026001_15201_00002_nrcblong/jw01227026001_15201_00002_nrcblong_cal.fits ... [Done]
Downloading URL https://mast.stsci.edu/api/v0.1/Download/file?uri=mast:JWST/product/jw01227025001_04101_00003_nrcblong_cal.fits to /net/vdesk/data2/slagter/JWST_NIRCAM_#1227_level_2/mastDownload/JWST/jw01227025001_04101_00003_nrcblong/jw01227025001_04101_00003_nrcblong_cal.fits ... [Done]
Downloading URL https://mast.stsci.edu/api/v0.1/Download/file?uri=mast:JWST/product/jw01227025001_06101_00004_nrca3_cal.fits to /net/vdesk/data2/slagter/JWST_NIRCAM_#1227_level_2/mastDownload/JWST/jw01227025001_06101_00004_nrca3/jw01227025001_06101_00004_nrca3_cal.fits ... [Done]
Downloading URL https://mast.stsci.edu/api/v0.1/Download/file?uri=mast:JWST/product/jw01227025001_02101_00001_nrcblong_cal.fits to /net/vdesk/data2/slagter/JWST_NIRCAM_#1227_level_2/mastDownload/JWST/jw01227025001_02101_00001_nrcblong/jw01227025001_02101_00001_nrcblong_cal.fits ... [Done]
Downloading URL https://mast.stsci.edu/api/v0.1/Download/file?uri=mast:JWST/product/jw01227025001_02101_00004_nrcblong_cal.fits to /net/vdesk/data2/slagter/JWST_NIRCAM_#1227_level_2/mastDownload/JWST/jw01227025001_02101_00004_nrcblong/jw01227025001_02101_00004_nrcblong_cal.fits ... [Done]
Downloading URL https://mast.stsci.edu/api/v0.1/Download/file?uri=mast:JWST/product/jw01227025001_06101_00003_nrca1_cal.fits to /net/vdesk/data2/slagter/JWST_NIRCAM_#1227_level_2/mastDownload/JWST/jw01227025001_06101_00003_nrca1/jw01227025001_06101_00003_nrca1_cal.fits ... [Done]
Downloading URL https://mast.stsci.edu/api/v0.1/Download/file?uri=mast:JWST/product/jw01227025001_06101_00002_nrcb3_cal.fits to /net/vdesk/data2/slagter/JWST_NIRCAM_#1227_level_2/mastDownload/JWST/jw01227025001_06101_00002_nrcb3/jw01227025001_06101_00002_nrcb3_cal.fits ... [Done]
Downloading URL https://mast.stsci.edu/api/v0.1/Download/file?uri=mast:JWST/product/jw01227025001_06101_00002_nrca4_cal.fits to /net/vdesk/data2/slagter/JWST_NIRCAM_#1227_level_2/mastDownload/JWST/jw01227025001_06101_00002_nrca4/jw01227025001_06101_00002_nrca4_cal.fits ... [Done]
Downloading URL https://mast.stsci.edu/api/v0.1/Download/file?uri=mast:JWST/product/jw01227002002_02103_00003_nrcblong_cal.fits to /net/vdesk/data2/slagter/JWST_NIRCAM_#1227_level_2/mastDownload/JWST/jw01227002002_02103_00003_nrcblong/jw01227002002_02103_00003_nrcblong_cal.fits ... [Done]
Downloading URL https://mast.stsci.edu/api/v0.1/Download/file?uri=mast:JWST/product/jw01227025001_06101_00002_nrca2_cal.fits to /net/vdesk/data2/slagter/JWST_NIRCAM_#1227_level_2/mastDownload/JWST/jw01227025001_06101_00002_nrca2/jw01227025001_06101_00002_nrca2_cal.fits ... [Done]
Downloading URL https://mast.stsci.edu/api/v0.1/Download/file?uri=mast:JWST/product/jw01227025001_04101_00002_nrcalong_cal.fits to /net/vdesk/data2/slagter/JWST_NIRCAM_#1227_level_2/mastDownload/JWST/jw01227025001_04101_00002_nrcalong/jw01227025001_04101_00002_nrcalong_cal.fits ... [Done]
Downloading URL https://mast.stsci.edu/api/v0.1/Download/file?uri=mast:JWST/product/jw01227002002_02101_00001_nrcblong_cal.fits to /net/vdesk/data2/slagter/JWST_NIRCAM_#1227_level_2/mastDownload/JWST/jw01227002002_02101_00001_nrcblong/jw01227002002_02101_00001_nrcblong_cal.fits ... [Done]
Downloading URL https://mast.stsci.edu/api/v0.1/Download/file?uri=mast:JWST/product/jw01227025001_02101_00002_nrcblong_cal.fits to /net/vdesk/data2/slagter/JWST_NIRCAM_#1227_level_2/mastDownload/JWST/jw01227025001_02101_00002_nrcblong/jw01227025001_02101_00002_nrcblong_cal.fits ... [Done]
Downloading URL https://mast.stsci.edu/api/v0.1/Download/file?uri=mast:JWST/product/jw01227025001_06101_00001_nrcalong_cal.fits to /net/vdesk/data2/slagter/JWST_NIRCAM_#1227_level_2/mastDownload/JWST/jw01227025001_06101_00001_nrcalong/jw01227025001_06101_00001_nrcalong_cal.fits ... [Done]
Downloading URL https://mast.stsci.edu/api/v0.1/Download/file?uri=mast:JWST/product/jw01227025001_06101_00004_nrcblong_cal.fits to /net/vdesk/data2/slagter/JWST_NIRCAM_#1227_level_2/mastDownload/JWST/jw01227025001_06101_00004_nrcblong/jw01227025001_06101_00004_nrcblong_cal.fits ... [Done]
Downloading URL https://mast.stsci.edu/api/v0.1/Download/file?uri=mast:JWST/product/jw01227025001_06101_00001_nrca1_cal.fits to /net/vdesk/data2/slagter/JWST_NIRCAM_#1227_level_2/mastDownload/JWST/jw01227025001_06101_00001_nrca1/jw01227025001_06101_00001_nrca1_cal.fits ... [Done]
Downloading URL https://mast.stsci.edu/api/v0.1/Download/file?uri=mast:JWST/product/jw01227025001_06101_00001_nrcblong_cal.fits to /net/vdesk/data2/slagter/JWST_NIRCAM_#1227_level_2/mastDownload/JWST/jw01227025001_06101_00001_nrcblong/jw01227025001_06101_00001_nrcblong_cal.fits ... [Done]
Downloading URL https://mast.stsci.edu/api/v0.1/Download/file?uri=mast:JWST/product/jw01227002001_02101_00002_nrcalong_cal.fits to /net/vdesk/data2/slagter/JWST_NIRCAM_#1227_level_2/mastDownload/JWST/jw01227002001_02101_00002_nrcalong/jw01227002001_02101_00002_nrcalong_cal.fits ... [Done]
Downloading URL https://mast.stsci.edu/api/v0.1/Download/file?uri=mast:JWST/product/jw01227025001_06101_00002_nrcalong_cal.fits to /net/vdesk/data2/slagter/JWST_NIRCAM_#1227_level_2/mastDownload/JWST/jw01227025001_06101_00002_nrcalong/jw01227025001_06101_00002_nrcalong_cal.fits ... [Done]
Downloading URL https://mast.stsci.edu/api/v0.1/Download/file?uri=mast:JWST/product/jw01227025001_06101_00004_nrca2_cal.fits to /net/vdesk/data2/slagter/JWST_NIRCAM_#1227_level_2/mastDownload/JWST/jw01227025001_06101_00004_nrca2/jw01227025001_06101_00004_nrca2_cal.fits ... [Done]
Downloading URL https://mast.stsci.edu/api/v0.1/Download/file?uri=mast:JWST/product/jw01227025001_06101_00001_nrca3_cal.fits to /net/vdesk/data2/slagter/JWST_NIRCAM_#1227_level_2/mastDownload/JWST/jw01227025001_06101_00001_nrca3/jw01227025001_06101_00001_nrca3_cal.fits ... [Done]
Downloading URL https://mast.stsci.edu/api/v0.1/Download/file?uri=mast:JWST/product/jw01227025001_06101_00002_nrcblong_cal.fits to /net/vdesk/data2/slagter/JWST_NIRCAM_#1227_level_2/mastDownload/JWST/jw01227025001_06101_00002_nrcblong/jw01227025001_06101_00002_nrcblong_cal.fits ... [Done]
Downloading URL https://mast.stsci.edu/api/v0.1/Download/file?uri=mast:JWST/product/jw01227002002_02103_00004_nrcalong_cal.fits to /net/vdesk/data2/slagter/JWST_NIRCAM_#1227_level_2/mastDownload/JWST/jw01227002002_02103_00004_nrcalong/jw01227002002_02103_00004_nrcalong_cal.fits ... [Done]
Downloading URL https://mast.stsci.edu/api/v0.1/Download/file?uri=mast:JWST/product/jw01227025001_02101_00003_nrcalong_cal.fits to /net/vdesk/data2/slagter/JWST_NIRCAM_#1227_level_2/mastDownload/JWST/jw01227025001_02101_00003_nrcalong/jw01227025001_02101_00003_nrcalong_cal.fits ... [Done]
Downloading URL https://mast.stsci.edu/api/v0.1/Download/file?uri=mast:JWST/product/jw01227025001_06101_00002_nrca1_cal.fits to /net/vdesk/data2/slagter/JWST_NIRCAM_#1227_level_2/mastDownload/JWST/jw01227025001_06101_00002_nrca1/jw01227025001_06101_00002_nrca1_cal.fits ... [Done]
Downloading URL https://mast.stsci.edu/api/v0.1/Download/file?uri=mast:JWST/product/jw01227025001_04101_00004_nrcalong_cal.fits to /net/vdesk/data2/slagter/JWST_NIRCAM_#1227_level_2/mastDownload/JWST/jw01227025001_04101_00004_nrcalong/jw01227025001_04101_00004_nrcalong_cal.fits ... [Done]
Downloading URL https://mast.stsci.edu/api/v0.1/Download/file?uri=mast:JWST/product/jw01227002002_02105_00003_nrcalong_cal.fits to /net/vdesk/data2/slagter/JWST_NIRCAM_#1227_level_2/mastDownload/JWST/jw01227002002_02105_00003_nrcalong/jw01227002002_02105_00003_nrcalong_cal.fits ... [Done]
Downloading URL https://mast.stsci.edu/api/v0.1/Download/file?uri=mast:JWST/product/jw01227025001_06101_00001_nrcb3_cal.fits to /net/vdesk/data2/slagter/JWST_NIRCAM_#1227_level_2/mastDownload/JWST/jw01227025001_06101_00001_nrcb3/jw01227025001_06101_00001_nrcb3_cal.fits ... [Done]
Downloading URL https://mast.stsci.edu/api/v0.1/Download/file?uri=mast:JWST/product/jw01227025001_02101_00004_nrcalong_cal.fits to /net/vdesk/data2/slagter/JWST_NIRCAM_#1227_level_2/mastDownload/JWST/jw01227025001_02101_00004_nrcalong/jw01227025001_02101_00004_nrcalong_cal.fits ... [Done]
Downloading URL https://mast.stsci.edu/api/v0.1/Download/file?uri=mast:JWST/product/jw01227025001_04101_00002_nrcblong_cal.fits to /net/vdesk/data2/slagter/JWST_NIRCAM_#1227_level_2/mastDownload/JWST/jw01227025001_04101_00002_nrcblong/jw01227025001_04101_00002_nrcblong_cal.fits ... [Done]
Downloading URL https://mast.stsci.edu/api/v0.1/Download/file?uri=mast:JWST/product/jw01227002001_02101_00002_nrcblong_cal.fits to /net/vdesk/data2/slagter/JWST_NIRCAM_#1227_level_2/mastDownload/JWST/jw01227002001_02101_00002_nrcblong/jw01227002001_02101_00002_nrcblong_cal.fits ... [Done]
Downloading URL https://mast.stsci.edu/api/v0.1/Download/file?uri=mast:JWST/product/jw01227025001_06101_00003_nrcblong_cal.fits to /net/vdesk/data2/slagter/JWST_NIRCAM_#1227_level_2/mastDownload/JWST/jw01227025001_06101_00003_nrcblong/jw01227025001_06101_00003_nrcblong_cal.fits ... [Done]
Downloading URL https://mast.stsci.edu/api/v0.1/Download/file?uri=mast:JWST/product/jw01227002002_02101_00002_nrcblong_cal.fits to /net/vdesk/data2/slagter/JWST_NIRCAM_#1227_level_2/mastDownload/JWST/jw01227002002_02101_00002_nrcblong/jw01227002002_02101_00002_nrcblong_cal.fits ... [Done]
Downloading URL https://mast.stsci.edu/api/v0.1/Download/file?uri=mast:JWST/product/jw01227025001_04101_00001_nrcalong_cal.fits to /net/vdesk/data2/slagter/JWST_NIRCAM_#1227_level_2/mastDownload/JWST/jw01227025001_04101_00001_nrcalong/jw01227025001_04101_00001_nrcalong_cal.fits ... [Done]
Downloading URL https://mast.stsci.edu/api/v0.1/Download/file?uri=mast:JWST/product/jw01227002002_02103_00004_nrcblong_cal.fits to /net/vdesk/data2/slagter/JWST_NIRCAM_#1227_level_2/mastDownload/JWST/jw01227002002_02103_00004_nrcblong/jw01227002002_02103_00004_nrcblong_cal.fits ... [Done]
Downloading URL https://mast.stsci.edu/api/v0.1/Download/file?uri=mast:JWST/product/jw01227025001_06101_00003_nrcb1_cal.fits to /net/vdesk/data2/slagter/JWST_NIRCAM_#1227_level_2/mastDownload/JWST/jw01227025001_06101_00003_nrcb1/jw01227025001_06101_00003_nrcb1_cal.fits ... [Done]
Downloading URL https://mast.stsci.edu/api/v0.1/Download/file?uri=mast:JWST/product/jw01227002001_02101_00001_nrcblong_cal.fits to /net/vdesk/data2/slagter/JWST_NIRCAM_#1227_level_2/mastDownload/JWST/jw01227002001_02101_00001_nrcblong/jw01227002001_02101_00001_nrcblong_cal.fits ... [Done]
Downloading URL https://mast.stsci.edu/api/v0.1/Download/file?uri=mast:JWST/product/jw01227025001_06101_00004_nrcb4_cal.fits to /net/vdesk/data2/slagter/JWST_NIRCAM_#1227_level_2/mastDownload/JWST/jw01227025001_06101_00004_nrcb4/jw01227025001_06101_00004_nrcb4_cal.fits ... [Done]
Downloading URL https://mast.stsci.edu/api/v0.1/Download/file?uri=mast:JWST/product/jw01227025001_06101_00004_nrcalong_cal.fits to /net/vdesk/data2/slagter/JWST_NIRCAM_#1227_level_2/mastDownload/JWST/jw01227025001_06101_00004_nrcalong/jw01227025001_06101_00004_nrcalong_cal.fits ... [Done]
Downloading URL https://mast.stsci.edu/api/v0.1/Download/file?uri=mast:JWST/product/jw01227025001_06101_00001_nrcb1_cal.fits to /net/vdesk/data2/slagter/JWST_NIRCAM_#1227_level_2/mastDownload/JWST/jw01227025001_06101_00001_nrcb1/jw01227025001_06101_00001_nrcb1_cal.fits ... [Done]
Downloading URL https://mast.stsci.edu/api/v0.1/Download/file?uri=mast:JWST/product/jw01227002002_02105_00001_nrcblong_cal.fits to /net/vdesk/data2/slagter/JWST_NIRCAM_#1227_level_2/mastDownload/JWST/jw01227002002_02105_00001_nrcblong/jw01227002002_02105_00001_nrcblong_cal.fits ... [Done]
Downloading URL https://mast.stsci.edu/api/v0.1/Download/file?uri=mast:JWST/product/jw01227025001_06101_00004_nrcb2_cal.fits to /net/vdesk/data2/slagter/JWST_NIRCAM_#1227_level_2/mastDownload/JWST/jw01227025001_06101_00004_nrcb2/jw01227025001_06101_00004_nrcb2_cal.fits ... [Done]
Downloading URL https://mast.stsci.edu/api/v0.1/Download/file?uri=mast:JWST/product/jw01227025001_06101_00002_nrcb4_cal.fits to /net/vdesk/data2/slagter/JWST_NIRCAM_#1227_level_2/mastDownload/JWST/jw01227025001_06101_00002_nrcb4/jw01227025001_06101_00002_nrcb4_cal.fits ... [Done]
Downloading URL https://mast.stsci.edu/api/v0.1/Download/file?uri=mast:JWST/product/jw01227025001_04101_00003_nrcalong_cal.fits to /net/vdesk/data2/slagter/JWST_NIRCAM_#1227_level_2/mastDownload/JWST/jw01227025001_04101_00003_nrcalong/jw01227025001_04101_00003_nrcalong_cal.fits ... [Done]
Downloading URL https://mast.stsci.edu/api/v0.1/Download/file?uri=mast:JWST/product/jw01227025001_04101_00004_nrcblong_cal.fits to /net/vdesk/data2/slagter/JWST_NIRCAM_#1227_level_2/mastDownload/JWST/jw01227025001_04101_00004_nrcblong/jw01227025001_04101_00004_nrcblong_cal.fits ... [Done]
Downloading URL https://mast.stsci.edu/api/v0.1/Download/file?uri=mast:JWST/product/jw01227025001_06101_00001_nrcb2_cal.fits to /net/vdesk/data2/slagter/JWST_NIRCAM_#1227_level_2/mastDownload/JWST/jw01227025001_06101_00001_nrcb2/jw01227025001_06101_00001_nrcb2_cal.fits ... [Done]
Downloading URL https://mast.stsci.edu/api/v0.1/Download/file?uri=mast:JWST/product/jw01227025001_06101_00001_nrcb4_cal.fits to /net/vdesk/data2/slagter/JWST_NIRCAM_#1227_level_2/mastDownload/JWST/jw01227025001_06101_00001_nrcb4/jw01227025001_06101_00001_nrcb4_cal.fits ... [Done]
Downloading URL https://mast.stsci.edu/api/v0.1/Download/file?uri=mast:JWST/product/jw01227025001_06101_00003_nrcb4_cal.fits to /net/vdesk/data2/slagter/JWST_NIRCAM_#1227_level_2/mastDownload/JWST/jw01227025001_06101_00003_nrcb4/jw01227025001_06101_00003_nrcb4_cal.fits ... [Done]
Downloading URL https://mast.stsci.edu/api/v0.1/Download/file?uri=mast:JWST/product/jw01227025001_06101_00004_nrca1_cal.fits to /net/vdesk/data2/slagter/JWST_NIRCAM_#1227_level_2/mastDownload/JWST/jw01227025001_06101_00004_nrca1/jw01227025001_06101_00004_nrca1_cal.fits ... [Done]
Downloading URL https://mast.stsci.edu/api/v0.1/Download/file?uri=mast:JWST/product/jw01227025001_06101_00002_nrcb2_cal.fits to /net/vdesk/data2/slagter/JWST_NIRCAM_#1227_level_2/mastDownload/JWST/jw01227025001_06101_00002_nrcb2/jw01227025001_06101_00002_nrcb2_cal.fits ... [Done]
Downloading URL https://mast.stsci.edu/api/v0.1/Download/file?uri=mast:JWST/product/jw01227025001_06101_00001_nrca4_cal.fits to /net/vdesk/data2/slagter/JWST_NIRCAM_#1227_level_2/mastDownload/JWST/jw01227025001_06101_00001_nrca4/jw01227025001_06101_00001_nrca4_cal.fits ... [Done]
Downloading URL https://mast.stsci.edu/api/v0.1/Download/file?uri=mast:JWST/product/jw01227025001_06101_00003_nrcb2_cal.fits to /net/vdesk/data2/slagter/JWST_NIRCAM_#1227_level_2/mastDownload/JWST/jw01227025001_06101_00003_nrcb2/jw01227025001_06101_00003_nrcb2_cal.fits ... [Done]
Downloading URL https://mast.stsci.edu/api/v0.1/Download/file?uri=mast:JWST/product/jw01227002001_02101_00001_nrcalong_cal.fits to /net/vdesk/data2/slagter/JWST_NIRCAM_#1227_level_2/mastDownload/JWST/jw01227002001_02101_00001_nrcalong/jw01227002001_02101_00001_nrcalong_cal.fits ... [Done]
Downloading URL https://mast.stsci.edu/api/v0.1/Download/file?uri=mast:JWST/product/jw01227025001_06101_00004_nrcb1_cal.fits to /net/vdesk/data2/slagter/JWST_NIRCAM_#1227_level_2/mastDownload/JWST/jw01227025001_06101_00004_nrcb1/jw01227025001_06101_00004_nrcb1_cal.fits ... [Done]
Downloading URL https://mast.stsci.edu/api/v0.1/Download/file?uri=mast:JWST/product/jw01227025001_02101_00001_nrcalong_cal.fits to /net/vdesk/data2/slagter/JWST_NIRCAM_#1227_level_2/mastDownload/JWST/jw01227025001_02101_00001_nrcalong/jw01227025001_02101_00001_nrcalong_cal.fits ... [Done]
Downloading URL https://mast.stsci.edu/api/v0.1/Download/file?uri=mast:JWST/product/jw01227002002_02105_00003_nrcblong_cal.fits to /net/vdesk/data2/slagter/JWST_NIRCAM_#1227_level_2/mastDownload/JWST/jw01227002002_02105_00003_nrcblong/jw01227002002_02105_00003_nrcblong_cal.fits ... [Done]
Downloading URL https://mast.stsci.edu/api/v0.1/Download/file?uri=mast:JWST/product/jw01227025001_06101_00001_nrca2_cal.fits to /net/vdesk/data2/slagter/JWST_NIRCAM_#1227_level_2/mastDownload/JWST/jw01227025001_06101_00001_nrca2/jw01227025001_06101_00001_nrca2_cal.fits ... [Done]
Downloading URL https://mast.stsci.edu/api/v0.1/Download/file?uri=mast:JWST/product/jw01227025001_06101_00003_nrca3_cal.fits to /net/vdesk/data2/slagter/JWST_NIRCAM_#1227_level_2/mastDownload/JWST/jw01227025001_06101_00003_nrca3/jw01227025001_06101_00003_nrca3_cal.fits ... [Done]
Downloading URL https://mast.stsci.edu/api/v0.1/Download/file?uri=mast:JWST/product/jw01227025001_02101_00002_nrcalong_cal.fits to /net/vdesk/data2/slagter/JWST_NIRCAM_#1227_level_2/mastDownload/JWST/jw01227025001_02101_00002_nrcalong/jw01227025001_02101_00002_nrcalong_cal.fits ... [Done]
Downloading URL https://mast.stsci.edu/api/v0.1/Download/file?uri=mast:JWST/product/jw01227025001_06101_00004_nrcb3_cal.fits to /net/vdesk/data2/slagter/JWST_NIRCAM_#1227_level_2/mastDownload/JWST/jw01227025001_06101_00004_nrcb3/jw01227025001_06101_00004_nrcb3_cal.fits ... [Done]
Downloading URL https://mast.stsci.edu/api/v0.1/Download/file?uri=mast:JWST/product/jw01227025001_06101_00002_nrcb1_cal.fits to /net/vdesk/data2/slagter/JWST_NIRCAM_#1227_level_2/mastDownload/JWST/jw01227025001_06101_00002_nrcb1/jw01227025001_06101_00002_nrcb1_cal.fits ... [Done]
Downloading URL https://mast.stsci.edu/api/v0.1/Download/file?uri=mast:JWST/product/jw01227025001_02101_00003_nrcblong_cal.fits to /net/vdesk/data2/slagter/JWST_NIRCAM_#1227_level_2/mastDownload/JWST/jw01227025001_02101_00003_nrcblong/jw01227025001_02101_00003_nrcblong_cal.fits ... [Done]
Downloading URL https://mast.stsci.edu/api/v0.1/Download/file?uri=mast:JWST/product/jw01227025001_06101_00003_nrcalong_cal.fits to /net/vdesk/data2/slagter/JWST_NIRCAM_#1227_level_2/mastDownload/JWST/jw01227025001_06101_00003_nrcalong/jw01227025001_06101_00003_nrcalong_cal.fits ... [Done]
Downloading URL https://mast.stsci.edu/api/v0.1/Download/file?uri=mast:JWST/product/jw01227025001_04101_00001_nrcblong_cal.fits to /net/vdesk/data2/slagter/JWST_NIRCAM_#1227_level_2/mastDownload/JWST/jw01227025001_04101_00001_nrcblong/jw01227025001_04101_00001_nrcblong_cal.fits ... [Done]
Downloading URL https://mast.stsci.edu/api/v0.1/Download/file?uri=mast:JWST/product/jw01227025001_06101_00003_nrca2_cal.fits to /net/vdesk/data2/slagter/JWST_NIRCAM_#1227_level_2/mastDownload/JWST/jw01227025001_06101_00003_nrca2/jw01227025001_06101_00003_nrca2_cal.fits ... [Done]
Downloading URL https://mast.stsci.edu/api/v0.1/Download/file?uri=mast:JWST/product/jw01227025001_06101_00003_nrca4_cal.fits to /net/vdesk/data2/slagter/JWST_NIRCAM_#1227_level_2/mastDownload/JWST/jw01227025001_06101_00003_nrca4/jw01227025001_06101_00003_nrca4_cal.fits ... [Done]
Downloading URL https://mast.stsci.edu/api/v0.1/Download/file?uri=mast:JWST/product/jw01227025001_06101_00002_nrca3_cal.fits to /net/vdesk/data2/slagter/JWST_NIRCAM_#1227_level_2/mastDownload/JWST/jw01227025001_06101_00002_nrca3/jw01227025001_06101_00002_nrca3_cal.fits ... [Done]
Downloading URL https://mast.stsci.edu/api/v0.1/Download/file?uri=mast:JWST/product/jw01227025001_06101_00004_nrca4_cal.fits to /net/vdesk/data2/slagter/JWST_NIRCAM_#1227_level_2/mastDownload/JWST/jw01227025001_06101_00004_nrca4/jw01227025001_06101_00004_nrca4_cal.fits ... [Done]
Downloading URL https://mast.stsci.edu/api/v0.1/Download/file?uri=mast:JWST/product/jw01227025001_06101_00003_nrcb3_cal.fits to /net/vdesk/data2/slagter/JWST_NIRCAM_#1227_level_2/mastDownload/JWST/jw01227025001_06101_00003_nrcb3/jw01227025001_06101_00003_nrcb3_cal.fits ... [Done]
Downloading URL https://mast.stsci.edu/api/v0.1/Download/file?uri=mast:JWST/product/jw01227002001_02105_00001_nrca3_cal.fits to /net/vdesk/data2/slagter/JWST_NIRCAM_#1227_level_2/mastDownload/JWST/jw01227002001_02105_00001_nrca3/jw01227002001_02105_00001_nrca3_cal.fits ... [Done]
Downloading URL https://mast.stsci.edu/api/v0.1/Download/file?uri=mast:JWST/product/jw01227002001_02105_00002_nrca1_cal.fits to /net/vdesk/data2/slagter/JWST_NIRCAM_#1227_level_2/mastDownload/JWST/jw01227002001_02105_00002_nrca1/jw01227002001_02105_00002_nrca1_cal.fits ... [Done]
Downloading URL https://mast.stsci.edu/api/v0.1/Download/file?uri=mast:JWST/product/jw01227002002_02105_00002_nrcb2_cal.fits to /net/vdesk/data2/slagter/JWST_NIRCAM_#1227_level_2/mastDownload/JWST/jw01227002002_02105_00002_nrcb2/jw01227002002_02105_00002_nrcb2_cal.fits ... [Done]
