nohup: ignoring input
WARNING: Matplotlib version is different from the default vdesk one (3.10.8 vs 3.9.0), this may or may not cause differences/errors.
WARNING: Numpy version is different from the default vdesk one (2.3.5 vs 1.26.4), this may or may not cause differences/errors.
Uniformly formatting Python code...
All done! ✨ 🍰 ✨
6 files left unchanged.
Running Python Pipeline...
WARNING: AstropyDeprecationWarning: Module 'tweakwcs.tpwcs' has been deprecated since version 0.8.0. Please use corrector classes from the 'tweakwcs.correctors' module. [tweakwcs.tpwcs]
In preparation for Gaia DR4, the Gaia archive is in evolution. Unfortunately, it may be unstable at times and particular types of queries may time out. Please consider registering for a user account (https://www.cosmos.esa.int/web/gaia-users/register). For questions or advice, please contact the Gaia helpdesk (https://www.cosmos.esa.int/web/gaia/gaia-helpdesk).
Initialized data in ['F187N', 'F115W', 'F444W']
----Initializing Pipeline for F115W---------
----Results stored in mosaic_F115W_test-----
----We have a total of 168# to run----------

(1) Calibrating 1/f:   0%|          | 0/168 [00:00<?, ?it/s]
(1) Calibrating 1/f: 100%|██████████| 168/168 [00:00<00:00, 2958.39it/s]

(2) Aligning with gaia catalog:   0%|          | 0/168 [00:00<?, ?it/s]WWWWWWWWWWWWWWWWWWWWWWWWWWW apply_distortion_coefficients 2026-09-28 10:14:28.459953
WWWWWWWWWWWWWWWWWWWWWWWWWWW run_phot 2026-09-28 10:14:28.460362
model.meta.resample.pixel_scale_ratio was not found. Assuming the native detector pixel scale (i.e., pixel_scale_ratio = 1)
WWWWWWWWWWWWWWWWWWWWWWWWWWW initial_cut_photcat 2026-09-28 10:14:40.361326
WWWWWWWWWWWWWWWWWWWWWWWWWWWXX 1pass 2026-09-28 10:14:40.366407
WWWWWWWWWWWWWWWWWWWWWWWWWWW load_and_match_refcat 2026-09-28 10:14:40.366601
WWWWWWWWWWWWWWWWWWWWWWWWWWW find_good_refcat_matches 2026-09-28 10:14:45.548555
WWWWWWWWWWWWWWWWWWWWWWWWWWW run_align2refcat 2026-09-28 10:14:48.386728
WWWWWWWWWWWWWWWWWWWWWWWWWWW update_phottable_final_wcs 2026-09-28 10:14:55.683123

(2) Aligning with gaia catalog:  69%|██████▉   | 116/168 [00:28<00:12,  4.06it/s]WWWWWWWWWWWWWWWWWWWWWWWWWWW apply_distortion_coefficients 2026-09-28 10:14:57.029760
WWWWWWWWWWWWWWWWWWWWWWWWWWW run_phot 2026-09-28 10:14:57.030107
model.meta.resample.pixel_scale_ratio was not found. Assuming the native detector pixel scale (i.e., pixel_scale_ratio = 1)
WWWWWWWWWWWWWWWWWWWWWWWWWWW initial_cut_photcat 2026-09-28 10:15:07.777368
WWWWWWWWWWWWWWWWWWWWWWWWWWWXX 1pass 2026-09-28 10:15:07.782472
WWWWWWWWWWWWWWWWWWWWWWWWWWW load_and_match_refcat 2026-09-28 10:15:07.782661
WWWWWWWWWWWWWWWWWWWWWWWWWWW find_good_refcat_matches 2026-09-28 10:15:13.126932
WWWWWWWWWWWWWWWWWWWWWWWWWWW run_align2refcat 2026-09-28 10:15:15.704863
WWWWWWWWWWWWWWWWWWWWWWWWWWW update_phottable_final_wcs 2026-09-28 10:15:21.550923

(2) Aligning with gaia catalog:  70%|██████▉   | 117/168 [00:54<00:28,  1.79it/s]WWWWWWWWWWWWWWWWWWWWWWWWWWW apply_distortion_coefficients 2026-09-28 10:15:22.858669
WWWWWWWWWWWWWWWWWWWWWWWWWWW run_phot 2026-09-28 10:15:22.859005
model.meta.resample.pixel_scale_ratio was not found. Assuming the native detector pixel scale (i.e., pixel_scale_ratio = 1)
WWWWWWWWWWWWWWWWWWWWWWWWWWW initial_cut_photcat 2026-09-28 10:15:31.856067
WWWWWWWWWWWWWWWWWWWWWWWWWWWXX 1pass 2026-09-28 10:15:31.861518
WWWWWWWWWWWWWWWWWWWWWWWWWWW load_and_match_refcat 2026-09-28 10:15:31.861703
WWWWWWWWWWWWWWWWWWWWWWWWWWW find_good_refcat_matches 2026-09-28 10:15:37.185858
WWWWWWWWWWWWWWWWWWWWWWWWWWW run_align2refcat 2026-09-28 10:15:39.897285
WWWWWWWWWWWWWWWWWWWWWWWWWWW update_phottable_final_wcs 2026-09-28 10:15:45.446872

(2) Aligning with gaia catalog:  70%|███████   | 118/168 [01:18<00:47,  1.05it/s]WWWWWWWWWWWWWWWWWWWWWWWWWWW apply_distortion_coefficients 2026-09-28 10:15:46.772804
WWWWWWWWWWWWWWWWWWWWWWWWWWW run_phot 2026-09-28 10:15:46.773121
model.meta.resample.pixel_scale_ratio was not found. Assuming the native detector pixel scale (i.e., pixel_scale_ratio = 1)
WWWWWWWWWWWWWWWWWWWWWWWWWWW initial_cut_photcat 2026-09-28 10:15:55.649301
WWWWWWWWWWWWWWWWWWWWWWWWWWWXX 1pass 2026-09-28 10:15:55.654821
WWWWWWWWWWWWWWWWWWWWWWWWWWW load_and_match_refcat 2026-09-28 10:15:55.655014
WWWWWWWWWWWWWWWWWWWWWWWWWWW find_good_refcat_matches 2026-09-28 10:16:01.000832
WWWWWWWWWWWWWWWWWWWWWWWWWWW run_align2refcat 2026-09-28 10:16:03.998940
WWWWWWWWWWWWWWWWWWWWWWWWWWW update_phottable_final_wcs 2026-09-28 10:16:08.884470

(2) Aligning with gaia catalog:  71%|███████   | 119/168 [01:41<01:13,  1.49s/it]WWWWWWWWWWWWWWWWWWWWWWWWWWW apply_distortion_coefficients 2026-09-28 10:16:10.209589
WWWWWWWWWWWWWWWWWWWWWWWWWWW run_phot 2026-09-28 10:16:10.209921
model.meta.resample.pixel_scale_ratio was not found. Assuming the native detector pixel scale (i.e., pixel_scale_ratio = 1)
WWWWWWWWWWWWWWWWWWWWWWWWWWW initial_cut_photcat 2026-09-28 10:16:19.320979
WWWWWWWWWWWWWWWWWWWWWWWWWWWXX 1pass 2026-09-28 10:16:19.326399
WWWWWWWWWWWWWWWWWWWWWWWWWWW load_and_match_refcat 2026-09-28 10:16:19.326582
WWWWWWWWWWWWWWWWWWWWWWWWWWW find_good_refcat_matches 2026-09-28 10:16:24.201150
WWWWWWWWWWWWWWWWWWWWWWWWWWW run_align2refcat 2026-09-28 10:16:26.836535
WWWWWWWWWWWWWWWWWWWWWWWWWWW update_phottable_final_wcs 2026-09-28 10:16:32.477864

(2) Aligning with gaia catalog:  71%|███████▏  | 120/168 [02:05<01:46,  2.22s/it]WWWWWWWWWWWWWWWWWWWWWWWWWWW apply_distortion_coefficients 2026-09-28 10:16:33.835080
WWWWWWWWWWWWWWWWWWWWWWWWWWW run_phot 2026-09-28 10:16:33.835410
model.meta.resample.pixel_scale_ratio was not found. Assuming the native detector pixel scale (i.e., pixel_scale_ratio = 1)
WWWWWWWWWWWWWWWWWWWWWWWWWWW initial_cut_photcat 2026-09-28 10:16:42.105185
WWWWWWWWWWWWWWWWWWWWWWWWWWWXX 1pass 2026-09-28 10:16:42.109119
WWWWWWWWWWWWWWWWWWWWWWWWWWW load_and_match_refcat 2026-09-28 10:16:42.109298
WWWWWWWWWWWWWWWWWWWWWWWWWWW find_good_refcat_matches 2026-09-28 10:16:47.452116
WWWWWWWWWWWWWWWWWWWWWWWWWWW run_align2refcat 2026-09-28 10:16:50.166649
WWWWWWWWWWWWWWWWWWWWWWWWWWW update_phottable_final_wcs 2026-09-28 10:16:54.960486

(2) Aligning with gaia catalog:  72%|███████▏  | 121/168 [02:27<02:27,  3.13s/it]WWWWWWWWWWWWWWWWWWWWWWWWWWW apply_distortion_coefficients 2026-09-28 10:16:56.309597
WWWWWWWWWWWWWWWWWWWWWWWWWWW run_phot 2026-09-28 10:16:56.310014
model.meta.resample.pixel_scale_ratio was not found. Assuming the native detector pixel scale (i.e., pixel_scale_ratio = 1)
WWWWWWWWWWWWWWWWWWWWWWWWWWW initial_cut_photcat 2026-09-28 10:17:04.282547
WWWWWWWWWWWWWWWWWWWWWWWWWWWXX 1pass 2026-09-28 10:17:04.286652
WWWWWWWWWWWWWWWWWWWWWWWWWWW load_and_match_refcat 2026-09-28 10:17:04.286838
WWWWWWWWWWWWWWWWWWWWWWWWWWW find_good_refcat_matches 2026-09-28 10:17:09.627698
WWWWWWWWWWWWWWWWWWWWWWWWWWW run_align2refcat 2026-09-28 10:17:12.045344
WWWWWWWWWWWWWWWWWWWWWWWWWWW update_phottable_final_wcs 2026-09-28 10:17:16.655505

(2) Aligning with gaia catalog:  73%|███████▎  | 122/168 [02:49<03:15,  4.25s/it]WWWWWWWWWWWWWWWWWWWWWWWWWWW apply_distortion_coefficients 2026-09-28 10:17:17.992983
WWWWWWWWWWWWWWWWWWWWWWWWWWW run_phot 2026-09-28 10:17:17.993302
model.meta.resample.pixel_scale_ratio was not found. Assuming the native detector pixel scale (i.e., pixel_scale_ratio = 1)
WWWWWWWWWWWWWWWWWWWWWWWWWWW initial_cut_photcat 2026-09-28 10:17:25.900988
WWWWWWWWWWWWWWWWWWWWWWWWWWWXX 1pass 2026-09-28 10:17:25.905019
WWWWWWWWWWWWWWWWWWWWWWWWWWW load_and_match_refcat 2026-09-28 10:17:25.905200
WWWWWWWWWWWWWWWWWWWWWWWWWWW find_good_refcat_matches 2026-09-28 10:17:31.270003
WWWWWWWWWWWWWWWWWWWWWWWWWWW run_align2refcat 2026-09-28 10:17:33.766678
WWWWWWWWWWWWWWWWWWWWWWWWWWW update_phottable_final_wcs 2026-09-28 10:17:37.989855

(2) Aligning with gaia catalog:  73%|███████▎  | 123/168 [03:10<04:12,  5.60s/it]WWWWWWWWWWWWWWWWWWWWWWWWWWW apply_distortion_coefficients 2026-09-28 10:17:39.341903
WWWWWWWWWWWWWWWWWWWWWWWWWWW run_phot 2026-09-28 10:17:39.342230
model.meta.resample.pixel_scale_ratio was not found. Assuming the native detector pixel scale (i.e., pixel_scale_ratio = 1)
WWWWWWWWWWWWWWWWWWWWWWWWWWW initial_cut_photcat 2026-09-28 10:17:47.710084
WWWWWWWWWWWWWWWWWWWWWWWWWWWXX 1pass 2026-09-28 10:17:47.714510
WWWWWWWWWWWWWWWWWWWWWWWWWWW load_and_match_refcat 2026-09-28 10:17:47.714700
WWWWWWWWWWWWWWWWWWWWWWWWWWW find_good_refcat_matches 2026-09-28 10:17:52.577745
WWWWWWWWWWWWWWWWWWWWWWWWWWW run_align2refcat 2026-09-28 10:17:55.129661
WWWWWWWWWWWWWWWWWWWWWWWWWWW update_phottable_final_wcs 2026-09-28 10:18:00.462066

(2) Aligning with gaia catalog:  74%|███████▍  | 124/168 [03:33<05:22,  7.32s/it]WWWWWWWWWWWWWWWWWWWWWWWWWWW apply_distortion_coefficients 2026-09-28 10:18:01.804818
WWWWWWWWWWWWWWWWWWWWWWWWWWW run_phot 2026-09-28 10:18:01.805149
model.meta.resample.pixel_scale_ratio was not found. Assuming the native detector pixel scale (i.e., pixel_scale_ratio = 1)
WWWWWWWWWWWWWWWWWWWWWWWWWWW initial_cut_photcat 2026-09-28 10:18:09.438095
WWWWWWWWWWWWWWWWWWWWWWWWWWWXX 1pass 2026-09-28 10:18:09.442498
WWWWWWWWWWWWWWWWWWWWWWWWWWW load_and_match_refcat 2026-09-28 10:18:09.442685
WWWWWWWWWWWWWWWWWWWWWWWWWWW find_good_refcat_matches 2026-09-28 10:18:14.782613
WWWWWWWWWWWWWWWWWWWWWWWWWWW run_align2refcat 2026-09-28 10:18:17.245773
WWWWWWWWWWWWWWWWWWWWWWWWWWW update_phottable_final_wcs 2026-09-28 10:18:22.478330

(2) Aligning with gaia catalog:  74%|███████▍  | 125/168 [03:55<06:34,  9.18s/it]WWWWWWWWWWWWWWWWWWWWWWWWWWW apply_distortion_coefficients 2026-09-28 10:18:23.794891
WWWWWWWWWWWWWWWWWWWWWWWWWWW run_phot 2026-09-28 10:18:23.795211
model.meta.resample.pixel_scale_ratio was not found. Assuming the native detector pixel scale (i.e., pixel_scale_ratio = 1)
WWWWWWWWWWWWWWWWWWWWWWWWWWW initial_cut_photcat 2026-09-28 10:18:31.642362
WWWWWWWWWWWWWWWWWWWWWWWWWWWXX 1pass 2026-09-28 10:18:31.646476
WWWWWWWWWWWWWWWWWWWWWWWWWWW load_and_match_refcat 2026-09-28 10:18:31.646665
WWWWWWWWWWWWWWWWWWWWWWWWWWW find_good_refcat_matches 2026-09-28 10:18:36.997633
WWWWWWWWWWWWWWWWWWWWWWWWWWW run_align2refcat 2026-09-28 10:18:39.420946
WWWWWWWWWWWWWWWWWWWWWWWWWWW update_phottable_final_wcs 2026-09-28 10:18:44.472084

(2) Aligning with gaia catalog:  75%|███████▌  | 126/168 [04:17<07:48, 11.15s/it]WWWWWWWWWWWWWWWWWWWWWWWWWWW apply_distortion_coefficients 2026-09-28 10:18:45.787746
WWWWWWWWWWWWWWWWWWWWWWWWWWW run_phot 2026-09-28 10:18:45.788063
model.meta.resample.pixel_scale_ratio was not found. Assuming the native detector pixel scale (i.e., pixel_scale_ratio = 1)
WWWWWWWWWWWWWWWWWWWWWWWWWWW initial_cut_photcat 2026-09-28 10:18:53.509227
WWWWWWWWWWWWWWWWWWWWWWWWWWWXX 1pass 2026-09-28 10:18:53.513198
WWWWWWWWWWWWWWWWWWWWWWWWWWW load_and_match_refcat 2026-09-28 10:18:53.513380
WWWWWWWWWWWWWWWWWWWWWWWWWWW find_good_refcat_matches 2026-09-28 10:18:58.840115
WWWWWWWWWWWWWWWWWWWWWWWWWWW run_align2refcat 2026-09-28 10:19:01.365623
WWWWWWWWWWWWWWWWWWWWWWWWWWW update_phottable_final_wcs 2026-09-28 10:19:06.006941

(2) Aligning with gaia catalog:  76%|███████▌  | 127/168 [04:38<08:53, 13.02s/it]WWWWWWWWWWWWWWWWWWWWWWWWWWW apply_distortion_coefficients 2026-09-28 10:19:07.324417
WWWWWWWWWWWWWWWWWWWWWWWWWWW run_phot 2026-09-28 10:19:07.324733
model.meta.resample.pixel_scale_ratio was not found. Assuming the native detector pixel scale (i.e., pixel_scale_ratio = 1)
WWWWWWWWWWWWWWWWWWWWWWWWWWW initial_cut_photcat 2026-09-28 10:19:15.371063
WWWWWWWWWWWWWWWWWWWWWWWWWWWXX 1pass 2026-09-28 10:19:15.375401
WWWWWWWWWWWWWWWWWWWWWWWWWWW load_and_match_refcat 2026-09-28 10:19:15.375582
WWWWWWWWWWWWWWWWWWWWWWWWWWW find_good_refcat_matches 2026-09-28 10:19:20.203269
WWWWWWWWWWWWWWWWWWWWWWWWWWW run_align2refcat 2026-09-28 10:19:22.740096
WWWWWWWWWWWWWWWWWWWWWWWWWWW update_phottable_final_wcs 2026-09-28 10:19:28.387990

(2) Aligning with gaia catalog:  76%|███████▌  | 128/168 [05:01<09:57, 14.93s/it]WWWWWWWWWWWWWWWWWWWWWWWWWWW apply_distortion_coefficients 2026-09-28 10:19:29.701106
WWWWWWWWWWWWWWWWWWWWWWWWWWW run_phot 2026-09-28 10:19:29.701437
model.meta.resample.pixel_scale_ratio was not found. Assuming the native detector pixel scale (i.e., pixel_scale_ratio = 1)
WWWWWWWWWWWWWWWWWWWWWWWWWWW initial_cut_photcat 2026-09-28 10:19:37.535100
WWWWWWWWWWWWWWWWWWWWWWWWWWWXX 1pass 2026-09-28 10:19:37.539179
WWWWWWWWWWWWWWWWWWWWWWWWWWW load_and_match_refcat 2026-09-28 10:19:37.539362
WWWWWWWWWWWWWWWWWWWWWWWWWWW find_good_refcat_matches 2026-09-28 10:19:42.859994
WWWWWWWWWWWWWWWWWWWWWWWWWWW run_align2refcat 2026-09-28 10:19:45.305055
WWWWWWWWWWWWWWWWWWWWWWWWWWW update_phottable_final_wcs 2026-09-28 10:19:50.065539

(2) Aligning with gaia catalog:  77%|███████▋  | 129/168 [05:22<10:41, 16.45s/it]WWWWWWWWWWWWWWWWWWWWWWWWWWW apply_distortion_coefficients 2026-09-28 10:19:51.372336
WWWWWWWWWWWWWWWWWWWWWWWWWWW run_phot 2026-09-28 10:19:51.372659
model.meta.resample.pixel_scale_ratio was not found. Assuming the native detector pixel scale (i.e., pixel_scale_ratio = 1)
WWWWWWWWWWWWWWWWWWWWWWWWWWW initial_cut_photcat 2026-09-28 10:19:59.242221
WWWWWWWWWWWWWWWWWWWWWWWWWWWXX 1pass 2026-09-28 10:19:59.246308
WWWWWWWWWWWWWWWWWWWWWWWWWWW load_and_match_refcat 2026-09-28 10:19:59.246489
WWWWWWWWWWWWWWWWWWWWWWWWWWW find_good_refcat_matches 2026-09-28 10:20:04.573085
WWWWWWWWWWWWWWWWWWWWWWWWWWW run_align2refcat 2026-09-28 10:20:07.087380
WWWWWWWWWWWWWWWWWWWWWWWWWWW update_phottable_final_wcs 2026-09-28 10:20:11.669422

(2) Aligning with gaia catalog:  77%|███████▋  | 130/168 [05:44<11:13, 17.72s/it]WWWWWWWWWWWWWWWWWWWWWWWWWWW apply_distortion_coefficients 2026-09-28 10:20:12.999285
WWWWWWWWWWWWWWWWWWWWWWWWWWW run_phot 2026-09-28 10:20:12.999608
model.meta.resample.pixel_scale_ratio was not found. Assuming the native detector pixel scale (i.e., pixel_scale_ratio = 1)
WWWWWWWWWWWWWWWWWWWWWWWWWWW initial_cut_photcat 2026-09-28 10:20:20.879052
WWWWWWWWWWWWWWWWWWWWWWWWWWWXX 1pass 2026-09-28 10:20:20.883353
WWWWWWWWWWWWWWWWWWWWWWWWWWW load_and_match_refcat 2026-09-28 10:20:20.883534
WWWWWWWWWWWWWWWWWWWWWWWWWWW find_good_refcat_matches 2026-09-28 10:20:26.220504
WWWWWWWWWWWWWWWWWWWWWWWWWWW run_align2refcat 2026-09-28 10:20:28.870394
WWWWWWWWWWWWWWWWWWWWWWWWWWW update_phottable_final_wcs 2026-09-28 10:20:33.151758

(2) Aligning with gaia catalog:  78%|███████▊  | 131/168 [06:06<11:31, 18.69s/it]WWWWWWWWWWWWWWWWWWWWWWWWWWW apply_distortion_coefficients 2026-09-28 10:20:34.474693
WWWWWWWWWWWWWWWWWWWWWWWWWWW run_phot 2026-09-28 10:20:34.475019
model.meta.resample.pixel_scale_ratio was not found. Assuming the native detector pixel scale (i.e., pixel_scale_ratio = 1)
WWWWWWWWWWWWWWWWWWWWWWWWWWW initial_cut_photcat 2026-09-28 10:20:42.393616
WWWWWWWWWWWWWWWWWWWWWWWWWWWXX 1pass 2026-09-28 10:20:42.398008
WWWWWWWWWWWWWWWWWWWWWWWWWWW load_and_match_refcat 2026-09-28 10:20:42.398193
WWWWWWWWWWWWWWWWWWWWWWWWWWW find_good_refcat_matches 2026-09-28 10:20:47.221376
WWWWWWWWWWWWWWWWWWWWWWWWWWW run_align2refcat 2026-09-28 10:20:49.746023
WWWWWWWWWWWWWWWWWWWWWWWWWWW update_phottable_final_wcs 2026-09-28 10:20:53.984476

(2) Aligning with gaia catalog:  79%|███████▊  | 132/168 [06:26<11:33, 19.26s/it]WWWWWWWWWWWWWWWWWWWWWWWWWWW apply_distortion_coefficients 2026-09-28 10:20:55.292733
WWWWWWWWWWWWWWWWWWWWWWWWWWW run_phot 2026-09-28 10:20:55.293075
model.meta.resample.pixel_scale_ratio was not found. Assuming the native detector pixel scale (i.e., pixel_scale_ratio = 1)
WWWWWWWWWWWWWWWWWWWWWWWWWWW initial_cut_photcat 2026-09-28 10:21:02.953427
WWWWWWWWWWWWWWWWWWWWWWWWWWWXX 1pass 2026-09-28 10:21:02.957463
WWWWWWWWWWWWWWWWWWWWWWWWWWW load_and_match_refcat 2026-09-28 10:21:02.957644
WWWWWWWWWWWWWWWWWWWWWWWWWWW find_good_refcat_matches 2026-09-28 10:21:08.256381
WWWWWWWWWWWWWWWWWWWWWWWWWWW run_align2refcat 2026-09-28 10:21:10.704433
WWWWWWWWWWWWWWWWWWWWWWWWWWW update_phottable_final_wcs 2026-09-28 10:21:14.908190

(2) Aligning with gaia catalog:  79%|███████▉  | 133/168 [06:47<11:30, 19.72s/it]WWWWWWWWWWWWWWWWWWWWWWWWWWW apply_distortion_coefficients 2026-09-28 10:21:16.203254
WWWWWWWWWWWWWWWWWWWWWWWWWWW run_phot 2026-09-28 10:21:16.203580
model.meta.resample.pixel_scale_ratio was not found. Assuming the native detector pixel scale (i.e., pixel_scale_ratio = 1)
WWWWWWWWWWWWWWWWWWWWWWWWWWW initial_cut_photcat 2026-09-28 10:21:23.957141
WWWWWWWWWWWWWWWWWWWWWWWWWWWXX 1pass 2026-09-28 10:21:23.961302
WWWWWWWWWWWWWWWWWWWWWWWWWWW load_and_match_refcat 2026-09-28 10:21:23.961483
WWWWWWWWWWWWWWWWWWWWWWWWWWW find_good_refcat_matches 2026-09-28 10:21:29.281923
WWWWWWWWWWWWWWWWWWWWWWWWWWW run_align2refcat 2026-09-28 10:21:31.743769
WWWWWWWWWWWWWWWWWWWWWWWWWWW update_phottable_final_wcs 2026-09-28 10:21:35.811223

(2) Aligning with gaia catalog:  80%|███████▉  | 134/168 [07:08<11:22, 20.06s/it]WWWWWWWWWWWWWWWWWWWWWWWWWWW apply_distortion_coefficients 2026-09-28 10:21:37.129083
WWWWWWWWWWWWWWWWWWWWWWWWWWW run_phot 2026-09-28 10:21:37.129433
model.meta.resample.pixel_scale_ratio was not found. Assuming the native detector pixel scale (i.e., pixel_scale_ratio = 1)
WWWWWWWWWWWWWWWWWWWWWWWWWWW initial_cut_photcat 2026-09-28 10:21:44.896003
WWWWWWWWWWWWWWWWWWWWWWWWWWWXX 1pass 2026-09-28 10:21:44.900053
WWWWWWWWWWWWWWWWWWWWWWWWWWW load_and_match_refcat 2026-09-28 10:21:44.900235
WWWWWWWWWWWWWWWWWWWWWWWWWWW find_good_refcat_matches 2026-09-28 10:21:50.208567
WWWWWWWWWWWWWWWWWWWWWWWWWWW run_align2refcat 2026-09-28 10:21:52.866063
WWWWWWWWWWWWWWWWWWWWWWWWWWW update_phottable_final_wcs 2026-09-28 10:21:58.471459

(2) Aligning with gaia catalog:  80%|████████  | 135/168 [07:31<11:26, 20.81s/it]WWWWWWWWWWWWWWWWWWWWWWWWWWW apply_distortion_coefficients 2026-09-28 10:21:59.786575
WWWWWWWWWWWWWWWWWWWWWWWWWWW run_phot 2026-09-28 10:21:59.786910
model.meta.resample.pixel_scale_ratio was not found. Assuming the native detector pixel scale (i.e., pixel_scale_ratio = 1)
WWWWWWWWWWWWWWWWWWWWWWWWWWW initial_cut_photcat 2026-09-28 10:22:07.709594
WWWWWWWWWWWWWWWWWWWWWWWWWWWXX 1pass 2026-09-28 10:22:07.714171
WWWWWWWWWWWWWWWWWWWWWWWWWWW load_and_match_refcat 2026-09-28 10:22:07.714351
WWWWWWWWWWWWWWWWWWWWWWWWWWW find_good_refcat_matches 2026-09-28 10:22:12.537706
WWWWWWWWWWWWWWWWWWWWWWWWWWW run_align2refcat 2026-09-28 10:22:15.085626
WWWWWWWWWWWWWWWWWWWWWWWWWWW update_phottable_final_wcs 2026-09-28 10:22:19.806544

(2) Aligning with gaia catalog:  81%|████████  | 136/168 [07:52<11:11, 20.97s/it]WWWWWWWWWWWWWWWWWWWWWWWWWWW apply_distortion_coefficients 2026-09-28 10:22:21.140937
WWWWWWWWWWWWWWWWWWWWWWWWWWW run_phot 2026-09-28 10:22:21.141265
model.meta.resample.pixel_scale_ratio was not found. Assuming the native detector pixel scale (i.e., pixel_scale_ratio = 1)
WWWWWWWWWWWWWWWWWWWWWWWWWWW initial_cut_photcat 2026-09-28 10:22:29.501525
WWWWWWWWWWWWWWWWWWWWWWWWWWWXX 1pass 2026-09-28 10:22:29.506133
WWWWWWWWWWWWWWWWWWWWWWWWWWW load_and_match_refcat 2026-09-28 10:22:29.506313
WWWWWWWWWWWWWWWWWWWWWWWWWWW find_good_refcat_matches 2026-09-28 10:22:34.327801
WWWWWWWWWWWWWWWWWWWWWWWWWWW run_align2refcat 2026-09-28 10:22:37.174448
WWWWWWWWWWWWWWWWWWWWWWWWWWW update_phottable_final_wcs 2026-09-28 10:22:41.681925

(2) Aligning with gaia catalog:  82%|████████▏ | 137/168 [08:14<10:58, 21.23s/it]WWWWWWWWWWWWWWWWWWWWWWWWWWW apply_distortion_coefficients 2026-09-28 10:22:43.001543
WWWWWWWWWWWWWWWWWWWWWWWWWWW run_phot 2026-09-28 10:22:43.001878
model.meta.resample.pixel_scale_ratio was not found. Assuming the native detector pixel scale (i.e., pixel_scale_ratio = 1)
WWWWWWWWWWWWWWWWWWWWWWWWWWW initial_cut_photcat 2026-09-28 10:22:51.109295
WWWWWWWWWWWWWWWWWWWWWWWWWWWXX 1pass 2026-09-28 10:22:51.113645
WWWWWWWWWWWWWWWWWWWWWWWWWWW load_and_match_refcat 2026-09-28 10:22:51.113841
WWWWWWWWWWWWWWWWWWWWWWWWWWW find_good_refcat_matches 2026-09-28 10:22:55.921356
WWWWWWWWWWWWWWWWWWWWWWWWWWW run_align2refcat 2026-09-28 10:22:58.535217
WWWWWWWWWWWWWWWWWWWWWWWWWWW update_phottable_final_wcs 2026-09-28 10:23:04.249145

(2) Aligning with gaia catalog:  82%|████████▏ | 138/168 [08:37<10:48, 21.63s/it]WWWWWWWWWWWWWWWWWWWWWWWWWWW apply_distortion_coefficients 2026-09-28 10:23:05.564739
WWWWWWWWWWWWWWWWWWWWWWWWWWW run_phot 2026-09-28 10:23:05.565085
model.meta.resample.pixel_scale_ratio was not found. Assuming the native detector pixel scale (i.e., pixel_scale_ratio = 1)
WWWWWWWWWWWWWWWWWWWWWWWWWWW initial_cut_photcat 2026-09-28 10:23:14.416375
WWWWWWWWWWWWWWWWWWWWWWWWWWWXX 1pass 2026-09-28 10:23:14.421376
WWWWWWWWWWWWWWWWWWWWWWWWWWW load_and_match_refcat 2026-09-28 10:23:14.421565
WWWWWWWWWWWWWWWWWWWWWWWWWWW find_good_refcat_matches 2026-09-28 10:23:19.252526
WWWWWWWWWWWWWWWWWWWWWWWWWWW run_align2refcat 2026-09-28 10:23:21.994878
WWWWWWWWWWWWWWWWWWWWWWWWWWW update_phottable_final_wcs 2026-09-28 10:23:26.776916

(2) Aligning with gaia catalog:  83%|████████▎ | 139/168 [08:59<10:35, 21.90s/it]WWWWWWWWWWWWWWWWWWWWWWWWWWW apply_distortion_coefficients 2026-09-28 10:23:28.109925
WWWWWWWWWWWWWWWWWWWWWWWWWWW run_phot 2026-09-28 10:23:28.110253
model.meta.resample.pixel_scale_ratio was not found. Assuming the native detector pixel scale (i.e., pixel_scale_ratio = 1)
WWWWWWWWWWWWWWWWWWWWWWWWWWW initial_cut_photcat 2026-09-28 10:23:36.509924
WWWWWWWWWWWWWWWWWWWWWWWWWWWXX 1pass 2026-09-28 10:23:36.514287
WWWWWWWWWWWWWWWWWWWWWWWWWWW load_and_match_refcat 2026-09-28 10:23:36.514469
WWWWWWWWWWWWWWWWWWWWWWWWWWW find_good_refcat_matches 2026-09-28 10:23:41.340394
WWWWWWWWWWWWWWWWWWWWWWWWWWW run_align2refcat 2026-09-28 10:23:44.070424
WWWWWWWWWWWWWWWWWWWWWWWWWWW update_phottable_final_wcs 2026-09-28 10:23:49.289274

(2) Aligning with gaia catalog:  83%|████████▎ | 140/168 [09:22<10:18, 22.08s/it]WWWWWWWWWWWWWWWWWWWWWWWWWWW apply_distortion_coefficients 2026-09-28 10:23:50.615479
WWWWWWWWWWWWWWWWWWWWWWWWWWW run_phot 2026-09-28 10:23:50.615811
model.meta.resample.pixel_scale_ratio was not found. Assuming the native detector pixel scale (i.e., pixel_scale_ratio = 1)
WWWWWWWWWWWWWWWWWWWWWWWWWWW initial_cut_photcat 2026-09-28 10:23:59.261774
WWWWWWWWWWWWWWWWWWWWWWWWWWWXX 1pass 2026-09-28 10:23:59.266427
WWWWWWWWWWWWWWWWWWWWWWWWWWW load_and_match_refcat 2026-09-28 10:23:59.266608
WWWWWWWWWWWWWWWWWWWWWWWWWWW find_good_refcat_matches 2026-09-28 10:24:04.121413
WWWWWWWWWWWWWWWWWWWWWWWWWWW run_align2refcat 2026-09-28 10:24:06.532129
WWWWWWWWWWWWWWWWWWWWWWWWWWW update_phottable_final_wcs 2026-09-28 10:24:12.245105

(2) Aligning with gaia catalog:  84%|████████▍ | 141/168 [09:45<10:03, 22.35s/it]WWWWWWWWWWWWWWWWWWWWWWWWWWW apply_distortion_coefficients 2026-09-28 10:24:13.590901
WWWWWWWWWWWWWWWWWWWWWWWWWWW run_phot 2026-09-28 10:24:13.591238
model.meta.resample.pixel_scale_ratio was not found. Assuming the native detector pixel scale (i.e., pixel_scale_ratio = 1)
WWWWWWWWWWWWWWWWWWWWWWWWWWW initial_cut_photcat 2026-09-28 10:24:22.432744
WWWWWWWWWWWWWWWWWWWWWWWWWWWXX 1pass 2026-09-28 10:24:22.437661
WWWWWWWWWWWWWWWWWWWWWWWWWWW load_and_match_refcat 2026-09-28 10:24:22.437854
WWWWWWWWWWWWWWWWWWWWWWWWWWW find_good_refcat_matches 2026-09-28 10:24:27.288325
WWWWWWWWWWWWWWWWWWWWWWWWWWW run_align2refcat 2026-09-28 10:24:29.814766
WWWWWWWWWWWWWWWWWWWWWWWWWWW update_phottable_final_wcs 2026-09-28 10:24:35.484437

(2) Aligning with gaia catalog:  85%|████████▍ | 142/168 [10:08<09:47, 22.61s/it]WWWWWWWWWWWWWWWWWWWWWWWWWWW apply_distortion_coefficients 2026-09-28 10:24:36.819317
WWWWWWWWWWWWWWWWWWWWWWWWWWW run_phot 2026-09-28 10:24:36.819655
model.meta.resample.pixel_scale_ratio was not found. Assuming the native detector pixel scale (i.e., pixel_scale_ratio = 1)
WWWWWWWWWWWWWWWWWWWWWWWWWWW initial_cut_photcat 2026-09-28 10:24:44.998735
WWWWWWWWWWWWWWWWWWWWWWWWWWWXX 1pass 2026-09-28 10:24:45.003044
WWWWWWWWWWWWWWWWWWWWWWWWWWW load_and_match_refcat 2026-09-28 10:24:45.003227
WWWWWWWWWWWWWWWWWWWWWWWWWWW find_good_refcat_matches 2026-09-28 10:24:49.850795
WWWWWWWWWWWWWWWWWWWWWWWWWWW run_align2refcat 2026-09-28 10:24:52.716136
WWWWWWWWWWWWWWWWWWWWWWWWWWW update_phottable_final_wcs 2026-09-28 10:24:56.952016

(2) Aligning with gaia catalog:  85%|████████▌ | 143/168 [10:29<09:16, 22.26s/it]WWWWWWWWWWWWWWWWWWWWWWWWWWW apply_distortion_coefficients 2026-09-28 10:24:58.255268
WWWWWWWWWWWWWWWWWWWWWWWWWWW run_phot 2026-09-28 10:24:58.255611
model.meta.resample.pixel_scale_ratio was not found. Assuming the native detector pixel scale (i.e., pixel_scale_ratio = 1)
WWWWWWWWWWWWWWWWWWWWWWWWWWW initial_cut_photcat 2026-09-28 10:25:07.733840
WWWWWWWWWWWWWWWWWWWWWWWWWWWXX 1pass 2026-09-28 10:25:07.739391
WWWWWWWWWWWWWWWWWWWWWWWWWWW load_and_match_refcat 2026-09-28 10:25:07.739574
WWWWWWWWWWWWWWWWWWWWWWWWWWW find_good_refcat_matches 2026-09-28 10:25:12.560968
WWWWWWWWWWWWWWWWWWWWWWWWWWW run_align2refcat 2026-09-28 10:25:14.934123
WWWWWWWWWWWWWWWWWWWWWWWWWWW update_phottable_final_wcs 2026-09-28 10:25:19.179440

(2) Aligning with gaia catalog:  86%|████████▌ | 144/168 [10:52<08:54, 22.27s/it]WWWWWWWWWWWWWWWWWWWWWWWWWWW apply_distortion_coefficients 2026-09-28 10:25:20.535125
WWWWWWWWWWWWWWWWWWWWWWWWWWW run_phot 2026-09-28 10:25:20.535462
model.meta.resample.pixel_scale_ratio was not found. Assuming the native detector pixel scale (i.e., pixel_scale_ratio = 1)
WWWWWWWWWWWWWWWWWWWWWWWWWWW initial_cut_photcat 2026-09-28 10:25:28.919300
WWWWWWWWWWWWWWWWWWWWWWWWWWWXX 1pass 2026-09-28 10:25:28.923838
WWWWWWWWWWWWWWWWWWWWWWWWWWW load_and_match_refcat 2026-09-28 10:25:28.924019
WWWWWWWWWWWWWWWWWWWWWWWWWWW find_good_refcat_matches 2026-09-28 10:25:33.722958
WWWWWWWWWWWWWWWWWWWWWWWWWWW run_align2refcat 2026-09-28 10:25:36.354818
WWWWWWWWWWWWWWWWWWWWWWWWWWW update_phottable_final_wcs 2026-09-28 10:25:41.361180

(2) Aligning with gaia catalog:  86%|████████▋ | 145/168 [11:14<08:31, 22.23s/it]WWWWWWWWWWWWWWWWWWWWWWWWWWW apply_distortion_coefficients 2026-09-28 10:25:42.695090
WWWWWWWWWWWWWWWWWWWWWWWWWWW run_phot 2026-09-28 10:25:42.695460
model.meta.resample.pixel_scale_ratio was not found. Assuming the native detector pixel scale (i.e., pixel_scale_ratio = 1)
WWWWWWWWWWWWWWWWWWWWWWWWWWW initial_cut_photcat 2026-09-28 10:25:50.830776
WWWWWWWWWWWWWWWWWWWWWWWWWWWXX 1pass 2026-09-28 10:25:50.835081
WWWWWWWWWWWWWWWWWWWWWWWWWWW load_and_match_refcat 2026-09-28 10:25:50.835263
WWWWWWWWWWWWWWWWWWWWWWWWWWW find_good_refcat_matches 2026-09-28 10:25:55.670836
WWWWWWWWWWWWWWWWWWWWWWWWWWW run_align2refcat 2026-09-28 10:25:58.075846
WWWWWWWWWWWWWWWWWWWWWWWWWWW update_phottable_final_wcs 2026-09-28 10:26:02.096063

(2) Aligning with gaia catalog:  87%|████████▋ | 146/168 [11:34<07:59, 21.78s/it]WWWWWWWWWWWWWWWWWWWWWWWWWWW apply_distortion_coefficients 2026-09-28 10:26:03.406579
WWWWWWWWWWWWWWWWWWWWWWWWWWW run_phot 2026-09-28 10:26:03.406929
model.meta.resample.pixel_scale_ratio was not found. Assuming the native detector pixel scale (i.e., pixel_scale_ratio = 1)
WWWWWWWWWWWWWWWWWWWWWWWWWWW initial_cut_photcat 2026-09-28 10:26:12.184964
WWWWWWWWWWWWWWWWWWWWWWWWWWWXX 1pass 2026-09-28 10:26:12.189798
WWWWWWWWWWWWWWWWWWWWWWWWWWW load_and_match_refcat 2026-09-28 10:26:12.189984
WWWWWWWWWWWWWWWWWWWWWWWWWWW find_good_refcat_matches 2026-09-28 10:26:17.004391
WWWWWWWWWWWWWWWWWWWWWWWWWWW run_align2refcat 2026-09-28 10:26:19.695919
WWWWWWWWWWWWWWWWWWWWWWWWWWW update_phottable_final_wcs 2026-09-28 10:26:23.754806

(2) Aligning with gaia catalog:  88%|████████▊ | 147/168 [11:56<07:36, 21.74s/it]WWWWWWWWWWWWWWWWWWWWWWWWWWW apply_distortion_coefficients 2026-09-28 10:26:25.072052
WWWWWWWWWWWWWWWWWWWWWWWWWWW run_phot 2026-09-28 10:26:25.072389
model.meta.resample.pixel_scale_ratio was not found. Assuming the native detector pixel scale (i.e., pixel_scale_ratio = 1)
WWWWWWWWWWWWWWWWWWWWWWWWWWW initial_cut_photcat 2026-09-28 10:26:33.253359
WWWWWWWWWWWWWWWWWWWWWWWWWWWXX 1pass 2026-09-28 10:26:33.257862
WWWWWWWWWWWWWWWWWWWWWWWWWWW load_and_match_refcat 2026-09-28 10:26:33.258045
WWWWWWWWWWWWWWWWWWWWWWWWWWW find_good_refcat_matches 2026-09-28 10:26:38.066022
WWWWWWWWWWWWWWWWWWWWWWWWWWW run_align2refcat 2026-09-28 10:26:40.898184
WWWWWWWWWWWWWWWWWWWWWWWWWWW update_phottable_final_wcs 2026-09-28 10:26:45.094979

(2) Aligning with gaia catalog:  88%|████████▊ | 148/168 [12:17<07:12, 21.62s/it]WWWWWWWWWWWWWWWWWWWWWWWWWWW apply_distortion_coefficients 2026-09-28 10:26:46.403747
WWWWWWWWWWWWWWWWWWWWWWWWWWW run_phot 2026-09-28 10:26:46.404089
model.meta.resample.pixel_scale_ratio was not found. Assuming the native detector pixel scale (i.e., pixel_scale_ratio = 1)
WWWWWWWWWWWWWWWWWWWWWWWWWWW initial_cut_photcat 2026-09-28 10:26:54.805701
WWWWWWWWWWWWWWWWWWWWWWWWWWWXX 1pass 2026-09-28 10:26:54.810272
WWWWWWWWWWWWWWWWWWWWWWWWWWW load_and_match_refcat 2026-09-28 10:26:54.810451
WWWWWWWWWWWWWWWWWWWWWWWWWWW find_good_refcat_matches 2026-09-28 10:26:59.612593
WWWWWWWWWWWWWWWWWWWWWWWWWWW run_align2refcat 2026-09-28 10:27:02.002464
WWWWWWWWWWWWWWWWWWWWWWWWWWW update_phottable_final_wcs 2026-09-28 10:27:07.340356

(2) Aligning with gaia catalog:  89%|████████▊ | 149/168 [12:40<06:54, 21.81s/it]WWWWWWWWWWWWWWWWWWWWWWWWWWW apply_distortion_coefficients 2026-09-28 10:27:08.647530
WWWWWWWWWWWWWWWWWWWWWWWWWWW run_phot 2026-09-28 10:27:08.647859
model.meta.resample.pixel_scale_ratio was not found. Assuming the native detector pixel scale (i.e., pixel_scale_ratio = 1)
WWWWWWWWWWWWWWWWWWWWWWWWWWW initial_cut_photcat 2026-09-28 10:27:17.545569
WWWWWWWWWWWWWWWWWWWWWWWWWWWXX 1pass 2026-09-28 10:27:17.550543
WWWWWWWWWWWWWWWWWWWWWWWWWWW load_and_match_refcat 2026-09-28 10:27:17.550724
WWWWWWWWWWWWWWWWWWWWWWWWWWW find_good_refcat_matches 2026-09-28 10:27:22.368886
WWWWWWWWWWWWWWWWWWWWWWWWWWW run_align2refcat 2026-09-28 10:27:24.924258
WWWWWWWWWWWWWWWWWWWWWWWWWWW update_phottable_final_wcs 2026-09-28 10:27:30.214457

(2) Aligning with gaia catalog:  89%|████████▉ | 150/168 [13:03<06:38, 22.13s/it]WWWWWWWWWWWWWWWWWWWWWWWWWWW apply_distortion_coefficients 2026-09-28 10:27:31.531909
WWWWWWWWWWWWWWWWWWWWWWWWWWW run_phot 2026-09-28 10:27:31.532238
model.meta.resample.pixel_scale_ratio was not found. Assuming the native detector pixel scale (i.e., pixel_scale_ratio = 1)
WWWWWWWWWWWWWWWWWWWWWWWWWWW initial_cut_photcat 2026-09-28 10:27:39.151620
WWWWWWWWWWWWWWWWWWWWWWWWWWWXX 1pass 2026-09-28 10:27:39.155885
WWWWWWWWWWWWWWWWWWWWWWWWWWW load_and_match_refcat 2026-09-28 10:27:39.156064
WWWWWWWWWWWWWWWWWWWWWWWWWWW find_good_refcat_matches 2026-09-28 10:27:43.973089
WWWWWWWWWWWWWWWWWWWWWWWWWWW run_align2refcat 2026-09-28 10:27:46.883904
WWWWWWWWWWWWWWWWWWWWWWWWWWW update_phottable_final_wcs 2026-09-28 10:27:52.276030

(2) Aligning with gaia catalog:  90%|████████▉ | 151/168 [13:25<06:15, 22.10s/it]WWWWWWWWWWWWWWWWWWWWWWWWWWW apply_distortion_coefficients 2026-09-28 10:27:53.572807
WWWWWWWWWWWWWWWWWWWWWWWWWWW run_phot 2026-09-28 10:27:53.573145
model.meta.resample.pixel_scale_ratio was not found. Assuming the native detector pixel scale (i.e., pixel_scale_ratio = 1)
WWWWWWWWWWWWWWWWWWWWWWWWWWW initial_cut_photcat 2026-09-28 10:28:03.133058
WWWWWWWWWWWWWWWWWWWWWWWWWWWXX 1pass 2026-09-28 10:28:03.138823
WWWWWWWWWWWWWWWWWWWWWWWWWWW load_and_match_refcat 2026-09-28 10:28:03.139015
WWWWWWWWWWWWWWWWWWWWWWWWWWW find_good_refcat_matches 2026-09-28 10:28:07.960553
WWWWWWWWWWWWWWWWWWWWWWWWWWW run_align2refcat 2026-09-28 10:28:10.231184
WWWWWWWWWWWWWWWWWWWWWWWWWWW update_phottable_final_wcs 2026-09-28 10:28:15.427448

(2) Aligning with gaia catalog:  90%|█████████ | 152/168 [13:48<05:58, 22.43s/it]WWWWWWWWWWWWWWWWWWWWWWWWWWW apply_distortion_coefficients 2026-09-28 10:28:16.770758
WWWWWWWWWWWWWWWWWWWWWWWWWWW run_phot 2026-09-28 10:28:16.771097
model.meta.resample.pixel_scale_ratio was not found. Assuming the native detector pixel scale (i.e., pixel_scale_ratio = 1)
WWWWWWWWWWWWWWWWWWWWWWWWWWW initial_cut_photcat 2026-09-28 10:28:25.112736
WWWWWWWWWWWWWWWWWWWWWWWWWWWXX 1pass 2026-09-28 10:28:25.117318
WWWWWWWWWWWWWWWWWWWWWWWWWWW load_and_match_refcat 2026-09-28 10:28:25.117503
WWWWWWWWWWWWWWWWWWWWWWWWWWW find_good_refcat_matches 2026-09-28 10:28:29.912649
WWWWWWWWWWWWWWWWWWWWWWWWWWW run_align2refcat 2026-09-28 10:28:32.754863
WWWWWWWWWWWWWWWWWWWWWWWWWWW update_phottable_final_wcs 2026-09-28 10:28:37.095733

(2) Aligning with gaia catalog:  91%|█████████ | 153/168 [14:09<05:32, 22.20s/it]WWWWWWWWWWWWWWWWWWWWWWWWWWW apply_distortion_coefficients 2026-09-28 10:28:38.416340
WWWWWWWWWWWWWWWWWWWWWWWWWWW run_phot 2026-09-28 10:28:38.416666
model.meta.resample.pixel_scale_ratio was not found. Assuming the native detector pixel scale (i.e., pixel_scale_ratio = 1)
WWWWWWWWWWWWWWWWWWWWWWWWWWW initial_cut_photcat 2026-09-28 10:28:46.517854
WWWWWWWWWWWWWWWWWWWWWWWWWWWXX 1pass 2026-09-28 10:28:46.522208
WWWWWWWWWWWWWWWWWWWWWWWWWWW load_and_match_refcat 2026-09-28 10:28:46.522391
WWWWWWWWWWWWWWWWWWWWWWWWWWW find_good_refcat_matches 2026-09-28 10:28:51.340819
WWWWWWWWWWWWWWWWWWWWWWWWWWW run_align2refcat 2026-09-28 10:28:53.730518
WWWWWWWWWWWWWWWWWWWWWWWWWWW update_phottable_final_wcs 2026-09-28 10:28:57.805342

(2) Aligning with gaia catalog:  92%|█████████▏| 154/168 [14:30<05:04, 21.74s/it]WWWWWWWWWWWWWWWWWWWWWWWWWWW apply_distortion_coefficients 2026-09-28 10:28:59.104946
WWWWWWWWWWWWWWWWWWWWWWWWWWW run_phot 2026-09-28 10:28:59.105287
model.meta.resample.pixel_scale_ratio was not found. Assuming the native detector pixel scale (i.e., pixel_scale_ratio = 1)
WWWWWWWWWWWWWWWWWWWWWWWWWWW initial_cut_photcat 2026-09-28 10:29:07.975242
WWWWWWWWWWWWWWWWWWWWWWWWWWWXX 1pass 2026-09-28 10:29:07.980137
WWWWWWWWWWWWWWWWWWWWWWWWWWW load_and_match_refcat 2026-09-28 10:29:07.980319
WWWWWWWWWWWWWWWWWWWWWWWWWWW find_good_refcat_matches 2026-09-28 10:29:12.798891
WWWWWWWWWWWWWWWWWWWWWWWWWWW run_align2refcat 2026-09-28 10:29:15.658104
WWWWWWWWWWWWWWWWWWWWWWWWWWW update_phottable_final_wcs 2026-09-28 10:29:19.848962

(2) Aligning with gaia catalog:  92%|█████████▏| 155/168 [14:52<04:44, 21.89s/it]WWWWWWWWWWWWWWWWWWWWWWWWWWW apply_distortion_coefficients 2026-09-28 10:29:21.323973
WWWWWWWWWWWWWWWWWWWWWWWWWWW run_phot 2026-09-28 10:29:21.324313
model.meta.resample.pixel_scale_ratio was not found. Assuming the native detector pixel scale (i.e., pixel_scale_ratio = 1)
WWWWWWWWWWWWWWWWWWWWWWWWWWW initial_cut_photcat 2026-09-28 10:29:29.529496
WWWWWWWWWWWWWWWWWWWWWWWWWWWXX 1pass 2026-09-28 10:29:29.533892
WWWWWWWWWWWWWWWWWWWWWWWWWWW load_and_match_refcat 2026-09-28 10:29:29.534073
WWWWWWWWWWWWWWWWWWWWWWWWWWW find_good_refcat_matches 2026-09-28 10:29:34.343258
WWWWWWWWWWWWWWWWWWWWWWWWWWW run_align2refcat 2026-09-28 10:29:37.015716
WWWWWWWWWWWWWWWWWWWWWWWWWWW update_phottable_final_wcs 2026-09-28 10:29:42.311244

(2) Aligning with gaia catalog:  93%|█████████▎| 156/168 [15:15<04:24, 22.01s/it]WWWWWWWWWWWWWWWWWWWWWWWWWWW apply_distortion_coefficients 2026-09-28 10:29:43.620750
WWWWWWWWWWWWWWWWWWWWWWWWWWW run_phot 2026-09-28 10:29:43.621092
model.meta.resample.pixel_scale_ratio was not found. Assuming the native detector pixel scale (i.e., pixel_scale_ratio = 1)
WWWWWWWWWWWWWWWWWWWWWWWWWWW initial_cut_photcat 2026-09-28 10:29:52.006351
WWWWWWWWWWWWWWWWWWWWWWWWWWWXX 1pass 2026-09-28 10:29:52.010967
WWWWWWWWWWWWWWWWWWWWWWWWWWW load_and_match_refcat 2026-09-28 10:29:52.011148
WWWWWWWWWWWWWWWWWWWWWWWWWWW find_good_refcat_matches 2026-09-28 10:29:56.807845
WWWWWWWWWWWWWWWWWWWWWWWWWWW run_align2refcat 2026-09-28 10:29:59.269843
WWWWWWWWWWWWWWWWWWWWWWWWWWW update_phottable_final_wcs 2026-09-28 10:30:04.584600

(2) Aligning with gaia catalog:  93%|█████████▎| 157/168 [15:37<04:03, 22.09s/it]WWWWWWWWWWWWWWWWWWWWWWWWWWW apply_distortion_coefficients 2026-09-28 10:30:05.904179
WWWWWWWWWWWWWWWWWWWWWWWWWWW run_phot 2026-09-28 10:30:05.904526
model.meta.resample.pixel_scale_ratio was not found. Assuming the native detector pixel scale (i.e., pixel_scale_ratio = 1)
WWWWWWWWWWWWWWWWWWWWWWWWWWW initial_cut_photcat 2026-09-28 10:30:14.624303
WWWWWWWWWWWWWWWWWWWWWWWWWWWXX 1pass 2026-09-28 10:30:14.629149
WWWWWWWWWWWWWWWWWWWWWWWWWWW load_and_match_refcat 2026-09-28 10:30:14.629329
WWWWWWWWWWWWWWWWWWWWWWWWWWW find_good_refcat_matches 2026-09-28 10:30:19.435024
WWWWWWWWWWWWWWWWWWWWWWWWWWW run_align2refcat 2026-09-28 10:30:21.949200
WWWWWWWWWWWWWWWWWWWWWWWWWWW update_phottable_final_wcs 2026-09-28 10:30:27.158293

(2) Aligning with gaia catalog:  94%|█████████▍| 158/168 [16:00<03:42, 22.23s/it]WWWWWWWWWWWWWWWWWWWWWWWWWWW apply_distortion_coefficients 2026-09-28 10:30:28.470170
WWWWWWWWWWWWWWWWWWWWWWWWWWW run_phot 2026-09-28 10:30:28.470505
model.meta.resample.pixel_scale_ratio was not found. Assuming the native detector pixel scale (i.e., pixel_scale_ratio = 1)
WWWWWWWWWWWWWWWWWWWWWWWWWWW initial_cut_photcat 2026-09-28 10:30:36.317542
WWWWWWWWWWWWWWWWWWWWWWWWWWWXX 1pass 2026-09-28 10:30:36.321771
WWWWWWWWWWWWWWWWWWWWWWWWWWW load_and_match_refcat 2026-09-28 10:30:36.321956
WWWWWWWWWWWWWWWWWWWWWWWWWWW find_good_refcat_matches 2026-09-28 10:30:41.123970
WWWWWWWWWWWWWWWWWWWWWWWWWWW run_align2refcat 2026-09-28 10:30:43.942527
WWWWWWWWWWWWWWWWWWWWWWWWWWW update_phottable_final_wcs 2026-09-28 10:30:49.208956

(2) Aligning with gaia catalog:  95%|█████████▍| 159/168 [16:22<03:19, 22.18s/it]WWWWWWWWWWWWWWWWWWWWWWWWWWW apply_distortion_coefficients 2026-09-28 10:30:50.536136
WWWWWWWWWWWWWWWWWWWWWWWWWWW run_phot 2026-09-28 10:30:50.536459
model.meta.resample.pixel_scale_ratio was not found. Assuming the native detector pixel scale (i.e., pixel_scale_ratio = 1)
WWWWWWWWWWWWWWWWWWWWWWWWWWW initial_cut_photcat 2026-09-28 10:30:59.904383
WWWWWWWWWWWWWWWWWWWWWWWWWWWXX 1pass 2026-09-28 10:30:59.910509
WWWWWWWWWWWWWWWWWWWWWWWWWWW load_and_match_refcat 2026-09-28 10:30:59.910715
WWWWWWWWWWWWWWWWWWWWWWWWWWW find_good_refcat_matches 2026-09-28 10:31:04.720630
WWWWWWWWWWWWWWWWWWWWWWWWWWW run_align2refcat 2026-09-28 10:31:07.051010
WWWWWWWWWWWWWWWWWWWWWWWWWWW update_phottable_final_wcs 2026-09-28 10:31:12.536841

(2) Aligning with gaia catalog:  95%|█████████▌| 160/168 [16:45<03:00, 22.53s/it]WWWWWWWWWWWWWWWWWWWWWWWWWWW apply_distortion_coefficients 2026-09-28 10:31:13.893655
WWWWWWWWWWWWWWWWWWWWWWWWWWW run_phot 2026-09-28 10:31:13.894046
model.meta.resample.pixel_scale_ratio was not found. Assuming the native detector pixel scale (i.e., pixel_scale_ratio = 1)
WWWWWWWWWWWWWWWWWWWWWWWWWWW initial_cut_photcat 2026-09-28 10:31:22.298972
WWWWWWWWWWWWWWWWWWWWWWWWWWWXX 1pass 2026-09-28 10:31:22.303485
WWWWWWWWWWWWWWWWWWWWWWWWWWW load_and_match_refcat 2026-09-28 10:31:22.303667
WWWWWWWWWWWWWWWWWWWWWWWWWWW find_good_refcat_matches 2026-09-28 10:31:27.143295
WWWWWWWWWWWWWWWWWWWWWWWWWWW run_align2refcat 2026-09-28 10:31:30.009979
WWWWWWWWWWWWWWWWWWWWWWWWWWW update_phottable_final_wcs 2026-09-28 10:31:35.420654

(2) Aligning with gaia catalog:  96%|█████████▌| 161/168 [17:08<02:38, 22.63s/it]WWWWWWWWWWWWWWWWWWWWWWWWWWW apply_distortion_coefficients 2026-09-28 10:31:36.732713
WWWWWWWWWWWWWWWWWWWWWWWWWWW run_phot 2026-09-28 10:31:36.733062
model.meta.resample.pixel_scale_ratio was not found. Assuming the native detector pixel scale (i.e., pixel_scale_ratio = 1)
WWWWWWWWWWWWWWWWWWWWWWWWWWW initial_cut_photcat 2026-09-28 10:31:44.889186
WWWWWWWWWWWWWWWWWWWWWWWWWWWXX 1pass 2026-09-28 10:31:44.893500
WWWWWWWWWWWWWWWWWWWWWWWWWWW load_and_match_refcat 2026-09-28 10:31:44.893683
WWWWWWWWWWWWWWWWWWWWWWWWWWW find_good_refcat_matches 2026-09-28 10:31:49.714503
WWWWWWWWWWWWWWWWWWWWWWWWWWW run_align2refcat 2026-09-28 10:31:52.065783
WWWWWWWWWWWWWWWWWWWWWWWWWWW update_phottable_final_wcs 2026-09-28 10:31:57.396336

(2) Aligning with gaia catalog:  96%|█████████▋| 162/168 [17:30<02:14, 22.43s/it]WWWWWWWWWWWWWWWWWWWWWWWWWWW apply_distortion_coefficients 2026-09-28 10:31:58.703246
WWWWWWWWWWWWWWWWWWWWWWWWWWW run_phot 2026-09-28 10:31:58.703583
model.meta.resample.pixel_scale_ratio was not found. Assuming the native detector pixel scale (i.e., pixel_scale_ratio = 1)
WWWWWWWWWWWWWWWWWWWWWWWWWWW initial_cut_photcat 2026-09-28 10:32:07.581687
WWWWWWWWWWWWWWWWWWWWWWWWWWWXX 1pass 2026-09-28 10:32:07.586644
WWWWWWWWWWWWWWWWWWWWWWWWWWW load_and_match_refcat 2026-09-28 10:32:07.586833
WWWWWWWWWWWWWWWWWWWWWWWWWWW find_good_refcat_matches 2026-09-28 10:32:12.425073
WWWWWWWWWWWWWWWWWWWWWWWWWWW run_align2refcat 2026-09-28 10:32:15.138492
WWWWWWWWWWWWWWWWWWWWWWWWWWW update_phottable_final_wcs 2026-09-28 10:32:20.510250

(2) Aligning with gaia catalog:  97%|█████████▋| 163/168 [17:53<01:53, 22.64s/it]WWWWWWWWWWWWWWWWWWWWWWWWWWW apply_distortion_coefficients 2026-09-28 10:32:21.831719
WWWWWWWWWWWWWWWWWWWWWWWWWWW run_phot 2026-09-28 10:32:21.832061
model.meta.resample.pixel_scale_ratio was not found. Assuming the native detector pixel scale (i.e., pixel_scale_ratio = 1)
WWWWWWWWWWWWWWWWWWWWWWWWWWW initial_cut_photcat 2026-09-28 10:32:30.113168
WWWWWWWWWWWWWWWWWWWWWWWWWWWXX 1pass 2026-09-28 10:32:30.117677
WWWWWWWWWWWWWWWWWWWWWWWWWWW load_and_match_refcat 2026-09-28 10:32:30.117871
WWWWWWWWWWWWWWWWWWWWWWWWWWW find_good_refcat_matches 2026-09-28 10:32:34.950253
WWWWWWWWWWWWWWWWWWWWWWWWWWW run_align2refcat 2026-09-28 10:32:37.680396
WWWWWWWWWWWWWWWWWWWWWWWWWWW update_phottable_final_wcs 2026-09-28 10:32:43.365756

(2) Aligning with gaia catalog:  98%|█████████▊| 164/168 [18:16<01:30, 22.70s/it]WWWWWWWWWWWWWWWWWWWWWWWWWWW apply_distortion_coefficients 2026-09-28 10:32:44.684378
WWWWWWWWWWWWWWWWWWWWWWWWWWW run_phot 2026-09-28 10:32:44.684729
model.meta.resample.pixel_scale_ratio was not found. Assuming the native detector pixel scale (i.e., pixel_scale_ratio = 1)
WWWWWWWWWWWWWWWWWWWWWWWWWWW initial_cut_photcat 2026-09-28 10:32:53.327155
WWWWWWWWWWWWWWWWWWWWWWWWWWWXX 1pass 2026-09-28 10:32:53.332046
WWWWWWWWWWWWWWWWWWWWWWWWWWW load_and_match_refcat 2026-09-28 10:32:53.332414
WWWWWWWWWWWWWWWWWWWWWWWWWWW find_good_refcat_matches 2026-09-28 10:32:58.228287
WWWWWWWWWWWWWWWWWWWWWWWWWWW run_align2refcat 2026-09-28 10:33:00.602446
WWWWWWWWWWWWWWWWWWWWWWWWWWW update_phottable_final_wcs 2026-09-28 10:33:05.833774

(2) Aligning with gaia catalog:  98%|█████████▊| 165/168 [18:38<01:07, 22.64s/it]WWWWWWWWWWWWWWWWWWWWWWWWWWW apply_distortion_coefficients 2026-09-28 10:33:07.183114
WWWWWWWWWWWWWWWWWWWWWWWWWWW run_phot 2026-09-28 10:33:07.183533
model.meta.resample.pixel_scale_ratio was not found. Assuming the native detector pixel scale (i.e., pixel_scale_ratio = 1)
WWWWWWWWWWWWWWWWWWWWWWWWWWW initial_cut_photcat 2026-09-28 10:33:16.203048
WWWWWWWWWWWWWWWWWWWWWWWWWWWXX 1pass 2026-09-28 10:33:16.208347
WWWWWWWWWWWWWWWWWWWWWWWWWWW load_and_match_refcat 2026-09-28 10:33:16.208529
WWWWWWWWWWWWWWWWWWWWWWWWWWW find_good_refcat_matches 2026-09-28 10:33:21.109850
WWWWWWWWWWWWWWWWWWWWWWWWWWW run_align2refcat 2026-09-28 10:33:23.625299
WWWWWWWWWWWWWWWWWWWWWWWWWWW update_phottable_final_wcs 2026-09-28 10:33:28.890163

(2) Aligning with gaia catalog:  99%|█████████▉| 166/168 [19:01<00:45, 22.80s/it]WWWWWWWWWWWWWWWWWWWWWWWWWWW apply_distortion_coefficients 2026-09-28 10:33:30.349611
WWWWWWWWWWWWWWWWWWWWWWWWWWW run_phot 2026-09-28 10:33:30.350426
model.meta.resample.pixel_scale_ratio was not found. Assuming the native detector pixel scale (i.e., pixel_scale_ratio = 1)
WWWWWWWWWWWWWWWWWWWWWWWWWWW initial_cut_photcat 2026-09-28 10:33:38.544959
WWWWWWWWWWWWWWWWWWWWWWWWWWWXX 1pass 2026-09-28 10:33:38.549397
WWWWWWWWWWWWWWWWWWWWWWWWWWW load_and_match_refcat 2026-09-28 10:33:38.549583
WWWWWWWWWWWWWWWWWWWWWWWWWWW find_good_refcat_matches 2026-09-28 10:33:43.497229
WWWWWWWWWWWWWWWWWWWWWWWWWWW run_align2refcat 2026-09-28 10:33:46.194438
WWWWWWWWWWWWWWWWWWWWWWWWWWW update_phottable_final_wcs 2026-09-28 10:33:52.324292

(2) Aligning with gaia catalog:  99%|█████████▉| 167/168 [19:25<00:22, 22.98s/it]WWWWWWWWWWWWWWWWWWWWWWWWWWW apply_distortion_coefficients 2026-09-28 10:33:53.740179
WWWWWWWWWWWWWWWWWWWWWWWWWWW run_phot 2026-09-28 10:33:53.740879
model.meta.resample.pixel_scale_ratio was not found. Assuming the native detector pixel scale (i.e., pixel_scale_ratio = 1)
WWWWWWWWWWWWWWWWWWWWWWWWWWW initial_cut_photcat 2026-09-28 10:34:03.696448
WWWWWWWWWWWWWWWWWWWWWWWWWWWXX 1pass 2026-09-28 10:34:03.702693
WWWWWWWWWWWWWWWWWWWWWWWWWWW load_and_match_refcat 2026-09-28 10:34:03.702887
WWWWWWWWWWWWWWWWWWWWWWWWWWW find_good_refcat_matches 2026-09-28 10:34:08.653807
WWWWWWWWWWWWWWWWWWWWWWWWWWW run_align2refcat 2026-09-28 10:34:10.978899
WWWWWWWWWWWWWWWWWWWWWWWWWWW update_phottable_final_wcs 2026-09-28 10:34:17.303555

(2) Aligning with gaia catalog: 100%|██████████| 168/168 [19:50<00:00, 23.57s/it]
(2) Aligning with gaia catalog: 100%|██████████| 168/168 [19:50<00:00,  7.08s/it]
2026-09-28 12:34:18,967 - stpipe.step - INFO - PARS-TWEAKREGSTEP parameters found: /home/slagter/crds_cache/references/jwst/nircam/jwst_nircam_pars-tweakregstep_0039.asdf
2026-09-28 12:34:18,992 - stpipe.step - INFO - PARS-RESAMPLESTEP parameters found: /home/slagter/crds_cache/references/jwst/nircam/jwst_nircam_pars-resamplestep_0001.asdf
2026-09-28 12:34:19,009 - stpipe.step - INFO - PARS-SOURCECATALOGSTEP parameters found: /home/slagter/crds_cache/references/jwst/nircam/jwst_nircam_pars-sourcecatalogstep_0015.asdf
2026-09-28 12:34:19,027 - stpipe.step - INFO - Image3Pipeline instance created.
2026-09-28 12:34:19,028 - stpipe.step - INFO - AssignMTWcsStep instance created.
2026-09-28 12:34:19,029 - stpipe.step - INFO - TweakRegStep instance created.
2026-09-28 12:34:19,030 - stpipe.step - INFO - SkyMatchStep instance created.
2026-09-28 12:34:19,031 - stpipe.step - INFO - OutlierDetectionStep instance created.
2026-09-28 12:34:19,032 - stpipe.step - INFO - ResampleStep instance created.
2026-09-28 12:34:19,033 - stpipe.step - INFO - SourceCatalogStep instance created.
2026-09-28 12:34:19,669 - stpipe.step - INFO - Step Image3Pipeline running with args ('/net/vdesk/data2/slagter/JWST_NIRCAM_#1227_level_3mosaic_F115W_test.json',).
2026-09-28 12:34:19,683 - stpipe.step - INFO - Step Image3Pipeline parameters are:
  pre_hooks: []
  post_hooks: []
  output_file: None
  output_dir: /net/vdesk/data2/slagter/JWST_NIRCAM_#1227_level_3
  output_ext: .fits
  output_use_model: False
  output_use_index: True
  save_results: True
  skip: False
  suffix: None
  search_output_file: True
  input_dir: ''
  in_memory: True
  steps:
    assign_mtwcs:
      pre_hooks: []
      post_hooks: []
      output_file: None
      output_dir: None
      output_ext: .fits
      output_use_model: True
      output_use_index: True
      save_results: False
      skip: False
      suffix: assign_mtwcs
      search_output_file: True
      input_dir: ''
    tweakreg:
      pre_hooks: []
      post_hooks: []
      output_file: None
      output_dir: None
      output_ext: .fits
      output_use_model: True
      output_use_index: True
      save_results: False
      skip: True
      suffix: None
      search_output_file: True
      input_dir: ''
      save_catalogs: False
      use_custom_catalogs: False
      catalog_format: ecsv
      catfile: ''
      starfinder: iraf
      snr_threshold: 10.0
      kernel_fwhm: 1.298
      bkg_boxsize: 400
      minsep_fwhm: 0.0
      sigma_radius: 1.5
      sharplo: 0.5
      sharphi: 2.0
      roundlo: 0.0
      roundhi: 0.2
      brightest: 200
      peakmax: None
      npixels: 10
      connectivity: '8'
      nlevels: 32
      contrast: 0.001
      multithresh_mode: exponential
      localbkg_width: 0
      apermask_method: correct
      kron_params: None
      deblend: True
      enforce_user_order: False
      expand_refcat: False
      minobj: 15
      fitgeometry: shift
      nclip: 3
      sigma: 3.0
      searchrad: 2.0
      use2dhist: True
      separation: 2.0
      tolerance: 1.0
      xoffset: 0.0
      yoffset: 0.0
      abs_refcat: ''
      save_abs_catalog: False
      abs_minobj: 15
      abs_fitgeometry: rshift
      abs_nclip: 3
      abs_sigma: 3.0
      abs_searchrad: 6.0
      abs_use2dhist: True
      abs_separation: 1.0
      abs_tolerance: 0.7
      sip_approx: True
      sip_max_pix_error: 0.01
      sip_degree: None
      sip_max_inv_pix_error: 0.01
      sip_inv_degree: None
      sip_npoints: 12
      in_memory: True
    skymatch:
      pre_hooks: []
      post_hooks: []
      output_file: None
      output_dir: None
      output_ext: .fits
      output_use_model: False
      output_use_index: True
      save_results: False
      skip: False
      suffix: None
      search_output_file: True
      input_dir: ''
      skymethod: match
      match_down: True
      subtract: False
      skylist: None
      stepsize: None
      skystat: mode
      dqbits: ~DO_NOT_USE+NON_SCIENCE
      lower: None
      upper: None
      nclip: 5
      lsigma: 4.0
      usigma: 4.0
      binwidth: 0.1
      in_memory: True
    outlier_detection:
      pre_hooks: []
      post_hooks: []
      output_file: None
      output_dir: None
      output_ext: .fits
      output_use_model: False
      output_use_index: True
      save_results: False
      skip: False
      suffix: None
      search_output_file: False
      input_dir: ''
      weight_type: ivm
      pixfrac: 1.0
      kernel: square
      fillval: NAN
      maskpt: 0.7
      snr: 5.0 4.0
      scale: 1.2 0.7
      backg: 0.0
      kernel_size: 7 7
      threshold_percent: 99.8
      rolling_window_width: 25
      ifu_second_check: False
      save_intermediate_results: False
      resample_data: True
      good_bits: ~DO_NOT_USE
      in_memory: True
      pixmap_stepsize: 1.0
      pixmap_order: 1
    resample:
      pre_hooks: []
      post_hooks: []
      output_file: None
      output_dir: None
      output_ext: .fits
      output_use_model: False
      output_use_index: True
      save_results: False
      skip: False
      suffix: None
      search_output_file: True
      input_dir: ''
      pixfrac: 1.0
      kernel: square
      fillval: NAN
      weight_type: exptime
      output_shape: None
      crpix: None
      crval: None
      rotation: None
      pixel_scale_ratio: 1.0
      pixel_scale: None
      output_wcs: ''
      single: False
      blendheaders: True
      in_memory: True
      enable_ctx: True
      enable_err: True
      report_var: True
      propagate_dq: False
      pixmap_stepsize: 1.0
      pixmap_order: 1
    source_catalog:
      pre_hooks: []
      post_hooks: []
      output_file: None
      output_dir: None
      output_ext: .fits
      output_use_model: False
      output_use_index: True
      save_results: False
      skip: False
      suffix: cat
      search_output_file: True
      input_dir: ''
      aperture_ee1: 30
      aperture_ee2: 50
      aperture_ee3: 70
      ci1_star_threshold: 2.0
      ci2_star_threshold: 1.8
      starfinder: segmentation
      snr_threshold: 3.0
      bkg_boxsize: 1000
      kernel_fwhm: 1.298
      minsep_fwhm: 0.0
      sigma_radius: 1.5
      sharplo: 0.5
      sharphi: 2.0
      roundlo: 0.0
      roundhi: 0.2
      brightest: 200
      peakmax: None
      npixels: 25
      connectivity: '8'
      nlevels: 32
      contrast: 0.001
      multithresh_mode: exponential
      localbkg_width: 0
      apermask_method: correct
      kron_params: None
      deblend: True
2026-09-28 12:34:19,899 - stpipe.pipeline - INFO - Prefetching reference files for dataset: 'JWST_NIRCAM_#1227_level_3mosaic_F115W_test.json' reftypes = ['abvegaoffset', 'apcorr']
2026-09-28 12:34:19,902 - stpipe.pipeline - INFO - Prefetch for ABVEGAOFFSET reference file is '/home/slagter/crds_cache/references/jwst/nircam/jwst_nircam_abvegaoffset_0003.asdf'.
2026-09-28 12:34:19,902 - stpipe.pipeline - INFO - Prefetch for APCORR reference file is '/home/slagter/crds_cache/references/jwst/nircam/jwst_nircam_apcorr_0005.fits'.
2026-09-28 12:34:19,902 - jwst.pipeline.calwebb_image3 - INFO - Starting calwebb_image3 ...
2026-09-28 12:34:39,172 - stpipe.step - INFO - Step tweakreg running with args (<jwst.datamodels.library.ModelLibrary object at 0x7f439f56be30>,).
2026-09-28 12:34:39,173 - stpipe.step - INFO - Step skipped.
2026-09-28 12:37:06,733 - stpipe.step - INFO - Step skymatch running with args (<jwst.datamodels.library.ModelLibrary object at 0x7f439f56be30>,).
2026-09-28 12:37:15,651 - stcal.skymatch.skymatch - INFO -  
2026-09-28 12:37:15,651 - stcal.skymatch.skymatch - INFO - ***** stcal.skymatch.skymatch.skymatch() started on 2026-09-28 12:37:15.651056
2026-09-28 12:37:15,651 - stcal.skymatch.skymatch - INFO -  
2026-09-28 12:37:15,651 - stcal.skymatch.skymatch - INFO - Sky computation method: 'match'
2026-09-28 12:37:15,651 - stcal.skymatch.skymatch - INFO - Sky matching direction: DOWN
2026-09-28 12:37:15,652 - stcal.skymatch.skymatch - INFO - Sky subtraction from image data: OFF
2026-09-28 12:37:15,652 - stcal.skymatch.skymatch - INFO -  
2026-09-28 12:37:15,652 - stcal.skymatch.skymatch - INFO - ----  Computing differences in sky values in overlapping regions.
2026-09-28 12:41:18,536 - stcal.skymatch.skymatch - INFO -    *  Group ID=0. Sky background of component images:
2026-09-28 12:41:18,536 - stcal.skymatch.skymatch - INFO -       - Image ID=jw01227002001_02103_00001_nrca1_cal_1overf_jhat.fits. Sky background: 0
2026-09-28 12:41:18,536 - stcal.skymatch.skymatch - INFO -       - Image ID=jw01227002001_02103_00001_nrca2_cal_1overf_jhat.fits. Sky background: 0
2026-09-28 12:41:18,537 - stcal.skymatch.skymatch - INFO -       - Image ID=jw01227002001_02103_00001_nrca3_cal_1overf_jhat.fits. Sky background: 0
2026-09-28 12:41:18,537 - stcal.skymatch.skymatch - INFO -       - Image ID=jw01227002001_02103_00001_nrca4_cal_1overf_jhat.fits. Sky background: 0
2026-09-28 12:41:18,537 - stcal.skymatch.skymatch - INFO -       - Image ID=jw01227002001_02103_00001_nrcb1_cal_1overf_jhat.fits. Sky background: 0
2026-09-28 12:41:18,537 - stcal.skymatch.skymatch - INFO -       - Image ID=jw01227002001_02103_00001_nrcb2_cal_1overf_jhat.fits. Sky background: 0
2026-09-28 12:41:18,537 - stcal.skymatch.skymatch - INFO -       - Image ID=jw01227002001_02103_00001_nrcb3_cal_1overf_jhat.fits. Sky background: 0
2026-09-28 12:41:18,538 - stcal.skymatch.skymatch - INFO -       - Image ID=jw01227002001_02103_00001_nrcb4_cal_1overf_jhat.fits. Sky background: 0
2026-09-28 12:41:18,538 - stcal.skymatch.skymatch - INFO -    *  Group ID=1. Sky background of component images:
2026-09-28 12:41:18,538 - stcal.skymatch.skymatch - INFO -       - Image ID=jw01227002001_02103_00002_nrca1_cal_1overf_jhat.fits. Sky background: 0.0782126
2026-09-28 12:41:18,538 - stcal.skymatch.skymatch - INFO -       - Image ID=jw01227002001_02103_00002_nrca2_cal_1overf_jhat.fits. Sky background: 0.0782126
2026-09-28 12:41:18,538 - stcal.skymatch.skymatch - INFO -       - Image ID=jw01227002001_02103_00002_nrca3_cal_1overf_jhat.fits. Sky background: 0.0782126
2026-09-28 12:41:18,538 - stcal.skymatch.skymatch - INFO -       - Image ID=jw01227002001_02103_00002_nrca4_cal_1overf_jhat.fits. Sky background: 0.0782126
2026-09-28 12:41:18,539 - stcal.skymatch.skymatch - INFO -       - Image ID=jw01227002001_02103_00002_nrcb1_cal_1overf_jhat.fits. Sky background: 0.0782126
2026-09-28 12:41:18,539 - stcal.skymatch.skymatch - INFO -       - Image ID=jw01227002001_02103_00002_nrcb2_cal_1overf_jhat.fits. Sky background: 0.0782126
2026-09-28 12:41:18,539 - stcal.skymatch.skymatch - INFO -       - Image ID=jw01227002001_02103_00002_nrcb3_cal_1overf_jhat.fits. Sky background: 0.0782126
2026-09-28 12:41:18,539 - stcal.skymatch.skymatch - INFO -       - Image ID=jw01227002001_02103_00002_nrcb4_cal_1overf_jhat.fits. Sky background: 0.0782126
2026-09-28 12:41:18,539 - stcal.skymatch.skymatch - INFO -    *  Group ID=2. Sky background of component images:
2026-09-28 12:41:18,540 - stcal.skymatch.skymatch - INFO -       - Image ID=jw01227002001_02103_00003_nrca1_cal_1overf_jhat.fits. Sky background: 0.076878
2026-09-28 12:41:18,540 - stcal.skymatch.skymatch - INFO -       - Image ID=jw01227002001_02103_00003_nrca2_cal_1overf_jhat.fits. Sky background: 0.076878
2026-09-28 12:41:18,540 - stcal.skymatch.skymatch - INFO -       - Image ID=jw01227002001_02103_00003_nrca3_cal_1overf_jhat.fits. Sky background: 0.076878
2026-09-28 12:41:18,540 - stcal.skymatch.skymatch - INFO -       - Image ID=jw01227002001_02103_00003_nrca4_cal_1overf_jhat.fits. Sky background: 0.076878
2026-09-28 12:41:18,540 - stcal.skymatch.skymatch - INFO -       - Image ID=jw01227002001_02103_00003_nrcb1_cal_1overf_jhat.fits. Sky background: 0.076878
2026-09-28 12:41:18,541 - stcal.skymatch.skymatch - INFO -       - Image ID=jw01227002001_02103_00003_nrcb2_cal_1overf_jhat.fits. Sky background: 0.076878
2026-09-28 12:41:18,541 - stcal.skymatch.skymatch - INFO -       - Image ID=jw01227002001_02103_00003_nrcb3_cal_1overf_jhat.fits. Sky background: 0.076878
2026-09-28 12:41:18,541 - stcal.skymatch.skymatch - INFO -       - Image ID=jw01227002001_02103_00003_nrcb4_cal_1overf_jhat.fits. Sky background: 0.076878
2026-09-28 12:41:18,541 - stcal.skymatch.skymatch - INFO -    *  Group ID=3. Sky background of component images:
2026-09-28 12:41:18,541 - stcal.skymatch.skymatch - INFO -       - Image ID=jw01227002001_02103_00004_nrca1_cal_1overf_jhat.fits. Sky background: 0.116066
2026-09-28 12:41:18,542 - stcal.skymatch.skymatch - INFO -       - Image ID=jw01227002001_02103_00004_nrca2_cal_1overf_jhat.fits. Sky background: 0.116066
2026-09-28 12:41:18,542 - stcal.skymatch.skymatch - INFO -       - Image ID=jw01227002001_02103_00004_nrca3_cal_1overf_jhat.fits. Sky background: 0.116066
2026-09-28 12:41:18,542 - stcal.skymatch.skymatch - INFO -       - Image ID=jw01227002001_02103_00004_nrca4_cal_1overf_jhat.fits. Sky background: 0.116066
2026-09-28 12:41:18,542 - stcal.skymatch.skymatch - INFO -       - Image ID=jw01227002001_02103_00004_nrcb1_cal_1overf_jhat.fits. Sky background: 0.116066
2026-09-28 12:41:18,542 - stcal.skymatch.skymatch - INFO -       - Image ID=jw01227002001_02103_00004_nrcb2_cal_1overf_jhat.fits. Sky background: 0.116066
2026-09-28 12:41:18,542 - stcal.skymatch.skymatch - INFO -       - Image ID=jw01227002001_02103_00004_nrcb3_cal_1overf_jhat.fits. Sky background: 0.116066
2026-09-28 12:41:18,543 - stcal.skymatch.skymatch - INFO -       - Image ID=jw01227002001_02103_00004_nrcb4_cal_1overf_jhat.fits. Sky background: 0.116066
2026-09-28 12:41:18,543 - stcal.skymatch.skymatch - INFO -    *  Group ID=4. Sky background of component images:
2026-09-28 12:41:18,543 - stcal.skymatch.skymatch - INFO -       - Image ID=jw01227002002_02103_00001_nrca1_cal_1overf_jhat.fits. Sky background: 0.133513
2026-09-28 12:41:18,543 - stcal.skymatch.skymatch - INFO -       - Image ID=jw01227002002_02103_00001_nrca2_cal_1overf_jhat.fits. Sky background: 0.133513
2026-09-28 12:41:18,543 - stcal.skymatch.skymatch - INFO -       - Image ID=jw01227002002_02103_00001_nrca3_cal_1overf_jhat.fits. Sky background: 0.133513
2026-09-28 12:41:18,544 - stcal.skymatch.skymatch - INFO -       - Image ID=jw01227002002_02103_00001_nrca4_cal_1overf_jhat.fits. Sky background: 0.133513
2026-09-28 12:41:18,544 - stcal.skymatch.skymatch - INFO -       - Image ID=jw01227002002_02103_00001_nrcb1_cal_1overf_jhat.fits. Sky background: 0.133513
2026-09-28 12:41:18,544 - stcal.skymatch.skymatch - INFO -       - Image ID=jw01227002002_02103_00001_nrcb2_cal_1overf_jhat.fits. Sky background: 0.133513
2026-09-28 12:41:18,544 - stcal.skymatch.skymatch - INFO -       - Image ID=jw01227002002_02103_00001_nrcb3_cal_1overf_jhat.fits. Sky background: 0.133513
2026-09-28 12:41:18,544 - stcal.skymatch.skymatch - INFO -       - Image ID=jw01227002002_02103_00001_nrcb4_cal_1overf_jhat.fits. Sky background: 0.133513
2026-09-28 12:41:18,545 - stcal.skymatch.skymatch - INFO -    *  Group ID=5. Sky background of component images:
2026-09-28 12:41:18,545 - stcal.skymatch.skymatch - INFO -       - Image ID=jw01227002002_02103_00002_nrca1_cal_1overf_jhat.fits. Sky background: 0.0129218
2026-09-28 12:41:18,545 - stcal.skymatch.skymatch - INFO -       - Image ID=jw01227002002_02103_00002_nrca2_cal_1overf_jhat.fits. Sky background: 0.0129218
2026-09-28 12:41:18,545 - stcal.skymatch.skymatch - INFO -       - Image ID=jw01227002002_02103_00002_nrca3_cal_1overf_jhat.fits. Sky background: 0.0129218
2026-09-28 12:41:18,545 - stcal.skymatch.skymatch - INFO -       - Image ID=jw01227002002_02103_00002_nrca4_cal_1overf_jhat.fits. Sky background: 0.0129218
2026-09-28 12:41:18,545 - stcal.skymatch.skymatch - INFO -       - Image ID=jw01227002002_02103_00002_nrcb1_cal_1overf_jhat.fits. Sky background: 0.0129218
2026-09-28 12:41:18,546 - stcal.skymatch.skymatch - INFO -       - Image ID=jw01227002002_02103_00002_nrcb2_cal_1overf_jhat.fits. Sky background: 0.0129218
2026-09-28 12:41:18,546 - stcal.skymatch.skymatch - INFO -       - Image ID=jw01227002002_02103_00002_nrcb3_cal_1overf_jhat.fits. Sky background: 0.0129218
2026-09-28 12:41:18,546 - stcal.skymatch.skymatch - INFO -       - Image ID=jw01227002002_02103_00002_nrcb4_cal_1overf_jhat.fits. Sky background: 0.0129218
2026-09-28 12:41:18,546 - stcal.skymatch.skymatch - INFO -    *  Group ID=6. Sky background of component images:
2026-09-28 12:41:18,546 - stcal.skymatch.skymatch - INFO -       - Image ID=jw01227002002_02103_00003_nrca1_cal_1overf_jhat.fits. Sky background: 0.157113
2026-09-28 12:41:18,547 - stcal.skymatch.skymatch - INFO -       - Image ID=jw01227002002_02103_00003_nrca2_cal_1overf_jhat.fits. Sky background: 0.157113
2026-09-28 12:41:18,547 - stcal.skymatch.skymatch - INFO -       - Image ID=jw01227002002_02103_00003_nrca3_cal_1overf_jhat.fits. Sky background: 0.157113
2026-09-28 12:41:18,547 - stcal.skymatch.skymatch - INFO -       - Image ID=jw01227002002_02103_00003_nrca4_cal_1overf_jhat.fits. Sky background: 0.157113
2026-09-28 12:41:18,547 - stcal.skymatch.skymatch - INFO -       - Image ID=jw01227002002_02103_00003_nrcb1_cal_1overf_jhat.fits. Sky background: 0.157113
2026-09-28 12:41:18,547 - stcal.skymatch.skymatch - INFO -       - Image ID=jw01227002002_02103_00003_nrcb2_cal_1overf_jhat.fits. Sky background: 0.157113
2026-09-28 12:41:18,547 - stcal.skymatch.skymatch - INFO -       - Image ID=jw01227002002_02103_00003_nrcb3_cal_1overf_jhat.fits. Sky background: 0.157113
2026-09-28 12:41:18,548 - stcal.skymatch.skymatch - INFO -       - Image ID=jw01227002002_02103_00003_nrcb4_cal_1overf_jhat.fits. Sky background: 0.157113
2026-09-28 12:41:18,548 - stcal.skymatch.skymatch - INFO -    *  Group ID=7. Sky background of component images:
2026-09-28 12:41:18,548 - stcal.skymatch.skymatch - INFO -       - Image ID=jw01227002002_02103_00004_nrca1_cal_1overf_jhat.fits. Sky background: 0.0391782
2026-09-28 12:41:18,548 - stcal.skymatch.skymatch - INFO -       - Image ID=jw01227002002_02103_00004_nrca2_cal_1overf_jhat.fits. Sky background: 0.0391782
2026-09-28 12:41:18,548 - stcal.skymatch.skymatch - INFO -       - Image ID=jw01227002002_02103_00004_nrca3_cal_1overf_jhat.fits. Sky background: 0.0391782
2026-09-28 12:41:18,549 - stcal.skymatch.skymatch - INFO -       - Image ID=jw01227002002_02103_00004_nrca4_cal_1overf_jhat.fits. Sky background: 0.0391782
2026-09-28 12:41:18,549 - stcal.skymatch.skymatch - INFO -       - Image ID=jw01227002002_02103_00004_nrcb1_cal_1overf_jhat.fits. Sky background: 0.0391782
2026-09-28 12:41:18,549 - stcal.skymatch.skymatch - INFO -       - Image ID=jw01227002002_02103_00004_nrcb2_cal_1overf_jhat.fits. Sky background: 0.0391782
2026-09-28 12:41:18,549 - stcal.skymatch.skymatch - INFO -       - Image ID=jw01227002002_02103_00004_nrcb3_cal_1overf_jhat.fits. Sky background: 0.0391782
2026-09-28 12:41:18,549 - stcal.skymatch.skymatch - INFO -       - Image ID=jw01227002002_02103_00004_nrcb4_cal_1overf_jhat.fits. Sky background: 0.0391782
2026-09-28 12:41:18,550 - stcal.skymatch.skymatch - INFO -    *  Group ID=8. Sky background of component images:
2026-09-28 12:41:18,550 - stcal.skymatch.skymatch - INFO -       - Image ID=jw01227002003_02103_00001_nrca1_cal_1overf_jhat.fits. Sky background: 0.0601312
2026-09-28 12:41:18,550 - stcal.skymatch.skymatch - INFO -       - Image ID=jw01227002003_02103_00001_nrca2_cal_1overf_jhat.fits. Sky background: 0.0601312
2026-09-28 12:41:18,550 - stcal.skymatch.skymatch - INFO -       - Image ID=jw01227002003_02103_00001_nrca3_cal_1overf_jhat.fits. Sky background: 0.0601312
2026-09-28 12:41:18,550 - stcal.skymatch.skymatch - INFO -       - Image ID=jw01227002003_02103_00001_nrca4_cal_1overf_jhat.fits. Sky background: 0.0601312
2026-09-28 12:41:18,550 - stcal.skymatch.skymatch - INFO -       - Image ID=jw01227002003_02103_00001_nrcb1_cal_1overf_jhat.fits. Sky background: 0.0601312
2026-09-28 12:41:18,551 - stcal.skymatch.skymatch - INFO -       - Image ID=jw01227002003_02103_00001_nrcb2_cal_1overf_jhat.fits. Sky background: 0.0601312
2026-09-28 12:41:18,551 - stcal.skymatch.skymatch - INFO -       - Image ID=jw01227002003_02103_00001_nrcb3_cal_1overf_jhat.fits. Sky background: 0.0601312
2026-09-28 12:41:18,551 - stcal.skymatch.skymatch - INFO -       - Image ID=jw01227002003_02103_00001_nrcb4_cal_1overf_jhat.fits. Sky background: 0.0601312
2026-09-28 12:41:18,551 - stcal.skymatch.skymatch - INFO -    *  Group ID=9. Sky background of component images:
2026-09-28 12:41:18,551 - stcal.skymatch.skymatch - INFO -       - Image ID=jw01227002003_02103_00002_nrca1_cal_1overf_jhat.fits. Sky background: 0.0183098
2026-09-28 12:41:18,552 - stcal.skymatch.skymatch - INFO -       - Image ID=jw01227002003_02103_00002_nrca2_cal_1overf_jhat.fits. Sky background: 0.0183098
2026-09-28 12:41:18,552 - stcal.skymatch.skymatch - INFO -       - Image ID=jw01227002003_02103_00002_nrca3_cal_1overf_jhat.fits. Sky background: 0.0183098
2026-09-28 12:41:18,552 - stcal.skymatch.skymatch - INFO -       - Image ID=jw01227002003_02103_00002_nrca4_cal_1overf_jhat.fits. Sky background: 0.0183098
2026-09-28 12:41:18,552 - stcal.skymatch.skymatch - INFO -       - Image ID=jw01227002003_02103_00002_nrcb1_cal_1overf_jhat.fits. Sky background: 0.0183098
2026-09-28 12:41:18,552 - stcal.skymatch.skymatch - INFO -       - Image ID=jw01227002003_02103_00002_nrcb2_cal_1overf_jhat.fits. Sky background: 0.0183098
2026-09-28 12:41:18,553 - stcal.skymatch.skymatch - INFO -       - Image ID=jw01227002003_02103_00002_nrcb3_cal_1overf_jhat.fits. Sky background: 0.0183098
2026-09-28 12:41:18,553 - stcal.skymatch.skymatch - INFO -       - Image ID=jw01227002003_02103_00002_nrcb4_cal_1overf_jhat.fits. Sky background: 0.0183098
2026-09-28 12:41:18,553 - stcal.skymatch.skymatch - INFO -    *  Group ID=10. Sky background of component images:
2026-09-28 12:41:18,553 - stcal.skymatch.skymatch - INFO -       - Image ID=jw01227002003_02103_00003_nrca1_cal_1overf_jhat.fits. Sky background: 0.0201752
2026-09-28 12:41:18,553 - stcal.skymatch.skymatch - INFO -       - Image ID=jw01227002003_02103_00003_nrca2_cal_1overf_jhat.fits. Sky background: 0.0201752
2026-09-28 12:41:18,553 - stcal.skymatch.skymatch - INFO -       - Image ID=jw01227002003_02103_00003_nrca3_cal_1overf_jhat.fits. Sky background: 0.0201752
2026-09-28 12:41:18,554 - stcal.skymatch.skymatch - INFO -       - Image ID=jw01227002003_02103_00003_nrca4_cal_1overf_jhat.fits. Sky background: 0.0201752
2026-09-28 12:41:18,554 - stcal.skymatch.skymatch - INFO -       - Image ID=jw01227002003_02103_00003_nrcb1_cal_1overf_jhat.fits. Sky background: 0.0201752
2026-09-28 12:41:18,554 - stcal.skymatch.skymatch - INFO -       - Image ID=jw01227002003_02103_00003_nrcb2_cal_1overf_jhat.fits. Sky background: 0.0201752
2026-09-28 12:41:18,554 - stcal.skymatch.skymatch - INFO -       - Image ID=jw01227002003_02103_00003_nrcb3_cal_1overf_jhat.fits. Sky background: 0.0201752
2026-09-28 12:41:18,554 - stcal.skymatch.skymatch - INFO -       - Image ID=jw01227002003_02103_00003_nrcb4_cal_1overf_jhat.fits. Sky background: 0.0201752
2026-09-28 12:41:18,555 - stcal.skymatch.skymatch - INFO -    *  Group ID=11. Sky background of component images:
2026-09-28 12:41:18,555 - stcal.skymatch.skymatch - INFO -       - Image ID=jw01227002003_02103_00004_nrca1_cal_1overf_jhat.fits. Sky background: 0.0620269
2026-09-28 12:41:18,555 - stcal.skymatch.skymatch - INFO -       - Image ID=jw01227002003_02103_00004_nrca2_cal_1overf_jhat.fits. Sky background: 0.0620269
2026-09-28 12:41:18,555 - stcal.skymatch.skymatch - INFO -       - Image ID=jw01227002003_02103_00004_nrca3_cal_1overf_jhat.fits. Sky background: 0.0620269
2026-09-28 12:41:18,555 - stcal.skymatch.skymatch - INFO -       - Image ID=jw01227002003_02103_00004_nrca4_cal_1overf_jhat.fits. Sky background: 0.0620269
2026-09-28 12:41:18,555 - stcal.skymatch.skymatch - INFO -       - Image ID=jw01227002003_02103_00004_nrcb1_cal_1overf_jhat.fits. Sky background: 0.0620269
2026-09-28 12:41:18,556 - stcal.skymatch.skymatch - INFO -       - Image ID=jw01227002003_02103_00004_nrcb2_cal_1overf_jhat.fits. Sky background: 0.0620269
2026-09-28 12:41:18,556 - stcal.skymatch.skymatch - INFO -       - Image ID=jw01227002003_02103_00004_nrcb3_cal_1overf_jhat.fits. Sky background: 0.0620269
2026-09-28 12:41:18,556 - stcal.skymatch.skymatch - INFO -       - Image ID=jw01227002003_02103_00004_nrcb4_cal_1overf_jhat.fits. Sky background: 0.0620269
2026-09-28 12:41:18,556 - stcal.skymatch.skymatch - INFO -    *  Group ID=12. Sky background of component images:
2026-09-28 12:41:18,556 - stcal.skymatch.skymatch - INFO -       - Image ID=jw01227014001_07201_00001_nrca1_cal_1overf_jhat.fits. Sky background: 0.104271
2026-09-28 12:41:18,557 - stcal.skymatch.skymatch - INFO -       - Image ID=jw01227014001_07201_00001_nrca2_cal_1overf_jhat.fits. Sky background: 0.104271
2026-09-28 12:41:18,557 - stcal.skymatch.skymatch - INFO -       - Image ID=jw01227014001_07201_00001_nrca3_cal_1overf_jhat.fits. Sky background: 0.104271
2026-09-28 12:41:18,557 - stcal.skymatch.skymatch - INFO -       - Image ID=jw01227014001_07201_00001_nrca4_cal_1overf_jhat.fits. Sky background: 0.104271
2026-09-28 12:41:18,557 - stcal.skymatch.skymatch - INFO -       - Image ID=jw01227014001_07201_00001_nrcb1_cal_1overf_jhat.fits. Sky background: 0.104271
2026-09-28 12:41:18,557 - stcal.skymatch.skymatch - INFO -       - Image ID=jw01227014001_07201_00001_nrcb2_cal_1overf_jhat.fits. Sky background: 0.104271
2026-09-28 12:41:18,557 - stcal.skymatch.skymatch - INFO -       - Image ID=jw01227014001_07201_00001_nrcb3_cal_1overf_jhat.fits. Sky background: 0.104271
2026-09-28 12:41:18,558 - stcal.skymatch.skymatch - INFO -       - Image ID=jw01227014001_07201_00001_nrcb4_cal_1overf_jhat.fits. Sky background: 0.104271
2026-09-28 12:41:18,558 - stcal.skymatch.skymatch - INFO -    *  Group ID=13. Sky background of component images:
2026-09-28 12:41:18,558 - stcal.skymatch.skymatch - INFO -       - Image ID=jw01227014001_07201_00002_nrca1_cal_1overf_jhat.fits. Sky background: 0.125587
2026-09-28 12:41:18,558 - stcal.skymatch.skymatch - INFO -       - Image ID=jw01227014001_07201_00002_nrca2_cal_1overf_jhat.fits. Sky background: 0.125587
2026-09-28 12:41:18,558 - stcal.skymatch.skymatch - INFO -       - Image ID=jw01227014001_07201_00002_nrca3_cal_1overf_jhat.fits. Sky background: 0.125587
2026-09-28 12:41:18,559 - stcal.skymatch.skymatch - INFO -       - Image ID=jw01227014001_07201_00002_nrca4_cal_1overf_jhat.fits. Sky background: 0.125587
2026-09-28 12:41:18,559 - stcal.skymatch.skymatch - INFO -       - Image ID=jw01227014001_07201_00002_nrcb1_cal_1overf_jhat.fits. Sky background: 0.125587
2026-09-28 12:41:18,559 - stcal.skymatch.skymatch - INFO -       - Image ID=jw01227014001_07201_00002_nrcb2_cal_1overf_jhat.fits. Sky background: 0.125587
2026-09-28 12:41:18,559 - stcal.skymatch.skymatch - INFO -       - Image ID=jw01227014001_07201_00002_nrcb3_cal_1overf_jhat.fits. Sky background: 0.125587
2026-09-28 12:41:18,559 - stcal.skymatch.skymatch - INFO -       - Image ID=jw01227014001_07201_00002_nrcb4_cal_1overf_jhat.fits. Sky background: 0.125587
2026-09-28 12:41:18,560 - stcal.skymatch.skymatch - INFO -    *  Group ID=14. Sky background of component images:
2026-09-28 12:41:18,560 - stcal.skymatch.skymatch - INFO -       - Image ID=jw01227014001_07201_00003_nrca1_cal_1overf_jhat.fits. Sky background: 0.0941355
2026-09-28 12:41:18,560 - stcal.skymatch.skymatch - INFO -       - Image ID=jw01227014001_07201_00003_nrca2_cal_1overf_jhat.fits. Sky background: 0.0941355
2026-09-28 12:41:18,560 - stcal.skymatch.skymatch - INFO -       - Image ID=jw01227014001_07201_00003_nrca3_cal_1overf_jhat.fits. Sky background: 0.0941355
2026-09-28 12:41:18,560 - stcal.skymatch.skymatch - INFO -       - Image ID=jw01227014001_07201_00003_nrca4_cal_1overf_jhat.fits. Sky background: 0.0941355
2026-09-28 12:41:18,561 - stcal.skymatch.skymatch - INFO -       - Image ID=jw01227014001_07201_00003_nrcb1_cal_1overf_jhat.fits. Sky background: 0.0941355
2026-09-28 12:41:18,561 - stcal.skymatch.skymatch - INFO -       - Image ID=jw01227014001_07201_00003_nrcb2_cal_1overf_jhat.fits. Sky background: 0.0941355
2026-09-28 12:41:18,561 - stcal.skymatch.skymatch - INFO -       - Image ID=jw01227014001_07201_00003_nrcb3_cal_1overf_jhat.fits. Sky background: 0.0941355
2026-09-28 12:41:18,561 - stcal.skymatch.skymatch - INFO -       - Image ID=jw01227014001_07201_00003_nrcb4_cal_1overf_jhat.fits. Sky background: 0.0941355
2026-09-28 12:41:18,561 - stcal.skymatch.skymatch - INFO -    *  Group ID=15. Sky background of component images:
2026-09-28 12:41:18,561 - stcal.skymatch.skymatch - INFO -       - Image ID=jw01227017001_04201_00001_nrcb1_cal_1overf_jhat.fits. Sky background: 0.111319
2026-09-28 12:41:18,562 - stcal.skymatch.skymatch - INFO -       - Image ID=jw01227017001_04201_00001_nrcb2_cal_1overf_jhat.fits. Sky background: 0.111319
2026-09-28 12:41:18,562 - stcal.skymatch.skymatch - INFO -       - Image ID=jw01227017001_04201_00001_nrcb3_cal_1overf_jhat.fits. Sky background: 0.111319
2026-09-28 12:41:18,562 - stcal.skymatch.skymatch - INFO -       - Image ID=jw01227017001_04201_00001_nrcb4_cal_1overf_jhat.fits. Sky background: 0.111319
2026-09-28 12:41:18,562 - stcal.skymatch.skymatch - INFO -    *  Group ID=16. Sky background of component images:
2026-09-28 12:41:18,562 - stcal.skymatch.skymatch - INFO -       - Image ID=jw01227017001_04201_00002_nrcb1_cal_1overf_jhat.fits. Sky background: 0.0346723
2026-09-28 12:41:18,563 - stcal.skymatch.skymatch - INFO -       - Image ID=jw01227017001_04201_00002_nrcb2_cal_1overf_jhat.fits. Sky background: 0.0346723
2026-09-28 12:41:18,563 - stcal.skymatch.skymatch - INFO -       - Image ID=jw01227017001_04201_00002_nrcb3_cal_1overf_jhat.fits. Sky background: 0.0346723
2026-09-28 12:41:18,563 - stcal.skymatch.skymatch - INFO -       - Image ID=jw01227017001_04201_00002_nrcb4_cal_1overf_jhat.fits. Sky background: 0.0346723
2026-09-28 12:41:18,563 - stcal.skymatch.skymatch - INFO -    *  Group ID=17. Sky background of component images:
2026-09-28 12:41:18,563 - stcal.skymatch.skymatch - INFO -       - Image ID=jw01227017001_04201_00003_nrcb1_cal_1overf_jhat.fits. Sky background: 0.0460321
2026-09-28 12:41:18,563 - stcal.skymatch.skymatch - INFO -       - Image ID=jw01227017001_04201_00003_nrcb2_cal_1overf_jhat.fits. Sky background: 0.0460321
2026-09-28 12:41:18,564 - stcal.skymatch.skymatch - INFO -       - Image ID=jw01227017001_04201_00003_nrcb3_cal_1overf_jhat.fits. Sky background: 0.0460321
2026-09-28 12:41:18,564 - stcal.skymatch.skymatch - INFO -       - Image ID=jw01227017001_04201_00003_nrcb4_cal_1overf_jhat.fits. Sky background: 0.0460321
2026-09-28 12:41:18,564 - stcal.skymatch.skymatch - INFO -    *  Group ID=18. Sky background of component images:
2026-09-28 12:41:18,564 - stcal.skymatch.skymatch - INFO -       - Image ID=jw01227017001_04201_00004_nrcb1_cal_1overf_jhat.fits. Sky background: 0.0828757
2026-09-28 12:41:18,564 - stcal.skymatch.skymatch - INFO -       - Image ID=jw01227017001_04201_00004_nrcb2_cal_1overf_jhat.fits. Sky background: 0.0828757
2026-09-28 12:41:18,565 - stcal.skymatch.skymatch - INFO -       - Image ID=jw01227017001_04201_00004_nrcb3_cal_1overf_jhat.fits. Sky background: 0.0828757
2026-09-28 12:41:18,565 - stcal.skymatch.skymatch - INFO -       - Image ID=jw01227017001_04201_00004_nrcb4_cal_1overf_jhat.fits. Sky background: 0.0828757
2026-09-28 12:41:18,565 - stcal.skymatch.skymatch - INFO -    *  Group ID=19. Sky background of component images:
2026-09-28 12:41:18,565 - stcal.skymatch.skymatch - INFO -       - Image ID=jw01227025001_04101_00001_nrca1_cal_1overf_jhat.fits. Sky background: 0.0433749
2026-09-28 12:41:18,565 - stcal.skymatch.skymatch - INFO -       - Image ID=jw01227025001_04101_00001_nrca2_cal_1overf_jhat.fits. Sky background: 0.0433749
2026-09-28 12:41:18,565 - stcal.skymatch.skymatch - INFO -       - Image ID=jw01227025001_04101_00001_nrca3_cal_1overf_jhat.fits. Sky background: 0.0433749
2026-09-28 12:41:18,566 - stcal.skymatch.skymatch - INFO -       - Image ID=jw01227025001_04101_00001_nrca4_cal_1overf_jhat.fits. Sky background: 0.0433749
2026-09-28 12:41:18,566 - stcal.skymatch.skymatch - INFO -       - Image ID=jw01227025001_04101_00001_nrcb1_cal_1overf_jhat.fits. Sky background: 0.0433749
2026-09-28 12:41:18,566 - stcal.skymatch.skymatch - INFO -       - Image ID=jw01227025001_04101_00001_nrcb2_cal_1overf_jhat.fits. Sky background: 0.0433749
2026-09-28 12:41:18,566 - stcal.skymatch.skymatch - INFO -       - Image ID=jw01227025001_04101_00001_nrcb3_cal_1overf_jhat.fits. Sky background: 0.0433749
2026-09-28 12:41:18,566 - stcal.skymatch.skymatch - INFO -       - Image ID=jw01227025001_04101_00001_nrcb4_cal_1overf_jhat.fits. Sky background: 0.0433749
2026-09-28 12:41:18,567 - stcal.skymatch.skymatch - INFO -    *  Group ID=20. Sky background of component images:
2026-09-28 12:41:18,567 - stcal.skymatch.skymatch - INFO -       - Image ID=jw01227025001_04101_00002_nrca1_cal_1overf_jhat.fits. Sky background: 0.0529303
2026-09-28 12:41:18,567 - stcal.skymatch.skymatch - INFO -       - Image ID=jw01227025001_04101_00002_nrca2_cal_1overf_jhat.fits. Sky background: 0.0529303
2026-09-28 12:41:18,567 - stcal.skymatch.skymatch - INFO -       - Image ID=jw01227025001_04101_00002_nrca3_cal_1overf_jhat.fits. Sky background: 0.0529303
2026-09-28 12:41:18,567 - stcal.skymatch.skymatch - INFO -       - Image ID=jw01227025001_04101_00002_nrca4_cal_1overf_jhat.fits. Sky background: 0.0529303
2026-09-28 12:41:18,568 - stcal.skymatch.skymatch - INFO -       - Image ID=jw01227025001_04101_00002_nrcb1_cal_1overf_jhat.fits. Sky background: 0.0529303
2026-09-28 12:41:18,568 - stcal.skymatch.skymatch - INFO -       - Image ID=jw01227025001_04101_00002_nrcb2_cal_1overf_jhat.fits. Sky background: 0.0529303
2026-09-28 12:41:18,568 - stcal.skymatch.skymatch - INFO -       - Image ID=jw01227025001_04101_00002_nrcb3_cal_1overf_jhat.fits. Sky background: 0.0529303
2026-09-28 12:41:18,568 - stcal.skymatch.skymatch - INFO -       - Image ID=jw01227025001_04101_00002_nrcb4_cal_1overf_jhat.fits. Sky background: 0.0529303
2026-09-28 12:41:18,568 - stcal.skymatch.skymatch - INFO -    *  Group ID=21. Sky background of component images:
2026-09-28 12:41:18,568 - stcal.skymatch.skymatch - INFO -       - Image ID=jw01227025001_04101_00003_nrca1_cal_1overf_jhat.fits. Sky background: 0.0468042
2026-09-28 12:41:18,569 - stcal.skymatch.skymatch - INFO -       - Image ID=jw01227025001_04101_00003_nrca2_cal_1overf_jhat.fits. Sky background: 0.0468042
2026-09-28 12:41:18,569 - stcal.skymatch.skymatch - INFO -       - Image ID=jw01227025001_04101_00003_nrca3_cal_1overf_jhat.fits. Sky background: 0.0468042
2026-09-28 12:41:18,569 - stcal.skymatch.skymatch - INFO -       - Image ID=jw01227025001_04101_00003_nrca4_cal_1overf_jhat.fits. Sky background: 0.0468042
2026-09-28 12:41:18,569 - stcal.skymatch.skymatch - INFO -       - Image ID=jw01227025001_04101_00003_nrcb1_cal_1overf_jhat.fits. Sky background: 0.0468042
2026-09-28 12:41:18,569 - stcal.skymatch.skymatch - INFO -       - Image ID=jw01227025001_04101_00003_nrcb2_cal_1overf_jhat.fits. Sky background: 0.0468042
2026-09-28 12:41:18,570 - stcal.skymatch.skymatch - INFO -       - Image ID=jw01227025001_04101_00003_nrcb3_cal_1overf_jhat.fits. Sky background: 0.0468042
2026-09-28 12:41:18,570 - stcal.skymatch.skymatch - INFO -       - Image ID=jw01227025001_04101_00003_nrcb4_cal_1overf_jhat.fits. Sky background: 0.0468042
2026-09-28 12:41:18,570 - stcal.skymatch.skymatch - INFO -    *  Group ID=22. Sky background of component images:
2026-09-28 12:41:18,570 - stcal.skymatch.skymatch - INFO -       - Image ID=jw01227025001_04101_00004_nrca1_cal_1overf_jhat.fits. Sky background: 0.064143
2026-09-28 12:41:18,570 - stcal.skymatch.skymatch - INFO -       - Image ID=jw01227025001_04101_00004_nrca2_cal_1overf_jhat.fits. Sky background: 0.064143
2026-09-28 12:41:18,571 - stcal.skymatch.skymatch - INFO -       - Image ID=jw01227025001_04101_00004_nrca3_cal_1overf_jhat.fits. Sky background: 0.064143
2026-09-28 12:41:18,571 - stcal.skymatch.skymatch - INFO -       - Image ID=jw01227025001_04101_00004_nrca4_cal_1overf_jhat.fits. Sky background: 0.064143
2026-09-28 12:41:18,571 - stcal.skymatch.skymatch - INFO -       - Image ID=jw01227025001_04101_00004_nrcb1_cal_1overf_jhat.fits. Sky background: 0.064143
2026-09-28 12:41:18,571 - stcal.skymatch.skymatch - INFO -       - Image ID=jw01227025001_04101_00004_nrcb2_cal_1overf_jhat.fits. Sky background: 0.064143
2026-09-28 12:41:18,571 - stcal.skymatch.skymatch - INFO -       - Image ID=jw01227025001_04101_00004_nrcb3_cal_1overf_jhat.fits. Sky background: 0.064143
2026-09-28 12:41:18,572 - stcal.skymatch.skymatch - INFO -       - Image ID=jw01227025001_04101_00004_nrcb4_cal_1overf_jhat.fits. Sky background: 0.064143
2026-09-28 12:41:18,572 - stcal.skymatch.skymatch - INFO -  
2026-09-28 12:41:18,572 - stcal.skymatch.skymatch - INFO - ***** stcal.skymatch.skymatch.skymatch() ended on 2026-09-28 12:41:18.572477
2026-09-28 12:41:18,572 - stcal.skymatch.skymatch - INFO - ***** stcal.skymatch.skymatch.skymatch() TOTAL RUN TIME: 0:04:02.921421
2026-09-28 12:41:18,572 - stcal.skymatch.skymatch - INFO -  
2026-09-28 12:41:19,454 - stpipe.step - INFO - Step skymatch done
2026-09-28 12:41:20,791 - stpipe.step - INFO - Step outlier_detection running with args (<jwst.datamodels.library.ModelLibrary object at 0x7f439f56be30>,).
2026-09-28 12:41:20,791 - jwst.outlier_detection.outlier_detection_step - INFO - Outlier Detection mode: imaging
2026-09-28 12:41:20,796 - jwst.outlier_detection.outlier_detection_step - INFO - Outlier Detection asn_id: a3001
2026-09-28 12:41:21,375 - jwst.resample.resample_utils - INFO - Pixel scale ratio (pscale_out/pscale_in): 1.0
2026-09-28 12:41:21,376 - jwst.resample.resample_utils - INFO - Computed output pixel scale: 0.031227234541436097 arcsec.
2026-09-28 12:41:21,584 - stcal.resample.resample - INFO - Output pixel scale: 0.031227234541436097 arcsec.
2026-09-28 12:41:21,584 - stcal.resample.resample - INFO - Driz parameter kernel: square
2026-09-28 12:41:21,584 - stcal.resample.resample - INFO - Driz parameter pixfrac: 1.0
2026-09-28 12:41:21,585 - stcal.resample.resample - INFO - Driz parameter fillval: NAN
2026-09-28 12:41:21,585 - stcal.resample.resample - INFO - Driz parameter weight_type: ivm
2026-09-28 12:41:21,779 - jwst.resample.resample - INFO - 8 exposures to drizzle together
2026-09-28 12:41:24,170 - stcal.resample.resample - INFO - Resampling science and variance data
2026-09-28 12:41:28,220 - stcal.resample.resample - INFO - Resampling science and variance data
2026-09-28 12:41:32,174 - stcal.resample.resample - INFO - Resampling science and variance data
2026-09-28 12:41:36,106 - stcal.resample.resample - INFO - Resampling science and variance data
2026-09-28 12:41:40,119 - stcal.resample.resample - INFO - Resampling science and variance data
2026-09-28 12:41:44,050 - stcal.resample.resample - INFO - Resampling science and variance data
2026-09-28 12:41:47,979 - stcal.resample.resample - INFO - Resampling science and variance data
2026-09-28 12:41:51,964 - stcal.resample.resample - INFO - Resampling science and variance data
2026-09-28 12:41:53,879 - jwst.resample.resample - INFO - Assigning output S_REGION: POLYGON ICRS  14.842769378 -72.128920020 14.900724958 -72.130476455 14.900730350 -72.130455759 14.900920768 -72.130460844 14.905551475 -72.112669079 14.905481946 -72.112667519 14.905487472 -72.112646251 14.905404249 -72.112644385 14.905409641 -72.112623643 14.847579638 -72.111317782 14.847562990 -72.111379258 14.847525584 -72.111378407  POLYGON ICRS  14.900551704 -72.131748524 14.842577280 -72.130173828 14.842558332 -72.130235623 14.842521333 -72.130234613 14.837853085 -72.145449875 14.835942873 -72.145406411 14.835926013 -72.145468385 14.835882764 -72.145467401 14.832033290 -72.159615625 14.831581267 -72.159604811 14.831563682 -72.159666837 14.831523855 -72.159665885 14.826533431 -72.177259831 14.826869825 -72.177269316 14.826523266 -72.178393489 14.826403386 -72.178389855 14.826382469 -72.178451532 14.826349229 -72.178450524 14.821163491 -72.193723423 14.819880683 -72.193692717 14.819863206 -72.193754111 14.819823520 -72.193753161 14.814810353 -72.211346749 14.872953325 -72.212978585 14.872959519 -72.212957896 14.873152381 -72.212963278 14.877652633 -72.197914461 14.878236117 -72.197934475 14.878243894 -72.197911891 14.878433690 -72.197918398 14.883307299 -72.183748407 14.883809542 -72.183764134 14.883815623 -72.183742977 14.884007410 -72.183748982 14.889136335 -72.165885646 14.889067780 -72.165883794 14.889073547 -72.165863686 14.888989839 -72.165861425 14.888995938 -72.165840158 14.888650933 -72.165830838 14.889028009 -72.164564058 14.889171168 -72.164567881 14.889176350 -72.164548066 14.889368438 -72.164553197 14.893275452 -72.149606423 14.895388565 -72.149672586 14.895394711 -72.149651110 14.895584213 -72.149657043 14.900692342 -72.131793403 14.900624263 -72.131791564 14.900630101 -72.131771136 14.900545894 -72.131768861  POLYGON ICRS  14.843866802 -72.111358529 14.843872516 -72.111337832 14.793279166 -72.110058630 14.793581614 -72.108921324 14.792924936 -72.108906216 14.792966833 -72.108748656 14.735156907 -72.107410153 14.735101493 -72.107610370 14.734600237 -72.107598688 14.729740522 -72.125137600 14.730391628 -72.125155555 14.730349030 -72.125309170 14.782127508 -72.126729914 14.781966204 -72.127291379 14.838973380 -72.128923532 14.838979221 -72.128902420 14.839170514 -72.128907867 14.844012788 -72.111382939 14.843945247 -72.111381240 14.843950932 -72.111360645  POLYGON ICRS  14.787992297 -72.127870567 14.730039716 -72.126262866 14.729976465 -72.126465162 14.729483705 -72.126451416 14.724668823 -72.141835143 14.723694439 -72.141812413 14.723677105 -72.141874757 14.723633715 -72.141873745 14.719783527 -72.155709966 14.718867171 -72.155687519 14.718808990 -72.155888484 14.718309251 -72.155876236 14.713209461 -72.173467213 14.713864331 -72.173486069 14.713820056 -72.173638681 14.714432479 -72.173656311 14.714170984 -72.174487837 14.713577033 -72.174469481 14.713506651 -72.174673312 14.713017620 -72.174658198 14.707681777 -72.190097035 14.707343929 -72.190088750 14.707325714 -72.190151385 14.707281684 -72.190150305 14.702162180 -72.207741004 14.753958887 -72.209225645 14.753854276 -72.209613562 14.811083710 -72.211176161 14.811089400 -72.211156112 14.811282375 -72.211161352 14.815606606 -72.195911431 14.816697940 -72.195945751 14.816704859 -72.195924563 14.816893634 -72.195930500 14.821519585 -72.181755373 14.821822273 -72.181764477 14.821828319 -72.181743814 14.822020780 -72.181749601 14.827163233 -72.164152067 14.827095766 -72.164150263 14.827101650 -72.164130115 14.827017520 -72.164127864 14.827023640 -72.164106907 14.826674207 -72.164097559 14.826983221 -72.163002673 14.827305913 -72.163011866 14.827311522 -72.162991673 14.827502320 -72.162997110 14.831770029 -72.147623926 14.833514486 -72.147676366 14.833520471 -72.147655817 14.833709401 -72.147661498 14.838832227 -72.130063686 14.838764249 -72.130061868 14.838770228 -72.130041316 14.838684921 -72.130039034 14.838690921 -72.130018403 14.788426144 -72.128667793 14.788608374 -72.128043126 14.787947275 -72.128024886  POLYGON ICRS  14.674038455 -72.106144579 14.668958717 -72.123473657 14.669611533 -72.123492827 14.669566820 -72.123645238 14.726552773 -72.125310040 14.726609911 -72.125107934 14.727115641 -72.125122633 14.732064167 -72.107600531 14.731407145 -72.107583620 14.731451025 -72.107428172 14.674596394 -72.105955774 14.674537283 -72.106157567  POLYGON ICRS  14.726772283 -72.126277917 14.726110731 -72.126259840 14.726156568 -72.126105506 14.669121273 -72.124538249 14.669057128 -72.124740069 14.668564091 -72.124726450 14.663588142 -72.140369983 14.663020863 -72.140355211 14.663002499 -72.140417684 14.662958925 -72.140416549 14.658919306 -72.154149202 14.657719896 -72.154119603 14.657664792 -72.154320624 14.657161745 -72.154308207 14.652388288 -72.171702734 14.653039928 -72.171720998 14.652997785 -72.171874448 14.653349048 -72.171884292 14.653041899 -72.172845774 14.652557257 -72.172831733 14.652490929 -72.173034249 14.651998150 -72.173019967 14.646909495 -72.188538054 14.646083584 -72.188517659 14.646066224 -72.188580722 14.646019501 -72.188579569 14.641230298 -72.205973920 14.698439097 -72.207568186 14.698444938 -72.207548027 14.698633172 -72.207553249 14.703054342 -72.192293642 14.703870457 -72.192319792 14.703938417 -72.192115562 14.704439244 -72.192131601 14.709084276 -72.178154451 14.709353428 -72.178162703 14.709359516 -72.178142321 14.709548630 -72.178148120 14.714799968 -72.160553629 14.714733376 -72.160551808 14.714739617 -72.160530884 14.714658226 -72.160528658 14.714664626 -72.160507189 14.714353613 -72.160498688 14.714668911 -72.159405060 14.714950817 -72.159413254 14.714956804 -72.159392161 14.715147558 -72.159397704 14.719508353 -72.144015302 14.720977134 -72.144060350 14.721037577 -72.143857258 14.721543014 -72.143872753  POLYGON ICRS  15.229040211 -72.170180947 15.229033699 -72.170063032 15.172031743 -72.170289738 15.172036351 -72.170565392 15.171457710 -72.170567607 15.171750356 -72.188121018 15.172652452 -72.188119010 15.172655427 -72.188297081 15.230340433 -72.188160273 15.230321727 -72.187821962 15.230829912 -72.187820685 15.229856208 -72.170177592  POLYGON ICRS  15.110718764 -72.188013378 15.110713170 -72.188187661 15.168154574 -72.188299668 15.168152378 -72.187959625 15.168644229 -72.187960519 15.168533189 -72.170411932 15.167712170 -72.170411015 15.167711445 -72.170297514 15.110946073 -72.170226363 15.110937135 -72.170504845 15.110371503 -72.170504049 15.109806977 -72.188011454  POLYGON ICRS  15.172543705 -72.207106219 15.172544650 -72.207283207 15.231148847 -72.207246569 15.231130503 -72.206906671 15.231637933 -72.206906282 15.230672603 -72.188978066 15.229855718 -72.188980000 15.229849489 -72.188864258 15.172118260 -72.188992724 15.172119720 -72.189269331 15.171543808 -72.189270524 15.171636287 -72.207106641  POLYGON ICRS  15.109909666 -72.206932492 15.109898298 -72.207105495 15.168245824 -72.207333082 15.168251752 -72.206990931 15.168737759 -72.206992750 15.169044496 -72.189161383 15.168220538 -72.189158874 15.168222461 -72.189047127 15.110735327 -72.188863714 15.110717037 -72.189142978 15.110159805 -72.189141115 15.108992081 -72.206928779  POLYGON ICRS  14.757857723 -72.228545927 14.748923638 -72.243302068 14.805529172 -72.246582793 14.805586722 -72.246486077 14.805941773 -72.246506602 14.805999256 -72.246410004 14.806357820 -72.246430727 14.815956566 -72.230281371 14.818937693 -72.230384361 14.809334288 -72.246689677 14.866919369 -72.249921869 14.866974893 -72.249825871 14.867330884 -72.249845799 14.867386373 -72.249749869 14.867745347 -72.249769962 14.877901941 -72.232192524 14.866928935 -72.231625676 14.872918308 -72.214275755 14.872848515 -72.214273660 14.872855413 -72.214253657 14.872768902 -72.214251060 14.872776113 -72.214230147 14.814681882 -72.212477715 14.814661092 -72.212538796 14.814626035 -72.212537733 14.809112745 -72.228715319 14.805633486 -72.228525871 14.810870370 -72.212532786 14.810800678 -72.212530827 14.810807272 -72.212510674 14.810722414 -72.212508289 14.810729290 -72.212487275 14.760113817 -72.211057959 14.760238489 -72.210702762 14.760169733 -72.210700658 14.760176899 -72.210680244 14.760096608 -72.210677786 14.760103970 -72.210656811 14.702032021 -72.208870868 14.702010348 -72.208933408 14.701969751 -72.208932153 14.695903820 -72.226420289 14.753813238 -72.228448255 14.753820922 -72.228426404 14.754009359 -72.228432975 14.754012513 -72.228424008  POLYGON ICRS  14.640899203 -72.207229617 14.640878672 -72.207292055 14.640836270 -72.207290826 14.635308226 -72.224089742 14.635165689 -72.224586380 14.692185031 -72.226420965 14.692192080 -72.226399854 14.692380003 -72.226405874 14.698212715 -72.208924321 14.698144954 -72.208922377 14.698151963 -72.208901342 14.698072059 -72.208899050 14.698078937 -72.208878414  POLYGON ICRS  14.856018132 -72.268800486 14.856076959 -72.268703340 14.856430635 -72.268724802 14.867100851 -72.251089927 14.809503128 -72.247838730 14.809442928 -72.247934898 14.809088414 -72.247914835 14.809028364 -72.248010777 14.808675278 -72.247990790 14.797791057 -72.265359588 14.855602058 -72.268877094 14.855661565 -72.268778852  POLYGON ICRS  14.788507585 -72.276969785 14.778021503 -72.294339234 14.835659834 -72.297645785 14.835719804 -72.297548904 14.836073712 -72.297569149 14.836132959 -72.297473424 14.836489070 -72.297493796 14.847372146 -72.279893693 14.789336239 -72.276818002 14.789279201 -72.276912581 14.788920036 -72.276893492 14.788862646 -72.276988658  POLYGON ICRS  14.823430017 -72.316323374 14.823779065 -72.316345622 14.823844490 -72.316247585 14.824194584 -72.316269899 14.835845906 -72.298793169 14.778294528 -72.295367598 14.778230619 -72.295464235 14.777879125 -72.295443258 14.777814665 -72.295540726 14.777463398 -72.295519764 14.766051198 -72.312760099 14.823342460 -72.316420604 14.823364752 -72.316421176  POLYGON ICRS  14.748974040 -72.244386643 14.748913610 -72.244482393 14.748558907 -72.244462412 14.748498523 -72.244558084 14.748146988 -72.244538279 14.737302924 -72.261700764 14.794230230 -72.265092921 14.794289655 -72.264995659 14.794643671 -72.265016697 14.794702979 -72.264919614 14.795059295 -72.264940787 14.805659668 -72.247570966  POLYGON ICRS  14.774405080 -72.293965680 14.774760790 -72.293985759 14.774818552 -72.293889953 14.775175651 -72.293910110 14.785630047 -72.276552535 14.728532897 -72.273515568 14.728477326 -72.273610224 14.728118485 -72.273591082 14.728062649 -72.273686184 14.727703410 -72.273667023 14.717606457 -72.290850188 14.774347384 -72.294061387  POLYGON ICRS  14.762390729 -72.312560527 14.762736182 -72.312581543 14.762801002 -72.312481649 14.763161329 -72.312503571 14.774338196 -72.295263183 14.717642955 -72.291999253 14.717579293 -72.292098270 14.717216972 -72.292077357 14.717156969 -72.292170687 14.716811680 -72.292150754 14.705832594 -72.309209152 14.762329208 -72.312655323
2026-09-28 12:41:57,195 - jwst.resample.resample - INFO - 8 exposures to drizzle together
2026-09-28 12:41:59,558 - stcal.resample.resample - INFO - Resampling science and variance data
2026-09-28 12:42:03,599 - stcal.resample.resample - INFO - Resampling science and variance data
2026-09-28 12:42:07,539 - stcal.resample.resample - INFO - Resampling science and variance data
2026-09-28 12:42:11,449 - stcal.resample.resample - INFO - Resampling science and variance data
2026-09-28 12:42:15,481 - stcal.resample.resample - INFO - Resampling science and variance data
2026-09-28 12:42:19,358 - stcal.resample.resample - INFO - Resampling science and variance data
2026-09-28 12:42:23,229 - stcal.resample.resample - INFO - Resampling science and variance data
2026-09-28 12:42:27,232 - stcal.resample.resample - INFO - Resampling science and variance data
2026-09-28 12:42:29,132 - jwst.resample.resample - INFO - Assigning output S_REGION: POLYGON ICRS  14.842769378 -72.128920020 14.900724958 -72.130476455 14.900730350 -72.130455759 14.900920768 -72.130460844 14.905551475 -72.112669079 14.905481946 -72.112667519 14.905487472 -72.112646251 14.905404249 -72.112644385 14.905409641 -72.112623643 14.847579638 -72.111317782 14.847562990 -72.111379258 14.847525584 -72.111378407  POLYGON ICRS  14.900551704 -72.131748524 14.842577280 -72.130173828 14.842558332 -72.130235623 14.842521333 -72.130234613 14.837853085 -72.145449875 14.835942873 -72.145406411 14.835926013 -72.145468385 14.835882764 -72.145467401 14.832033290 -72.159615625 14.831581267 -72.159604811 14.831563682 -72.159666837 14.831523855 -72.159665885 14.826533431 -72.177259831 14.826869825 -72.177269316 14.826523266 -72.178393489 14.826403386 -72.178389855 14.826382469 -72.178451532 14.826349229 -72.178450524 14.821163491 -72.193723423 14.819880683 -72.193692717 14.819863206 -72.193754111 14.819823520 -72.193753161 14.814810353 -72.211346749 14.872953325 -72.212978585 14.872959519 -72.212957896 14.873152381 -72.212963278 14.877652633 -72.197914461 14.878236117 -72.197934475 14.878243894 -72.197911891 14.878433690 -72.197918398 14.883307299 -72.183748407 14.883809542 -72.183764134 14.883815623 -72.183742977 14.884007410 -72.183748982 14.889136335 -72.165885646 14.889067780 -72.165883794 14.889073547 -72.165863686 14.888989839 -72.165861425 14.888995938 -72.165840158 14.888650933 -72.165830838 14.889028009 -72.164564058 14.889171168 -72.164567881 14.889176350 -72.164548066 14.889368438 -72.164553197 14.893275452 -72.149606423 14.895388565 -72.149672586 14.895394711 -72.149651110 14.895584213 -72.149657043 14.900692342 -72.131793403 14.900624263 -72.131791564 14.900630101 -72.131771136 14.900545894 -72.131768861  POLYGON ICRS  14.843866802 -72.111358529 14.843872516 -72.111337832 14.793279166 -72.110058630 14.793581614 -72.108921324 14.792924936 -72.108906216 14.792966833 -72.108748656 14.735156907 -72.107410153 14.735101493 -72.107610370 14.734600237 -72.107598688 14.729740522 -72.125137600 14.730391628 -72.125155555 14.730349030 -72.125309170 14.782127508 -72.126729914 14.781966204 -72.127291379 14.838973380 -72.128923532 14.838979221 -72.128902420 14.839170514 -72.128907867 14.844012788 -72.111382939 14.843945247 -72.111381240 14.843950932 -72.111360645  POLYGON ICRS  14.787992297 -72.127870567 14.730039716 -72.126262866 14.729976465 -72.126465162 14.729483705 -72.126451416 14.724668823 -72.141835143 14.723694439 -72.141812413 14.723677105 -72.141874757 14.723633715 -72.141873745 14.719783527 -72.155709966 14.718867171 -72.155687519 14.718808990 -72.155888484 14.718309251 -72.155876236 14.713209461 -72.173467213 14.713864331 -72.173486069 14.713820056 -72.173638681 14.714432479 -72.173656311 14.714170984 -72.174487837 14.713577033 -72.174469481 14.713506651 -72.174673312 14.713017620 -72.174658198 14.707681777 -72.190097035 14.707343929 -72.190088750 14.707325714 -72.190151385 14.707281684 -72.190150305 14.702162180 -72.207741004 14.753958887 -72.209225645 14.753854276 -72.209613562 14.811083710 -72.211176161 14.811089400 -72.211156112 14.811282375 -72.211161352 14.815606606 -72.195911431 14.816697940 -72.195945751 14.816704859 -72.195924563 14.816893634 -72.195930500 14.821519585 -72.181755373 14.821822273 -72.181764477 14.821828319 -72.181743814 14.822020780 -72.181749601 14.827163233 -72.164152067 14.827095766 -72.164150263 14.827101650 -72.164130115 14.827017520 -72.164127864 14.827023640 -72.164106907 14.826674207 -72.164097559 14.826983221 -72.163002673 14.827305913 -72.163011866 14.827311522 -72.162991673 14.827502320 -72.162997110 14.831770029 -72.147623926 14.833514486 -72.147676366 14.833520471 -72.147655817 14.833709401 -72.147661498 14.838832227 -72.130063686 14.838764249 -72.130061868 14.838770228 -72.130041316 14.838684921 -72.130039034 14.838690921 -72.130018403 14.788426144 -72.128667793 14.788608374 -72.128043126 14.787947275 -72.128024886  POLYGON ICRS  14.674038455 -72.106144579 14.668958717 -72.123473657 14.669611533 -72.123492827 14.669566820 -72.123645238 14.726552773 -72.125310040 14.726609911 -72.125107934 14.727115641 -72.125122633 14.732064167 -72.107600531 14.731407145 -72.107583620 14.731451025 -72.107428172 14.674596394 -72.105955774 14.674537283 -72.106157567  POLYGON ICRS  14.726772283 -72.126277917 14.726110731 -72.126259840 14.726156568 -72.126105506 14.669121273 -72.124538249 14.669057128 -72.124740069 14.668564091 -72.124726450 14.663588142 -72.140369983 14.663020863 -72.140355211 14.663002499 -72.140417684 14.662958925 -72.140416549 14.658919306 -72.154149202 14.657719896 -72.154119603 14.657664792 -72.154320624 14.657161745 -72.154308207 14.652388288 -72.171702734 14.653039928 -72.171720998 14.652997785 -72.171874448 14.653349048 -72.171884292 14.653041899 -72.172845774 14.652557257 -72.172831733 14.652490929 -72.173034249 14.651998150 -72.173019967 14.646909495 -72.188538054 14.646083584 -72.188517659 14.646066224 -72.188580722 14.646019501 -72.188579569 14.641230298 -72.205973920 14.698439097 -72.207568186 14.698444938 -72.207548027 14.698633172 -72.207553249 14.703054342 -72.192293642 14.703870457 -72.192319792 14.703938417 -72.192115562 14.704439244 -72.192131601 14.709084276 -72.178154451 14.709353428 -72.178162703 14.709359516 -72.178142321 14.709548630 -72.178148120 14.714799968 -72.160553629 14.714733376 -72.160551808 14.714739617 -72.160530884 14.714658226 -72.160528658 14.714664626 -72.160507189 14.714353613 -72.160498688 14.714668911 -72.159405060 14.714950817 -72.159413254 14.714956804 -72.159392161 14.715147558 -72.159397704 14.719508353 -72.144015302 14.720977134 -72.144060350 14.721037577 -72.143857258 14.721543014 -72.143872753  POLYGON ICRS  15.229040211 -72.170180947 15.229033699 -72.170063032 15.172031743 -72.170289738 15.172036351 -72.170565392 15.171457710 -72.170567607 15.171750356 -72.188121018 15.172652452 -72.188119010 15.172655427 -72.188297081 15.230340433 -72.188160273 15.230321727 -72.187821962 15.230829912 -72.187820685 15.229856208 -72.170177592  POLYGON ICRS  15.110718764 -72.188013378 15.110713170 -72.188187661 15.168154574 -72.188299668 15.168152378 -72.187959625 15.168644229 -72.187960519 15.168533189 -72.170411932 15.167712170 -72.170411015 15.167711445 -72.170297514 15.110946073 -72.170226363 15.110937135 -72.170504845 15.110371503 -72.170504049 15.109806977 -72.188011454  POLYGON ICRS  15.172543705 -72.207106219 15.172544650 -72.207283207 15.231148847 -72.207246569 15.231130503 -72.206906671 15.231637933 -72.206906282 15.230672603 -72.188978066 15.229855718 -72.188980000 15.229849489 -72.188864258 15.172118260 -72.188992724 15.172119720 -72.189269331 15.171543808 -72.189270524 15.171636287 -72.207106641  POLYGON ICRS  15.109909666 -72.206932492 15.109898298 -72.207105495 15.168245824 -72.207333082 15.168251752 -72.206990931 15.168737759 -72.206992750 15.169044496 -72.189161383 15.168220538 -72.189158874 15.168222461 -72.189047127 15.110735327 -72.188863714 15.110717037 -72.189142978 15.110159805 -72.189141115 15.108992081 -72.206928779  POLYGON ICRS  14.757857723 -72.228545927 14.748923638 -72.243302068 14.805529172 -72.246582793 14.805586722 -72.246486077 14.805941773 -72.246506602 14.805999256 -72.246410004 14.806357820 -72.246430727 14.815956566 -72.230281371 14.818937693 -72.230384361 14.809334288 -72.246689677 14.866919369 -72.249921869 14.866974893 -72.249825871 14.867330884 -72.249845799 14.867386373 -72.249749869 14.867745347 -72.249769962 14.877901941 -72.232192524 14.866928935 -72.231625676 14.872918308 -72.214275755 14.872848515 -72.214273660 14.872855413 -72.214253657 14.872768902 -72.214251060 14.872776113 -72.214230147 14.814681882 -72.212477715 14.814661092 -72.212538796 14.814626035 -72.212537733 14.809112745 -72.228715319 14.805633486 -72.228525871 14.810870370 -72.212532786 14.810800678 -72.212530827 14.810807272 -72.212510674 14.810722414 -72.212508289 14.810729290 -72.212487275 14.760113817 -72.211057959 14.760238489 -72.210702762 14.760169733 -72.210700658 14.760176899 -72.210680244 14.760096608 -72.210677786 14.760103970 -72.210656811 14.702032021 -72.208870868 14.702010348 -72.208933408 14.701969751 -72.208932153 14.695903820 -72.226420289 14.753813238 -72.228448255 14.753820922 -72.228426404 14.754009359 -72.228432975 14.754012513 -72.228424008  POLYGON ICRS  14.640899203 -72.207229617 14.640878672 -72.207292055 14.640836270 -72.207290826 14.635308226 -72.224089742 14.635165689 -72.224586380 14.692185031 -72.226420965 14.692192080 -72.226399854 14.692380003 -72.226405874 14.698212715 -72.208924321 14.698144954 -72.208922377 14.698151963 -72.208901342 14.698072059 -72.208899050 14.698078937 -72.208878414  POLYGON ICRS  14.856018132 -72.268800486 14.856076959 -72.268703340 14.856430635 -72.268724802 14.867100851 -72.251089927 14.809503128 -72.247838730 14.809442928 -72.247934898 14.809088414 -72.247914835 14.809028364 -72.248010777 14.808675278 -72.247990790 14.797791057 -72.265359588 14.855602058 -72.268877094 14.855661565 -72.268778852  POLYGON ICRS  14.788507585 -72.276969785 14.778021503 -72.294339234 14.835659834 -72.297645785 14.835719804 -72.297548904 14.836073712 -72.297569149 14.836132959 -72.297473424 14.836489070 -72.297493796 14.847372146 -72.279893693 14.789336239 -72.276818002 14.789279201 -72.276912581 14.788920036 -72.276893492 14.788862646 -72.276988658  POLYGON ICRS  14.823430017 -72.316323374 14.823779065 -72.316345622 14.823844490 -72.316247585 14.824194584 -72.316269899 14.835845906 -72.298793169 14.778294528 -72.295367598 14.778230619 -72.295464235 14.777879125 -72.295443258 14.777814665 -72.295540726 14.777463398 -72.295519764 14.766051198 -72.312760099 14.823342460 -72.316420604 14.823364752 -72.316421176  POLYGON ICRS  14.748974040 -72.244386643 14.748913610 -72.244482393 14.748558907 -72.244462412 14.748498523 -72.244558084 14.748146988 -72.244538279 14.737302924 -72.261700764 14.794230230 -72.265092921 14.794289655 -72.264995659 14.794643671 -72.265016697 14.794702979 -72.264919614 14.795059295 -72.264940787 14.805659668 -72.247570966  POLYGON ICRS  14.774405080 -72.293965680 14.774760790 -72.293985759 14.774818552 -72.293889953 14.775175651 -72.293910110 14.785630047 -72.276552535 14.728532897 -72.273515568 14.728477326 -72.273610224 14.728118485 -72.273591082 14.728062649 -72.273686184 14.727703410 -72.273667023 14.717606457 -72.290850188 14.774347384 -72.294061387  POLYGON ICRS  14.762390729 -72.312560527 14.762736182 -72.312581543 14.762801002 -72.312481649 14.763161329 -72.312503571 14.774338196 -72.295263183 14.717642955 -72.291999253 14.717579293 -72.292098270 14.717216972 -72.292077357 14.717156969 -72.292170687 14.716811680 -72.292150754 14.705832594 -72.309209152 14.762329208 -72.312655323
2026-09-28 12:42:32,494 - jwst.resample.resample - INFO - 8 exposures to drizzle together
2026-09-28 12:42:34,960 - stcal.resample.resample - INFO - Resampling science and variance data
2026-09-28 12:42:39,159 - stcal.resample.resample - INFO - Resampling science and variance data
2026-09-28 12:42:43,225 - stcal.resample.resample - INFO - Resampling science and variance data
2026-09-28 12:42:47,158 - stcal.resample.resample - INFO - Resampling science and variance data
2026-09-28 12:42:51,085 - stcal.resample.resample - INFO - Resampling science and variance data
2026-09-28 12:42:55,037 - stcal.resample.resample - INFO - Resampling science and variance data
2026-09-28 12:42:58,962 - stcal.resample.resample - INFO - Resampling science and variance data
2026-09-28 12:43:02,875 - stcal.resample.resample - INFO - Resampling science and variance data
2026-09-28 12:43:04,782 - jwst.resample.resample - INFO - Assigning output S_REGION: POLYGON ICRS  14.842769378 -72.128920020 14.900724958 -72.130476455 14.900730350 -72.130455759 14.900920768 -72.130460844 14.905551475 -72.112669079 14.905481946 -72.112667519 14.905487472 -72.112646251 14.905404249 -72.112644385 14.905409641 -72.112623643 14.847579638 -72.111317782 14.847562990 -72.111379258 14.847525584 -72.111378407  POLYGON ICRS  14.900551704 -72.131748524 14.842577280 -72.130173828 14.842558332 -72.130235623 14.842521333 -72.130234613 14.837853085 -72.145449875 14.835942873 -72.145406411 14.835926013 -72.145468385 14.835882764 -72.145467401 14.832033290 -72.159615625 14.831581267 -72.159604811 14.831563682 -72.159666837 14.831523855 -72.159665885 14.826533431 -72.177259831 14.826869825 -72.177269316 14.826523266 -72.178393489 14.826403386 -72.178389855 14.826382469 -72.178451532 14.826349229 -72.178450524 14.821163491 -72.193723423 14.819880683 -72.193692717 14.819863206 -72.193754111 14.819823520 -72.193753161 14.814810353 -72.211346749 14.872953325 -72.212978585 14.872959519 -72.212957896 14.873152381 -72.212963278 14.877652633 -72.197914461 14.878236117 -72.197934475 14.878243894 -72.197911891 14.878433690 -72.197918398 14.883307299 -72.183748407 14.883809542 -72.183764134 14.883815623 -72.183742977 14.884007410 -72.183748982 14.889136335 -72.165885646 14.889067780 -72.165883794 14.889073547 -72.165863686 14.888989839 -72.165861425 14.888995938 -72.165840158 14.888650933 -72.165830838 14.889028009 -72.164564058 14.889171168 -72.164567881 14.889176350 -72.164548066 14.889368438 -72.164553197 14.893275452 -72.149606423 14.895388565 -72.149672586 14.895394711 -72.149651110 14.895584213 -72.149657043 14.900692342 -72.131793403 14.900624263 -72.131791564 14.900630101 -72.131771136 14.900545894 -72.131768861  POLYGON ICRS  14.843866802 -72.111358529 14.843872516 -72.111337832 14.793279166 -72.110058630 14.793581614 -72.108921324 14.792924936 -72.108906216 14.792966833 -72.108748656 14.735156907 -72.107410153 14.735101493 -72.107610370 14.734600237 -72.107598688 14.729740522 -72.125137600 14.730391628 -72.125155555 14.730349030 -72.125309170 14.782127508 -72.126729914 14.781966204 -72.127291379 14.838973380 -72.128923532 14.838979221 -72.128902420 14.839170514 -72.128907867 14.844012788 -72.111382939 14.843945247 -72.111381240 14.843950932 -72.111360645  POLYGON ICRS  14.787992297 -72.127870567 14.730039716 -72.126262866 14.729976465 -72.126465162 14.729483705 -72.126451416 14.724668823 -72.141835143 14.723694439 -72.141812413 14.723677105 -72.141874757 14.723633715 -72.141873745 14.719783527 -72.155709966 14.718867171 -72.155687519 14.718808990 -72.155888484 14.718309251 -72.155876236 14.713209461 -72.173467213 14.713864331 -72.173486069 14.713820056 -72.173638681 14.714432479 -72.173656311 14.714170984 -72.174487837 14.713577033 -72.174469481 14.713506651 -72.174673312 14.713017620 -72.174658198 14.707681777 -72.190097035 14.707343929 -72.190088750 14.707325714 -72.190151385 14.707281684 -72.190150305 14.702162180 -72.207741004 14.753958887 -72.209225645 14.753854276 -72.209613562 14.811083710 -72.211176161 14.811089400 -72.211156112 14.811282375 -72.211161352 14.815606606 -72.195911431 14.816697940 -72.195945751 14.816704859 -72.195924563 14.816893634 -72.195930500 14.821519585 -72.181755373 14.821822273 -72.181764477 14.821828319 -72.181743814 14.822020780 -72.181749601 14.827163233 -72.164152067 14.827095766 -72.164150263 14.827101650 -72.164130115 14.827017520 -72.164127864 14.827023640 -72.164106907 14.826674207 -72.164097559 14.826983221 -72.163002673 14.827305913 -72.163011866 14.827311522 -72.162991673 14.827502320 -72.162997110 14.831770029 -72.147623926 14.833514486 -72.147676366 14.833520471 -72.147655817 14.833709401 -72.147661498 14.838832227 -72.130063686 14.838764249 -72.130061868 14.838770228 -72.130041316 14.838684921 -72.130039034 14.838690921 -72.130018403 14.788426144 -72.128667793 14.788608374 -72.128043126 14.787947275 -72.128024886  POLYGON ICRS  14.674038455 -72.106144579 14.668958717 -72.123473657 14.669611533 -72.123492827 14.669566820 -72.123645238 14.726552773 -72.125310040 14.726609911 -72.125107934 14.727115641 -72.125122633 14.732064167 -72.107600531 14.731407145 -72.107583620 14.731451025 -72.107428172 14.674596394 -72.105955774 14.674537283 -72.106157567  POLYGON ICRS  14.726772283 -72.126277917 14.726110731 -72.126259840 14.726156568 -72.126105506 14.669121273 -72.124538249 14.669057128 -72.124740069 14.668564091 -72.124726450 14.663588142 -72.140369983 14.663020863 -72.140355211 14.663002499 -72.140417684 14.662958925 -72.140416549 14.658919306 -72.154149202 14.657719896 -72.154119603 14.657664792 -72.154320624 14.657161745 -72.154308207 14.652388288 -72.171702734 14.653039928 -72.171720998 14.652997785 -72.171874448 14.653349048 -72.171884292 14.653041899 -72.172845774 14.652557257 -72.172831733 14.652490929 -72.173034249 14.651998150 -72.173019967 14.646909495 -72.188538054 14.646083584 -72.188517659 14.646066224 -72.188580722 14.646019501 -72.188579569 14.641230298 -72.205973920 14.698439097 -72.207568186 14.698444938 -72.207548027 14.698633172 -72.207553249 14.703054342 -72.192293642 14.703870457 -72.192319792 14.703938417 -72.192115562 14.704439244 -72.192131601 14.709084276 -72.178154451 14.709353428 -72.178162703 14.709359516 -72.178142321 14.709548630 -72.178148120 14.714799968 -72.160553629 14.714733376 -72.160551808 14.714739617 -72.160530884 14.714658226 -72.160528658 14.714664626 -72.160507189 14.714353613 -72.160498688 14.714668911 -72.159405060 14.714950817 -72.159413254 14.714956804 -72.159392161 14.715147558 -72.159397704 14.719508353 -72.144015302 14.720977134 -72.144060350 14.721037577 -72.143857258 14.721543014 -72.143872753  POLYGON ICRS  15.229040211 -72.170180947 15.229033699 -72.170063032 15.172031743 -72.170289738 15.172036351 -72.170565392 15.171457710 -72.170567607 15.171750356 -72.188121018 15.172652452 -72.188119010 15.172655427 -72.188297081 15.230340433 -72.188160273 15.230321727 -72.187821962 15.230829912 -72.187820685 15.229856208 -72.170177592  POLYGON ICRS  15.110718764 -72.188013378 15.110713170 -72.188187661 15.168154574 -72.188299668 15.168152378 -72.187959625 15.168644229 -72.187960519 15.168533189 -72.170411932 15.167712170 -72.170411015 15.167711445 -72.170297514 15.110946073 -72.170226363 15.110937135 -72.170504845 15.110371503 -72.170504049 15.109806977 -72.188011454  POLYGON ICRS  15.172543705 -72.207106219 15.172544650 -72.207283207 15.231148847 -72.207246569 15.231130503 -72.206906671 15.231637933 -72.206906282 15.230672603 -72.188978066 15.229855718 -72.188980000 15.229849489 -72.188864258 15.172118260 -72.188992724 15.172119720 -72.189269331 15.171543808 -72.189270524 15.171636287 -72.207106641  POLYGON ICRS  15.109909666 -72.206932492 15.109898298 -72.207105495 15.168245824 -72.207333082 15.168251752 -72.206990931 15.168737759 -72.206992750 15.169044496 -72.189161383 15.168220538 -72.189158874 15.168222461 -72.189047127 15.110735327 -72.188863714 15.110717037 -72.189142978 15.110159805 -72.189141115 15.108992081 -72.206928779  POLYGON ICRS  14.757857723 -72.228545927 14.748923638 -72.243302068 14.805529172 -72.246582793 14.805586722 -72.246486077 14.805941773 -72.246506602 14.805999256 -72.246410004 14.806357820 -72.246430727 14.815956566 -72.230281371 14.818937693 -72.230384361 14.809334288 -72.246689677 14.866919369 -72.249921869 14.866974893 -72.249825871 14.867330884 -72.249845799 14.867386373 -72.249749869 14.867745347 -72.249769962 14.877901941 -72.232192524 14.866928935 -72.231625676 14.872918308 -72.214275755 14.872848515 -72.214273660 14.872855413 -72.214253657 14.872768902 -72.214251060 14.872776113 -72.214230147 14.814681882 -72.212477715 14.814661092 -72.212538796 14.814626035 -72.212537733 14.809112745 -72.228715319 14.805633486 -72.228525871 14.810870370 -72.212532786 14.810800678 -72.212530827 14.810807272 -72.212510674 14.810722414 -72.212508289 14.810729290 -72.212487275 14.760113817 -72.211057959 14.760238489 -72.210702762 14.760169733 -72.210700658 14.760176899 -72.210680244 14.760096608 -72.210677786 14.760103970 -72.210656811 14.702032021 -72.208870868 14.702010348 -72.208933408 14.701969751 -72.208932153 14.695903820 -72.226420289 14.753813238 -72.228448255 14.753820922 -72.228426404 14.754009359 -72.228432975 14.754012513 -72.228424008  POLYGON ICRS  14.640899203 -72.207229617 14.640878672 -72.207292055 14.640836270 -72.207290826 14.635308226 -72.224089742 14.635165689 -72.224586380 14.692185031 -72.226420965 14.692192080 -72.226399854 14.692380003 -72.226405874 14.698212715 -72.208924321 14.698144954 -72.208922377 14.698151963 -72.208901342 14.698072059 -72.208899050 14.698078937 -72.208878414  POLYGON ICRS  14.856018132 -72.268800486 14.856076959 -72.268703340 14.856430635 -72.268724802 14.867100851 -72.251089927 14.809503128 -72.247838730 14.809442928 -72.247934898 14.809088414 -72.247914835 14.809028364 -72.248010777 14.808675278 -72.247990790 14.797791057 -72.265359588 14.855602058 -72.268877094 14.855661565 -72.268778852  POLYGON ICRS  14.788507585 -72.276969785 14.778021503 -72.294339234 14.835659834 -72.297645785 14.835719804 -72.297548904 14.836073712 -72.297569149 14.836132959 -72.297473424 14.836489070 -72.297493796 14.847372146 -72.279893693 14.789336239 -72.276818002 14.789279201 -72.276912581 14.788920036 -72.276893492 14.788862646 -72.276988658  POLYGON ICRS  14.823430017 -72.316323374 14.823779065 -72.316345622 14.823844490 -72.316247585 14.824194584 -72.316269899 14.835845906 -72.298793169 14.778294528 -72.295367598 14.778230619 -72.295464235 14.777879125 -72.295443258 14.777814665 -72.295540726 14.777463398 -72.295519764 14.766051198 -72.312760099 14.823342460 -72.316420604 14.823364752 -72.316421176  POLYGON ICRS  14.748974040 -72.244386643 14.748913610 -72.244482393 14.748558907 -72.244462412 14.748498523 -72.244558084 14.748146988 -72.244538279 14.737302924 -72.261700764 14.794230230 -72.265092921 14.794289655 -72.264995659 14.794643671 -72.265016697 14.794702979 -72.264919614 14.795059295 -72.264940787 14.805659668 -72.247570966  POLYGON ICRS  14.774405080 -72.293965680 14.774760790 -72.293985759 14.774818552 -72.293889953 14.775175651 -72.293910110 14.785630047 -72.276552535 14.728532897 -72.273515568 14.728477326 -72.273610224 14.728118485 -72.273591082 14.728062649 -72.273686184 14.727703410 -72.273667023 14.717606457 -72.290850188 14.774347384 -72.294061387  POLYGON ICRS  14.762390729 -72.312560527 14.762736182 -72.312581543 14.762801002 -72.312481649 14.763161329 -72.312503571 14.774338196 -72.295263183 14.717642955 -72.291999253 14.717579293 -72.292098270 14.717216972 -72.292077357 14.717156969 -72.292170687 14.716811680 -72.292150754 14.705832594 -72.309209152 14.762329208 -72.312655323
2026-09-28 12:43:07,833 - jwst.resample.resample - INFO - 8 exposures to drizzle together
2026-09-28 12:43:10,157 - stcal.resample.resample - INFO - Resampling science and variance data
2026-09-28 12:43:14,164 - stcal.resample.resample - INFO - Resampling science and variance data
2026-09-28 12:43:18,050 - stcal.resample.resample - INFO - Resampling science and variance data
2026-09-28 12:43:21,957 - stcal.resample.resample - INFO - Resampling science and variance data
2026-09-28 12:43:25,849 - stcal.resample.resample - INFO - Resampling science and variance data
2026-09-28 12:43:29,766 - stcal.resample.resample - INFO - Resampling science and variance data
2026-09-28 12:43:33,661 - stcal.resample.resample - INFO - Resampling science and variance data
2026-09-28 12:43:37,572 - stcal.resample.resample - INFO - Resampling science and variance data
2026-09-28 12:43:39,458 - jwst.resample.resample - INFO - Assigning output S_REGION: POLYGON ICRS  14.842769378 -72.128920020 14.900724958 -72.130476455 14.900730350 -72.130455759 14.900920768 -72.130460844 14.905551475 -72.112669079 14.905481946 -72.112667519 14.905487472 -72.112646251 14.905404249 -72.112644385 14.905409641 -72.112623643 14.847579638 -72.111317782 14.847562990 -72.111379258 14.847525584 -72.111378407  POLYGON ICRS  14.900551704 -72.131748524 14.842577280 -72.130173828 14.842558332 -72.130235623 14.842521333 -72.130234613 14.837853085 -72.145449875 14.835942873 -72.145406411 14.835926013 -72.145468385 14.835882764 -72.145467401 14.832033290 -72.159615625 14.831581267 -72.159604811 14.831563682 -72.159666837 14.831523855 -72.159665885 14.826533431 -72.177259831 14.826869825 -72.177269316 14.826523266 -72.178393489 14.826403386 -72.178389855 14.826382469 -72.178451532 14.826349229 -72.178450524 14.821163491 -72.193723423 14.819880683 -72.193692717 14.819863206 -72.193754111 14.819823520 -72.193753161 14.814810353 -72.211346749 14.872953325 -72.212978585 14.872959519 -72.212957896 14.873152381 -72.212963278 14.877652633 -72.197914461 14.878236117 -72.197934475 14.878243894 -72.197911891 14.878433690 -72.197918398 14.883307299 -72.183748407 14.883809542 -72.183764134 14.883815623 -72.183742977 14.884007410 -72.183748982 14.889136335 -72.165885646 14.889067780 -72.165883794 14.889073547 -72.165863686 14.888989839 -72.165861425 14.888995938 -72.165840158 14.888650933 -72.165830838 14.889028009 -72.164564058 14.889171168 -72.164567881 14.889176350 -72.164548066 14.889368438 -72.164553197 14.893275452 -72.149606423 14.895388565 -72.149672586 14.895394711 -72.149651110 14.895584213 -72.149657043 14.900692342 -72.131793403 14.900624263 -72.131791564 14.900630101 -72.131771136 14.900545894 -72.131768861  POLYGON ICRS  14.843866802 -72.111358529 14.843872516 -72.111337832 14.793279166 -72.110058630 14.793581614 -72.108921324 14.792924936 -72.108906216 14.792966833 -72.108748656 14.735156907 -72.107410153 14.735101493 -72.107610370 14.734600237 -72.107598688 14.729740522 -72.125137600 14.730391628 -72.125155555 14.730349030 -72.125309170 14.782127508 -72.126729914 14.781966204 -72.127291379 14.838973380 -72.128923532 14.838979221 -72.128902420 14.839170514 -72.128907867 14.844012788 -72.111382939 14.843945247 -72.111381240 14.843950932 -72.111360645  POLYGON ICRS  14.787992297 -72.127870567 14.730039716 -72.126262866 14.729976465 -72.126465162 14.729483705 -72.126451416 14.724668823 -72.141835143 14.723694439 -72.141812413 14.723677105 -72.141874757 14.723633715 -72.141873745 14.719783527 -72.155709966 14.718867171 -72.155687519 14.718808990 -72.155888484 14.718309251 -72.155876236 14.713209461 -72.173467213 14.713864331 -72.173486069 14.713820056 -72.173638681 14.714432479 -72.173656311 14.714170984 -72.174487837 14.713577033 -72.174469481 14.713506651 -72.174673312 14.713017620 -72.174658198 14.707681777 -72.190097035 14.707343929 -72.190088750 14.707325714 -72.190151385 14.707281684 -72.190150305 14.702162180 -72.207741004 14.753958887 -72.209225645 14.753854276 -72.209613562 14.811083710 -72.211176161 14.811089400 -72.211156112 14.811282375 -72.211161352 14.815606606 -72.195911431 14.816697940 -72.195945751 14.816704859 -72.195924563 14.816893634 -72.195930500 14.821519585 -72.181755373 14.821822273 -72.181764477 14.821828319 -72.181743814 14.822020780 -72.181749601 14.827163233 -72.164152067 14.827095766 -72.164150263 14.827101650 -72.164130115 14.827017520 -72.164127864 14.827023640 -72.164106907 14.826674207 -72.164097559 14.826983221 -72.163002673 14.827305913 -72.163011866 14.827311522 -72.162991673 14.827502320 -72.162997110 14.831770029 -72.147623926 14.833514486 -72.147676366 14.833520471 -72.147655817 14.833709401 -72.147661498 14.838832227 -72.130063686 14.838764249 -72.130061868 14.838770228 -72.130041316 14.838684921 -72.130039034 14.838690921 -72.130018403 14.788426144 -72.128667793 14.788608374 -72.128043126 14.787947275 -72.128024886  POLYGON ICRS  14.674038455 -72.106144579 14.668958717 -72.123473657 14.669611533 -72.123492827 14.669566820 -72.123645238 14.726552773 -72.125310040 14.726609911 -72.125107934 14.727115641 -72.125122633 14.732064167 -72.107600531 14.731407145 -72.107583620 14.731451025 -72.107428172 14.674596394 -72.105955774 14.674537283 -72.106157567  POLYGON ICRS  14.726772283 -72.126277917 14.726110731 -72.126259840 14.726156568 -72.126105506 14.669121273 -72.124538249 14.669057128 -72.124740069 14.668564091 -72.124726450 14.663588142 -72.140369983 14.663020863 -72.140355211 14.663002499 -72.140417684 14.662958925 -72.140416549 14.658919306 -72.154149202 14.657719896 -72.154119603 14.657664792 -72.154320624 14.657161745 -72.154308207 14.652388288 -72.171702734 14.653039928 -72.171720998 14.652997785 -72.171874448 14.653349048 -72.171884292 14.653041899 -72.172845774 14.652557257 -72.172831733 14.652490929 -72.173034249 14.651998150 -72.173019967 14.646909495 -72.188538054 14.646083584 -72.188517659 14.646066224 -72.188580722 14.646019501 -72.188579569 14.641230298 -72.205973920 14.698439097 -72.207568186 14.698444938 -72.207548027 14.698633172 -72.207553249 14.703054342 -72.192293642 14.703870457 -72.192319792 14.703938417 -72.192115562 14.704439244 -72.192131601 14.709084276 -72.178154451 14.709353428 -72.178162703 14.709359516 -72.178142321 14.709548630 -72.178148120 14.714799968 -72.160553629 14.714733376 -72.160551808 14.714739617 -72.160530884 14.714658226 -72.160528658 14.714664626 -72.160507189 14.714353613 -72.160498688 14.714668911 -72.159405060 14.714950817 -72.159413254 14.714956804 -72.159392161 14.715147558 -72.159397704 14.719508353 -72.144015302 14.720977134 -72.144060350 14.721037577 -72.143857258 14.721543014 -72.143872753  POLYGON ICRS  15.229040211 -72.170180947 15.229033699 -72.170063032 15.172031743 -72.170289738 15.172036351 -72.170565392 15.171457710 -72.170567607 15.171750356 -72.188121018 15.172652452 -72.188119010 15.172655427 -72.188297081 15.230340433 -72.188160273 15.230321727 -72.187821962 15.230829912 -72.187820685 15.229856208 -72.170177592  POLYGON ICRS  15.110718764 -72.188013378 15.110713170 -72.188187661 15.168154574 -72.188299668 15.168152378 -72.187959625 15.168644229 -72.187960519 15.168533189 -72.170411932 15.167712170 -72.170411015 15.167711445 -72.170297514 15.110946073 -72.170226363 15.110937135 -72.170504845 15.110371503 -72.170504049 15.109806977 -72.188011454  POLYGON ICRS  15.172543705 -72.207106219 15.172544650 -72.207283207 15.231148847 -72.207246569 15.231130503 -72.206906671 15.231637933 -72.206906282 15.230672603 -72.188978066 15.229855718 -72.188980000 15.229849489 -72.188864258 15.172118260 -72.188992724 15.172119720 -72.189269331 15.171543808 -72.189270524 15.171636287 -72.207106641  POLYGON ICRS  15.109909666 -72.206932492 15.109898298 -72.207105495 15.168245824 -72.207333082 15.168251752 -72.206990931 15.168737759 -72.206992750 15.169044496 -72.189161383 15.168220538 -72.189158874 15.168222461 -72.189047127 15.110735327 -72.188863714 15.110717037 -72.189142978 15.110159805 -72.189141115 15.108992081 -72.206928779  POLYGON ICRS  14.757857723 -72.228545927 14.748923638 -72.243302068 14.805529172 -72.246582793 14.805586722 -72.246486077 14.805941773 -72.246506602 14.805999256 -72.246410004 14.806357820 -72.246430727 14.815956566 -72.230281371 14.818937693 -72.230384361 14.809334288 -72.246689677 14.866919369 -72.249921869 14.866974893 -72.249825871 14.867330884 -72.249845799 14.867386373 -72.249749869 14.867745347 -72.249769962 14.877901941 -72.232192524 14.866928935 -72.231625676 14.872918308 -72.214275755 14.872848515 -72.214273660 14.872855413 -72.214253657 14.872768902 -72.214251060 14.872776113 -72.214230147 14.814681882 -72.212477715 14.814661092 -72.212538796 14.814626035 -72.212537733 14.809112745 -72.228715319 14.805633486 -72.228525871 14.810870370 -72.212532786 14.810800678 -72.212530827 14.810807272 -72.212510674 14.810722414 -72.212508289 14.810729290 -72.212487275 14.760113817 -72.211057959 14.760238489 -72.210702762 14.760169733 -72.210700658 14.760176899 -72.210680244 14.760096608 -72.210677786 14.760103970 -72.210656811 14.702032021 -72.208870868 14.702010348 -72.208933408 14.701969751 -72.208932153 14.695903820 -72.226420289 14.753813238 -72.228448255 14.753820922 -72.228426404 14.754009359 -72.228432975 14.754012513 -72.228424008  POLYGON ICRS  14.640899203 -72.207229617 14.640878672 -72.207292055 14.640836270 -72.207290826 14.635308226 -72.224089742 14.635165689 -72.224586380 14.692185031 -72.226420965 14.692192080 -72.226399854 14.692380003 -72.226405874 14.698212715 -72.208924321 14.698144954 -72.208922377 14.698151963 -72.208901342 14.698072059 -72.208899050 14.698078937 -72.208878414  POLYGON ICRS  14.856018132 -72.268800486 14.856076959 -72.268703340 14.856430635 -72.268724802 14.867100851 -72.251089927 14.809503128 -72.247838730 14.809442928 -72.247934898 14.809088414 -72.247914835 14.809028364 -72.248010777 14.808675278 -72.247990790 14.797791057 -72.265359588 14.855602058 -72.268877094 14.855661565 -72.268778852  POLYGON ICRS  14.788507585 -72.276969785 14.778021503 -72.294339234 14.835659834 -72.297645785 14.835719804 -72.297548904 14.836073712 -72.297569149 14.836132959 -72.297473424 14.836489070 -72.297493796 14.847372146 -72.279893693 14.789336239 -72.276818002 14.789279201 -72.276912581 14.788920036 -72.276893492 14.788862646 -72.276988658  POLYGON ICRS  14.823430017 -72.316323374 14.823779065 -72.316345622 14.823844490 -72.316247585 14.824194584 -72.316269899 14.835845906 -72.298793169 14.778294528 -72.295367598 14.778230619 -72.295464235 14.777879125 -72.295443258 14.777814665 -72.295540726 14.777463398 -72.295519764 14.766051198 -72.312760099 14.823342460 -72.316420604 14.823364752 -72.316421176  POLYGON ICRS  14.748974040 -72.244386643 14.748913610 -72.244482393 14.748558907 -72.244462412 14.748498523 -72.244558084 14.748146988 -72.244538279 14.737302924 -72.261700764 14.794230230 -72.265092921 14.794289655 -72.264995659 14.794643671 -72.265016697 14.794702979 -72.264919614 14.795059295 -72.264940787 14.805659668 -72.247570966  POLYGON ICRS  14.774405080 -72.293965680 14.774760790 -72.293985759 14.774818552 -72.293889953 14.775175651 -72.293910110 14.785630047 -72.276552535 14.728532897 -72.273515568 14.728477326 -72.273610224 14.728118485 -72.273591082 14.728062649 -72.273686184 14.727703410 -72.273667023 14.717606457 -72.290850188 14.774347384 -72.294061387  POLYGON ICRS  14.762390729 -72.312560527 14.762736182 -72.312581543 14.762801002 -72.312481649 14.763161329 -72.312503571 14.774338196 -72.295263183 14.717642955 -72.291999253 14.717579293 -72.292098270 14.717216972 -72.292077357 14.717156969 -72.292170687 14.716811680 -72.292150754 14.705832594 -72.309209152 14.762329208 -72.312655323
2026-09-28 12:43:42,741 - jwst.resample.resample - INFO - 8 exposures to drizzle together
2026-09-28 12:43:45,109 - stcal.resample.resample - INFO - Resampling science and variance data
2026-09-28 12:43:49,246 - stcal.resample.resample - INFO - Resampling science and variance data
2026-09-28 12:43:53,258 - stcal.resample.resample - INFO - Resampling science and variance data
2026-09-28 12:43:57,256 - stcal.resample.resample - INFO - Resampling science and variance data
2026-09-28 12:44:01,236 - stcal.resample.resample - INFO - Resampling science and variance data
2026-09-28 12:44:05,170 - stcal.resample.resample - INFO - Resampling science and variance data
2026-09-28 12:44:09,108 - stcal.resample.resample - INFO - Resampling science and variance data
2026-09-28 12:44:13,060 - stcal.resample.resample - INFO - Resampling science and variance data
2026-09-28 12:44:14,956 - jwst.resample.resample - INFO - Assigning output S_REGION: POLYGON ICRS  14.842769378 -72.128920020 14.900724958 -72.130476455 14.900730350 -72.130455759 14.900920768 -72.130460844 14.905551475 -72.112669079 14.905481946 -72.112667519 14.905487472 -72.112646251 14.905404249 -72.112644385 14.905409641 -72.112623643 14.847579638 -72.111317782 14.847562990 -72.111379258 14.847525584 -72.111378407  POLYGON ICRS  14.900551704 -72.131748524 14.842577280 -72.130173828 14.842558332 -72.130235623 14.842521333 -72.130234613 14.837853085 -72.145449875 14.835942873 -72.145406411 14.835926013 -72.145468385 14.835882764 -72.145467401 14.832033290 -72.159615625 14.831581267 -72.159604811 14.831563682 -72.159666837 14.831523855 -72.159665885 14.826533431 -72.177259831 14.826869825 -72.177269316 14.826523266 -72.178393489 14.826403386 -72.178389855 14.826382469 -72.178451532 14.826349229 -72.178450524 14.821163491 -72.193723423 14.819880683 -72.193692717 14.819863206 -72.193754111 14.819823520 -72.193753161 14.814810353 -72.211346749 14.872953325 -72.212978585 14.872959519 -72.212957896 14.873152381 -72.212963278 14.877652633 -72.197914461 14.878236117 -72.197934475 14.878243894 -72.197911891 14.878433690 -72.197918398 14.883307299 -72.183748407 14.883809542 -72.183764134 14.883815623 -72.183742977 14.884007410 -72.183748982 14.889136335 -72.165885646 14.889067780 -72.165883794 14.889073547 -72.165863686 14.888989839 -72.165861425 14.888995938 -72.165840158 14.888650933 -72.165830838 14.889028009 -72.164564058 14.889171168 -72.164567881 14.889176350 -72.164548066 14.889368438 -72.164553197 14.893275452 -72.149606423 14.895388565 -72.149672586 14.895394711 -72.149651110 14.895584213 -72.149657043 14.900692342 -72.131793403 14.900624263 -72.131791564 14.900630101 -72.131771136 14.900545894 -72.131768861  POLYGON ICRS  14.843866802 -72.111358529 14.843872516 -72.111337832 14.793279166 -72.110058630 14.793581614 -72.108921324 14.792924936 -72.108906216 14.792966833 -72.108748656 14.735156907 -72.107410153 14.735101493 -72.107610370 14.734600237 -72.107598688 14.729740522 -72.125137600 14.730391628 -72.125155555 14.730349030 -72.125309170 14.782127508 -72.126729914 14.781966204 -72.127291379 14.838973380 -72.128923532 14.838979221 -72.128902420 14.839170514 -72.128907867 14.844012788 -72.111382939 14.843945247 -72.111381240 14.843950932 -72.111360645  POLYGON ICRS  14.787992297 -72.127870567 14.730039716 -72.126262866 14.729976465 -72.126465162 14.729483705 -72.126451416 14.724668823 -72.141835143 14.723694439 -72.141812413 14.723677105 -72.141874757 14.723633715 -72.141873745 14.719783527 -72.155709966 14.718867171 -72.155687519 14.718808990 -72.155888484 14.718309251 -72.155876236 14.713209461 -72.173467213 14.713864331 -72.173486069 14.713820056 -72.173638681 14.714432479 -72.173656311 14.714170984 -72.174487837 14.713577033 -72.174469481 14.713506651 -72.174673312 14.713017620 -72.174658198 14.707681777 -72.190097035 14.707343929 -72.190088750 14.707325714 -72.190151385 14.707281684 -72.190150305 14.702162180 -72.207741004 14.753958887 -72.209225645 14.753854276 -72.209613562 14.811083710 -72.211176161 14.811089400 -72.211156112 14.811282375 -72.211161352 14.815606606 -72.195911431 14.816697940 -72.195945751 14.816704859 -72.195924563 14.816893634 -72.195930500 14.821519585 -72.181755373 14.821822273 -72.181764477 14.821828319 -72.181743814 14.822020780 -72.181749601 14.827163233 -72.164152067 14.827095766 -72.164150263 14.827101650 -72.164130115 14.827017520 -72.164127864 14.827023640 -72.164106907 14.826674207 -72.164097559 14.826983221 -72.163002673 14.827305913 -72.163011866 14.827311522 -72.162991673 14.827502320 -72.162997110 14.831770029 -72.147623926 14.833514486 -72.147676366 14.833520471 -72.147655817 14.833709401 -72.147661498 14.838832227 -72.130063686 14.838764249 -72.130061868 14.838770228 -72.130041316 14.838684921 -72.130039034 14.838690921 -72.130018403 14.788426144 -72.128667793 14.788608374 -72.128043126 14.787947275 -72.128024886  POLYGON ICRS  14.674038455 -72.106144579 14.668958717 -72.123473657 14.669611533 -72.123492827 14.669566820 -72.123645238 14.726552773 -72.125310040 14.726609911 -72.125107934 14.727115641 -72.125122633 14.732064167 -72.107600531 14.731407145 -72.107583620 14.731451025 -72.107428172 14.674596394 -72.105955774 14.674537283 -72.106157567  POLYGON ICRS  14.726772283 -72.126277917 14.726110731 -72.126259840 14.726156568 -72.126105506 14.669121273 -72.124538249 14.669057128 -72.124740069 14.668564091 -72.124726450 14.663588142 -72.140369983 14.663020863 -72.140355211 14.663002499 -72.140417684 14.662958925 -72.140416549 14.658919306 -72.154149202 14.657719896 -72.154119603 14.657664792 -72.154320624 14.657161745 -72.154308207 14.652388288 -72.171702734 14.653039928 -72.171720998 14.652997785 -72.171874448 14.653349048 -72.171884292 14.653041899 -72.172845774 14.652557257 -72.172831733 14.652490929 -72.173034249 14.651998150 -72.173019967 14.646909495 -72.188538054 14.646083584 -72.188517659 14.646066224 -72.188580722 14.646019501 -72.188579569 14.641230298 -72.205973920 14.698439097 -72.207568186 14.698444938 -72.207548027 14.698633172 -72.207553249 14.703054342 -72.192293642 14.703870457 -72.192319792 14.703938417 -72.192115562 14.704439244 -72.192131601 14.709084276 -72.178154451 14.709353428 -72.178162703 14.709359516 -72.178142321 14.709548630 -72.178148120 14.714799968 -72.160553629 14.714733376 -72.160551808 14.714739617 -72.160530884 14.714658226 -72.160528658 14.714664626 -72.160507189 14.714353613 -72.160498688 14.714668911 -72.159405060 14.714950817 -72.159413254 14.714956804 -72.159392161 14.715147558 -72.159397704 14.719508353 -72.144015302 14.720977134 -72.144060350 14.721037577 -72.143857258 14.721543014 -72.143872753  POLYGON ICRS  15.229040211 -72.170180947 15.229033699 -72.170063032 15.172031743 -72.170289738 15.172036351 -72.170565392 15.171457710 -72.170567607 15.171750356 -72.188121018 15.172652452 -72.188119010 15.172655427 -72.188297081 15.230340433 -72.188160273 15.230321727 -72.187821962 15.230829912 -72.187820685 15.229856208 -72.170177592  POLYGON ICRS  15.110718764 -72.188013378 15.110713170 -72.188187661 15.168154574 -72.188299668 15.168152378 -72.187959625 15.168644229 -72.187960519 15.168533189 -72.170411932 15.167712170 -72.170411015 15.167711445 -72.170297514 15.110946073 -72.170226363 15.110937135 -72.170504845 15.110371503 -72.170504049 15.109806977 -72.188011454  POLYGON ICRS  15.172543705 -72.207106219 15.172544650 -72.207283207 15.231148847 -72.207246569 15.231130503 -72.206906671 15.231637933 -72.206906282 15.230672603 -72.188978066 15.229855718 -72.188980000 15.229849489 -72.188864258 15.172118260 -72.188992724 15.172119720 -72.189269331 15.171543808 -72.189270524 15.171636287 -72.207106641  POLYGON ICRS  15.109909666 -72.206932492 15.109898298 -72.207105495 15.168245824 -72.207333082 15.168251752 -72.206990931 15.168737759 -72.206992750 15.169044496 -72.189161383 15.168220538 -72.189158874 15.168222461 -72.189047127 15.110735327 -72.188863714 15.110717037 -72.189142978 15.110159805 -72.189141115 15.108992081 -72.206928779  POLYGON ICRS  14.757857723 -72.228545927 14.748923638 -72.243302068 14.805529172 -72.246582793 14.805586722 -72.246486077 14.805941773 -72.246506602 14.805999256 -72.246410004 14.806357820 -72.246430727 14.815956566 -72.230281371 14.818937693 -72.230384361 14.809334288 -72.246689677 14.866919369 -72.249921869 14.866974893 -72.249825871 14.867330884 -72.249845799 14.867386373 -72.249749869 14.867745347 -72.249769962 14.877901941 -72.232192524 14.866928935 -72.231625676 14.872918308 -72.214275755 14.872848515 -72.214273660 14.872855413 -72.214253657 14.872768902 -72.214251060 14.872776113 -72.214230147 14.814681882 -72.212477715 14.814661092 -72.212538796 14.814626035 -72.212537733 14.809112745 -72.228715319 14.805633486 -72.228525871 14.810870370 -72.212532786 14.810800678 -72.212530827 14.810807272 -72.212510674 14.810722414 -72.212508289 14.810729290 -72.212487275 14.760113817 -72.211057959 14.760238489 -72.210702762 14.760169733 -72.210700658 14.760176899 -72.210680244 14.760096608 -72.210677786 14.760103970 -72.210656811 14.702032021 -72.208870868 14.702010348 -72.208933408 14.701969751 -72.208932153 14.695903820 -72.226420289 14.753813238 -72.228448255 14.753820922 -72.228426404 14.754009359 -72.228432975 14.754012513 -72.228424008  POLYGON ICRS  14.640899203 -72.207229617 14.640878672 -72.207292055 14.640836270 -72.207290826 14.635308226 -72.224089742 14.635165689 -72.224586380 14.692185031 -72.226420965 14.692192080 -72.226399854 14.692380003 -72.226405874 14.698212715 -72.208924321 14.698144954 -72.208922377 14.698151963 -72.208901342 14.698072059 -72.208899050 14.698078937 -72.208878414  POLYGON ICRS  14.856018132 -72.268800486 14.856076959 -72.268703340 14.856430635 -72.268724802 14.867100851 -72.251089927 14.809503128 -72.247838730 14.809442928 -72.247934898 14.809088414 -72.247914835 14.809028364 -72.248010777 14.808675278 -72.247990790 14.797791057 -72.265359588 14.855602058 -72.268877094 14.855661565 -72.268778852  POLYGON ICRS  14.788507585 -72.276969785 14.778021503 -72.294339234 14.835659834 -72.297645785 14.835719804 -72.297548904 14.836073712 -72.297569149 14.836132959 -72.297473424 14.836489070 -72.297493796 14.847372146 -72.279893693 14.789336239 -72.276818002 14.789279201 -72.276912581 14.788920036 -72.276893492 14.788862646 -72.276988658  POLYGON ICRS  14.823430017 -72.316323374 14.823779065 -72.316345622 14.823844490 -72.316247585 14.824194584 -72.316269899 14.835845906 -72.298793169 14.778294528 -72.295367598 14.778230619 -72.295464235 14.777879125 -72.295443258 14.777814665 -72.295540726 14.777463398 -72.295519764 14.766051198 -72.312760099 14.823342460 -72.316420604 14.823364752 -72.316421176  POLYGON ICRS  14.748974040 -72.244386643 14.748913610 -72.244482393 14.748558907 -72.244462412 14.748498523 -72.244558084 14.748146988 -72.244538279 14.737302924 -72.261700764 14.794230230 -72.265092921 14.794289655 -72.264995659 14.794643671 -72.265016697 14.794702979 -72.264919614 14.795059295 -72.264940787 14.805659668 -72.247570966  POLYGON ICRS  14.774405080 -72.293965680 14.774760790 -72.293985759 14.774818552 -72.293889953 14.775175651 -72.293910110 14.785630047 -72.276552535 14.728532897 -72.273515568 14.728477326 -72.273610224 14.728118485 -72.273591082 14.728062649 -72.273686184 14.727703410 -72.273667023 14.717606457 -72.290850188 14.774347384 -72.294061387  POLYGON ICRS  14.762390729 -72.312560527 14.762736182 -72.312581543 14.762801002 -72.312481649 14.763161329 -72.312503571 14.774338196 -72.295263183 14.717642955 -72.291999253 14.717579293 -72.292098270 14.717216972 -72.292077357 14.717156969 -72.292170687 14.716811680 -72.292150754 14.705832594 -72.309209152 14.762329208 -72.312655323
2026-09-28 12:44:18,032 - jwst.resample.resample - INFO - 8 exposures to drizzle together
2026-09-28 12:44:20,441 - stcal.resample.resample - INFO - Resampling science and variance data
2026-09-28 12:44:24,502 - stcal.resample.resample - INFO - Resampling science and variance data
2026-09-28 12:44:28,460 - stcal.resample.resample - INFO - Resampling science and variance data
2026-09-28 12:44:32,407 - stcal.resample.resample - INFO - Resampling science and variance data
2026-09-28 12:44:36,345 - stcal.resample.resample - INFO - Resampling science and variance data
2026-09-28 12:44:40,278 - stcal.resample.resample - INFO - Resampling science and variance data
2026-09-28 12:44:44,226 - stcal.resample.resample - INFO - Resampling science and variance data
2026-09-28 12:44:48,258 - stcal.resample.resample - INFO - Resampling science and variance data
2026-09-28 12:44:50,173 - jwst.resample.resample - INFO - Assigning output S_REGION: POLYGON ICRS  14.842769378 -72.128920020 14.900724958 -72.130476455 14.900730350 -72.130455759 14.900920768 -72.130460844 14.905551475 -72.112669079 14.905481946 -72.112667519 14.905487472 -72.112646251 14.905404249 -72.112644385 14.905409641 -72.112623643 14.847579638 -72.111317782 14.847562990 -72.111379258 14.847525584 -72.111378407  POLYGON ICRS  14.900551704 -72.131748524 14.842577280 -72.130173828 14.842558332 -72.130235623 14.842521333 -72.130234613 14.837853085 -72.145449875 14.835942873 -72.145406411 14.835926013 -72.145468385 14.835882764 -72.145467401 14.832033290 -72.159615625 14.831581267 -72.159604811 14.831563682 -72.159666837 14.831523855 -72.159665885 14.826533431 -72.177259831 14.826869825 -72.177269316 14.826523266 -72.178393489 14.826403386 -72.178389855 14.826382469 -72.178451532 14.826349229 -72.178450524 14.821163491 -72.193723423 14.819880683 -72.193692717 14.819863206 -72.193754111 14.819823520 -72.193753161 14.814810353 -72.211346749 14.872953325 -72.212978585 14.872959519 -72.212957896 14.873152381 -72.212963278 14.877652633 -72.197914461 14.878236117 -72.197934475 14.878243894 -72.197911891 14.878433690 -72.197918398 14.883307299 -72.183748407 14.883809542 -72.183764134 14.883815623 -72.183742977 14.884007410 -72.183748982 14.889136335 -72.165885646 14.889067780 -72.165883794 14.889073547 -72.165863686 14.888989839 -72.165861425 14.888995938 -72.165840158 14.888650933 -72.165830838 14.889028009 -72.164564058 14.889171168 -72.164567881 14.889176350 -72.164548066 14.889368438 -72.164553197 14.893275452 -72.149606423 14.895388565 -72.149672586 14.895394711 -72.149651110 14.895584213 -72.149657043 14.900692342 -72.131793403 14.900624263 -72.131791564 14.900630101 -72.131771136 14.900545894 -72.131768861  POLYGON ICRS  14.843866802 -72.111358529 14.843872516 -72.111337832 14.793279166 -72.110058630 14.793581614 -72.108921324 14.792924936 -72.108906216 14.792966833 -72.108748656 14.735156907 -72.107410153 14.735101493 -72.107610370 14.734600237 -72.107598688 14.729740522 -72.125137600 14.730391628 -72.125155555 14.730349030 -72.125309170 14.782127508 -72.126729914 14.781966204 -72.127291379 14.838973380 -72.128923532 14.838979221 -72.128902420 14.839170514 -72.128907867 14.844012788 -72.111382939 14.843945247 -72.111381240 14.843950932 -72.111360645  POLYGON ICRS  14.787992297 -72.127870567 14.730039716 -72.126262866 14.729976465 -72.126465162 14.729483705 -72.126451416 14.724668823 -72.141835143 14.723694439 -72.141812413 14.723677105 -72.141874757 14.723633715 -72.141873745 14.719783527 -72.155709966 14.718867171 -72.155687519 14.718808990 -72.155888484 14.718309251 -72.155876236 14.713209461 -72.173467213 14.713864331 -72.173486069 14.713820056 -72.173638681 14.714432479 -72.173656311 14.714170984 -72.174487837 14.713577033 -72.174469481 14.713506651 -72.174673312 14.713017620 -72.174658198 14.707681777 -72.190097035 14.707343929 -72.190088750 14.707325714 -72.190151385 14.707281684 -72.190150305 14.702162180 -72.207741004 14.753958887 -72.209225645 14.753854276 -72.209613562 14.811083710 -72.211176161 14.811089400 -72.211156112 14.811282375 -72.211161352 14.815606606 -72.195911431 14.816697940 -72.195945751 14.816704859 -72.195924563 14.816893634 -72.195930500 14.821519585 -72.181755373 14.821822273 -72.181764477 14.821828319 -72.181743814 14.822020780 -72.181749601 14.827163233 -72.164152067 14.827095766 -72.164150263 14.827101650 -72.164130115 14.827017520 -72.164127864 14.827023640 -72.164106907 14.826674207 -72.164097559 14.826983221 -72.163002673 14.827305913 -72.163011866 14.827311522 -72.162991673 14.827502320 -72.162997110 14.831770029 -72.147623926 14.833514486 -72.147676366 14.833520471 -72.147655817 14.833709401 -72.147661498 14.838832227 -72.130063686 14.838764249 -72.130061868 14.838770228 -72.130041316 14.838684921 -72.130039034 14.838690921 -72.130018403 14.788426144 -72.128667793 14.788608374 -72.128043126 14.787947275 -72.128024886  POLYGON ICRS  14.674038455 -72.106144579 14.668958717 -72.123473657 14.669611533 -72.123492827 14.669566820 -72.123645238 14.726552773 -72.125310040 14.726609911 -72.125107934 14.727115641 -72.125122633 14.732064167 -72.107600531 14.731407145 -72.107583620 14.731451025 -72.107428172 14.674596394 -72.105955774 14.674537283 -72.106157567  POLYGON ICRS  14.726772283 -72.126277917 14.726110731 -72.126259840 14.726156568 -72.126105506 14.669121273 -72.124538249 14.669057128 -72.124740069 14.668564091 -72.124726450 14.663588142 -72.140369983 14.663020863 -72.140355211 14.663002499 -72.140417684 14.662958925 -72.140416549 14.658919306 -72.154149202 14.657719896 -72.154119603 14.657664792 -72.154320624 14.657161745 -72.154308207 14.652388288 -72.171702734 14.653039928 -72.171720998 14.652997785 -72.171874448 14.653349048 -72.171884292 14.653041899 -72.172845774 14.652557257 -72.172831733 14.652490929 -72.173034249 14.651998150 -72.173019967 14.646909495 -72.188538054 14.646083584 -72.188517659 14.646066224 -72.188580722 14.646019501 -72.188579569 14.641230298 -72.205973920 14.698439097 -72.207568186 14.698444938 -72.207548027 14.698633172 -72.207553249 14.703054342 -72.192293642 14.703870457 -72.192319792 14.703938417 -72.192115562 14.704439244 -72.192131601 14.709084276 -72.178154451 14.709353428 -72.178162703 14.709359516 -72.178142321 14.709548630 -72.178148120 14.714799968 -72.160553629 14.714733376 -72.160551808 14.714739617 -72.160530884 14.714658226 -72.160528658 14.714664626 -72.160507189 14.714353613 -72.160498688 14.714668911 -72.159405060 14.714950817 -72.159413254 14.714956804 -72.159392161 14.715147558 -72.159397704 14.719508353 -72.144015302 14.720977134 -72.144060350 14.721037577 -72.143857258 14.721543014 -72.143872753  POLYGON ICRS  15.229040211 -72.170180947 15.229033699 -72.170063032 15.172031743 -72.170289738 15.172036351 -72.170565392 15.171457710 -72.170567607 15.171750356 -72.188121018 15.172652452 -72.188119010 15.172655427 -72.188297081 15.230340433 -72.188160273 15.230321727 -72.187821962 15.230829912 -72.187820685 15.229856208 -72.170177592  POLYGON ICRS  15.110718764 -72.188013378 15.110713170 -72.188187661 15.168154574 -72.188299668 15.168152378 -72.187959625 15.168644229 -72.187960519 15.168533189 -72.170411932 15.167712170 -72.170411015 15.167711445 -72.170297514 15.110946073 -72.170226363 15.110937135 -72.170504845 15.110371503 -72.170504049 15.109806977 -72.188011454  POLYGON ICRS  15.172543705 -72.207106219 15.172544650 -72.207283207 15.231148847 -72.207246569 15.231130503 -72.206906671 15.231637933 -72.206906282 15.230672603 -72.188978066 15.229855718 -72.188980000 15.229849489 -72.188864258 15.172118260 -72.188992724 15.172119720 -72.189269331 15.171543808 -72.189270524 15.171636287 -72.207106641  POLYGON ICRS  15.109909666 -72.206932492 15.109898298 -72.207105495 15.168245824 -72.207333082 15.168251752 -72.206990931 15.168737759 -72.206992750 15.169044496 -72.189161383 15.168220538 -72.189158874 15.168222461 -72.189047127 15.110735327 -72.188863714 15.110717037 -72.189142978 15.110159805 -72.189141115 15.108992081 -72.206928779  POLYGON ICRS  14.757857723 -72.228545927 14.748923638 -72.243302068 14.805529172 -72.246582793 14.805586722 -72.246486077 14.805941773 -72.246506602 14.805999256 -72.246410004 14.806357820 -72.246430727 14.815956566 -72.230281371 14.818937693 -72.230384361 14.809334288 -72.246689677 14.866919369 -72.249921869 14.866974893 -72.249825871 14.867330884 -72.249845799 14.867386373 -72.249749869 14.867745347 -72.249769962 14.877901941 -72.232192524 14.866928935 -72.231625676 14.872918308 -72.214275755 14.872848515 -72.214273660 14.872855413 -72.214253657 14.872768902 -72.214251060 14.872776113 -72.214230147 14.814681882 -72.212477715 14.814661092 -72.212538796 14.814626035 -72.212537733 14.809112745 -72.228715319 14.805633486 -72.228525871 14.810870370 -72.212532786 14.810800678 -72.212530827 14.810807272 -72.212510674 14.810722414 -72.212508289 14.810729290 -72.212487275 14.760113817 -72.211057959 14.760238489 -72.210702762 14.760169733 -72.210700658 14.760176899 -72.210680244 14.760096608 -72.210677786 14.760103970 -72.210656811 14.702032021 -72.208870868 14.702010348 -72.208933408 14.701969751 -72.208932153 14.695903820 -72.226420289 14.753813238 -72.228448255 14.753820922 -72.228426404 14.754009359 -72.228432975 14.754012513 -72.228424008  POLYGON ICRS  14.640899203 -72.207229617 14.640878672 -72.207292055 14.640836270 -72.207290826 14.635308226 -72.224089742 14.635165689 -72.224586380 14.692185031 -72.226420965 14.692192080 -72.226399854 14.692380003 -72.226405874 14.698212715 -72.208924321 14.698144954 -72.208922377 14.698151963 -72.208901342 14.698072059 -72.208899050 14.698078937 -72.208878414  POLYGON ICRS  14.856018132 -72.268800486 14.856076959 -72.268703340 14.856430635 -72.268724802 14.867100851 -72.251089927 14.809503128 -72.247838730 14.809442928 -72.247934898 14.809088414 -72.247914835 14.809028364 -72.248010777 14.808675278 -72.247990790 14.797791057 -72.265359588 14.855602058 -72.268877094 14.855661565 -72.268778852  POLYGON ICRS  14.788507585 -72.276969785 14.778021503 -72.294339234 14.835659834 -72.297645785 14.835719804 -72.297548904 14.836073712 -72.297569149 14.836132959 -72.297473424 14.836489070 -72.297493796 14.847372146 -72.279893693 14.789336239 -72.276818002 14.789279201 -72.276912581 14.788920036 -72.276893492 14.788862646 -72.276988658  POLYGON ICRS  14.823430017 -72.316323374 14.823779065 -72.316345622 14.823844490 -72.316247585 14.824194584 -72.316269899 14.835845906 -72.298793169 14.778294528 -72.295367598 14.778230619 -72.295464235 14.777879125 -72.295443258 14.777814665 -72.295540726 14.777463398 -72.295519764 14.766051198 -72.312760099 14.823342460 -72.316420604 14.823364752 -72.316421176  POLYGON ICRS  14.748974040 -72.244386643 14.748913610 -72.244482393 14.748558907 -72.244462412 14.748498523 -72.244558084 14.748146988 -72.244538279 14.737302924 -72.261700764 14.794230230 -72.265092921 14.794289655 -72.264995659 14.794643671 -72.265016697 14.794702979 -72.264919614 14.795059295 -72.264940787 14.805659668 -72.247570966  POLYGON ICRS  14.774405080 -72.293965680 14.774760790 -72.293985759 14.774818552 -72.293889953 14.775175651 -72.293910110 14.785630047 -72.276552535 14.728532897 -72.273515568 14.728477326 -72.273610224 14.728118485 -72.273591082 14.728062649 -72.273686184 14.727703410 -72.273667023 14.717606457 -72.290850188 14.774347384 -72.294061387  POLYGON ICRS  14.762390729 -72.312560527 14.762736182 -72.312581543 14.762801002 -72.312481649 14.763161329 -72.312503571 14.774338196 -72.295263183 14.717642955 -72.291999253 14.717579293 -72.292098270 14.717216972 -72.292077357 14.717156969 -72.292170687 14.716811680 -72.292150754 14.705832594 -72.309209152 14.762329208 -72.312655323
2026-09-28 12:44:53,434 - jwst.resample.resample - INFO - 8 exposures to drizzle together
2026-09-28 12:44:55,853 - stcal.resample.resample - INFO - Resampling science and variance data
2026-09-28 12:44:59,900 - stcal.resample.resample - INFO - Resampling science and variance data
2026-09-28 12:45:03,853 - stcal.resample.resample - INFO - Resampling science and variance data
2026-09-28 12:45:07,803 - stcal.resample.resample - INFO - Resampling science and variance data
2026-09-28 12:45:11,777 - stcal.resample.resample - INFO - Resampling science and variance data
2026-09-28 12:45:15,835 - stcal.resample.resample - INFO - Resampling science and variance data
2026-09-28 12:45:19,806 - stcal.resample.resample - INFO - Resampling science and variance data
2026-09-28 12:45:23,826 - stcal.resample.resample - INFO - Resampling science and variance data
2026-09-28 12:45:25,711 - jwst.resample.resample - INFO - Assigning output S_REGION: POLYGON ICRS  14.842769378 -72.128920020 14.900724958 -72.130476455 14.900730350 -72.130455759 14.900920768 -72.130460844 14.905551475 -72.112669079 14.905481946 -72.112667519 14.905487472 -72.112646251 14.905404249 -72.112644385 14.905409641 -72.112623643 14.847579638 -72.111317782 14.847562990 -72.111379258 14.847525584 -72.111378407  POLYGON ICRS  14.900551704 -72.131748524 14.842577280 -72.130173828 14.842558332 -72.130235623 14.842521333 -72.130234613 14.837853085 -72.145449875 14.835942873 -72.145406411 14.835926013 -72.145468385 14.835882764 -72.145467401 14.832033290 -72.159615625 14.831581267 -72.159604811 14.831563682 -72.159666837 14.831523855 -72.159665885 14.826533431 -72.177259831 14.826869825 -72.177269316 14.826523266 -72.178393489 14.826403386 -72.178389855 14.826382469 -72.178451532 14.826349229 -72.178450524 14.821163491 -72.193723423 14.819880683 -72.193692717 14.819863206 -72.193754111 14.819823520 -72.193753161 14.814810353 -72.211346749 14.872953325 -72.212978585 14.872959519 -72.212957896 14.873152381 -72.212963278 14.877652633 -72.197914461 14.878236117 -72.197934475 14.878243894 -72.197911891 14.878433690 -72.197918398 14.883307299 -72.183748407 14.883809542 -72.183764134 14.883815623 -72.183742977 14.884007410 -72.183748982 14.889136335 -72.165885646 14.889067780 -72.165883794 14.889073547 -72.165863686 14.888989839 -72.165861425 14.888995938 -72.165840158 14.888650933 -72.165830838 14.889028009 -72.164564058 14.889171168 -72.164567881 14.889176350 -72.164548066 14.889368438 -72.164553197 14.893275452 -72.149606423 14.895388565 -72.149672586 14.895394711 -72.149651110 14.895584213 -72.149657043 14.900692342 -72.131793403 14.900624263 -72.131791564 14.900630101 -72.131771136 14.900545894 -72.131768861  POLYGON ICRS  14.843866802 -72.111358529 14.843872516 -72.111337832 14.793279166 -72.110058630 14.793581614 -72.108921324 14.792924936 -72.108906216 14.792966833 -72.108748656 14.735156907 -72.107410153 14.735101493 -72.107610370 14.734600237 -72.107598688 14.729740522 -72.125137600 14.730391628 -72.125155555 14.730349030 -72.125309170 14.782127508 -72.126729914 14.781966204 -72.127291379 14.838973380 -72.128923532 14.838979221 -72.128902420 14.839170514 -72.128907867 14.844012788 -72.111382939 14.843945247 -72.111381240 14.843950932 -72.111360645  POLYGON ICRS  14.787992297 -72.127870567 14.730039716 -72.126262866 14.729976465 -72.126465162 14.729483705 -72.126451416 14.724668823 -72.141835143 14.723694439 -72.141812413 14.723677105 -72.141874757 14.723633715 -72.141873745 14.719783527 -72.155709966 14.718867171 -72.155687519 14.718808990 -72.155888484 14.718309251 -72.155876236 14.713209461 -72.173467213 14.713864331 -72.173486069 14.713820056 -72.173638681 14.714432479 -72.173656311 14.714170984 -72.174487837 14.713577033 -72.174469481 14.713506651 -72.174673312 14.713017620 -72.174658198 14.707681777 -72.190097035 14.707343929 -72.190088750 14.707325714 -72.190151385 14.707281684 -72.190150305 14.702162180 -72.207741004 14.753958887 -72.209225645 14.753854276 -72.209613562 14.811083710 -72.211176161 14.811089400 -72.211156112 14.811282375 -72.211161352 14.815606606 -72.195911431 14.816697940 -72.195945751 14.816704859 -72.195924563 14.816893634 -72.195930500 14.821519585 -72.181755373 14.821822273 -72.181764477 14.821828319 -72.181743814 14.822020780 -72.181749601 14.827163233 -72.164152067 14.827095766 -72.164150263 14.827101650 -72.164130115 14.827017520 -72.164127864 14.827023640 -72.164106907 14.826674207 -72.164097559 14.826983221 -72.163002673 14.827305913 -72.163011866 14.827311522 -72.162991673 14.827502320 -72.162997110 14.831770029 -72.147623926 14.833514486 -72.147676366 14.833520471 -72.147655817 14.833709401 -72.147661498 14.838832227 -72.130063686 14.838764249 -72.130061868 14.838770228 -72.130041316 14.838684921 -72.130039034 14.838690921 -72.130018403 14.788426144 -72.128667793 14.788608374 -72.128043126 14.787947275 -72.128024886  POLYGON ICRS  14.674038455 -72.106144579 14.668958717 -72.123473657 14.669611533 -72.123492827 14.669566820 -72.123645238 14.726552773 -72.125310040 14.726609911 -72.125107934 14.727115641 -72.125122633 14.732064167 -72.107600531 14.731407145 -72.107583620 14.731451025 -72.107428172 14.674596394 -72.105955774 14.674537283 -72.106157567  POLYGON ICRS  14.726772283 -72.126277917 14.726110731 -72.126259840 14.726156568 -72.126105506 14.669121273 -72.124538249 14.669057128 -72.124740069 14.668564091 -72.124726450 14.663588142 -72.140369983 14.663020863 -72.140355211 14.663002499 -72.140417684 14.662958925 -72.140416549 14.658919306 -72.154149202 14.657719896 -72.154119603 14.657664792 -72.154320624 14.657161745 -72.154308207 14.652388288 -72.171702734 14.653039928 -72.171720998 14.652997785 -72.171874448 14.653349048 -72.171884292 14.653041899 -72.172845774 14.652557257 -72.172831733 14.652490929 -72.173034249 14.651998150 -72.173019967 14.646909495 -72.188538054 14.646083584 -72.188517659 14.646066224 -72.188580722 14.646019501 -72.188579569 14.641230298 -72.205973920 14.698439097 -72.207568186 14.698444938 -72.207548027 14.698633172 -72.207553249 14.703054342 -72.192293642 14.703870457 -72.192319792 14.703938417 -72.192115562 14.704439244 -72.192131601 14.709084276 -72.178154451 14.709353428 -72.178162703 14.709359516 -72.178142321 14.709548630 -72.178148120 14.714799968 -72.160553629 14.714733376 -72.160551808 14.714739617 -72.160530884 14.714658226 -72.160528658 14.714664626 -72.160507189 14.714353613 -72.160498688 14.714668911 -72.159405060 14.714950817 -72.159413254 14.714956804 -72.159392161 14.715147558 -72.159397704 14.719508353 -72.144015302 14.720977134 -72.144060350 14.721037577 -72.143857258 14.721543014 -72.143872753  POLYGON ICRS  15.229040211 -72.170180947 15.229033699 -72.170063032 15.172031743 -72.170289738 15.172036351 -72.170565392 15.171457710 -72.170567607 15.171750356 -72.188121018 15.172652452 -72.188119010 15.172655427 -72.188297081 15.230340433 -72.188160273 15.230321727 -72.187821962 15.230829912 -72.187820685 15.229856208 -72.170177592  POLYGON ICRS  15.110718764 -72.188013378 15.110713170 -72.188187661 15.168154574 -72.188299668 15.168152378 -72.187959625 15.168644229 -72.187960519 15.168533189 -72.170411932 15.167712170 -72.170411015 15.167711445 -72.170297514 15.110946073 -72.170226363 15.110937135 -72.170504845 15.110371503 -72.170504049 15.109806977 -72.188011454  POLYGON ICRS  15.172543705 -72.207106219 15.172544650 -72.207283207 15.231148847 -72.207246569 15.231130503 -72.206906671 15.231637933 -72.206906282 15.230672603 -72.188978066 15.229855718 -72.188980000 15.229849489 -72.188864258 15.172118260 -72.188992724 15.172119720 -72.189269331 15.171543808 -72.189270524 15.171636287 -72.207106641  POLYGON ICRS  15.109909666 -72.206932492 15.109898298 -72.207105495 15.168245824 -72.207333082 15.168251752 -72.206990931 15.168737759 -72.206992750 15.169044496 -72.189161383 15.168220538 -72.189158874 15.168222461 -72.189047127 15.110735327 -72.188863714 15.110717037 -72.189142978 15.110159805 -72.189141115 15.108992081 -72.206928779  POLYGON ICRS  14.757857723 -72.228545927 14.748923638 -72.243302068 14.805529172 -72.246582793 14.805586722 -72.246486077 14.805941773 -72.246506602 14.805999256 -72.246410004 14.806357820 -72.246430727 14.815956566 -72.230281371 14.818937693 -72.230384361 14.809334288 -72.246689677 14.866919369 -72.249921869 14.866974893 -72.249825871 14.867330884 -72.249845799 14.867386373 -72.249749869 14.867745347 -72.249769962 14.877901941 -72.232192524 14.866928935 -72.231625676 14.872918308 -72.214275755 14.872848515 -72.214273660 14.872855413 -72.214253657 14.872768902 -72.214251060 14.872776113 -72.214230147 14.814681882 -72.212477715 14.814661092 -72.212538796 14.814626035 -72.212537733 14.809112745 -72.228715319 14.805633486 -72.228525871 14.810870370 -72.212532786 14.810800678 -72.212530827 14.810807272 -72.212510674 14.810722414 -72.212508289 14.810729290 -72.212487275 14.760113817 -72.211057959 14.760238489 -72.210702762 14.760169733 -72.210700658 14.760176899 -72.210680244 14.760096608 -72.210677786 14.760103970 -72.210656811 14.702032021 -72.208870868 14.702010348 -72.208933408 14.701969751 -72.208932153 14.695903820 -72.226420289 14.753813238 -72.228448255 14.753820922 -72.228426404 14.754009359 -72.228432975 14.754012513 -72.228424008  POLYGON ICRS  14.640899203 -72.207229617 14.640878672 -72.207292055 14.640836270 -72.207290826 14.635308226 -72.224089742 14.635165689 -72.224586380 14.692185031 -72.226420965 14.692192080 -72.226399854 14.692380003 -72.226405874 14.698212715 -72.208924321 14.698144954 -72.208922377 14.698151963 -72.208901342 14.698072059 -72.208899050 14.698078937 -72.208878414  POLYGON ICRS  14.856018132 -72.268800486 14.856076959 -72.268703340 14.856430635 -72.268724802 14.867100851 -72.251089927 14.809503128 -72.247838730 14.809442928 -72.247934898 14.809088414 -72.247914835 14.809028364 -72.248010777 14.808675278 -72.247990790 14.797791057 -72.265359588 14.855602058 -72.268877094 14.855661565 -72.268778852  POLYGON ICRS  14.788507585 -72.276969785 14.778021503 -72.294339234 14.835659834 -72.297645785 14.835719804 -72.297548904 14.836073712 -72.297569149 14.836132959 -72.297473424 14.836489070 -72.297493796 14.847372146 -72.279893693 14.789336239 -72.276818002 14.789279201 -72.276912581 14.788920036 -72.276893492 14.788862646 -72.276988658  POLYGON ICRS  14.823430017 -72.316323374 14.823779065 -72.316345622 14.823844490 -72.316247585 14.824194584 -72.316269899 14.835845906 -72.298793169 14.778294528 -72.295367598 14.778230619 -72.295464235 14.777879125 -72.295443258 14.777814665 -72.295540726 14.777463398 -72.295519764 14.766051198 -72.312760099 14.823342460 -72.316420604 14.823364752 -72.316421176  POLYGON ICRS  14.748974040 -72.244386643 14.748913610 -72.244482393 14.748558907 -72.244462412 14.748498523 -72.244558084 14.748146988 -72.244538279 14.737302924 -72.261700764 14.794230230 -72.265092921 14.794289655 -72.264995659 14.794643671 -72.265016697 14.794702979 -72.264919614 14.795059295 -72.264940787 14.805659668 -72.247570966  POLYGON ICRS  14.774405080 -72.293965680 14.774760790 -72.293985759 14.774818552 -72.293889953 14.775175651 -72.293910110 14.785630047 -72.276552535 14.728532897 -72.273515568 14.728477326 -72.273610224 14.728118485 -72.273591082 14.728062649 -72.273686184 14.727703410 -72.273667023 14.717606457 -72.290850188 14.774347384 -72.294061387  POLYGON ICRS  14.762390729 -72.312560527 14.762736182 -72.312581543 14.762801002 -72.312481649 14.763161329 -72.312503571 14.774338196 -72.295263183 14.717642955 -72.291999253 14.717579293 -72.292098270 14.717216972 -72.292077357 14.717156969 -72.292170687 14.716811680 -72.292150754 14.705832594 -72.309209152 14.762329208 -72.312655323
2026-09-28 12:45:29,181 - jwst.resample.resample - INFO - 8 exposures to drizzle together
2026-09-28 12:45:31,543 - stcal.resample.resample - INFO - Resampling science and variance data
2026-09-28 12:45:35,599 - stcal.resample.resample - INFO - Resampling science and variance data
2026-09-28 12:45:39,561 - stcal.resample.resample - INFO - Resampling science and variance data
2026-09-28 12:45:43,594 - stcal.resample.resample - INFO - Resampling science and variance data
2026-09-28 12:45:47,610 - stcal.resample.resample - INFO - Resampling science and variance data
2026-09-28 12:45:51,583 - stcal.resample.resample - INFO - Resampling science and variance data
2026-09-28 12:45:55,694 - stcal.resample.resample - INFO - Resampling science and variance data
2026-09-28 12:45:59,696 - stcal.resample.resample - INFO - Resampling science and variance data
2026-09-28 12:46:01,603 - jwst.resample.resample - INFO - Assigning output S_REGION: POLYGON ICRS  14.842769378 -72.128920020 14.900724958 -72.130476455 14.900730350 -72.130455759 14.900920768 -72.130460844 14.905551475 -72.112669079 14.905481946 -72.112667519 14.905487472 -72.112646251 14.905404249 -72.112644385 14.905409641 -72.112623643 14.847579638 -72.111317782 14.847562990 -72.111379258 14.847525584 -72.111378407  POLYGON ICRS  14.900551704 -72.131748524 14.842577280 -72.130173828 14.842558332 -72.130235623 14.842521333 -72.130234613 14.837853085 -72.145449875 14.835942873 -72.145406411 14.835926013 -72.145468385 14.835882764 -72.145467401 14.832033290 -72.159615625 14.831581267 -72.159604811 14.831563682 -72.159666837 14.831523855 -72.159665885 14.826533431 -72.177259831 14.826869825 -72.177269316 14.826523266 -72.178393489 14.826403386 -72.178389855 14.826382469 -72.178451532 14.826349229 -72.178450524 14.821163491 -72.193723423 14.819880683 -72.193692717 14.819863206 -72.193754111 14.819823520 -72.193753161 14.814810353 -72.211346749 14.872953325 -72.212978585 14.872959519 -72.212957896 14.873152381 -72.212963278 14.877652633 -72.197914461 14.878236117 -72.197934475 14.878243894 -72.197911891 14.878433690 -72.197918398 14.883307299 -72.183748407 14.883809542 -72.183764134 14.883815623 -72.183742977 14.884007410 -72.183748982 14.889136335 -72.165885646 14.889067780 -72.165883794 14.889073547 -72.165863686 14.888989839 -72.165861425 14.888995938 -72.165840158 14.888650933 -72.165830838 14.889028009 -72.164564058 14.889171168 -72.164567881 14.889176350 -72.164548066 14.889368438 -72.164553197 14.893275452 -72.149606423 14.895388565 -72.149672586 14.895394711 -72.149651110 14.895584213 -72.149657043 14.900692342 -72.131793403 14.900624263 -72.131791564 14.900630101 -72.131771136 14.900545894 -72.131768861  POLYGON ICRS  14.843866802 -72.111358529 14.843872516 -72.111337832 14.793279166 -72.110058630 14.793581614 -72.108921324 14.792924936 -72.108906216 14.792966833 -72.108748656 14.735156907 -72.107410153 14.735101493 -72.107610370 14.734600237 -72.107598688 14.729740522 -72.125137600 14.730391628 -72.125155555 14.730349030 -72.125309170 14.782127508 -72.126729914 14.781966204 -72.127291379 14.838973380 -72.128923532 14.838979221 -72.128902420 14.839170514 -72.128907867 14.844012788 -72.111382939 14.843945247 -72.111381240 14.843950932 -72.111360645  POLYGON ICRS  14.787992297 -72.127870567 14.730039716 -72.126262866 14.729976465 -72.126465162 14.729483705 -72.126451416 14.724668823 -72.141835143 14.723694439 -72.141812413 14.723677105 -72.141874757 14.723633715 -72.141873745 14.719783527 -72.155709966 14.718867171 -72.155687519 14.718808990 -72.155888484 14.718309251 -72.155876236 14.713209461 -72.173467213 14.713864331 -72.173486069 14.713820056 -72.173638681 14.714432479 -72.173656311 14.714170984 -72.174487837 14.713577033 -72.174469481 14.713506651 -72.174673312 14.713017620 -72.174658198 14.707681777 -72.190097035 14.707343929 -72.190088750 14.707325714 -72.190151385 14.707281684 -72.190150305 14.702162180 -72.207741004 14.753958887 -72.209225645 14.753854276 -72.209613562 14.811083710 -72.211176161 14.811089400 -72.211156112 14.811282375 -72.211161352 14.815606606 -72.195911431 14.816697940 -72.195945751 14.816704859 -72.195924563 14.816893634 -72.195930500 14.821519585 -72.181755373 14.821822273 -72.181764477 14.821828319 -72.181743814 14.822020780 -72.181749601 14.827163233 -72.164152067 14.827095766 -72.164150263 14.827101650 -72.164130115 14.827017520 -72.164127864 14.827023640 -72.164106907 14.826674207 -72.164097559 14.826983221 -72.163002673 14.827305913 -72.163011866 14.827311522 -72.162991673 14.827502320 -72.162997110 14.831770029 -72.147623926 14.833514486 -72.147676366 14.833520471 -72.147655817 14.833709401 -72.147661498 14.838832227 -72.130063686 14.838764249 -72.130061868 14.838770228 -72.130041316 14.838684921 -72.130039034 14.838690921 -72.130018403 14.788426144 -72.128667793 14.788608374 -72.128043126 14.787947275 -72.128024886  POLYGON ICRS  14.674038455 -72.106144579 14.668958717 -72.123473657 14.669611533 -72.123492827 14.669566820 -72.123645238 14.726552773 -72.125310040 14.726609911 -72.125107934 14.727115641 -72.125122633 14.732064167 -72.107600531 14.731407145 -72.107583620 14.731451025 -72.107428172 14.674596394 -72.105955774 14.674537283 -72.106157567  POLYGON ICRS  14.726772283 -72.126277917 14.726110731 -72.126259840 14.726156568 -72.126105506 14.669121273 -72.124538249 14.669057128 -72.124740069 14.668564091 -72.124726450 14.663588142 -72.140369983 14.663020863 -72.140355211 14.663002499 -72.140417684 14.662958925 -72.140416549 14.658919306 -72.154149202 14.657719896 -72.154119603 14.657664792 -72.154320624 14.657161745 -72.154308207 14.652388288 -72.171702734 14.653039928 -72.171720998 14.652997785 -72.171874448 14.653349048 -72.171884292 14.653041899 -72.172845774 14.652557257 -72.172831733 14.652490929 -72.173034249 14.651998150 -72.173019967 14.646909495 -72.188538054 14.646083584 -72.188517659 14.646066224 -72.188580722 14.646019501 -72.188579569 14.641230298 -72.205973920 14.698439097 -72.207568186 14.698444938 -72.207548027 14.698633172 -72.207553249 14.703054342 -72.192293642 14.703870457 -72.192319792 14.703938417 -72.192115562 14.704439244 -72.192131601 14.709084276 -72.178154451 14.709353428 -72.178162703 14.709359516 -72.178142321 14.709548630 -72.178148120 14.714799968 -72.160553629 14.714733376 -72.160551808 14.714739617 -72.160530884 14.714658226 -72.160528658 14.714664626 -72.160507189 14.714353613 -72.160498688 14.714668911 -72.159405060 14.714950817 -72.159413254 14.714956804 -72.159392161 14.715147558 -72.159397704 14.719508353 -72.144015302 14.720977134 -72.144060350 14.721037577 -72.143857258 14.721543014 -72.143872753  POLYGON ICRS  15.229040211 -72.170180947 15.229033699 -72.170063032 15.172031743 -72.170289738 15.172036351 -72.170565392 15.171457710 -72.170567607 15.171750356 -72.188121018 15.172652452 -72.188119010 15.172655427 -72.188297081 15.230340433 -72.188160273 15.230321727 -72.187821962 15.230829912 -72.187820685 15.229856208 -72.170177592  POLYGON ICRS  15.110718764 -72.188013378 15.110713170 -72.188187661 15.168154574 -72.188299668 15.168152378 -72.187959625 15.168644229 -72.187960519 15.168533189 -72.170411932 15.167712170 -72.170411015 15.167711445 -72.170297514 15.110946073 -72.170226363 15.110937135 -72.170504845 15.110371503 -72.170504049 15.109806977 -72.188011454  POLYGON ICRS  15.172543705 -72.207106219 15.172544650 -72.207283207 15.231148847 -72.207246569 15.231130503 -72.206906671 15.231637933 -72.206906282 15.230672603 -72.188978066 15.229855718 -72.188980000 15.229849489 -72.188864258 15.172118260 -72.188992724 15.172119720 -72.189269331 15.171543808 -72.189270524 15.171636287 -72.207106641  POLYGON ICRS  15.109909666 -72.206932492 15.109898298 -72.207105495 15.168245824 -72.207333082 15.168251752 -72.206990931 15.168737759 -72.206992750 15.169044496 -72.189161383 15.168220538 -72.189158874 15.168222461 -72.189047127 15.110735327 -72.188863714 15.110717037 -72.189142978 15.110159805 -72.189141115 15.108992081 -72.206928779  POLYGON ICRS  14.757857723 -72.228545927 14.748923638 -72.243302068 14.805529172 -72.246582793 14.805586722 -72.246486077 14.805941773 -72.246506602 14.805999256 -72.246410004 14.806357820 -72.246430727 14.815956566 -72.230281371 14.818937693 -72.230384361 14.809334288 -72.246689677 14.866919369 -72.249921869 14.866974893 -72.249825871 14.867330884 -72.249845799 14.867386373 -72.249749869 14.867745347 -72.249769962 14.877901941 -72.232192524 14.866928935 -72.231625676 14.872918308 -72.214275755 14.872848515 -72.214273660 14.872855413 -72.214253657 14.872768902 -72.214251060 14.872776113 -72.214230147 14.814681882 -72.212477715 14.814661092 -72.212538796 14.814626035 -72.212537733 14.809112745 -72.228715319 14.805633486 -72.228525871 14.810870370 -72.212532786 14.810800678 -72.212530827 14.810807272 -72.212510674 14.810722414 -72.212508289 14.810729290 -72.212487275 14.760113817 -72.211057959 14.760238489 -72.210702762 14.760169733 -72.210700658 14.760176899 -72.210680244 14.760096608 -72.210677786 14.760103970 -72.210656811 14.702032021 -72.208870868 14.702010348 -72.208933408 14.701969751 -72.208932153 14.695903820 -72.226420289 14.753813238 -72.228448255 14.753820922 -72.228426404 14.754009359 -72.228432975 14.754012513 -72.228424008  POLYGON ICRS  14.640899203 -72.207229617 14.640878672 -72.207292055 14.640836270 -72.207290826 14.635308226 -72.224089742 14.635165689 -72.224586380 14.692185031 -72.226420965 14.692192080 -72.226399854 14.692380003 -72.226405874 14.698212715 -72.208924321 14.698144954 -72.208922377 14.698151963 -72.208901342 14.698072059 -72.208899050 14.698078937 -72.208878414  POLYGON ICRS  14.856018132 -72.268800486 14.856076959 -72.268703340 14.856430635 -72.268724802 14.867100851 -72.251089927 14.809503128 -72.247838730 14.809442928 -72.247934898 14.809088414 -72.247914835 14.809028364 -72.248010777 14.808675278 -72.247990790 14.797791057 -72.265359588 14.855602058 -72.268877094 14.855661565 -72.268778852  POLYGON ICRS  14.788507585 -72.276969785 14.778021503 -72.294339234 14.835659834 -72.297645785 14.835719804 -72.297548904 14.836073712 -72.297569149 14.836132959 -72.297473424 14.836489070 -72.297493796 14.847372146 -72.279893693 14.789336239 -72.276818002 14.789279201 -72.276912581 14.788920036 -72.276893492 14.788862646 -72.276988658  POLYGON ICRS  14.823430017 -72.316323374 14.823779065 -72.316345622 14.823844490 -72.316247585 14.824194584 -72.316269899 14.835845906 -72.298793169 14.778294528 -72.295367598 14.778230619 -72.295464235 14.777879125 -72.295443258 14.777814665 -72.295540726 14.777463398 -72.295519764 14.766051198 -72.312760099 14.823342460 -72.316420604 14.823364752 -72.316421176  POLYGON ICRS  14.748974040 -72.244386643 14.748913610 -72.244482393 14.748558907 -72.244462412 14.748498523 -72.244558084 14.748146988 -72.244538279 14.737302924 -72.261700764 14.794230230 -72.265092921 14.794289655 -72.264995659 14.794643671 -72.265016697 14.794702979 -72.264919614 14.795059295 -72.264940787 14.805659668 -72.247570966  POLYGON ICRS  14.774405080 -72.293965680 14.774760790 -72.293985759 14.774818552 -72.293889953 14.775175651 -72.293910110 14.785630047 -72.276552535 14.728532897 -72.273515568 14.728477326 -72.273610224 14.728118485 -72.273591082 14.728062649 -72.273686184 14.727703410 -72.273667023 14.717606457 -72.290850188 14.774347384 -72.294061387  POLYGON ICRS  14.762390729 -72.312560527 14.762736182 -72.312581543 14.762801002 -72.312481649 14.763161329 -72.312503571 14.774338196 -72.295263183 14.717642955 -72.291999253 14.717579293 -72.292098270 14.717216972 -72.292077357 14.717156969 -72.292170687 14.716811680 -72.292150754 14.705832594 -72.309209152 14.762329208 -72.312655323
2026-09-28 12:46:05,022 - jwst.resample.resample - INFO - 8 exposures to drizzle together
2026-09-28 12:46:07,443 - stcal.resample.resample - INFO - Resampling science and variance data
2026-09-28 12:46:11,484 - stcal.resample.resample - INFO - Resampling science and variance data
2026-09-28 12:46:15,469 - stcal.resample.resample - INFO - Resampling science and variance data
2026-09-28 12:46:19,458 - stcal.resample.resample - INFO - Resampling science and variance data
2026-09-28 12:46:23,401 - stcal.resample.resample - INFO - Resampling science and variance data
2026-09-28 12:46:27,383 - stcal.resample.resample - INFO - Resampling science and variance data
2026-09-28 12:46:31,375 - stcal.resample.resample - INFO - Resampling science and variance data
2026-09-28 12:46:35,311 - stcal.resample.resample - INFO - Resampling science and variance data
2026-09-28 12:46:37,209 - jwst.resample.resample - INFO - Assigning output S_REGION: POLYGON ICRS  14.842769378 -72.128920020 14.900724958 -72.130476455 14.900730350 -72.130455759 14.900920768 -72.130460844 14.905551475 -72.112669079 14.905481946 -72.112667519 14.905487472 -72.112646251 14.905404249 -72.112644385 14.905409641 -72.112623643 14.847579638 -72.111317782 14.847562990 -72.111379258 14.847525584 -72.111378407  POLYGON ICRS  14.900551704 -72.131748524 14.842577280 -72.130173828 14.842558332 -72.130235623 14.842521333 -72.130234613 14.837853085 -72.145449875 14.835942873 -72.145406411 14.835926013 -72.145468385 14.835882764 -72.145467401 14.832033290 -72.159615625 14.831581267 -72.159604811 14.831563682 -72.159666837 14.831523855 -72.159665885 14.826533431 -72.177259831 14.826869825 -72.177269316 14.826523266 -72.178393489 14.826403386 -72.178389855 14.826382469 -72.178451532 14.826349229 -72.178450524 14.821163491 -72.193723423 14.819880683 -72.193692717 14.819863206 -72.193754111 14.819823520 -72.193753161 14.814810353 -72.211346749 14.872953325 -72.212978585 14.872959519 -72.212957896 14.873152381 -72.212963278 14.877652633 -72.197914461 14.878236117 -72.197934475 14.878243894 -72.197911891 14.878433690 -72.197918398 14.883307299 -72.183748407 14.883809542 -72.183764134 14.883815623 -72.183742977 14.884007410 -72.183748982 14.889136335 -72.165885646 14.889067780 -72.165883794 14.889073547 -72.165863686 14.888989839 -72.165861425 14.888995938 -72.165840158 14.888650933 -72.165830838 14.889028009 -72.164564058 14.889171168 -72.164567881 14.889176350 -72.164548066 14.889368438 -72.164553197 14.893275452 -72.149606423 14.895388565 -72.149672586 14.895394711 -72.149651110 14.895584213 -72.149657043 14.900692342 -72.131793403 14.900624263 -72.131791564 14.900630101 -72.131771136 14.900545894 -72.131768861  POLYGON ICRS  14.843866802 -72.111358529 14.843872516 -72.111337832 14.793279166 -72.110058630 14.793581614 -72.108921324 14.792924936 -72.108906216 14.792966833 -72.108748656 14.735156907 -72.107410153 14.735101493 -72.107610370 14.734600237 -72.107598688 14.729740522 -72.125137600 14.730391628 -72.125155555 14.730349030 -72.125309170 14.782127508 -72.126729914 14.781966204 -72.127291379 14.838973380 -72.128923532 14.838979221 -72.128902420 14.839170514 -72.128907867 14.844012788 -72.111382939 14.843945247 -72.111381240 14.843950932 -72.111360645  POLYGON ICRS  14.787992297 -72.127870567 14.730039716 -72.126262866 14.729976465 -72.126465162 14.729483705 -72.126451416 14.724668823 -72.141835143 14.723694439 -72.141812413 14.723677105 -72.141874757 14.723633715 -72.141873745 14.719783527 -72.155709966 14.718867171 -72.155687519 14.718808990 -72.155888484 14.718309251 -72.155876236 14.713209461 -72.173467213 14.713864331 -72.173486069 14.713820056 -72.173638681 14.714432479 -72.173656311 14.714170984 -72.174487837 14.713577033 -72.174469481 14.713506651 -72.174673312 14.713017620 -72.174658198 14.707681777 -72.190097035 14.707343929 -72.190088750 14.707325714 -72.190151385 14.707281684 -72.190150305 14.702162180 -72.207741004 14.753958887 -72.209225645 14.753854276 -72.209613562 14.811083710 -72.211176161 14.811089400 -72.211156112 14.811282375 -72.211161352 14.815606606 -72.195911431 14.816697940 -72.195945751 14.816704859 -72.195924563 14.816893634 -72.195930500 14.821519585 -72.181755373 14.821822273 -72.181764477 14.821828319 -72.181743814 14.822020780 -72.181749601 14.827163233 -72.164152067 14.827095766 -72.164150263 14.827101650 -72.164130115 14.827017520 -72.164127864 14.827023640 -72.164106907 14.826674207 -72.164097559 14.826983221 -72.163002673 14.827305913 -72.163011866 14.827311522 -72.162991673 14.827502320 -72.162997110 14.831770029 -72.147623926 14.833514486 -72.147676366 14.833520471 -72.147655817 14.833709401 -72.147661498 14.838832227 -72.130063686 14.838764249 -72.130061868 14.838770228 -72.130041316 14.838684921 -72.130039034 14.838690921 -72.130018403 14.788426144 -72.128667793 14.788608374 -72.128043126 14.787947275 -72.128024886  POLYGON ICRS  14.674038455 -72.106144579 14.668958717 -72.123473657 14.669611533 -72.123492827 14.669566820 -72.123645238 14.726552773 -72.125310040 14.726609911 -72.125107934 14.727115641 -72.125122633 14.732064167 -72.107600531 14.731407145 -72.107583620 14.731451025 -72.107428172 14.674596394 -72.105955774 14.674537283 -72.106157567  POLYGON ICRS  14.726772283 -72.126277917 14.726110731 -72.126259840 14.726156568 -72.126105506 14.669121273 -72.124538249 14.669057128 -72.124740069 14.668564091 -72.124726450 14.663588142 -72.140369983 14.663020863 -72.140355211 14.663002499 -72.140417684 14.662958925 -72.140416549 14.658919306 -72.154149202 14.657719896 -72.154119603 14.657664792 -72.154320624 14.657161745 -72.154308207 14.652388288 -72.171702734 14.653039928 -72.171720998 14.652997785 -72.171874448 14.653349048 -72.171884292 14.653041899 -72.172845774 14.652557257 -72.172831733 14.652490929 -72.173034249 14.651998150 -72.173019967 14.646909495 -72.188538054 14.646083584 -72.188517659 14.646066224 -72.188580722 14.646019501 -72.188579569 14.641230298 -72.205973920 14.698439097 -72.207568186 14.698444938 -72.207548027 14.698633172 -72.207553249 14.703054342 -72.192293642 14.703870457 -72.192319792 14.703938417 -72.192115562 14.704439244 -72.192131601 14.709084276 -72.178154451 14.709353428 -72.178162703 14.709359516 -72.178142321 14.709548630 -72.178148120 14.714799968 -72.160553629 14.714733376 -72.160551808 14.714739617 -72.160530884 14.714658226 -72.160528658 14.714664626 -72.160507189 14.714353613 -72.160498688 14.714668911 -72.159405060 14.714950817 -72.159413254 14.714956804 -72.159392161 14.715147558 -72.159397704 14.719508353 -72.144015302 14.720977134 -72.144060350 14.721037577 -72.143857258 14.721543014 -72.143872753  POLYGON ICRS  15.229040211 -72.170180947 15.229033699 -72.170063032 15.172031743 -72.170289738 15.172036351 -72.170565392 15.171457710 -72.170567607 15.171750356 -72.188121018 15.172652452 -72.188119010 15.172655427 -72.188297081 15.230340433 -72.188160273 15.230321727 -72.187821962 15.230829912 -72.187820685 15.229856208 -72.170177592  POLYGON ICRS  15.110718764 -72.188013378 15.110713170 -72.188187661 15.168154574 -72.188299668 15.168152378 -72.187959625 15.168644229 -72.187960519 15.168533189 -72.170411932 15.167712170 -72.170411015 15.167711445 -72.170297514 15.110946073 -72.170226363 15.110937135 -72.170504845 15.110371503 -72.170504049 15.109806977 -72.188011454  POLYGON ICRS  15.172543705 -72.207106219 15.172544650 -72.207283207 15.231148847 -72.207246569 15.231130503 -72.206906671 15.231637933 -72.206906282 15.230672603 -72.188978066 15.229855718 -72.188980000 15.229849489 -72.188864258 15.172118260 -72.188992724 15.172119720 -72.189269331 15.171543808 -72.189270524 15.171636287 -72.207106641  POLYGON ICRS  15.109909666 -72.206932492 15.109898298 -72.207105495 15.168245824 -72.207333082 15.168251752 -72.206990931 15.168737759 -72.206992750 15.169044496 -72.189161383 15.168220538 -72.189158874 15.168222461 -72.189047127 15.110735327 -72.188863714 15.110717037 -72.189142978 15.110159805 -72.189141115 15.108992081 -72.206928779  POLYGON ICRS  14.757857723 -72.228545927 14.748923638 -72.243302068 14.805529172 -72.246582793 14.805586722 -72.246486077 14.805941773 -72.246506602 14.805999256 -72.246410004 14.806357820 -72.246430727 14.815956566 -72.230281371 14.818937693 -72.230384361 14.809334288 -72.246689677 14.866919369 -72.249921869 14.866974893 -72.249825871 14.867330884 -72.249845799 14.867386373 -72.249749869 14.867745347 -72.249769962 14.877901941 -72.232192524 14.866928935 -72.231625676 14.872918308 -72.214275755 14.872848515 -72.214273660 14.872855413 -72.214253657 14.872768902 -72.214251060 14.872776113 -72.214230147 14.814681882 -72.212477715 14.814661092 -72.212538796 14.814626035 -72.212537733 14.809112745 -72.228715319 14.805633486 -72.228525871 14.810870370 -72.212532786 14.810800678 -72.212530827 14.810807272 -72.212510674 14.810722414 -72.212508289 14.810729290 -72.212487275 14.760113817 -72.211057959 14.760238489 -72.210702762 14.760169733 -72.210700658 14.760176899 -72.210680244 14.760096608 -72.210677786 14.760103970 -72.210656811 14.702032021 -72.208870868 14.702010348 -72.208933408 14.701969751 -72.208932153 14.695903820 -72.226420289 14.753813238 -72.228448255 14.753820922 -72.228426404 14.754009359 -72.228432975 14.754012513 -72.228424008  POLYGON ICRS  14.640899203 -72.207229617 14.640878672 -72.207292055 14.640836270 -72.207290826 14.635308226 -72.224089742 14.635165689 -72.224586380 14.692185031 -72.226420965 14.692192080 -72.226399854 14.692380003 -72.226405874 14.698212715 -72.208924321 14.698144954 -72.208922377 14.698151963 -72.208901342 14.698072059 -72.208899050 14.698078937 -72.208878414  POLYGON ICRS  14.856018132 -72.268800486 14.856076959 -72.268703340 14.856430635 -72.268724802 14.867100851 -72.251089927 14.809503128 -72.247838730 14.809442928 -72.247934898 14.809088414 -72.247914835 14.809028364 -72.248010777 14.808675278 -72.247990790 14.797791057 -72.265359588 14.855602058 -72.268877094 14.855661565 -72.268778852  POLYGON ICRS  14.788507585 -72.276969785 14.778021503 -72.294339234 14.835659834 -72.297645785 14.835719804 -72.297548904 14.836073712 -72.297569149 14.836132959 -72.297473424 14.836489070 -72.297493796 14.847372146 -72.279893693 14.789336239 -72.276818002 14.789279201 -72.276912581 14.788920036 -72.276893492 14.788862646 -72.276988658  POLYGON ICRS  14.823430017 -72.316323374 14.823779065 -72.316345622 14.823844490 -72.316247585 14.824194584 -72.316269899 14.835845906 -72.298793169 14.778294528 -72.295367598 14.778230619 -72.295464235 14.777879125 -72.295443258 14.777814665 -72.295540726 14.777463398 -72.295519764 14.766051198 -72.312760099 14.823342460 -72.316420604 14.823364752 -72.316421176  POLYGON ICRS  14.748974040 -72.244386643 14.748913610 -72.244482393 14.748558907 -72.244462412 14.748498523 -72.244558084 14.748146988 -72.244538279 14.737302924 -72.261700764 14.794230230 -72.265092921 14.794289655 -72.264995659 14.794643671 -72.265016697 14.794702979 -72.264919614 14.795059295 -72.264940787 14.805659668 -72.247570966  POLYGON ICRS  14.774405080 -72.293965680 14.774760790 -72.293985759 14.774818552 -72.293889953 14.775175651 -72.293910110 14.785630047 -72.276552535 14.728532897 -72.273515568 14.728477326 -72.273610224 14.728118485 -72.273591082 14.728062649 -72.273686184 14.727703410 -72.273667023 14.717606457 -72.290850188 14.774347384 -72.294061387  POLYGON ICRS  14.762390729 -72.312560527 14.762736182 -72.312581543 14.762801002 -72.312481649 14.763161329 -72.312503571 14.774338196 -72.295263183 14.717642955 -72.291999253 14.717579293 -72.292098270 14.717216972 -72.292077357 14.717156969 -72.292170687 14.716811680 -72.292150754 14.705832594 -72.309209152 14.762329208 -72.312655323
2026-09-28 12:46:41,013 - jwst.resample.resample - INFO - 8 exposures to drizzle together
2026-09-28 12:46:43,449 - stcal.resample.resample - INFO - Resampling science and variance data
2026-09-28 12:46:47,506 - stcal.resample.resample - INFO - Resampling science and variance data
2026-09-28 12:46:51,532 - stcal.resample.resample - INFO - Resampling science and variance data
2026-09-28 12:46:55,525 - stcal.resample.resample - INFO - Resampling science and variance data
2026-09-28 12:46:59,546 - stcal.resample.resample - INFO - Resampling science and variance data
2026-09-28 12:47:03,553 - stcal.resample.resample - INFO - Resampling science and variance data
2026-09-28 12:47:07,531 - stcal.resample.resample - INFO - Resampling science and variance data
2026-09-28 12:47:11,569 - stcal.resample.resample - INFO - Resampling science and variance data
2026-09-28 12:47:13,484 - jwst.resample.resample - INFO - Assigning output S_REGION: POLYGON ICRS  14.842769378 -72.128920020 14.900724958 -72.130476455 14.900730350 -72.130455759 14.900920768 -72.130460844 14.905551475 -72.112669079 14.905481946 -72.112667519 14.905487472 -72.112646251 14.905404249 -72.112644385 14.905409641 -72.112623643 14.847579638 -72.111317782 14.847562990 -72.111379258 14.847525584 -72.111378407  POLYGON ICRS  14.900551704 -72.131748524 14.842577280 -72.130173828 14.842558332 -72.130235623 14.842521333 -72.130234613 14.837853085 -72.145449875 14.835942873 -72.145406411 14.835926013 -72.145468385 14.835882764 -72.145467401 14.832033290 -72.159615625 14.831581267 -72.159604811 14.831563682 -72.159666837 14.831523855 -72.159665885 14.826533431 -72.177259831 14.826869825 -72.177269316 14.826523266 -72.178393489 14.826403386 -72.178389855 14.826382469 -72.178451532 14.826349229 -72.178450524 14.821163491 -72.193723423 14.819880683 -72.193692717 14.819863206 -72.193754111 14.819823520 -72.193753161 14.814810353 -72.211346749 14.872953325 -72.212978585 14.872959519 -72.212957896 14.873152381 -72.212963278 14.877652633 -72.197914461 14.878236117 -72.197934475 14.878243894 -72.197911891 14.878433690 -72.197918398 14.883307299 -72.183748407 14.883809542 -72.183764134 14.883815623 -72.183742977 14.884007410 -72.183748982 14.889136335 -72.165885646 14.889067780 -72.165883794 14.889073547 -72.165863686 14.888989839 -72.165861425 14.888995938 -72.165840158 14.888650933 -72.165830838 14.889028009 -72.164564058 14.889171168 -72.164567881 14.889176350 -72.164548066 14.889368438 -72.164553197 14.893275452 -72.149606423 14.895388565 -72.149672586 14.895394711 -72.149651110 14.895584213 -72.149657043 14.900692342 -72.131793403 14.900624263 -72.131791564 14.900630101 -72.131771136 14.900545894 -72.131768861  POLYGON ICRS  14.843866802 -72.111358529 14.843872516 -72.111337832 14.793279166 -72.110058630 14.793581614 -72.108921324 14.792924936 -72.108906216 14.792966833 -72.108748656 14.735156907 -72.107410153 14.735101493 -72.107610370 14.734600237 -72.107598688 14.729740522 -72.125137600 14.730391628 -72.125155555 14.730349030 -72.125309170 14.782127508 -72.126729914 14.781966204 -72.127291379 14.838973380 -72.128923532 14.838979221 -72.128902420 14.839170514 -72.128907867 14.844012788 -72.111382939 14.843945247 -72.111381240 14.843950932 -72.111360645  POLYGON ICRS  14.787992297 -72.127870567 14.730039716 -72.126262866 14.729976465 -72.126465162 14.729483705 -72.126451416 14.724668823 -72.141835143 14.723694439 -72.141812413 14.723677105 -72.141874757 14.723633715 -72.141873745 14.719783527 -72.155709966 14.718867171 -72.155687519 14.718808990 -72.155888484 14.718309251 -72.155876236 14.713209461 -72.173467213 14.713864331 -72.173486069 14.713820056 -72.173638681 14.714432479 -72.173656311 14.714170984 -72.174487837 14.713577033 -72.174469481 14.713506651 -72.174673312 14.713017620 -72.174658198 14.707681777 -72.190097035 14.707343929 -72.190088750 14.707325714 -72.190151385 14.707281684 -72.190150305 14.702162180 -72.207741004 14.753958887 -72.209225645 14.753854276 -72.209613562 14.811083710 -72.211176161 14.811089400 -72.211156112 14.811282375 -72.211161352 14.815606606 -72.195911431 14.816697940 -72.195945751 14.816704859 -72.195924563 14.816893634 -72.195930500 14.821519585 -72.181755373 14.821822273 -72.181764477 14.821828319 -72.181743814 14.822020780 -72.181749601 14.827163233 -72.164152067 14.827095766 -72.164150263 14.827101650 -72.164130115 14.827017520 -72.164127864 14.827023640 -72.164106907 14.826674207 -72.164097559 14.826983221 -72.163002673 14.827305913 -72.163011866 14.827311522 -72.162991673 14.827502320 -72.162997110 14.831770029 -72.147623926 14.833514486 -72.147676366 14.833520471 -72.147655817 14.833709401 -72.147661498 14.838832227 -72.130063686 14.838764249 -72.130061868 14.838770228 -72.130041316 14.838684921 -72.130039034 14.838690921 -72.130018403 14.788426144 -72.128667793 14.788608374 -72.128043126 14.787947275 -72.128024886  POLYGON ICRS  14.674038455 -72.106144579 14.668958717 -72.123473657 14.669611533 -72.123492827 14.669566820 -72.123645238 14.726552773 -72.125310040 14.726609911 -72.125107934 14.727115641 -72.125122633 14.732064167 -72.107600531 14.731407145 -72.107583620 14.731451025 -72.107428172 14.674596394 -72.105955774 14.674537283 -72.106157567  POLYGON ICRS  14.726772283 -72.126277917 14.726110731 -72.126259840 14.726156568 -72.126105506 14.669121273 -72.124538249 14.669057128 -72.124740069 14.668564091 -72.124726450 14.663588142 -72.140369983 14.663020863 -72.140355211 14.663002499 -72.140417684 14.662958925 -72.140416549 14.658919306 -72.154149202 14.657719896 -72.154119603 14.657664792 -72.154320624 14.657161745 -72.154308207 14.652388288 -72.171702734 14.653039928 -72.171720998 14.652997785 -72.171874448 14.653349048 -72.171884292 14.653041899 -72.172845774 14.652557257 -72.172831733 14.652490929 -72.173034249 14.651998150 -72.173019967 14.646909495 -72.188538054 14.646083584 -72.188517659 14.646066224 -72.188580722 14.646019501 -72.188579569 14.641230298 -72.205973920 14.698439097 -72.207568186 14.698444938 -72.207548027 14.698633172 -72.207553249 14.703054342 -72.192293642 14.703870457 -72.192319792 14.703938417 -72.192115562 14.704439244 -72.192131601 14.709084276 -72.178154451 14.709353428 -72.178162703 14.709359516 -72.178142321 14.709548630 -72.178148120 14.714799968 -72.160553629 14.714733376 -72.160551808 14.714739617 -72.160530884 14.714658226 -72.160528658 14.714664626 -72.160507189 14.714353613 -72.160498688 14.714668911 -72.159405060 14.714950817 -72.159413254 14.714956804 -72.159392161 14.715147558 -72.159397704 14.719508353 -72.144015302 14.720977134 -72.144060350 14.721037577 -72.143857258 14.721543014 -72.143872753  POLYGON ICRS  15.229040211 -72.170180947 15.229033699 -72.170063032 15.172031743 -72.170289738 15.172036351 -72.170565392 15.171457710 -72.170567607 15.171750356 -72.188121018 15.172652452 -72.188119010 15.172655427 -72.188297081 15.230340433 -72.188160273 15.230321727 -72.187821962 15.230829912 -72.187820685 15.229856208 -72.170177592  POLYGON ICRS  15.110718764 -72.188013378 15.110713170 -72.188187661 15.168154574 -72.188299668 15.168152378 -72.187959625 15.168644229 -72.187960519 15.168533189 -72.170411932 15.167712170 -72.170411015 15.167711445 -72.170297514 15.110946073 -72.170226363 15.110937135 -72.170504845 15.110371503 -72.170504049 15.109806977 -72.188011454  POLYGON ICRS  15.172543705 -72.207106219 15.172544650 -72.207283207 15.231148847 -72.207246569 15.231130503 -72.206906671 15.231637933 -72.206906282 15.230672603 -72.188978066 15.229855718 -72.188980000 15.229849489 -72.188864258 15.172118260 -72.188992724 15.172119720 -72.189269331 15.171543808 -72.189270524 15.171636287 -72.207106641  POLYGON ICRS  15.109909666 -72.206932492 15.109898298 -72.207105495 15.168245824 -72.207333082 15.168251752 -72.206990931 15.168737759 -72.206992750 15.169044496 -72.189161383 15.168220538 -72.189158874 15.168222461 -72.189047127 15.110735327 -72.188863714 15.110717037 -72.189142978 15.110159805 -72.189141115 15.108992081 -72.206928779  POLYGON ICRS  14.757857723 -72.228545927 14.748923638 -72.243302068 14.805529172 -72.246582793 14.805586722 -72.246486077 14.805941773 -72.246506602 14.805999256 -72.246410004 14.806357820 -72.246430727 14.815956566 -72.230281371 14.818937693 -72.230384361 14.809334288 -72.246689677 14.866919369 -72.249921869 14.866974893 -72.249825871 14.867330884 -72.249845799 14.867386373 -72.249749869 14.867745347 -72.249769962 14.877901941 -72.232192524 14.866928935 -72.231625676 14.872918308 -72.214275755 14.872848515 -72.214273660 14.872855413 -72.214253657 14.872768902 -72.214251060 14.872776113 -72.214230147 14.814681882 -72.212477715 14.814661092 -72.212538796 14.814626035 -72.212537733 14.809112745 -72.228715319 14.805633486 -72.228525871 14.810870370 -72.212532786 14.810800678 -72.212530827 14.810807272 -72.212510674 14.810722414 -72.212508289 14.810729290 -72.212487275 14.760113817 -72.211057959 14.760238489 -72.210702762 14.760169733 -72.210700658 14.760176899 -72.210680244 14.760096608 -72.210677786 14.760103970 -72.210656811 14.702032021 -72.208870868 14.702010348 -72.208933408 14.701969751 -72.208932153 14.695903820 -72.226420289 14.753813238 -72.228448255 14.753820922 -72.228426404 14.754009359 -72.228432975 14.754012513 -72.228424008  POLYGON ICRS  14.640899203 -72.207229617 14.640878672 -72.207292055 14.640836270 -72.207290826 14.635308226 -72.224089742 14.635165689 -72.224586380 14.692185031 -72.226420965 14.692192080 -72.226399854 14.692380003 -72.226405874 14.698212715 -72.208924321 14.698144954 -72.208922377 14.698151963 -72.208901342 14.698072059 -72.208899050 14.698078937 -72.208878414  POLYGON ICRS  14.856018132 -72.268800486 14.856076959 -72.268703340 14.856430635 -72.268724802 14.867100851 -72.251089927 14.809503128 -72.247838730 14.809442928 -72.247934898 14.809088414 -72.247914835 14.809028364 -72.248010777 14.808675278 -72.247990790 14.797791057 -72.265359588 14.855602058 -72.268877094 14.855661565 -72.268778852  POLYGON ICRS  14.788507585 -72.276969785 14.778021503 -72.294339234 14.835659834 -72.297645785 14.835719804 -72.297548904 14.836073712 -72.297569149 14.836132959 -72.297473424 14.836489070 -72.297493796 14.847372146 -72.279893693 14.789336239 -72.276818002 14.789279201 -72.276912581 14.788920036 -72.276893492 14.788862646 -72.276988658  POLYGON ICRS  14.823430017 -72.316323374 14.823779065 -72.316345622 14.823844490 -72.316247585 14.824194584 -72.316269899 14.835845906 -72.298793169 14.778294528 -72.295367598 14.778230619 -72.295464235 14.777879125 -72.295443258 14.777814665 -72.295540726 14.777463398 -72.295519764 14.766051198 -72.312760099 14.823342460 -72.316420604 14.823364752 -72.316421176  POLYGON ICRS  14.748974040 -72.244386643 14.748913610 -72.244482393 14.748558907 -72.244462412 14.748498523 -72.244558084 14.748146988 -72.244538279 14.737302924 -72.261700764 14.794230230 -72.265092921 14.794289655 -72.264995659 14.794643671 -72.265016697 14.794702979 -72.264919614 14.795059295 -72.264940787 14.805659668 -72.247570966  POLYGON ICRS  14.774405080 -72.293965680 14.774760790 -72.293985759 14.774818552 -72.293889953 14.775175651 -72.293910110 14.785630047 -72.276552535 14.728532897 -72.273515568 14.728477326 -72.273610224 14.728118485 -72.273591082 14.728062649 -72.273686184 14.727703410 -72.273667023 14.717606457 -72.290850188 14.774347384 -72.294061387  POLYGON ICRS  14.762390729 -72.312560527 14.762736182 -72.312581543 14.762801002 -72.312481649 14.763161329 -72.312503571 14.774338196 -72.295263183 14.717642955 -72.291999253 14.717579293 -72.292098270 14.717216972 -72.292077357 14.717156969 -72.292170687 14.716811680 -72.292150754 14.705832594 -72.309209152 14.762329208 -72.312655323
2026-09-28 12:47:16,962 - jwst.resample.resample - INFO - 8 exposures to drizzle together
2026-09-28 12:47:19,384 - stcal.resample.resample - INFO - Resampling science and variance data
2026-09-28 12:47:23,434 - stcal.resample.resample - INFO - Resampling science and variance data
2026-09-28 12:47:27,448 - stcal.resample.resample - INFO - Resampling science and variance data
2026-09-28 12:47:31,435 - stcal.resample.resample - INFO - Resampling science and variance data
2026-09-28 12:47:35,439 - stcal.resample.resample - INFO - Resampling science and variance data
2026-09-28 12:47:39,431 - stcal.resample.resample - INFO - Resampling science and variance data
2026-09-28 12:47:43,457 - stcal.resample.resample - INFO - Resampling science and variance data
2026-09-28 12:47:47,459 - stcal.resample.resample - INFO - Resampling science and variance data
2026-09-28 12:47:49,402 - jwst.resample.resample - INFO - Assigning output S_REGION: POLYGON ICRS  14.842769378 -72.128920020 14.900724958 -72.130476455 14.900730350 -72.130455759 14.900920768 -72.130460844 14.905551475 -72.112669079 14.905481946 -72.112667519 14.905487472 -72.112646251 14.905404249 -72.112644385 14.905409641 -72.112623643 14.847579638 -72.111317782 14.847562990 -72.111379258 14.847525584 -72.111378407  POLYGON ICRS  14.900551704 -72.131748524 14.842577280 -72.130173828 14.842558332 -72.130235623 14.842521333 -72.130234613 14.837853085 -72.145449875 14.835942873 -72.145406411 14.835926013 -72.145468385 14.835882764 -72.145467401 14.832033290 -72.159615625 14.831581267 -72.159604811 14.831563682 -72.159666837 14.831523855 -72.159665885 14.826533431 -72.177259831 14.826869825 -72.177269316 14.826523266 -72.178393489 14.826403386 -72.178389855 14.826382469 -72.178451532 14.826349229 -72.178450524 14.821163491 -72.193723423 14.819880683 -72.193692717 14.819863206 -72.193754111 14.819823520 -72.193753161 14.814810353 -72.211346749 14.872953325 -72.212978585 14.872959519 -72.212957896 14.873152381 -72.212963278 14.877652633 -72.197914461 14.878236117 -72.197934475 14.878243894 -72.197911891 14.878433690 -72.197918398 14.883307299 -72.183748407 14.883809542 -72.183764134 14.883815623 -72.183742977 14.884007410 -72.183748982 14.889136335 -72.165885646 14.889067780 -72.165883794 14.889073547 -72.165863686 14.888989839 -72.165861425 14.888995938 -72.165840158 14.888650933 -72.165830838 14.889028009 -72.164564058 14.889171168 -72.164567881 14.889176350 -72.164548066 14.889368438 -72.164553197 14.893275452 -72.149606423 14.895388565 -72.149672586 14.895394711 -72.149651110 14.895584213 -72.149657043 14.900692342 -72.131793403 14.900624263 -72.131791564 14.900630101 -72.131771136 14.900545894 -72.131768861  POLYGON ICRS  14.843866802 -72.111358529 14.843872516 -72.111337832 14.793279166 -72.110058630 14.793581614 -72.108921324 14.792924936 -72.108906216 14.792966833 -72.108748656 14.735156907 -72.107410153 14.735101493 -72.107610370 14.734600237 -72.107598688 14.729740522 -72.125137600 14.730391628 -72.125155555 14.730349030 -72.125309170 14.782127508 -72.126729914 14.781966204 -72.127291379 14.838973380 -72.128923532 14.838979221 -72.128902420 14.839170514 -72.128907867 14.844012788 -72.111382939 14.843945247 -72.111381240 14.843950932 -72.111360645  POLYGON ICRS  14.787992297 -72.127870567 14.730039716 -72.126262866 14.729976465 -72.126465162 14.729483705 -72.126451416 14.724668823 -72.141835143 14.723694439 -72.141812413 14.723677105 -72.141874757 14.723633715 -72.141873745 14.719783527 -72.155709966 14.718867171 -72.155687519 14.718808990 -72.155888484 14.718309251 -72.155876236 14.713209461 -72.173467213 14.713864331 -72.173486069 14.713820056 -72.173638681 14.714432479 -72.173656311 14.714170984 -72.174487837 14.713577033 -72.174469481 14.713506651 -72.174673312 14.713017620 -72.174658198 14.707681777 -72.190097035 14.707343929 -72.190088750 14.707325714 -72.190151385 14.707281684 -72.190150305 14.702162180 -72.207741004 14.753958887 -72.209225645 14.753854276 -72.209613562 14.811083710 -72.211176161 14.811089400 -72.211156112 14.811282375 -72.211161352 14.815606606 -72.195911431 14.816697940 -72.195945751 14.816704859 -72.195924563 14.816893634 -72.195930500 14.821519585 -72.181755373 14.821822273 -72.181764477 14.821828319 -72.181743814 14.822020780 -72.181749601 14.827163233 -72.164152067 14.827095766 -72.164150263 14.827101650 -72.164130115 14.827017520 -72.164127864 14.827023640 -72.164106907 14.826674207 -72.164097559 14.826983221 -72.163002673 14.827305913 -72.163011866 14.827311522 -72.162991673 14.827502320 -72.162997110 14.831770029 -72.147623926 14.833514486 -72.147676366 14.833520471 -72.147655817 14.833709401 -72.147661498 14.838832227 -72.130063686 14.838764249 -72.130061868 14.838770228 -72.130041316 14.838684921 -72.130039034 14.838690921 -72.130018403 14.788426144 -72.128667793 14.788608374 -72.128043126 14.787947275 -72.128024886  POLYGON ICRS  14.674038455 -72.106144579 14.668958717 -72.123473657 14.669611533 -72.123492827 14.669566820 -72.123645238 14.726552773 -72.125310040 14.726609911 -72.125107934 14.727115641 -72.125122633 14.732064167 -72.107600531 14.731407145 -72.107583620 14.731451025 -72.107428172 14.674596394 -72.105955774 14.674537283 -72.106157567  POLYGON ICRS  14.726772283 -72.126277917 14.726110731 -72.126259840 14.726156568 -72.126105506 14.669121273 -72.124538249 14.669057128 -72.124740069 14.668564091 -72.124726450 14.663588142 -72.140369983 14.663020863 -72.140355211 14.663002499 -72.140417684 14.662958925 -72.140416549 14.658919306 -72.154149202 14.657719896 -72.154119603 14.657664792 -72.154320624 14.657161745 -72.154308207 14.652388288 -72.171702734 14.653039928 -72.171720998 14.652997785 -72.171874448 14.653349048 -72.171884292 14.653041899 -72.172845774 14.652557257 -72.172831733 14.652490929 -72.173034249 14.651998150 -72.173019967 14.646909495 -72.188538054 14.646083584 -72.188517659 14.646066224 -72.188580722 14.646019501 -72.188579569 14.641230298 -72.205973920 14.698439097 -72.207568186 14.698444938 -72.207548027 14.698633172 -72.207553249 14.703054342 -72.192293642 14.703870457 -72.192319792 14.703938417 -72.192115562 14.704439244 -72.192131601 14.709084276 -72.178154451 14.709353428 -72.178162703 14.709359516 -72.178142321 14.709548630 -72.178148120 14.714799968 -72.160553629 14.714733376 -72.160551808 14.714739617 -72.160530884 14.714658226 -72.160528658 14.714664626 -72.160507189 14.714353613 -72.160498688 14.714668911 -72.159405060 14.714950817 -72.159413254 14.714956804 -72.159392161 14.715147558 -72.159397704 14.719508353 -72.144015302 14.720977134 -72.144060350 14.721037577 -72.143857258 14.721543014 -72.143872753  POLYGON ICRS  15.229040211 -72.170180947 15.229033699 -72.170063032 15.172031743 -72.170289738 15.172036351 -72.170565392 15.171457710 -72.170567607 15.171750356 -72.188121018 15.172652452 -72.188119010 15.172655427 -72.188297081 15.230340433 -72.188160273 15.230321727 -72.187821962 15.230829912 -72.187820685 15.229856208 -72.170177592  POLYGON ICRS  15.110718764 -72.188013378 15.110713170 -72.188187661 15.168154574 -72.188299668 15.168152378 -72.187959625 15.168644229 -72.187960519 15.168533189 -72.170411932 15.167712170 -72.170411015 15.167711445 -72.170297514 15.110946073 -72.170226363 15.110937135 -72.170504845 15.110371503 -72.170504049 15.109806977 -72.188011454  POLYGON ICRS  15.172543705 -72.207106219 15.172544650 -72.207283207 15.231148847 -72.207246569 15.231130503 -72.206906671 15.231637933 -72.206906282 15.230672603 -72.188978066 15.229855718 -72.188980000 15.229849489 -72.188864258 15.172118260 -72.188992724 15.172119720 -72.189269331 15.171543808 -72.189270524 15.171636287 -72.207106641  POLYGON ICRS  15.109909666 -72.206932492 15.109898298 -72.207105495 15.168245824 -72.207333082 15.168251752 -72.206990931 15.168737759 -72.206992750 15.169044496 -72.189161383 15.168220538 -72.189158874 15.168222461 -72.189047127 15.110735327 -72.188863714 15.110717037 -72.189142978 15.110159805 -72.189141115 15.108992081 -72.206928779  POLYGON ICRS  14.757857723 -72.228545927 14.748923638 -72.243302068 14.805529172 -72.246582793 14.805586722 -72.246486077 14.805941773 -72.246506602 14.805999256 -72.246410004 14.806357820 -72.246430727 14.815956566 -72.230281371 14.818937693 -72.230384361 14.809334288 -72.246689677 14.866919369 -72.249921869 14.866974893 -72.249825871 14.867330884 -72.249845799 14.867386373 -72.249749869 14.867745347 -72.249769962 14.877901941 -72.232192524 14.866928935 -72.231625676 14.872918308 -72.214275755 14.872848515 -72.214273660 14.872855413 -72.214253657 14.872768902 -72.214251060 14.872776113 -72.214230147 14.814681882 -72.212477715 14.814661092 -72.212538796 14.814626035 -72.212537733 14.809112745 -72.228715319 14.805633486 -72.228525871 14.810870370 -72.212532786 14.810800678 -72.212530827 14.810807272 -72.212510674 14.810722414 -72.212508289 14.810729290 -72.212487275 14.760113817 -72.211057959 14.760238489 -72.210702762 14.760169733 -72.210700658 14.760176899 -72.210680244 14.760096608 -72.210677786 14.760103970 -72.210656811 14.702032021 -72.208870868 14.702010348 -72.208933408 14.701969751 -72.208932153 14.695903820 -72.226420289 14.753813238 -72.228448255 14.753820922 -72.228426404 14.754009359 -72.228432975 14.754012513 -72.228424008  POLYGON ICRS  14.640899203 -72.207229617 14.640878672 -72.207292055 14.640836270 -72.207290826 14.635308226 -72.224089742 14.635165689 -72.224586380 14.692185031 -72.226420965 14.692192080 -72.226399854 14.692380003 -72.226405874 14.698212715 -72.208924321 14.698144954 -72.208922377 14.698151963 -72.208901342 14.698072059 -72.208899050 14.698078937 -72.208878414  POLYGON ICRS  14.856018132 -72.268800486 14.856076959 -72.268703340 14.856430635 -72.268724802 14.867100851 -72.251089927 14.809503128 -72.247838730 14.809442928 -72.247934898 14.809088414 -72.247914835 14.809028364 -72.248010777 14.808675278 -72.247990790 14.797791057 -72.265359588 14.855602058 -72.268877094 14.855661565 -72.268778852  POLYGON ICRS  14.788507585 -72.276969785 14.778021503 -72.294339234 14.835659834 -72.297645785 14.835719804 -72.297548904 14.836073712 -72.297569149 14.836132959 -72.297473424 14.836489070 -72.297493796 14.847372146 -72.279893693 14.789336239 -72.276818002 14.789279201 -72.276912581 14.788920036 -72.276893492 14.788862646 -72.276988658  POLYGON ICRS  14.823430017 -72.316323374 14.823779065 -72.316345622 14.823844490 -72.316247585 14.824194584 -72.316269899 14.835845906 -72.298793169 14.778294528 -72.295367598 14.778230619 -72.295464235 14.777879125 -72.295443258 14.777814665 -72.295540726 14.777463398 -72.295519764 14.766051198 -72.312760099 14.823342460 -72.316420604 14.823364752 -72.316421176  POLYGON ICRS  14.748974040 -72.244386643 14.748913610 -72.244482393 14.748558907 -72.244462412 14.748498523 -72.244558084 14.748146988 -72.244538279 14.737302924 -72.261700764 14.794230230 -72.265092921 14.794289655 -72.264995659 14.794643671 -72.265016697 14.794702979 -72.264919614 14.795059295 -72.264940787 14.805659668 -72.247570966  POLYGON ICRS  14.774405080 -72.293965680 14.774760790 -72.293985759 14.774818552 -72.293889953 14.775175651 -72.293910110 14.785630047 -72.276552535 14.728532897 -72.273515568 14.728477326 -72.273610224 14.728118485 -72.273591082 14.728062649 -72.273686184 14.727703410 -72.273667023 14.717606457 -72.290850188 14.774347384 -72.294061387  POLYGON ICRS  14.762390729 -72.312560527 14.762736182 -72.312581543 14.762801002 -72.312481649 14.763161329 -72.312503571 14.774338196 -72.295263183 14.717642955 -72.291999253 14.717579293 -72.292098270 14.717216972 -72.292077357 14.717156969 -72.292170687 14.716811680 -72.292150754 14.705832594 -72.309209152 14.762329208 -72.312655323
2026-09-28 12:47:52,967 - jwst.resample.resample - INFO - 8 exposures to drizzle together
2026-09-28 12:47:55,400 - stcal.resample.resample - INFO - Resampling science and variance data
2026-09-28 12:47:59,466 - stcal.resample.resample - INFO - Resampling science and variance data
2026-09-28 12:48:03,428 - stcal.resample.resample - INFO - Resampling science and variance data
2026-09-28 12:48:07,399 - stcal.resample.resample - INFO - Resampling science and variance data
2026-09-28 12:48:11,340 - stcal.resample.resample - INFO - Resampling science and variance data
2026-09-28 12:48:15,286 - stcal.resample.resample - INFO - Resampling science and variance data
2026-09-28 12:48:19,280 - stcal.resample.resample - INFO - Resampling science and variance data
2026-09-28 12:48:23,416 - stcal.resample.resample - INFO - Resampling science and variance data
2026-09-28 12:48:25,332 - jwst.resample.resample - INFO - Assigning output S_REGION: POLYGON ICRS  14.842769378 -72.128920020 14.900724958 -72.130476455 14.900730350 -72.130455759 14.900920768 -72.130460844 14.905551475 -72.112669079 14.905481946 -72.112667519 14.905487472 -72.112646251 14.905404249 -72.112644385 14.905409641 -72.112623643 14.847579638 -72.111317782 14.847562990 -72.111379258 14.847525584 -72.111378407  POLYGON ICRS  14.900551704 -72.131748524 14.842577280 -72.130173828 14.842558332 -72.130235623 14.842521333 -72.130234613 14.837853085 -72.145449875 14.835942873 -72.145406411 14.835926013 -72.145468385 14.835882764 -72.145467401 14.832033290 -72.159615625 14.831581267 -72.159604811 14.831563682 -72.159666837 14.831523855 -72.159665885 14.826533431 -72.177259831 14.826869825 -72.177269316 14.826523266 -72.178393489 14.826403386 -72.178389855 14.826382469 -72.178451532 14.826349229 -72.178450524 14.821163491 -72.193723423 14.819880683 -72.193692717 14.819863206 -72.193754111 14.819823520 -72.193753161 14.814810353 -72.211346749 14.872953325 -72.212978585 14.872959519 -72.212957896 14.873152381 -72.212963278 14.877652633 -72.197914461 14.878236117 -72.197934475 14.878243894 -72.197911891 14.878433690 -72.197918398 14.883307299 -72.183748407 14.883809542 -72.183764134 14.883815623 -72.183742977 14.884007410 -72.183748982 14.889136335 -72.165885646 14.889067780 -72.165883794 14.889073547 -72.165863686 14.888989839 -72.165861425 14.888995938 -72.165840158 14.888650933 -72.165830838 14.889028009 -72.164564058 14.889171168 -72.164567881 14.889176350 -72.164548066 14.889368438 -72.164553197 14.893275452 -72.149606423 14.895388565 -72.149672586 14.895394711 -72.149651110 14.895584213 -72.149657043 14.900692342 -72.131793403 14.900624263 -72.131791564 14.900630101 -72.131771136 14.900545894 -72.131768861  POLYGON ICRS  14.843866802 -72.111358529 14.843872516 -72.111337832 14.793279166 -72.110058630 14.793581614 -72.108921324 14.792924936 -72.108906216 14.792966833 -72.108748656 14.735156907 -72.107410153 14.735101493 -72.107610370 14.734600237 -72.107598688 14.729740522 -72.125137600 14.730391628 -72.125155555 14.730349030 -72.125309170 14.782127508 -72.126729914 14.781966204 -72.127291379 14.838973380 -72.128923532 14.838979221 -72.128902420 14.839170514 -72.128907867 14.844012788 -72.111382939 14.843945247 -72.111381240 14.843950932 -72.111360645  POLYGON ICRS  14.787992297 -72.127870567 14.730039716 -72.126262866 14.729976465 -72.126465162 14.729483705 -72.126451416 14.724668823 -72.141835143 14.723694439 -72.141812413 14.723677105 -72.141874757 14.723633715 -72.141873745 14.719783527 -72.155709966 14.718867171 -72.155687519 14.718808990 -72.155888484 14.718309251 -72.155876236 14.713209461 -72.173467213 14.713864331 -72.173486069 14.713820056 -72.173638681 14.714432479 -72.173656311 14.714170984 -72.174487837 14.713577033 -72.174469481 14.713506651 -72.174673312 14.713017620 -72.174658198 14.707681777 -72.190097035 14.707343929 -72.190088750 14.707325714 -72.190151385 14.707281684 -72.190150305 14.702162180 -72.207741004 14.753958887 -72.209225645 14.753854276 -72.209613562 14.811083710 -72.211176161 14.811089400 -72.211156112 14.811282375 -72.211161352 14.815606606 -72.195911431 14.816697940 -72.195945751 14.816704859 -72.195924563 14.816893634 -72.195930500 14.821519585 -72.181755373 14.821822273 -72.181764477 14.821828319 -72.181743814 14.822020780 -72.181749601 14.827163233 -72.164152067 14.827095766 -72.164150263 14.827101650 -72.164130115 14.827017520 -72.164127864 14.827023640 -72.164106907 14.826674207 -72.164097559 14.826983221 -72.163002673 14.827305913 -72.163011866 14.827311522 -72.162991673 14.827502320 -72.162997110 14.831770029 -72.147623926 14.833514486 -72.147676366 14.833520471 -72.147655817 14.833709401 -72.147661498 14.838832227 -72.130063686 14.838764249 -72.130061868 14.838770228 -72.130041316 14.838684921 -72.130039034 14.838690921 -72.130018403 14.788426144 -72.128667793 14.788608374 -72.128043126 14.787947275 -72.128024886  POLYGON ICRS  14.674038455 -72.106144579 14.668958717 -72.123473657 14.669611533 -72.123492827 14.669566820 -72.123645238 14.726552773 -72.125310040 14.726609911 -72.125107934 14.727115641 -72.125122633 14.732064167 -72.107600531 14.731407145 -72.107583620 14.731451025 -72.107428172 14.674596394 -72.105955774 14.674537283 -72.106157567  POLYGON ICRS  14.726772283 -72.126277917 14.726110731 -72.126259840 14.726156568 -72.126105506 14.669121273 -72.124538249 14.669057128 -72.124740069 14.668564091 -72.124726450 14.663588142 -72.140369983 14.663020863 -72.140355211 14.663002499 -72.140417684 14.662958925 -72.140416549 14.658919306 -72.154149202 14.657719896 -72.154119603 14.657664792 -72.154320624 14.657161745 -72.154308207 14.652388288 -72.171702734 14.653039928 -72.171720998 14.652997785 -72.171874448 14.653349048 -72.171884292 14.653041899 -72.172845774 14.652557257 -72.172831733 14.652490929 -72.173034249 14.651998150 -72.173019967 14.646909495 -72.188538054 14.646083584 -72.188517659 14.646066224 -72.188580722 14.646019501 -72.188579569 14.641230298 -72.205973920 14.698439097 -72.207568186 14.698444938 -72.207548027 14.698633172 -72.207553249 14.703054342 -72.192293642 14.703870457 -72.192319792 14.703938417 -72.192115562 14.704439244 -72.192131601 14.709084276 -72.178154451 14.709353428 -72.178162703 14.709359516 -72.178142321 14.709548630 -72.178148120 14.714799968 -72.160553629 14.714733376 -72.160551808 14.714739617 -72.160530884 14.714658226 -72.160528658 14.714664626 -72.160507189 14.714353613 -72.160498688 14.714668911 -72.159405060 14.714950817 -72.159413254 14.714956804 -72.159392161 14.715147558 -72.159397704 14.719508353 -72.144015302 14.720977134 -72.144060350 14.721037577 -72.143857258 14.721543014 -72.143872753  POLYGON ICRS  15.229040211 -72.170180947 15.229033699 -72.170063032 15.172031743 -72.170289738 15.172036351 -72.170565392 15.171457710 -72.170567607 15.171750356 -72.188121018 15.172652452 -72.188119010 15.172655427 -72.188297081 15.230340433 -72.188160273 15.230321727 -72.187821962 15.230829912 -72.187820685 15.229856208 -72.170177592  POLYGON ICRS  15.110718764 -72.188013378 15.110713170 -72.188187661 15.168154574 -72.188299668 15.168152378 -72.187959625 15.168644229 -72.187960519 15.168533189 -72.170411932 15.167712170 -72.170411015 15.167711445 -72.170297514 15.110946073 -72.170226363 15.110937135 -72.170504845 15.110371503 -72.170504049 15.109806977 -72.188011454  POLYGON ICRS  15.172543705 -72.207106219 15.172544650 -72.207283207 15.231148847 -72.207246569 15.231130503 -72.206906671 15.231637933 -72.206906282 15.230672603 -72.188978066 15.229855718 -72.188980000 15.229849489 -72.188864258 15.172118260 -72.188992724 15.172119720 -72.189269331 15.171543808 -72.189270524 15.171636287 -72.207106641  POLYGON ICRS  15.109909666 -72.206932492 15.109898298 -72.207105495 15.168245824 -72.207333082 15.168251752 -72.206990931 15.168737759 -72.206992750 15.169044496 -72.189161383 15.168220538 -72.189158874 15.168222461 -72.189047127 15.110735327 -72.188863714 15.110717037 -72.189142978 15.110159805 -72.189141115 15.108992081 -72.206928779  POLYGON ICRS  14.757857723 -72.228545927 14.748923638 -72.243302068 14.805529172 -72.246582793 14.805586722 -72.246486077 14.805941773 -72.246506602 14.805999256 -72.246410004 14.806357820 -72.246430727 14.815956566 -72.230281371 14.818937693 -72.230384361 14.809334288 -72.246689677 14.866919369 -72.249921869 14.866974893 -72.249825871 14.867330884 -72.249845799 14.867386373 -72.249749869 14.867745347 -72.249769962 14.877901941 -72.232192524 14.866928935 -72.231625676 14.872918308 -72.214275755 14.872848515 -72.214273660 14.872855413 -72.214253657 14.872768902 -72.214251060 14.872776113 -72.214230147 14.814681882 -72.212477715 14.814661092 -72.212538796 14.814626035 -72.212537733 14.809112745 -72.228715319 14.805633486 -72.228525871 14.810870370 -72.212532786 14.810800678 -72.212530827 14.810807272 -72.212510674 14.810722414 -72.212508289 14.810729290 -72.212487275 14.760113817 -72.211057959 14.760238489 -72.210702762 14.760169733 -72.210700658 14.760176899 -72.210680244 14.760096608 -72.210677786 14.760103970 -72.210656811 14.702032021 -72.208870868 14.702010348 -72.208933408 14.701969751 -72.208932153 14.695903820 -72.226420289 14.753813238 -72.228448255 14.753820922 -72.228426404 14.754009359 -72.228432975 14.754012513 -72.228424008  POLYGON ICRS  14.640899203 -72.207229617 14.640878672 -72.207292055 14.640836270 -72.207290826 14.635308226 -72.224089742 14.635165689 -72.224586380 14.692185031 -72.226420965 14.692192080 -72.226399854 14.692380003 -72.226405874 14.698212715 -72.208924321 14.698144954 -72.208922377 14.698151963 -72.208901342 14.698072059 -72.208899050 14.698078937 -72.208878414  POLYGON ICRS  14.856018132 -72.268800486 14.856076959 -72.268703340 14.856430635 -72.268724802 14.867100851 -72.251089927 14.809503128 -72.247838730 14.809442928 -72.247934898 14.809088414 -72.247914835 14.809028364 -72.248010777 14.808675278 -72.247990790 14.797791057 -72.265359588 14.855602058 -72.268877094 14.855661565 -72.268778852  POLYGON ICRS  14.788507585 -72.276969785 14.778021503 -72.294339234 14.835659834 -72.297645785 14.835719804 -72.297548904 14.836073712 -72.297569149 14.836132959 -72.297473424 14.836489070 -72.297493796 14.847372146 -72.279893693 14.789336239 -72.276818002 14.789279201 -72.276912581 14.788920036 -72.276893492 14.788862646 -72.276988658  POLYGON ICRS  14.823430017 -72.316323374 14.823779065 -72.316345622 14.823844490 -72.316247585 14.824194584 -72.316269899 14.835845906 -72.298793169 14.778294528 -72.295367598 14.778230619 -72.295464235 14.777879125 -72.295443258 14.777814665 -72.295540726 14.777463398 -72.295519764 14.766051198 -72.312760099 14.823342460 -72.316420604 14.823364752 -72.316421176  POLYGON ICRS  14.748974040 -72.244386643 14.748913610 -72.244482393 14.748558907 -72.244462412 14.748498523 -72.244558084 14.748146988 -72.244538279 14.737302924 -72.261700764 14.794230230 -72.265092921 14.794289655 -72.264995659 14.794643671 -72.265016697 14.794702979 -72.264919614 14.795059295 -72.264940787 14.805659668 -72.247570966  POLYGON ICRS  14.774405080 -72.293965680 14.774760790 -72.293985759 14.774818552 -72.293889953 14.775175651 -72.293910110 14.785630047 -72.276552535 14.728532897 -72.273515568 14.728477326 -72.273610224 14.728118485 -72.273591082 14.728062649 -72.273686184 14.727703410 -72.273667023 14.717606457 -72.290850188 14.774347384 -72.294061387  POLYGON ICRS  14.762390729 -72.312560527 14.762736182 -72.312581543 14.762801002 -72.312481649 14.763161329 -72.312503571 14.774338196 -72.295263183 14.717642955 -72.291999253 14.717579293 -72.292098270 14.717216972 -72.292077357 14.717156969 -72.292170687 14.716811680 -72.292150754 14.705832594 -72.309209152 14.762329208 -72.312655323
2026-09-28 12:48:28,982 - jwst.resample.resample - INFO - 8 exposures to drizzle together
2026-09-28 12:48:31,411 - stcal.resample.resample - INFO - Resampling science and variance data
2026-09-28 12:48:35,616 - stcal.resample.resample - INFO - Resampling science and variance data
2026-09-28 12:48:39,692 - stcal.resample.resample - INFO - Resampling science and variance data
2026-09-28 12:48:43,754 - stcal.resample.resample - INFO - Resampling science and variance data
2026-09-28 12:48:47,280 - stcal.resample.resample - INFO - Resampling science and variance data
2026-09-28 12:48:51,323 - stcal.resample.resample - INFO - Resampling science and variance data
2026-09-28 12:48:55,374 - stcal.resample.resample - INFO - Resampling science and variance data
2026-09-28 12:48:59,404 - stcal.resample.resample - INFO - Resampling science and variance data
2026-09-28 12:49:01,362 - jwst.resample.resample - INFO - Assigning output S_REGION: POLYGON ICRS  14.842769378 -72.128920020 14.900724958 -72.130476455 14.900730350 -72.130455759 14.900920768 -72.130460844 14.905551475 -72.112669079 14.905481946 -72.112667519 14.905487472 -72.112646251 14.905404249 -72.112644385 14.905409641 -72.112623643 14.847579638 -72.111317782 14.847562990 -72.111379258 14.847525584 -72.111378407  POLYGON ICRS  14.900551704 -72.131748524 14.842577280 -72.130173828 14.842558332 -72.130235623 14.842521333 -72.130234613 14.837853085 -72.145449875 14.835942873 -72.145406411 14.835926013 -72.145468385 14.835882764 -72.145467401 14.832033290 -72.159615625 14.831581267 -72.159604811 14.831563682 -72.159666837 14.831523855 -72.159665885 14.826533431 -72.177259831 14.826869825 -72.177269316 14.826523266 -72.178393489 14.826403386 -72.178389855 14.826382469 -72.178451532 14.826349229 -72.178450524 14.821163491 -72.193723423 14.819880683 -72.193692717 14.819863206 -72.193754111 14.819823520 -72.193753161 14.814810353 -72.211346749 14.872953325 -72.212978585 14.872959519 -72.212957896 14.873152381 -72.212963278 14.877652633 -72.197914461 14.878236117 -72.197934475 14.878243894 -72.197911891 14.878433690 -72.197918398 14.883307299 -72.183748407 14.883809542 -72.183764134 14.883815623 -72.183742977 14.884007410 -72.183748982 14.889136335 -72.165885646 14.889067780 -72.165883794 14.889073547 -72.165863686 14.888989839 -72.165861425 14.888995938 -72.165840158 14.888650933 -72.165830838 14.889028009 -72.164564058 14.889171168 -72.164567881 14.889176350 -72.164548066 14.889368438 -72.164553197 14.893275452 -72.149606423 14.895388565 -72.149672586 14.895394711 -72.149651110 14.895584213 -72.149657043 14.900692342 -72.131793403 14.900624263 -72.131791564 14.900630101 -72.131771136 14.900545894 -72.131768861  POLYGON ICRS  14.843866802 -72.111358529 14.843872516 -72.111337832 14.793279166 -72.110058630 14.793581614 -72.108921324 14.792924936 -72.108906216 14.792966833 -72.108748656 14.735156907 -72.107410153 14.735101493 -72.107610370 14.734600237 -72.107598688 14.729740522 -72.125137600 14.730391628 -72.125155555 14.730349030 -72.125309170 14.782127508 -72.126729914 14.781966204 -72.127291379 14.838973380 -72.128923532 14.838979221 -72.128902420 14.839170514 -72.128907867 14.844012788 -72.111382939 14.843945247 -72.111381240 14.843950932 -72.111360645  POLYGON ICRS  14.787992297 -72.127870567 14.730039716 -72.126262866 14.729976465 -72.126465162 14.729483705 -72.126451416 14.724668823 -72.141835143 14.723694439 -72.141812413 14.723677105 -72.141874757 14.723633715 -72.141873745 14.719783527 -72.155709966 14.718867171 -72.155687519 14.718808990 -72.155888484 14.718309251 -72.155876236 14.713209461 -72.173467213 14.713864331 -72.173486069 14.713820056 -72.173638681 14.714432479 -72.173656311 14.714170984 -72.174487837 14.713577033 -72.174469481 14.713506651 -72.174673312 14.713017620 -72.174658198 14.707681777 -72.190097035 14.707343929 -72.190088750 14.707325714 -72.190151385 14.707281684 -72.190150305 14.702162180 -72.207741004 14.753958887 -72.209225645 14.753854276 -72.209613562 14.811083710 -72.211176161 14.811089400 -72.211156112 14.811282375 -72.211161352 14.815606606 -72.195911431 14.816697940 -72.195945751 14.816704859 -72.195924563 14.816893634 -72.195930500 14.821519585 -72.181755373 14.821822273 -72.181764477 14.821828319 -72.181743814 14.822020780 -72.181749601 14.827163233 -72.164152067 14.827095766 -72.164150263 14.827101650 -72.164130115 14.827017520 -72.164127864 14.827023640 -72.164106907 14.826674207 -72.164097559 14.826983221 -72.163002673 14.827305913 -72.163011866 14.827311522 -72.162991673 14.827502320 -72.162997110 14.831770029 -72.147623926 14.833514486 -72.147676366 14.833520471 -72.147655817 14.833709401 -72.147661498 14.838832227 -72.130063686 14.838764249 -72.130061868 14.838770228 -72.130041316 14.838684921 -72.130039034 14.838690921 -72.130018403 14.788426144 -72.128667793 14.788608374 -72.128043126 14.787947275 -72.128024886  POLYGON ICRS  14.674038455 -72.106144579 14.668958717 -72.123473657 14.669611533 -72.123492827 14.669566820 -72.123645238 14.726552773 -72.125310040 14.726609911 -72.125107934 14.727115641 -72.125122633 14.732064167 -72.107600531 14.731407145 -72.107583620 14.731451025 -72.107428172 14.674596394 -72.105955774 14.674537283 -72.106157567  POLYGON ICRS  14.726772283 -72.126277917 14.726110731 -72.126259840 14.726156568 -72.126105506 14.669121273 -72.124538249 14.669057128 -72.124740069 14.668564091 -72.124726450 14.663588142 -72.140369983 14.663020863 -72.140355211 14.663002499 -72.140417684 14.662958925 -72.140416549 14.658919306 -72.154149202 14.657719896 -72.154119603 14.657664792 -72.154320624 14.657161745 -72.154308207 14.652388288 -72.171702734 14.653039928 -72.171720998 14.652997785 -72.171874448 14.653349048 -72.171884292 14.653041899 -72.172845774 14.652557257 -72.172831733 14.652490929 -72.173034249 14.651998150 -72.173019967 14.646909495 -72.188538054 14.646083584 -72.188517659 14.646066224 -72.188580722 14.646019501 -72.188579569 14.641230298 -72.205973920 14.698439097 -72.207568186 14.698444938 -72.207548027 14.698633172 -72.207553249 14.703054342 -72.192293642 14.703870457 -72.192319792 14.703938417 -72.192115562 14.704439244 -72.192131601 14.709084276 -72.178154451 14.709353428 -72.178162703 14.709359516 -72.178142321 14.709548630 -72.178148120 14.714799968 -72.160553629 14.714733376 -72.160551808 14.714739617 -72.160530884 14.714658226 -72.160528658 14.714664626 -72.160507189 14.714353613 -72.160498688 14.714668911 -72.159405060 14.714950817 -72.159413254 14.714956804 -72.159392161 14.715147558 -72.159397704 14.719508353 -72.144015302 14.720977134 -72.144060350 14.721037577 -72.143857258 14.721543014 -72.143872753  POLYGON ICRS  15.229040211 -72.170180947 15.229033699 -72.170063032 15.172031743 -72.170289738 15.172036351 -72.170565392 15.171457710 -72.170567607 15.171750356 -72.188121018 15.172652452 -72.188119010 15.172655427 -72.188297081 15.230340433 -72.188160273 15.230321727 -72.187821962 15.230829912 -72.187820685 15.229856208 -72.170177592  POLYGON ICRS  15.110718764 -72.188013378 15.110713170 -72.188187661 15.168154574 -72.188299668 15.168152378 -72.187959625 15.168644229 -72.187960519 15.168533189 -72.170411932 15.167712170 -72.170411015 15.167711445 -72.170297514 15.110946073 -72.170226363 15.110937135 -72.170504845 15.110371503 -72.170504049 15.109806977 -72.188011454  POLYGON ICRS  15.172543705 -72.207106219 15.172544650 -72.207283207 15.231148847 -72.207246569 15.231130503 -72.206906671 15.231637933 -72.206906282 15.230672603 -72.188978066 15.229855718 -72.188980000 15.229849489 -72.188864258 15.172118260 -72.188992724 15.172119720 -72.189269331 15.171543808 -72.189270524 15.171636287 -72.207106641  POLYGON ICRS  15.109909666 -72.206932492 15.109898298 -72.207105495 15.168245824 -72.207333082 15.168251752 -72.206990931 15.168737759 -72.206992750 15.169044496 -72.189161383 15.168220538 -72.189158874 15.168222461 -72.189047127 15.110735327 -72.188863714 15.110717037 -72.189142978 15.110159805 -72.189141115 15.108992081 -72.206928779  POLYGON ICRS  14.757857723 -72.228545927 14.748923638 -72.243302068 14.805529172 -72.246582793 14.805586722 -72.246486077 14.805941773 -72.246506602 14.805999256 -72.246410004 14.806357820 -72.246430727 14.815956566 -72.230281371 14.818937693 -72.230384361 14.809334288 -72.246689677 14.866919369 -72.249921869 14.866974893 -72.249825871 14.867330884 -72.249845799 14.867386373 -72.249749869 14.867745347 -72.249769962 14.877901941 -72.232192524 14.866928935 -72.231625676 14.872918308 -72.214275755 14.872848515 -72.214273660 14.872855413 -72.214253657 14.872768902 -72.214251060 14.872776113 -72.214230147 14.814681882 -72.212477715 14.814661092 -72.212538796 14.814626035 -72.212537733 14.809112745 -72.228715319 14.805633486 -72.228525871 14.810870370 -72.212532786 14.810800678 -72.212530827 14.810807272 -72.212510674 14.810722414 -72.212508289 14.810729290 -72.212487275 14.760113817 -72.211057959 14.760238489 -72.210702762 14.760169733 -72.210700658 14.760176899 -72.210680244 14.760096608 -72.210677786 14.760103970 -72.210656811 14.702032021 -72.208870868 14.702010348 -72.208933408 14.701969751 -72.208932153 14.695903820 -72.226420289 14.753813238 -72.228448255 14.753820922 -72.228426404 14.754009359 -72.228432975 14.754012513 -72.228424008  POLYGON ICRS  14.640899203 -72.207229617 14.640878672 -72.207292055 14.640836270 -72.207290826 14.635308226 -72.224089742 14.635165689 -72.224586380 14.692185031 -72.226420965 14.692192080 -72.226399854 14.692380003 -72.226405874 14.698212715 -72.208924321 14.698144954 -72.208922377 14.698151963 -72.208901342 14.698072059 -72.208899050 14.698078937 -72.208878414  POLYGON ICRS  14.856018132 -72.268800486 14.856076959 -72.268703340 14.856430635 -72.268724802 14.867100851 -72.251089927 14.809503128 -72.247838730 14.809442928 -72.247934898 14.809088414 -72.247914835 14.809028364 -72.248010777 14.808675278 -72.247990790 14.797791057 -72.265359588 14.855602058 -72.268877094 14.855661565 -72.268778852  POLYGON ICRS  14.788507585 -72.276969785 14.778021503 -72.294339234 14.835659834 -72.297645785 14.835719804 -72.297548904 14.836073712 -72.297569149 14.836132959 -72.297473424 14.836489070 -72.297493796 14.847372146 -72.279893693 14.789336239 -72.276818002 14.789279201 -72.276912581 14.788920036 -72.276893492 14.788862646 -72.276988658  POLYGON ICRS  14.823430017 -72.316323374 14.823779065 -72.316345622 14.823844490 -72.316247585 14.824194584 -72.316269899 14.835845906 -72.298793169 14.778294528 -72.295367598 14.778230619 -72.295464235 14.777879125 -72.295443258 14.777814665 -72.295540726 14.777463398 -72.295519764 14.766051198 -72.312760099 14.823342460 -72.316420604 14.823364752 -72.316421176  POLYGON ICRS  14.748974040 -72.244386643 14.748913610 -72.244482393 14.748558907 -72.244462412 14.748498523 -72.244558084 14.748146988 -72.244538279 14.737302924 -72.261700764 14.794230230 -72.265092921 14.794289655 -72.264995659 14.794643671 -72.265016697 14.794702979 -72.264919614 14.795059295 -72.264940787 14.805659668 -72.247570966  POLYGON ICRS  14.774405080 -72.293965680 14.774760790 -72.293985759 14.774818552 -72.293889953 14.775175651 -72.293910110 14.785630047 -72.276552535 14.728532897 -72.273515568 14.728477326 -72.273610224 14.728118485 -72.273591082 14.728062649 -72.273686184 14.727703410 -72.273667023 14.717606457 -72.290850188 14.774347384 -72.294061387  POLYGON ICRS  14.762390729 -72.312560527 14.762736182 -72.312581543 14.762801002 -72.312481649 14.763161329 -72.312503571 14.774338196 -72.295263183 14.717642955 -72.291999253 14.717579293 -72.292098270 14.717216972 -72.292077357 14.717156969 -72.292170687 14.716811680 -72.292150754 14.705832594 -72.309209152 14.762329208 -72.312655323
2026-09-28 12:49:05,400 - jwst.resample.resample - INFO - 8 exposures to drizzle together
2026-09-28 12:49:07,842 - stcal.resample.resample - INFO - Resampling science and variance data
2026-09-28 12:49:11,994 - stcal.resample.resample - INFO - Resampling science and variance data
2026-09-28 12:49:16,075 - stcal.resample.resample - INFO - Resampling science and variance data
2026-09-28 12:49:20,157 - stcal.resample.resample - INFO - Resampling science and variance data
2026-09-28 12:49:24,229 - stcal.resample.resample - INFO - Resampling science and variance data
2026-09-28 12:49:28,323 - stcal.resample.resample - INFO - Resampling science and variance data
2026-09-28 12:49:32,501 - stcal.resample.resample - INFO - Resampling science and variance data
2026-09-28 12:49:36,692 - stcal.resample.resample - INFO - Resampling science and variance data
2026-09-28 12:49:38,738 - jwst.resample.resample - INFO - Assigning output S_REGION: POLYGON ICRS  14.842769378 -72.128920020 14.900724958 -72.130476455 14.900730350 -72.130455759 14.900920768 -72.130460844 14.905551475 -72.112669079 14.905481946 -72.112667519 14.905487472 -72.112646251 14.905404249 -72.112644385 14.905409641 -72.112623643 14.847579638 -72.111317782 14.847562990 -72.111379258 14.847525584 -72.111378407  POLYGON ICRS  14.900551704 -72.131748524 14.842577280 -72.130173828 14.842558332 -72.130235623 14.842521333 -72.130234613 14.837853085 -72.145449875 14.835942873 -72.145406411 14.835926013 -72.145468385 14.835882764 -72.145467401 14.832033290 -72.159615625 14.831581267 -72.159604811 14.831563682 -72.159666837 14.831523855 -72.159665885 14.826533431 -72.177259831 14.826869825 -72.177269316 14.826523266 -72.178393489 14.826403386 -72.178389855 14.826382469 -72.178451532 14.826349229 -72.178450524 14.821163491 -72.193723423 14.819880683 -72.193692717 14.819863206 -72.193754111 14.819823520 -72.193753161 14.814810353 -72.211346749 14.872953325 -72.212978585 14.872959519 -72.212957896 14.873152381 -72.212963278 14.877652633 -72.197914461 14.878236117 -72.197934475 14.878243894 -72.197911891 14.878433690 -72.197918398 14.883307299 -72.183748407 14.883809542 -72.183764134 14.883815623 -72.183742977 14.884007410 -72.183748982 14.889136335 -72.165885646 14.889067780 -72.165883794 14.889073547 -72.165863686 14.888989839 -72.165861425 14.888995938 -72.165840158 14.888650933 -72.165830838 14.889028009 -72.164564058 14.889171168 -72.164567881 14.889176350 -72.164548066 14.889368438 -72.164553197 14.893275452 -72.149606423 14.895388565 -72.149672586 14.895394711 -72.149651110 14.895584213 -72.149657043 14.900692342 -72.131793403 14.900624263 -72.131791564 14.900630101 -72.131771136 14.900545894 -72.131768861  POLYGON ICRS  14.843866802 -72.111358529 14.843872516 -72.111337832 14.793279166 -72.110058630 14.793581614 -72.108921324 14.792924936 -72.108906216 14.792966833 -72.108748656 14.735156907 -72.107410153 14.735101493 -72.107610370 14.734600237 -72.107598688 14.729740522 -72.125137600 14.730391628 -72.125155555 14.730349030 -72.125309170 14.782127508 -72.126729914 14.781966204 -72.127291379 14.838973380 -72.128923532 14.838979221 -72.128902420 14.839170514 -72.128907867 14.844012788 -72.111382939 14.843945247 -72.111381240 14.843950932 -72.111360645  POLYGON ICRS  14.787992297 -72.127870567 14.730039716 -72.126262866 14.729976465 -72.126465162 14.729483705 -72.126451416 14.724668823 -72.141835143 14.723694439 -72.141812413 14.723677105 -72.141874757 14.723633715 -72.141873745 14.719783527 -72.155709966 14.718867171 -72.155687519 14.718808990 -72.155888484 14.718309251 -72.155876236 14.713209461 -72.173467213 14.713864331 -72.173486069 14.713820056 -72.173638681 14.714432479 -72.173656311 14.714170984 -72.174487837 14.713577033 -72.174469481 14.713506651 -72.174673312 14.713017620 -72.174658198 14.707681777 -72.190097035 14.707343929 -72.190088750 14.707325714 -72.190151385 14.707281684 -72.190150305 14.702162180 -72.207741004 14.753958887 -72.209225645 14.753854276 -72.209613562 14.811083710 -72.211176161 14.811089400 -72.211156112 14.811282375 -72.211161352 14.815606606 -72.195911431 14.816697940 -72.195945751 14.816704859 -72.195924563 14.816893634 -72.195930500 14.821519585 -72.181755373 14.821822273 -72.181764477 14.821828319 -72.181743814 14.822020780 -72.181749601 14.827163233 -72.164152067 14.827095766 -72.164150263 14.827101650 -72.164130115 14.827017520 -72.164127864 14.827023640 -72.164106907 14.826674207 -72.164097559 14.826983221 -72.163002673 14.827305913 -72.163011866 14.827311522 -72.162991673 14.827502320 -72.162997110 14.831770029 -72.147623926 14.833514486 -72.147676366 14.833520471 -72.147655817 14.833709401 -72.147661498 14.838832227 -72.130063686 14.838764249 -72.130061868 14.838770228 -72.130041316 14.838684921 -72.130039034 14.838690921 -72.130018403 14.788426144 -72.128667793 14.788608374 -72.128043126 14.787947275 -72.128024886  POLYGON ICRS  14.674038455 -72.106144579 14.668958717 -72.123473657 14.669611533 -72.123492827 14.669566820 -72.123645238 14.726552773 -72.125310040 14.726609911 -72.125107934 14.727115641 -72.125122633 14.732064167 -72.107600531 14.731407145 -72.107583620 14.731451025 -72.107428172 14.674596394 -72.105955774 14.674537283 -72.106157567  POLYGON ICRS  14.726772283 -72.126277917 14.726110731 -72.126259840 14.726156568 -72.126105506 14.669121273 -72.124538249 14.669057128 -72.124740069 14.668564091 -72.124726450 14.663588142 -72.140369983 14.663020863 -72.140355211 14.663002499 -72.140417684 14.662958925 -72.140416549 14.658919306 -72.154149202 14.657719896 -72.154119603 14.657664792 -72.154320624 14.657161745 -72.154308207 14.652388288 -72.171702734 14.653039928 -72.171720998 14.652997785 -72.171874448 14.653349048 -72.171884292 14.653041899 -72.172845774 14.652557257 -72.172831733 14.652490929 -72.173034249 14.651998150 -72.173019967 14.646909495 -72.188538054 14.646083584 -72.188517659 14.646066224 -72.188580722 14.646019501 -72.188579569 14.641230298 -72.205973920 14.698439097 -72.207568186 14.698444938 -72.207548027 14.698633172 -72.207553249 14.703054342 -72.192293642 14.703870457 -72.192319792 14.703938417 -72.192115562 14.704439244 -72.192131601 14.709084276 -72.178154451 14.709353428 -72.178162703 14.709359516 -72.178142321 14.709548630 -72.178148120 14.714799968 -72.160553629 14.714733376 -72.160551808 14.714739617 -72.160530884 14.714658226 -72.160528658 14.714664626 -72.160507189 14.714353613 -72.160498688 14.714668911 -72.159405060 14.714950817 -72.159413254 14.714956804 -72.159392161 14.715147558 -72.159397704 14.719508353 -72.144015302 14.720977134 -72.144060350 14.721037577 -72.143857258 14.721543014 -72.143872753  POLYGON ICRS  15.229040211 -72.170180947 15.229033699 -72.170063032 15.172031743 -72.170289738 15.172036351 -72.170565392 15.171457710 -72.170567607 15.171750356 -72.188121018 15.172652452 -72.188119010 15.172655427 -72.188297081 15.230340433 -72.188160273 15.230321727 -72.187821962 15.230829912 -72.187820685 15.229856208 -72.170177592  POLYGON ICRS  15.110718764 -72.188013378 15.110713170 -72.188187661 15.168154574 -72.188299668 15.168152378 -72.187959625 15.168644229 -72.187960519 15.168533189 -72.170411932 15.167712170 -72.170411015 15.167711445 -72.170297514 15.110946073 -72.170226363 15.110937135 -72.170504845 15.110371503 -72.170504049 15.109806977 -72.188011454  POLYGON ICRS  15.172543705 -72.207106219 15.172544650 -72.207283207 15.231148847 -72.207246569 15.231130503 -72.206906671 15.231637933 -72.206906282 15.230672603 -72.188978066 15.229855718 -72.188980000 15.229849489 -72.188864258 15.172118260 -72.188992724 15.172119720 -72.189269331 15.171543808 -72.189270524 15.171636287 -72.207106641  POLYGON ICRS  15.109909666 -72.206932492 15.109898298 -72.207105495 15.168245824 -72.207333082 15.168251752 -72.206990931 15.168737759 -72.206992750 15.169044496 -72.189161383 15.168220538 -72.189158874 15.168222461 -72.189047127 15.110735327 -72.188863714 15.110717037 -72.189142978 15.110159805 -72.189141115 15.108992081 -72.206928779  POLYGON ICRS  14.757857723 -72.228545927 14.748923638 -72.243302068 14.805529172 -72.246582793 14.805586722 -72.246486077 14.805941773 -72.246506602 14.805999256 -72.246410004 14.806357820 -72.246430727 14.815956566 -72.230281371 14.818937693 -72.230384361 14.809334288 -72.246689677 14.866919369 -72.249921869 14.866974893 -72.249825871 14.867330884 -72.249845799 14.867386373 -72.249749869 14.867745347 -72.249769962 14.877901941 -72.232192524 14.866928935 -72.231625676 14.872918308 -72.214275755 14.872848515 -72.214273660 14.872855413 -72.214253657 14.872768902 -72.214251060 14.872776113 -72.214230147 14.814681882 -72.212477715 14.814661092 -72.212538796 14.814626035 -72.212537733 14.809112745 -72.228715319 14.805633486 -72.228525871 14.810870370 -72.212532786 14.810800678 -72.212530827 14.810807272 -72.212510674 14.810722414 -72.212508289 14.810729290 -72.212487275 14.760113817 -72.211057959 14.760238489 -72.210702762 14.760169733 -72.210700658 14.760176899 -72.210680244 14.760096608 -72.210677786 14.760103970 -72.210656811 14.702032021 -72.208870868 14.702010348 -72.208933408 14.701969751 -72.208932153 14.695903820 -72.226420289 14.753813238 -72.228448255 14.753820922 -72.228426404 14.754009359 -72.228432975 14.754012513 -72.228424008  POLYGON ICRS  14.640899203 -72.207229617 14.640878672 -72.207292055 14.640836270 -72.207290826 14.635308226 -72.224089742 14.635165689 -72.224586380 14.692185031 -72.226420965 14.692192080 -72.226399854 14.692380003 -72.226405874 14.698212715 -72.208924321 14.698144954 -72.208922377 14.698151963 -72.208901342 14.698072059 -72.208899050 14.698078937 -72.208878414  POLYGON ICRS  14.856018132 -72.268800486 14.856076959 -72.268703340 14.856430635 -72.268724802 14.867100851 -72.251089927 14.809503128 -72.247838730 14.809442928 -72.247934898 14.809088414 -72.247914835 14.809028364 -72.248010777 14.808675278 -72.247990790 14.797791057 -72.265359588 14.855602058 -72.268877094 14.855661565 -72.268778852  POLYGON ICRS  14.788507585 -72.276969785 14.778021503 -72.294339234 14.835659834 -72.297645785 14.835719804 -72.297548904 14.836073712 -72.297569149 14.836132959 -72.297473424 14.836489070 -72.297493796 14.847372146 -72.279893693 14.789336239 -72.276818002 14.789279201 -72.276912581 14.788920036 -72.276893492 14.788862646 -72.276988658  POLYGON ICRS  14.823430017 -72.316323374 14.823779065 -72.316345622 14.823844490 -72.316247585 14.824194584 -72.316269899 14.835845906 -72.298793169 14.778294528 -72.295367598 14.778230619 -72.295464235 14.777879125 -72.295443258 14.777814665 -72.295540726 14.777463398 -72.295519764 14.766051198 -72.312760099 14.823342460 -72.316420604 14.823364752 -72.316421176  POLYGON ICRS  14.748974040 -72.244386643 14.748913610 -72.244482393 14.748558907 -72.244462412 14.748498523 -72.244558084 14.748146988 -72.244538279 14.737302924 -72.261700764 14.794230230 -72.265092921 14.794289655 -72.264995659 14.794643671 -72.265016697 14.794702979 -72.264919614 14.795059295 -72.264940787 14.805659668 -72.247570966  POLYGON ICRS  14.774405080 -72.293965680 14.774760790 -72.293985759 14.774818552 -72.293889953 14.775175651 -72.293910110 14.785630047 -72.276552535 14.728532897 -72.273515568 14.728477326 -72.273610224 14.728118485 -72.273591082 14.728062649 -72.273686184 14.727703410 -72.273667023 14.717606457 -72.290850188 14.774347384 -72.294061387  POLYGON ICRS  14.762390729 -72.312560527 14.762736182 -72.312581543 14.762801002 -72.312481649 14.763161329 -72.312503571 14.774338196 -72.295263183 14.717642955 -72.291999253 14.717579293 -72.292098270 14.717216972 -72.292077357 14.717156969 -72.292170687 14.716811680 -72.292150754 14.705832594 -72.309209152 14.762329208 -72.312655323
2026-09-28 12:49:41,906 - jwst.resample.resample - INFO - 8 exposures to drizzle together
2026-09-28 12:49:44,474 - stcal.resample.resample - INFO - Resampling science and variance data
2026-09-28 12:49:48,852 - stcal.resample.resample - INFO - Resampling science and variance data
2026-09-28 12:49:53,224 - stcal.resample.resample - INFO - Resampling science and variance data
2026-09-28 12:49:57,592 - stcal.resample.resample - INFO - Resampling science and variance data
2026-09-28 12:50:01,878 - stcal.resample.resample - INFO - Resampling science and variance data
2026-09-28 12:50:06,049 - stcal.resample.resample - INFO - Resampling science and variance data
2026-09-28 12:50:10,168 - stcal.resample.resample - INFO - Resampling science and variance data
2026-09-28 12:50:14,182 - stcal.resample.resample - INFO - Resampling science and variance data
2026-09-28 12:50:16,132 - jwst.resample.resample - INFO - Assigning output S_REGION: POLYGON ICRS  14.842769378 -72.128920020 14.900724958 -72.130476455 14.900730350 -72.130455759 14.900920768 -72.130460844 14.905551475 -72.112669079 14.905481946 -72.112667519 14.905487472 -72.112646251 14.905404249 -72.112644385 14.905409641 -72.112623643 14.847579638 -72.111317782 14.847562990 -72.111379258 14.847525584 -72.111378407  POLYGON ICRS  14.900551704 -72.131748524 14.842577280 -72.130173828 14.842558332 -72.130235623 14.842521333 -72.130234613 14.837853085 -72.145449875 14.835942873 -72.145406411 14.835926013 -72.145468385 14.835882764 -72.145467401 14.832033290 -72.159615625 14.831581267 -72.159604811 14.831563682 -72.159666837 14.831523855 -72.159665885 14.826533431 -72.177259831 14.826869825 -72.177269316 14.826523266 -72.178393489 14.826403386 -72.178389855 14.826382469 -72.178451532 14.826349229 -72.178450524 14.821163491 -72.193723423 14.819880683 -72.193692717 14.819863206 -72.193754111 14.819823520 -72.193753161 14.814810353 -72.211346749 14.872953325 -72.212978585 14.872959519 -72.212957896 14.873152381 -72.212963278 14.877652633 -72.197914461 14.878236117 -72.197934475 14.878243894 -72.197911891 14.878433690 -72.197918398 14.883307299 -72.183748407 14.883809542 -72.183764134 14.883815623 -72.183742977 14.884007410 -72.183748982 14.889136335 -72.165885646 14.889067780 -72.165883794 14.889073547 -72.165863686 14.888989839 -72.165861425 14.888995938 -72.165840158 14.888650933 -72.165830838 14.889028009 -72.164564058 14.889171168 -72.164567881 14.889176350 -72.164548066 14.889368438 -72.164553197 14.893275452 -72.149606423 14.895388565 -72.149672586 14.895394711 -72.149651110 14.895584213 -72.149657043 14.900692342 -72.131793403 14.900624263 -72.131791564 14.900630101 -72.131771136 14.900545894 -72.131768861  POLYGON ICRS  14.843866802 -72.111358529 14.843872516 -72.111337832 14.793279166 -72.110058630 14.793581614 -72.108921324 14.792924936 -72.108906216 14.792966833 -72.108748656 14.735156907 -72.107410153 14.735101493 -72.107610370 14.734600237 -72.107598688 14.729740522 -72.125137600 14.730391628 -72.125155555 14.730349030 -72.125309170 14.782127508 -72.126729914 14.781966204 -72.127291379 14.838973380 -72.128923532 14.838979221 -72.128902420 14.839170514 -72.128907867 14.844012788 -72.111382939 14.843945247 -72.111381240 14.843950932 -72.111360645  POLYGON ICRS  14.787992297 -72.127870567 14.730039716 -72.126262866 14.729976465 -72.126465162 14.729483705 -72.126451416 14.724668823 -72.141835143 14.723694439 -72.141812413 14.723677105 -72.141874757 14.723633715 -72.141873745 14.719783527 -72.155709966 14.718867171 -72.155687519 14.718808990 -72.155888484 14.718309251 -72.155876236 14.713209461 -72.173467213 14.713864331 -72.173486069 14.713820056 -72.173638681 14.714432479 -72.173656311 14.714170984 -72.174487837 14.713577033 -72.174469481 14.713506651 -72.174673312 14.713017620 -72.174658198 14.707681777 -72.190097035 14.707343929 -72.190088750 14.707325714 -72.190151385 14.707281684 -72.190150305 14.702162180 -72.207741004 14.753958887 -72.209225645 14.753854276 -72.209613562 14.811083710 -72.211176161 14.811089400 -72.211156112 14.811282375 -72.211161352 14.815606606 -72.195911431 14.816697940 -72.195945751 14.816704859 -72.195924563 14.816893634 -72.195930500 14.821519585 -72.181755373 14.821822273 -72.181764477 14.821828319 -72.181743814 14.822020780 -72.181749601 14.827163233 -72.164152067 14.827095766 -72.164150263 14.827101650 -72.164130115 14.827017520 -72.164127864 14.827023640 -72.164106907 14.826674207 -72.164097559 14.826983221 -72.163002673 14.827305913 -72.163011866 14.827311522 -72.162991673 14.827502320 -72.162997110 14.831770029 -72.147623926 14.833514486 -72.147676366 14.833520471 -72.147655817 14.833709401 -72.147661498 14.838832227 -72.130063686 14.838764249 -72.130061868 14.838770228 -72.130041316 14.838684921 -72.130039034 14.838690921 -72.130018403 14.788426144 -72.128667793 14.788608374 -72.128043126 14.787947275 -72.128024886  POLYGON ICRS  14.674038455 -72.106144579 14.668958717 -72.123473657 14.669611533 -72.123492827 14.669566820 -72.123645238 14.726552773 -72.125310040 14.726609911 -72.125107934 14.727115641 -72.125122633 14.732064167 -72.107600531 14.731407145 -72.107583620 14.731451025 -72.107428172 14.674596394 -72.105955774 14.674537283 -72.106157567  POLYGON ICRS  14.726772283 -72.126277917 14.726110731 -72.126259840 14.726156568 -72.126105506 14.669121273 -72.124538249 14.669057128 -72.124740069 14.668564091 -72.124726450 14.663588142 -72.140369983 14.663020863 -72.140355211 14.663002499 -72.140417684 14.662958925 -72.140416549 14.658919306 -72.154149202 14.657719896 -72.154119603 14.657664792 -72.154320624 14.657161745 -72.154308207 14.652388288 -72.171702734 14.653039928 -72.171720998 14.652997785 -72.171874448 14.653349048 -72.171884292 14.653041899 -72.172845774 14.652557257 -72.172831733 14.652490929 -72.173034249 14.651998150 -72.173019967 14.646909495 -72.188538054 14.646083584 -72.188517659 14.646066224 -72.188580722 14.646019501 -72.188579569 14.641230298 -72.205973920 14.698439097 -72.207568186 14.698444938 -72.207548027 14.698633172 -72.207553249 14.703054342 -72.192293642 14.703870457 -72.192319792 14.703938417 -72.192115562 14.704439244 -72.192131601 14.709084276 -72.178154451 14.709353428 -72.178162703 14.709359516 -72.178142321 14.709548630 -72.178148120 14.714799968 -72.160553629 14.714733376 -72.160551808 14.714739617 -72.160530884 14.714658226 -72.160528658 14.714664626 -72.160507189 14.714353613 -72.160498688 14.714668911 -72.159405060 14.714950817 -72.159413254 14.714956804 -72.159392161 14.715147558 -72.159397704 14.719508353 -72.144015302 14.720977134 -72.144060350 14.721037577 -72.143857258 14.721543014 -72.143872753  POLYGON ICRS  15.229040211 -72.170180947 15.229033699 -72.170063032 15.172031743 -72.170289738 15.172036351 -72.170565392 15.171457710 -72.170567607 15.171750356 -72.188121018 15.172652452 -72.188119010 15.172655427 -72.188297081 15.230340433 -72.188160273 15.230321727 -72.187821962 15.230829912 -72.187820685 15.229856208 -72.170177592  POLYGON ICRS  15.110718764 -72.188013378 15.110713170 -72.188187661 15.168154574 -72.188299668 15.168152378 -72.187959625 15.168644229 -72.187960519 15.168533189 -72.170411932 15.167712170 -72.170411015 15.167711445 -72.170297514 15.110946073 -72.170226363 15.110937135 -72.170504845 15.110371503 -72.170504049 15.109806977 -72.188011454  POLYGON ICRS  15.172543705 -72.207106219 15.172544650 -72.207283207 15.231148847 -72.207246569 15.231130503 -72.206906671 15.231637933 -72.206906282 15.230672603 -72.188978066 15.229855718 -72.188980000 15.229849489 -72.188864258 15.172118260 -72.188992724 15.172119720 -72.189269331 15.171543808 -72.189270524 15.171636287 -72.207106641  POLYGON ICRS  15.109909666 -72.206932492 15.109898298 -72.207105495 15.168245824 -72.207333082 15.168251752 -72.206990931 15.168737759 -72.206992750 15.169044496 -72.189161383 15.168220538 -72.189158874 15.168222461 -72.189047127 15.110735327 -72.188863714 15.110717037 -72.189142978 15.110159805 -72.189141115 15.108992081 -72.206928779  POLYGON ICRS  14.757857723 -72.228545927 14.748923638 -72.243302068 14.805529172 -72.246582793 14.805586722 -72.246486077 14.805941773 -72.246506602 14.805999256 -72.246410004 14.806357820 -72.246430727 14.815956566 -72.230281371 14.818937693 -72.230384361 14.809334288 -72.246689677 14.866919369 -72.249921869 14.866974893 -72.249825871 14.867330884 -72.249845799 14.867386373 -72.249749869 14.867745347 -72.249769962 14.877901941 -72.232192524 14.866928935 -72.231625676 14.872918308 -72.214275755 14.872848515 -72.214273660 14.872855413 -72.214253657 14.872768902 -72.214251060 14.872776113 -72.214230147 14.814681882 -72.212477715 14.814661092 -72.212538796 14.814626035 -72.212537733 14.809112745 -72.228715319 14.805633486 -72.228525871 14.810870370 -72.212532786 14.810800678 -72.212530827 14.810807272 -72.212510674 14.810722414 -72.212508289 14.810729290 -72.212487275 14.760113817 -72.211057959 14.760238489 -72.210702762 14.760169733 -72.210700658 14.760176899 -72.210680244 14.760096608 -72.210677786 14.760103970 -72.210656811 14.702032021 -72.208870868 14.702010348 -72.208933408 14.701969751 -72.208932153 14.695903820 -72.226420289 14.753813238 -72.228448255 14.753820922 -72.228426404 14.754009359 -72.228432975 14.754012513 -72.228424008  POLYGON ICRS  14.640899203 -72.207229617 14.640878672 -72.207292055 14.640836270 -72.207290826 14.635308226 -72.224089742 14.635165689 -72.224586380 14.692185031 -72.226420965 14.692192080 -72.226399854 14.692380003 -72.226405874 14.698212715 -72.208924321 14.698144954 -72.208922377 14.698151963 -72.208901342 14.698072059 -72.208899050 14.698078937 -72.208878414  POLYGON ICRS  14.856018132 -72.268800486 14.856076959 -72.268703340 14.856430635 -72.268724802 14.867100851 -72.251089927 14.809503128 -72.247838730 14.809442928 -72.247934898 14.809088414 -72.247914835 14.809028364 -72.248010777 14.808675278 -72.247990790 14.797791057 -72.265359588 14.855602058 -72.268877094 14.855661565 -72.268778852  POLYGON ICRS  14.788507585 -72.276969785 14.778021503 -72.294339234 14.835659834 -72.297645785 14.835719804 -72.297548904 14.836073712 -72.297569149 14.836132959 -72.297473424 14.836489070 -72.297493796 14.847372146 -72.279893693 14.789336239 -72.276818002 14.789279201 -72.276912581 14.788920036 -72.276893492 14.788862646 -72.276988658  POLYGON ICRS  14.823430017 -72.316323374 14.823779065 -72.316345622 14.823844490 -72.316247585 14.824194584 -72.316269899 14.835845906 -72.298793169 14.778294528 -72.295367598 14.778230619 -72.295464235 14.777879125 -72.295443258 14.777814665 -72.295540726 14.777463398 -72.295519764 14.766051198 -72.312760099 14.823342460 -72.316420604 14.823364752 -72.316421176  POLYGON ICRS  14.748974040 -72.244386643 14.748913610 -72.244482393 14.748558907 -72.244462412 14.748498523 -72.244558084 14.748146988 -72.244538279 14.737302924 -72.261700764 14.794230230 -72.265092921 14.794289655 -72.264995659 14.794643671 -72.265016697 14.794702979 -72.264919614 14.795059295 -72.264940787 14.805659668 -72.247570966  POLYGON ICRS  14.774405080 -72.293965680 14.774760790 -72.293985759 14.774818552 -72.293889953 14.775175651 -72.293910110 14.785630047 -72.276552535 14.728532897 -72.273515568 14.728477326 -72.273610224 14.728118485 -72.273591082 14.728062649 -72.273686184 14.727703410 -72.273667023 14.717606457 -72.290850188 14.774347384 -72.294061387  POLYGON ICRS  14.762390729 -72.312560527 14.762736182 -72.312581543 14.762801002 -72.312481649 14.763161329 -72.312503571 14.774338196 -72.295263183 14.717642955 -72.291999253 14.717579293 -72.292098270 14.717216972 -72.292077357 14.717156969 -72.292170687 14.716811680 -72.292150754 14.705832594 -72.309209152 14.762329208 -72.312655323
2026-09-28 12:50:19,456 - jwst.resample.resample - INFO - 4 exposures to drizzle together
2026-09-28 12:50:21,785 - stcal.resample.resample - INFO - Resampling science and variance data
2026-09-28 12:50:25,917 - stcal.resample.resample - INFO - Resampling science and variance data
2026-09-28 12:50:29,965 - stcal.resample.resample - INFO - Resampling science and variance data
2026-09-28 12:50:34,026 - stcal.resample.resample - INFO - Resampling science and variance data
2026-09-28 12:50:36,098 - jwst.resample.resample - INFO - Assigning output S_REGION: POLYGON ICRS  14.842769378 -72.128920020 14.900724958 -72.130476455 14.900730350 -72.130455759 14.900920768 -72.130460844 14.905551475 -72.112669079 14.905481946 -72.112667519 14.905487472 -72.112646251 14.905404249 -72.112644385 14.905409641 -72.112623643 14.847579638 -72.111317782 14.847562990 -72.111379258 14.847525584 -72.111378407  POLYGON ICRS  14.900551704 -72.131748524 14.842577280 -72.130173828 14.842558332 -72.130235623 14.842521333 -72.130234613 14.837853085 -72.145449875 14.835942873 -72.145406411 14.835926013 -72.145468385 14.835882764 -72.145467401 14.832033290 -72.159615625 14.831581267 -72.159604811 14.831563682 -72.159666837 14.831523855 -72.159665885 14.826533431 -72.177259831 14.826869825 -72.177269316 14.826523266 -72.178393489 14.826403386 -72.178389855 14.826382469 -72.178451532 14.826349229 -72.178450524 14.821163491 -72.193723423 14.819880683 -72.193692717 14.819863206 -72.193754111 14.819823520 -72.193753161 14.814810353 -72.211346749 14.872953325 -72.212978585 14.872959519 -72.212957896 14.873152381 -72.212963278 14.877652633 -72.197914461 14.878236117 -72.197934475 14.878243894 -72.197911891 14.878433690 -72.197918398 14.883307299 -72.183748407 14.883809542 -72.183764134 14.883815623 -72.183742977 14.884007410 -72.183748982 14.889136335 -72.165885646 14.889067780 -72.165883794 14.889073547 -72.165863686 14.888989839 -72.165861425 14.888995938 -72.165840158 14.888650933 -72.165830838 14.889028009 -72.164564058 14.889171168 -72.164567881 14.889176350 -72.164548066 14.889368438 -72.164553197 14.893275452 -72.149606423 14.895388565 -72.149672586 14.895394711 -72.149651110 14.895584213 -72.149657043 14.900692342 -72.131793403 14.900624263 -72.131791564 14.900630101 -72.131771136 14.900545894 -72.131768861  POLYGON ICRS  14.843866802 -72.111358529 14.843872516 -72.111337832 14.793279166 -72.110058630 14.793581614 -72.108921324 14.792924936 -72.108906216 14.792966833 -72.108748656 14.735156907 -72.107410153 14.735101493 -72.107610370 14.734600237 -72.107598688 14.729740522 -72.125137600 14.730391628 -72.125155555 14.730349030 -72.125309170 14.782127508 -72.126729914 14.781966204 -72.127291379 14.838973380 -72.128923532 14.838979221 -72.128902420 14.839170514 -72.128907867 14.844012788 -72.111382939 14.843945247 -72.111381240 14.843950932 -72.111360645  POLYGON ICRS  14.787992297 -72.127870567 14.730039716 -72.126262866 14.729976465 -72.126465162 14.729483705 -72.126451416 14.724668823 -72.141835143 14.723694439 -72.141812413 14.723677105 -72.141874757 14.723633715 -72.141873745 14.719783527 -72.155709966 14.718867171 -72.155687519 14.718808990 -72.155888484 14.718309251 -72.155876236 14.713209461 -72.173467213 14.713864331 -72.173486069 14.713820056 -72.173638681 14.714432479 -72.173656311 14.714170984 -72.174487837 14.713577033 -72.174469481 14.713506651 -72.174673312 14.713017620 -72.174658198 14.707681777 -72.190097035 14.707343929 -72.190088750 14.707325714 -72.190151385 14.707281684 -72.190150305 14.702162180 -72.207741004 14.753958887 -72.209225645 14.753854276 -72.209613562 14.811083710 -72.211176161 14.811089400 -72.211156112 14.811282375 -72.211161352 14.815606606 -72.195911431 14.816697940 -72.195945751 14.816704859 -72.195924563 14.816893634 -72.195930500 14.821519585 -72.181755373 14.821822273 -72.181764477 14.821828319 -72.181743814 14.822020780 -72.181749601 14.827163233 -72.164152067 14.827095766 -72.164150263 14.827101650 -72.164130115 14.827017520 -72.164127864 14.827023640 -72.164106907 14.826674207 -72.164097559 14.826983221 -72.163002673 14.827305913 -72.163011866 14.827311522 -72.162991673 14.827502320 -72.162997110 14.831770029 -72.147623926 14.833514486 -72.147676366 14.833520471 -72.147655817 14.833709401 -72.147661498 14.838832227 -72.130063686 14.838764249 -72.130061868 14.838770228 -72.130041316 14.838684921 -72.130039034 14.838690921 -72.130018403 14.788426144 -72.128667793 14.788608374 -72.128043126 14.787947275 -72.128024886  POLYGON ICRS  14.674038455 -72.106144579 14.668958717 -72.123473657 14.669611533 -72.123492827 14.669566820 -72.123645238 14.726552773 -72.125310040 14.726609911 -72.125107934 14.727115641 -72.125122633 14.732064167 -72.107600531 14.731407145 -72.107583620 14.731451025 -72.107428172 14.674596394 -72.105955774 14.674537283 -72.106157567  POLYGON ICRS  14.726772283 -72.126277917 14.726110731 -72.126259840 14.726156568 -72.126105506 14.669121273 -72.124538249 14.669057128 -72.124740069 14.668564091 -72.124726450 14.663588142 -72.140369983 14.663020863 -72.140355211 14.663002499 -72.140417684 14.662958925 -72.140416549 14.658919306 -72.154149202 14.657719896 -72.154119603 14.657664792 -72.154320624 14.657161745 -72.154308207 14.652388288 -72.171702734 14.653039928 -72.171720998 14.652997785 -72.171874448 14.653349048 -72.171884292 14.653041899 -72.172845774 14.652557257 -72.172831733 14.652490929 -72.173034249 14.651998150 -72.173019967 14.646909495 -72.188538054 14.646083584 -72.188517659 14.646066224 -72.188580722 14.646019501 -72.188579569 14.641230298 -72.205973920 14.698439097 -72.207568186 14.698444938 -72.207548027 14.698633172 -72.207553249 14.703054342 -72.192293642 14.703870457 -72.192319792 14.703938417 -72.192115562 14.704439244 -72.192131601 14.709084276 -72.178154451 14.709353428 -72.178162703 14.709359516 -72.178142321 14.709548630 -72.178148120 14.714799968 -72.160553629 14.714733376 -72.160551808 14.714739617 -72.160530884 14.714658226 -72.160528658 14.714664626 -72.160507189 14.714353613 -72.160498688 14.714668911 -72.159405060 14.714950817 -72.159413254 14.714956804 -72.159392161 14.715147558 -72.159397704 14.719508353 -72.144015302 14.720977134 -72.144060350 14.721037577 -72.143857258 14.721543014 -72.143872753  POLYGON ICRS  15.229040211 -72.170180947 15.229033699 -72.170063032 15.172031743 -72.170289738 15.172036351 -72.170565392 15.171457710 -72.170567607 15.171750356 -72.188121018 15.172652452 -72.188119010 15.172655427 -72.188297081 15.230340433 -72.188160273 15.230321727 -72.187821962 15.230829912 -72.187820685 15.229856208 -72.170177592  POLYGON ICRS  15.110718764 -72.188013378 15.110713170 -72.188187661 15.168154574 -72.188299668 15.168152378 -72.187959625 15.168644229 -72.187960519 15.168533189 -72.170411932 15.167712170 -72.170411015 15.167711445 -72.170297514 15.110946073 -72.170226363 15.110937135 -72.170504845 15.110371503 -72.170504049 15.109806977 -72.188011454  POLYGON ICRS  15.172543705 -72.207106219 15.172544650 -72.207283207 15.231148847 -72.207246569 15.231130503 -72.206906671 15.231637933 -72.206906282 15.230672603 -72.188978066 15.229855718 -72.188980000 15.229849489 -72.188864258 15.172118260 -72.188992724 15.172119720 -72.189269331 15.171543808 -72.189270524 15.171636287 -72.207106641  POLYGON ICRS  15.109909666 -72.206932492 15.109898298 -72.207105495 15.168245824 -72.207333082 15.168251752 -72.206990931 15.168737759 -72.206992750 15.169044496 -72.189161383 15.168220538 -72.189158874 15.168222461 -72.189047127 15.110735327 -72.188863714 15.110717037 -72.189142978 15.110159805 -72.189141115 15.108992081 -72.206928779  POLYGON ICRS  14.757857723 -72.228545927 14.748923638 -72.243302068 14.805529172 -72.246582793 14.805586722 -72.246486077 14.805941773 -72.246506602 14.805999256 -72.246410004 14.806357820 -72.246430727 14.815956566 -72.230281371 14.818937693 -72.230384361 14.809334288 -72.246689677 14.866919369 -72.249921869 14.866974893 -72.249825871 14.867330884 -72.249845799 14.867386373 -72.249749869 14.867745347 -72.249769962 14.877901941 -72.232192524 14.866928935 -72.231625676 14.872918308 -72.214275755 14.872848515 -72.214273660 14.872855413 -72.214253657 14.872768902 -72.214251060 14.872776113 -72.214230147 14.814681882 -72.212477715 14.814661092 -72.212538796 14.814626035 -72.212537733 14.809112745 -72.228715319 14.805633486 -72.228525871 14.810870370 -72.212532786 14.810800678 -72.212530827 14.810807272 -72.212510674 14.810722414 -72.212508289 14.810729290 -72.212487275 14.760113817 -72.211057959 14.760238489 -72.210702762 14.760169733 -72.210700658 14.760176899 -72.210680244 14.760096608 -72.210677786 14.760103970 -72.210656811 14.702032021 -72.208870868 14.702010348 -72.208933408 14.701969751 -72.208932153 14.695903820 -72.226420289 14.753813238 -72.228448255 14.753820922 -72.228426404 14.754009359 -72.228432975 14.754012513 -72.228424008  POLYGON ICRS  14.640899203 -72.207229617 14.640878672 -72.207292055 14.640836270 -72.207290826 14.635308226 -72.224089742 14.635165689 -72.224586380 14.692185031 -72.226420965 14.692192080 -72.226399854 14.692380003 -72.226405874 14.698212715 -72.208924321 14.698144954 -72.208922377 14.698151963 -72.208901342 14.698072059 -72.208899050 14.698078937 -72.208878414  POLYGON ICRS  14.856018132 -72.268800486 14.856076959 -72.268703340 14.856430635 -72.268724802 14.867100851 -72.251089927 14.809503128 -72.247838730 14.809442928 -72.247934898 14.809088414 -72.247914835 14.809028364 -72.248010777 14.808675278 -72.247990790 14.797791057 -72.265359588 14.855602058 -72.268877094 14.855661565 -72.268778852  POLYGON ICRS  14.788507585 -72.276969785 14.778021503 -72.294339234 14.835659834 -72.297645785 14.835719804 -72.297548904 14.836073712 -72.297569149 14.836132959 -72.297473424 14.836489070 -72.297493796 14.847372146 -72.279893693 14.789336239 -72.276818002 14.789279201 -72.276912581 14.788920036 -72.276893492 14.788862646 -72.276988658  POLYGON ICRS  14.823430017 -72.316323374 14.823779065 -72.316345622 14.823844490 -72.316247585 14.824194584 -72.316269899 14.835845906 -72.298793169 14.778294528 -72.295367598 14.778230619 -72.295464235 14.777879125 -72.295443258 14.777814665 -72.295540726 14.777463398 -72.295519764 14.766051198 -72.312760099 14.823342460 -72.316420604 14.823364752 -72.316421176  POLYGON ICRS  14.748974040 -72.244386643 14.748913610 -72.244482393 14.748558907 -72.244462412 14.748498523 -72.244558084 14.748146988 -72.244538279 14.737302924 -72.261700764 14.794230230 -72.265092921 14.794289655 -72.264995659 14.794643671 -72.265016697 14.794702979 -72.264919614 14.795059295 -72.264940787 14.805659668 -72.247570966  POLYGON ICRS  14.774405080 -72.293965680 14.774760790 -72.293985759 14.774818552 -72.293889953 14.775175651 -72.293910110 14.785630047 -72.276552535 14.728532897 -72.273515568 14.728477326 -72.273610224 14.728118485 -72.273591082 14.728062649 -72.273686184 14.727703410 -72.273667023 14.717606457 -72.290850188 14.774347384 -72.294061387  POLYGON ICRS  14.762390729 -72.312560527 14.762736182 -72.312581543 14.762801002 -72.312481649 14.763161329 -72.312503571 14.774338196 -72.295263183 14.717642955 -72.291999253 14.717579293 -72.292098270 14.717216972 -72.292077357 14.717156969 -72.292170687 14.716811680 -72.292150754 14.705832594 -72.309209152 14.762329208 -72.312655323
2026-09-28 12:50:38,672 - jwst.resample.resample - INFO - 4 exposures to drizzle together
2026-09-28 12:50:41,045 - stcal.resample.resample - INFO - Resampling science and variance data
2026-09-28 12:50:45,138 - stcal.resample.resample - INFO - Resampling science and variance data
2026-09-28 12:50:49,135 - stcal.resample.resample - INFO - Resampling science and variance data
2026-09-28 12:50:53,133 - stcal.resample.resample - INFO - Resampling science and variance data
2026-09-28 12:50:55,188 - jwst.resample.resample - INFO - Assigning output S_REGION: POLYGON ICRS  14.842769378 -72.128920020 14.900724958 -72.130476455 14.900730350 -72.130455759 14.900920768 -72.130460844 14.905551475 -72.112669079 14.905481946 -72.112667519 14.905487472 -72.112646251 14.905404249 -72.112644385 14.905409641 -72.112623643 14.847579638 -72.111317782 14.847562990 -72.111379258 14.847525584 -72.111378407  POLYGON ICRS  14.900551704 -72.131748524 14.842577280 -72.130173828 14.842558332 -72.130235623 14.842521333 -72.130234613 14.837853085 -72.145449875 14.835942873 -72.145406411 14.835926013 -72.145468385 14.835882764 -72.145467401 14.832033290 -72.159615625 14.831581267 -72.159604811 14.831563682 -72.159666837 14.831523855 -72.159665885 14.826533431 -72.177259831 14.826869825 -72.177269316 14.826523266 -72.178393489 14.826403386 -72.178389855 14.826382469 -72.178451532 14.826349229 -72.178450524 14.821163491 -72.193723423 14.819880683 -72.193692717 14.819863206 -72.193754111 14.819823520 -72.193753161 14.814810353 -72.211346749 14.872953325 -72.212978585 14.872959519 -72.212957896 14.873152381 -72.212963278 14.877652633 -72.197914461 14.878236117 -72.197934475 14.878243894 -72.197911891 14.878433690 -72.197918398 14.883307299 -72.183748407 14.883809542 -72.183764134 14.883815623 -72.183742977 14.884007410 -72.183748982 14.889136335 -72.165885646 14.889067780 -72.165883794 14.889073547 -72.165863686 14.888989839 -72.165861425 14.888995938 -72.165840158 14.888650933 -72.165830838 14.889028009 -72.164564058 14.889171168 -72.164567881 14.889176350 -72.164548066 14.889368438 -72.164553197 14.893275452 -72.149606423 14.895388565 -72.149672586 14.895394711 -72.149651110 14.895584213 -72.149657043 14.900692342 -72.131793403 14.900624263 -72.131791564 14.900630101 -72.131771136 14.900545894 -72.131768861  POLYGON ICRS  14.843866802 -72.111358529 14.843872516 -72.111337832 14.793279166 -72.110058630 14.793581614 -72.108921324 14.792924936 -72.108906216 14.792966833 -72.108748656 14.735156907 -72.107410153 14.735101493 -72.107610370 14.734600237 -72.107598688 14.729740522 -72.125137600 14.730391628 -72.125155555 14.730349030 -72.125309170 14.782127508 -72.126729914 14.781966204 -72.127291379 14.838973380 -72.128923532 14.838979221 -72.128902420 14.839170514 -72.128907867 14.844012788 -72.111382939 14.843945247 -72.111381240 14.843950932 -72.111360645  POLYGON ICRS  14.787992297 -72.127870567 14.730039716 -72.126262866 14.729976465 -72.126465162 14.729483705 -72.126451416 14.724668823 -72.141835143 14.723694439 -72.141812413 14.723677105 -72.141874757 14.723633715 -72.141873745 14.719783527 -72.155709966 14.718867171 -72.155687519 14.718808990 -72.155888484 14.718309251 -72.155876236 14.713209461 -72.173467213 14.713864331 -72.173486069 14.713820056 -72.173638681 14.714432479 -72.173656311 14.714170984 -72.174487837 14.713577033 -72.174469481 14.713506651 -72.174673312 14.713017620 -72.174658198 14.707681777 -72.190097035 14.707343929 -72.190088750 14.707325714 -72.190151385 14.707281684 -72.190150305 14.702162180 -72.207741004 14.753958887 -72.209225645 14.753854276 -72.209613562 14.811083710 -72.211176161 14.811089400 -72.211156112 14.811282375 -72.211161352 14.815606606 -72.195911431 14.816697940 -72.195945751 14.816704859 -72.195924563 14.816893634 -72.195930500 14.821519585 -72.181755373 14.821822273 -72.181764477 14.821828319 -72.181743814 14.822020780 -72.181749601 14.827163233 -72.164152067 14.827095766 -72.164150263 14.827101650 -72.164130115 14.827017520 -72.164127864 14.827023640 -72.164106907 14.826674207 -72.164097559 14.826983221 -72.163002673 14.827305913 -72.163011866 14.827311522 -72.162991673 14.827502320 -72.162997110 14.831770029 -72.147623926 14.833514486 -72.147676366 14.833520471 -72.147655817 14.833709401 -72.147661498 14.838832227 -72.130063686 14.838764249 -72.130061868 14.838770228 -72.130041316 14.838684921 -72.130039034 14.838690921 -72.130018403 14.788426144 -72.128667793 14.788608374 -72.128043126 14.787947275 -72.128024886  POLYGON ICRS  14.674038455 -72.106144579 14.668958717 -72.123473657 14.669611533 -72.123492827 14.669566820 -72.123645238 14.726552773 -72.125310040 14.726609911 -72.125107934 14.727115641 -72.125122633 14.732064167 -72.107600531 14.731407145 -72.107583620 14.731451025 -72.107428172 14.674596394 -72.105955774 14.674537283 -72.106157567  POLYGON ICRS  14.726772283 -72.126277917 14.726110731 -72.126259840 14.726156568 -72.126105506 14.669121273 -72.124538249 14.669057128 -72.124740069 14.668564091 -72.124726450 14.663588142 -72.140369983 14.663020863 -72.140355211 14.663002499 -72.140417684 14.662958925 -72.140416549 14.658919306 -72.154149202 14.657719896 -72.154119603 14.657664792 -72.154320624 14.657161745 -72.154308207 14.652388288 -72.171702734 14.653039928 -72.171720998 14.652997785 -72.171874448 14.653349048 -72.171884292 14.653041899 -72.172845774 14.652557257 -72.172831733 14.652490929 -72.173034249 14.651998150 -72.173019967 14.646909495 -72.188538054 14.646083584 -72.188517659 14.646066224 -72.188580722 14.646019501 -72.188579569 14.641230298 -72.205973920 14.698439097 -72.207568186 14.698444938 -72.207548027 14.698633172 -72.207553249 14.703054342 -72.192293642 14.703870457 -72.192319792 14.703938417 -72.192115562 14.704439244 -72.192131601 14.709084276 -72.178154451 14.709353428 -72.178162703 14.709359516 -72.178142321 14.709548630 -72.178148120 14.714799968 -72.160553629 14.714733376 -72.160551808 14.714739617 -72.160530884 14.714658226 -72.160528658 14.714664626 -72.160507189 14.714353613 -72.160498688 14.714668911 -72.159405060 14.714950817 -72.159413254 14.714956804 -72.159392161 14.715147558 -72.159397704 14.719508353 -72.144015302 14.720977134 -72.144060350 14.721037577 -72.143857258 14.721543014 -72.143872753  POLYGON ICRS  15.229040211 -72.170180947 15.229033699 -72.170063032 15.172031743 -72.170289738 15.172036351 -72.170565392 15.171457710 -72.170567607 15.171750356 -72.188121018 15.172652452 -72.188119010 15.172655427 -72.188297081 15.230340433 -72.188160273 15.230321727 -72.187821962 15.230829912 -72.187820685 15.229856208 -72.170177592  POLYGON ICRS  15.110718764 -72.188013378 15.110713170 -72.188187661 15.168154574 -72.188299668 15.168152378 -72.187959625 15.168644229 -72.187960519 15.168533189 -72.170411932 15.167712170 -72.170411015 15.167711445 -72.170297514 15.110946073 -72.170226363 15.110937135 -72.170504845 15.110371503 -72.170504049 15.109806977 -72.188011454  POLYGON ICRS  15.172543705 -72.207106219 15.172544650 -72.207283207 15.231148847 -72.207246569 15.231130503 -72.206906671 15.231637933 -72.206906282 15.230672603 -72.188978066 15.229855718 -72.188980000 15.229849489 -72.188864258 15.172118260 -72.188992724 15.172119720 -72.189269331 15.171543808 -72.189270524 15.171636287 -72.207106641  POLYGON ICRS  15.109909666 -72.206932492 15.109898298 -72.207105495 15.168245824 -72.207333082 15.168251752 -72.206990931 15.168737759 -72.206992750 15.169044496 -72.189161383 15.168220538 -72.189158874 15.168222461 -72.189047127 15.110735327 -72.188863714 15.110717037 -72.189142978 15.110159805 -72.189141115 15.108992081 -72.206928779  POLYGON ICRS  14.757857723 -72.228545927 14.748923638 -72.243302068 14.805529172 -72.246582793 14.805586722 -72.246486077 14.805941773 -72.246506602 14.805999256 -72.246410004 14.806357820 -72.246430727 14.815956566 -72.230281371 14.818937693 -72.230384361 14.809334288 -72.246689677 14.866919369 -72.249921869 14.866974893 -72.249825871 14.867330884 -72.249845799 14.867386373 -72.249749869 14.867745347 -72.249769962 14.877901941 -72.232192524 14.866928935 -72.231625676 14.872918308 -72.214275755 14.872848515 -72.214273660 14.872855413 -72.214253657 14.872768902 -72.214251060 14.872776113 -72.214230147 14.814681882 -72.212477715 14.814661092 -72.212538796 14.814626035 -72.212537733 14.809112745 -72.228715319 14.805633486 -72.228525871 14.810870370 -72.212532786 14.810800678 -72.212530827 14.810807272 -72.212510674 14.810722414 -72.212508289 14.810729290 -72.212487275 14.760113817 -72.211057959 14.760238489 -72.210702762 14.760169733 -72.210700658 14.760176899 -72.210680244 14.760096608 -72.210677786 14.760103970 -72.210656811 14.702032021 -72.208870868 14.702010348 -72.208933408 14.701969751 -72.208932153 14.695903820 -72.226420289 14.753813238 -72.228448255 14.753820922 -72.228426404 14.754009359 -72.228432975 14.754012513 -72.228424008  POLYGON ICRS  14.640899203 -72.207229617 14.640878672 -72.207292055 14.640836270 -72.207290826 14.635308226 -72.224089742 14.635165689 -72.224586380 14.692185031 -72.226420965 14.692192080 -72.226399854 14.692380003 -72.226405874 14.698212715 -72.208924321 14.698144954 -72.208922377 14.698151963 -72.208901342 14.698072059 -72.208899050 14.698078937 -72.208878414  POLYGON ICRS  14.856018132 -72.268800486 14.856076959 -72.268703340 14.856430635 -72.268724802 14.867100851 -72.251089927 14.809503128 -72.247838730 14.809442928 -72.247934898 14.809088414 -72.247914835 14.809028364 -72.248010777 14.808675278 -72.247990790 14.797791057 -72.265359588 14.855602058 -72.268877094 14.855661565 -72.268778852  POLYGON ICRS  14.788507585 -72.276969785 14.778021503 -72.294339234 14.835659834 -72.297645785 14.835719804 -72.297548904 14.836073712 -72.297569149 14.836132959 -72.297473424 14.836489070 -72.297493796 14.847372146 -72.279893693 14.789336239 -72.276818002 14.789279201 -72.276912581 14.788920036 -72.276893492 14.788862646 -72.276988658  POLYGON ICRS  14.823430017 -72.316323374 14.823779065 -72.316345622 14.823844490 -72.316247585 14.824194584 -72.316269899 14.835845906 -72.298793169 14.778294528 -72.295367598 14.778230619 -72.295464235 14.777879125 -72.295443258 14.777814665 -72.295540726 14.777463398 -72.295519764 14.766051198 -72.312760099 14.823342460 -72.316420604 14.823364752 -72.316421176  POLYGON ICRS  14.748974040 -72.244386643 14.748913610 -72.244482393 14.748558907 -72.244462412 14.748498523 -72.244558084 14.748146988 -72.244538279 14.737302924 -72.261700764 14.794230230 -72.265092921 14.794289655 -72.264995659 14.794643671 -72.265016697 14.794702979 -72.264919614 14.795059295 -72.264940787 14.805659668 -72.247570966  POLYGON ICRS  14.774405080 -72.293965680 14.774760790 -72.293985759 14.774818552 -72.293889953 14.775175651 -72.293910110 14.785630047 -72.276552535 14.728532897 -72.273515568 14.728477326 -72.273610224 14.728118485 -72.273591082 14.728062649 -72.273686184 14.727703410 -72.273667023 14.717606457 -72.290850188 14.774347384 -72.294061387  POLYGON ICRS  14.762390729 -72.312560527 14.762736182 -72.312581543 14.762801002 -72.312481649 14.763161329 -72.312503571 14.774338196 -72.295263183 14.717642955 -72.291999253 14.717579293 -72.292098270 14.717216972 -72.292077357 14.717156969 -72.292170687 14.716811680 -72.292150754 14.705832594 -72.309209152 14.762329208 -72.312655323
2026-09-28 12:50:57,757 - jwst.resample.resample - INFO - 4 exposures to drizzle together
2026-09-28 12:51:00,121 - stcal.resample.resample - INFO - Resampling science and variance data
2026-09-28 12:51:04,258 - stcal.resample.resample - INFO - Resampling science and variance data
2026-09-28 12:51:08,310 - stcal.resample.resample - INFO - Resampling science and variance data
2026-09-28 12:51:12,364 - stcal.resample.resample - INFO - Resampling science and variance data
2026-09-28 12:51:14,432 - jwst.resample.resample - INFO - Assigning output S_REGION: POLYGON ICRS  14.842769378 -72.128920020 14.900724958 -72.130476455 14.900730350 -72.130455759 14.900920768 -72.130460844 14.905551475 -72.112669079 14.905481946 -72.112667519 14.905487472 -72.112646251 14.905404249 -72.112644385 14.905409641 -72.112623643 14.847579638 -72.111317782 14.847562990 -72.111379258 14.847525584 -72.111378407  POLYGON ICRS  14.900551704 -72.131748524 14.842577280 -72.130173828 14.842558332 -72.130235623 14.842521333 -72.130234613 14.837853085 -72.145449875 14.835942873 -72.145406411 14.835926013 -72.145468385 14.835882764 -72.145467401 14.832033290 -72.159615625 14.831581267 -72.159604811 14.831563682 -72.159666837 14.831523855 -72.159665885 14.826533431 -72.177259831 14.826869825 -72.177269316 14.826523266 -72.178393489 14.826403386 -72.178389855 14.826382469 -72.178451532 14.826349229 -72.178450524 14.821163491 -72.193723423 14.819880683 -72.193692717 14.819863206 -72.193754111 14.819823520 -72.193753161 14.814810353 -72.211346749 14.872953325 -72.212978585 14.872959519 -72.212957896 14.873152381 -72.212963278 14.877652633 -72.197914461 14.878236117 -72.197934475 14.878243894 -72.197911891 14.878433690 -72.197918398 14.883307299 -72.183748407 14.883809542 -72.183764134 14.883815623 -72.183742977 14.884007410 -72.183748982 14.889136335 -72.165885646 14.889067780 -72.165883794 14.889073547 -72.165863686 14.888989839 -72.165861425 14.888995938 -72.165840158 14.888650933 -72.165830838 14.889028009 -72.164564058 14.889171168 -72.164567881 14.889176350 -72.164548066 14.889368438 -72.164553197 14.893275452 -72.149606423 14.895388565 -72.149672586 14.895394711 -72.149651110 14.895584213 -72.149657043 14.900692342 -72.131793403 14.900624263 -72.131791564 14.900630101 -72.131771136 14.900545894 -72.131768861  POLYGON ICRS  14.843866802 -72.111358529 14.843872516 -72.111337832 14.793279166 -72.110058630 14.793581614 -72.108921324 14.792924936 -72.108906216 14.792966833 -72.108748656 14.735156907 -72.107410153 14.735101493 -72.107610370 14.734600237 -72.107598688 14.729740522 -72.125137600 14.730391628 -72.125155555 14.730349030 -72.125309170 14.782127508 -72.126729914 14.781966204 -72.127291379 14.838973380 -72.128923532 14.838979221 -72.128902420 14.839170514 -72.128907867 14.844012788 -72.111382939 14.843945247 -72.111381240 14.843950932 -72.111360645  POLYGON ICRS  14.787992297 -72.127870567 14.730039716 -72.126262866 14.729976465 -72.126465162 14.729483705 -72.126451416 14.724668823 -72.141835143 14.723694439 -72.141812413 14.723677105 -72.141874757 14.723633715 -72.141873745 14.719783527 -72.155709966 14.718867171 -72.155687519 14.718808990 -72.155888484 14.718309251 -72.155876236 14.713209461 -72.173467213 14.713864331 -72.173486069 14.713820056 -72.173638681 14.714432479 -72.173656311 14.714170984 -72.174487837 14.713577033 -72.174469481 14.713506651 -72.174673312 14.713017620 -72.174658198 14.707681777 -72.190097035 14.707343929 -72.190088750 14.707325714 -72.190151385 14.707281684 -72.190150305 14.702162180 -72.207741004 14.753958887 -72.209225645 14.753854276 -72.209613562 14.811083710 -72.211176161 14.811089400 -72.211156112 14.811282375 -72.211161352 14.815606606 -72.195911431 14.816697940 -72.195945751 14.816704859 -72.195924563 14.816893634 -72.195930500 14.821519585 -72.181755373 14.821822273 -72.181764477 14.821828319 -72.181743814 14.822020780 -72.181749601 14.827163233 -72.164152067 14.827095766 -72.164150263 14.827101650 -72.164130115 14.827017520 -72.164127864 14.827023640 -72.164106907 14.826674207 -72.164097559 14.826983221 -72.163002673 14.827305913 -72.163011866 14.827311522 -72.162991673 14.827502320 -72.162997110 14.831770029 -72.147623926 14.833514486 -72.147676366 14.833520471 -72.147655817 14.833709401 -72.147661498 14.838832227 -72.130063686 14.838764249 -72.130061868 14.838770228 -72.130041316 14.838684921 -72.130039034 14.838690921 -72.130018403 14.788426144 -72.128667793 14.788608374 -72.128043126 14.787947275 -72.128024886  POLYGON ICRS  14.674038455 -72.106144579 14.668958717 -72.123473657 14.669611533 -72.123492827 14.669566820 -72.123645238 14.726552773 -72.125310040 14.726609911 -72.125107934 14.727115641 -72.125122633 14.732064167 -72.107600531 14.731407145 -72.107583620 14.731451025 -72.107428172 14.674596394 -72.105955774 14.674537283 -72.106157567  POLYGON ICRS  14.726772283 -72.126277917 14.726110731 -72.126259840 14.726156568 -72.126105506 14.669121273 -72.124538249 14.669057128 -72.124740069 14.668564091 -72.124726450 14.663588142 -72.140369983 14.663020863 -72.140355211 14.663002499 -72.140417684 14.662958925 -72.140416549 14.658919306 -72.154149202 14.657719896 -72.154119603 14.657664792 -72.154320624 14.657161745 -72.154308207 14.652388288 -72.171702734 14.653039928 -72.171720998 14.652997785 -72.171874448 14.653349048 -72.171884292 14.653041899 -72.172845774 14.652557257 -72.172831733 14.652490929 -72.173034249 14.651998150 -72.173019967 14.646909495 -72.188538054 14.646083584 -72.188517659 14.646066224 -72.188580722 14.646019501 -72.188579569 14.641230298 -72.205973920 14.698439097 -72.207568186 14.698444938 -72.207548027 14.698633172 -72.207553249 14.703054342 -72.192293642 14.703870457 -72.192319792 14.703938417 -72.192115562 14.704439244 -72.192131601 14.709084276 -72.178154451 14.709353428 -72.178162703 14.709359516 -72.178142321 14.709548630 -72.178148120 14.714799968 -72.160553629 14.714733376 -72.160551808 14.714739617 -72.160530884 14.714658226 -72.160528658 14.714664626 -72.160507189 14.714353613 -72.160498688 14.714668911 -72.159405060 14.714950817 -72.159413254 14.714956804 -72.159392161 14.715147558 -72.159397704 14.719508353 -72.144015302 14.720977134 -72.144060350 14.721037577 -72.143857258 14.721543014 -72.143872753  POLYGON ICRS  15.229040211 -72.170180947 15.229033699 -72.170063032 15.172031743 -72.170289738 15.172036351 -72.170565392 15.171457710 -72.170567607 15.171750356 -72.188121018 15.172652452 -72.188119010 15.172655427 -72.188297081 15.230340433 -72.188160273 15.230321727 -72.187821962 15.230829912 -72.187820685 15.229856208 -72.170177592  POLYGON ICRS  15.110718764 -72.188013378 15.110713170 -72.188187661 15.168154574 -72.188299668 15.168152378 -72.187959625 15.168644229 -72.187960519 15.168533189 -72.170411932 15.167712170 -72.170411015 15.167711445 -72.170297514 15.110946073 -72.170226363 15.110937135 -72.170504845 15.110371503 -72.170504049 15.109806977 -72.188011454  POLYGON ICRS  15.172543705 -72.207106219 15.172544650 -72.207283207 15.231148847 -72.207246569 15.231130503 -72.206906671 15.231637933 -72.206906282 15.230672603 -72.188978066 15.229855718 -72.188980000 15.229849489 -72.188864258 15.172118260 -72.188992724 15.172119720 -72.189269331 15.171543808 -72.189270524 15.171636287 -72.207106641  POLYGON ICRS  15.109909666 -72.206932492 15.109898298 -72.207105495 15.168245824 -72.207333082 15.168251752 -72.206990931 15.168737759 -72.206992750 15.169044496 -72.189161383 15.168220538 -72.189158874 15.168222461 -72.189047127 15.110735327 -72.188863714 15.110717037 -72.189142978 15.110159805 -72.189141115 15.108992081 -72.206928779  POLYGON ICRS  14.757857723 -72.228545927 14.748923638 -72.243302068 14.805529172 -72.246582793 14.805586722 -72.246486077 14.805941773 -72.246506602 14.805999256 -72.246410004 14.806357820 -72.246430727 14.815956566 -72.230281371 14.818937693 -72.230384361 14.809334288 -72.246689677 14.866919369 -72.249921869 14.866974893 -72.249825871 14.867330884 -72.249845799 14.867386373 -72.249749869 14.867745347 -72.249769962 14.877901941 -72.232192524 14.866928935 -72.231625676 14.872918308 -72.214275755 14.872848515 -72.214273660 14.872855413 -72.214253657 14.872768902 -72.214251060 14.872776113 -72.214230147 14.814681882 -72.212477715 14.814661092 -72.212538796 14.814626035 -72.212537733 14.809112745 -72.228715319 14.805633486 -72.228525871 14.810870370 -72.212532786 14.810800678 -72.212530827 14.810807272 -72.212510674 14.810722414 -72.212508289 14.810729290 -72.212487275 14.760113817 -72.211057959 14.760238489 -72.210702762 14.760169733 -72.210700658 14.760176899 -72.210680244 14.760096608 -72.210677786 14.760103970 -72.210656811 14.702032021 -72.208870868 14.702010348 -72.208933408 14.701969751 -72.208932153 14.695903820 -72.226420289 14.753813238 -72.228448255 14.753820922 -72.228426404 14.754009359 -72.228432975 14.754012513 -72.228424008  POLYGON ICRS  14.640899203 -72.207229617 14.640878672 -72.207292055 14.640836270 -72.207290826 14.635308226 -72.224089742 14.635165689 -72.224586380 14.692185031 -72.226420965 14.692192080 -72.226399854 14.692380003 -72.226405874 14.698212715 -72.208924321 14.698144954 -72.208922377 14.698151963 -72.208901342 14.698072059 -72.208899050 14.698078937 -72.208878414  POLYGON ICRS  14.856018132 -72.268800486 14.856076959 -72.268703340 14.856430635 -72.268724802 14.867100851 -72.251089927 14.809503128 -72.247838730 14.809442928 -72.247934898 14.809088414 -72.247914835 14.809028364 -72.248010777 14.808675278 -72.247990790 14.797791057 -72.265359588 14.855602058 -72.268877094 14.855661565 -72.268778852  POLYGON ICRS  14.788507585 -72.276969785 14.778021503 -72.294339234 14.835659834 -72.297645785 14.835719804 -72.297548904 14.836073712 -72.297569149 14.836132959 -72.297473424 14.836489070 -72.297493796 14.847372146 -72.279893693 14.789336239 -72.276818002 14.789279201 -72.276912581 14.788920036 -72.276893492 14.788862646 -72.276988658  POLYGON ICRS  14.823430017 -72.316323374 14.823779065 -72.316345622 14.823844490 -72.316247585 14.824194584 -72.316269899 14.835845906 -72.298793169 14.778294528 -72.295367598 14.778230619 -72.295464235 14.777879125 -72.295443258 14.777814665 -72.295540726 14.777463398 -72.295519764 14.766051198 -72.312760099 14.823342460 -72.316420604 14.823364752 -72.316421176  POLYGON ICRS  14.748974040 -72.244386643 14.748913610 -72.244482393 14.748558907 -72.244462412 14.748498523 -72.244558084 14.748146988 -72.244538279 14.737302924 -72.261700764 14.794230230 -72.265092921 14.794289655 -72.264995659 14.794643671 -72.265016697 14.794702979 -72.264919614 14.795059295 -72.264940787 14.805659668 -72.247570966  POLYGON ICRS  14.774405080 -72.293965680 14.774760790 -72.293985759 14.774818552 -72.293889953 14.775175651 -72.293910110 14.785630047 -72.276552535 14.728532897 -72.273515568 14.728477326 -72.273610224 14.728118485 -72.273591082 14.728062649 -72.273686184 14.727703410 -72.273667023 14.717606457 -72.290850188 14.774347384 -72.294061387  POLYGON ICRS  14.762390729 -72.312560527 14.762736182 -72.312581543 14.762801002 -72.312481649 14.763161329 -72.312503571 14.774338196 -72.295263183 14.717642955 -72.291999253 14.717579293 -72.292098270 14.717216972 -72.292077357 14.717156969 -72.292170687 14.716811680 -72.292150754 14.705832594 -72.309209152 14.762329208 -72.312655323
2026-09-28 12:51:16,865 - jwst.resample.resample - INFO - 4 exposures to drizzle together
2026-09-28 12:51:19,219 - stcal.resample.resample - INFO - Resampling science and variance data
2026-09-28 12:51:23,374 - stcal.resample.resample - INFO - Resampling science and variance data
2026-09-28 12:51:27,448 - stcal.resample.resample - INFO - Resampling science and variance data
2026-09-28 12:51:31,502 - stcal.resample.resample - INFO - Resampling science and variance data
2026-09-28 12:51:33,572 - jwst.resample.resample - INFO - Assigning output S_REGION: POLYGON ICRS  14.842769378 -72.128920020 14.900724958 -72.130476455 14.900730350 -72.130455759 14.900920768 -72.130460844 14.905551475 -72.112669079 14.905481946 -72.112667519 14.905487472 -72.112646251 14.905404249 -72.112644385 14.905409641 -72.112623643 14.847579638 -72.111317782 14.847562990 -72.111379258 14.847525584 -72.111378407  POLYGON ICRS  14.900551704 -72.131748524 14.842577280 -72.130173828 14.842558332 -72.130235623 14.842521333 -72.130234613 14.837853085 -72.145449875 14.835942873 -72.145406411 14.835926013 -72.145468385 14.835882764 -72.145467401 14.832033290 -72.159615625 14.831581267 -72.159604811 14.831563682 -72.159666837 14.831523855 -72.159665885 14.826533431 -72.177259831 14.826869825 -72.177269316 14.826523266 -72.178393489 14.826403386 -72.178389855 14.826382469 -72.178451532 14.826349229 -72.178450524 14.821163491 -72.193723423 14.819880683 -72.193692717 14.819863206 -72.193754111 14.819823520 -72.193753161 14.814810353 -72.211346749 14.872953325 -72.212978585 14.872959519 -72.212957896 14.873152381 -72.212963278 14.877652633 -72.197914461 14.878236117 -72.197934475 14.878243894 -72.197911891 14.878433690 -72.197918398 14.883307299 -72.183748407 14.883809542 -72.183764134 14.883815623 -72.183742977 14.884007410 -72.183748982 14.889136335 -72.165885646 14.889067780 -72.165883794 14.889073547 -72.165863686 14.888989839 -72.165861425 14.888995938 -72.165840158 14.888650933 -72.165830838 14.889028009 -72.164564058 14.889171168 -72.164567881 14.889176350 -72.164548066 14.889368438 -72.164553197 14.893275452 -72.149606423 14.895388565 -72.149672586 14.895394711 -72.149651110 14.895584213 -72.149657043 14.900692342 -72.131793403 14.900624263 -72.131791564 14.900630101 -72.131771136 14.900545894 -72.131768861  POLYGON ICRS  14.843866802 -72.111358529 14.843872516 -72.111337832 14.793279166 -72.110058630 14.793581614 -72.108921324 14.792924936 -72.108906216 14.792966833 -72.108748656 14.735156907 -72.107410153 14.735101493 -72.107610370 14.734600237 -72.107598688 14.729740522 -72.125137600 14.730391628 -72.125155555 14.730349030 -72.125309170 14.782127508 -72.126729914 14.781966204 -72.127291379 14.838973380 -72.128923532 14.838979221 -72.128902420 14.839170514 -72.128907867 14.844012788 -72.111382939 14.843945247 -72.111381240 14.843950932 -72.111360645  POLYGON ICRS  14.787992297 -72.127870567 14.730039716 -72.126262866 14.729976465 -72.126465162 14.729483705 -72.126451416 14.724668823 -72.141835143 14.723694439 -72.141812413 14.723677105 -72.141874757 14.723633715 -72.141873745 14.719783527 -72.155709966 14.718867171 -72.155687519 14.718808990 -72.155888484 14.718309251 -72.155876236 14.713209461 -72.173467213 14.713864331 -72.173486069 14.713820056 -72.173638681 14.714432479 -72.173656311 14.714170984 -72.174487837 14.713577033 -72.174469481 14.713506651 -72.174673312 14.713017620 -72.174658198 14.707681777 -72.190097035 14.707343929 -72.190088750 14.707325714 -72.190151385 14.707281684 -72.190150305 14.702162180 -72.207741004 14.753958887 -72.209225645 14.753854276 -72.209613562 14.811083710 -72.211176161 14.811089400 -72.211156112 14.811282375 -72.211161352 14.815606606 -72.195911431 14.816697940 -72.195945751 14.816704859 -72.195924563 14.816893634 -72.195930500 14.821519585 -72.181755373 14.821822273 -72.181764477 14.821828319 -72.181743814 14.822020780 -72.181749601 14.827163233 -72.164152067 14.827095766 -72.164150263 14.827101650 -72.164130115 14.827017520 -72.164127864 14.827023640 -72.164106907 14.826674207 -72.164097559 14.826983221 -72.163002673 14.827305913 -72.163011866 14.827311522 -72.162991673 14.827502320 -72.162997110 14.831770029 -72.147623926 14.833514486 -72.147676366 14.833520471 -72.147655817 14.833709401 -72.147661498 14.838832227 -72.130063686 14.838764249 -72.130061868 14.838770228 -72.130041316 14.838684921 -72.130039034 14.838690921 -72.130018403 14.788426144 -72.128667793 14.788608374 -72.128043126 14.787947275 -72.128024886  POLYGON ICRS  14.674038455 -72.106144579 14.668958717 -72.123473657 14.669611533 -72.123492827 14.669566820 -72.123645238 14.726552773 -72.125310040 14.726609911 -72.125107934 14.727115641 -72.125122633 14.732064167 -72.107600531 14.731407145 -72.107583620 14.731451025 -72.107428172 14.674596394 -72.105955774 14.674537283 -72.106157567  POLYGON ICRS  14.726772283 -72.126277917 14.726110731 -72.126259840 14.726156568 -72.126105506 14.669121273 -72.124538249 14.669057128 -72.124740069 14.668564091 -72.124726450 14.663588142 -72.140369983 14.663020863 -72.140355211 14.663002499 -72.140417684 14.662958925 -72.140416549 14.658919306 -72.154149202 14.657719896 -72.154119603 14.657664792 -72.154320624 14.657161745 -72.154308207 14.652388288 -72.171702734 14.653039928 -72.171720998 14.652997785 -72.171874448 14.653349048 -72.171884292 14.653041899 -72.172845774 14.652557257 -72.172831733 14.652490929 -72.173034249 14.651998150 -72.173019967 14.646909495 -72.188538054 14.646083584 -72.188517659 14.646066224 -72.188580722 14.646019501 -72.188579569 14.641230298 -72.205973920 14.698439097 -72.207568186 14.698444938 -72.207548027 14.698633172 -72.207553249 14.703054342 -72.192293642 14.703870457 -72.192319792 14.703938417 -72.192115562 14.704439244 -72.192131601 14.709084276 -72.178154451 14.709353428 -72.178162703 14.709359516 -72.178142321 14.709548630 -72.178148120 14.714799968 -72.160553629 14.714733376 -72.160551808 14.714739617 -72.160530884 14.714658226 -72.160528658 14.714664626 -72.160507189 14.714353613 -72.160498688 14.714668911 -72.159405060 14.714950817 -72.159413254 14.714956804 -72.159392161 14.715147558 -72.159397704 14.719508353 -72.144015302 14.720977134 -72.144060350 14.721037577 -72.143857258 14.721543014 -72.143872753  POLYGON ICRS  15.229040211 -72.170180947 15.229033699 -72.170063032 15.172031743 -72.170289738 15.172036351 -72.170565392 15.171457710 -72.170567607 15.171750356 -72.188121018 15.172652452 -72.188119010 15.172655427 -72.188297081 15.230340433 -72.188160273 15.230321727 -72.187821962 15.230829912 -72.187820685 15.229856208 -72.170177592  POLYGON ICRS  15.110718764 -72.188013378 15.110713170 -72.188187661 15.168154574 -72.188299668 15.168152378 -72.187959625 15.168644229 -72.187960519 15.168533189 -72.170411932 15.167712170 -72.170411015 15.167711445 -72.170297514 15.110946073 -72.170226363 15.110937135 -72.170504845 15.110371503 -72.170504049 15.109806977 -72.188011454  POLYGON ICRS  15.172543705 -72.207106219 15.172544650 -72.207283207 15.231148847 -72.207246569 15.231130503 -72.206906671 15.231637933 -72.206906282 15.230672603 -72.188978066 15.229855718 -72.188980000 15.229849489 -72.188864258 15.172118260 -72.188992724 15.172119720 -72.189269331 15.171543808 -72.189270524 15.171636287 -72.207106641  POLYGON ICRS  15.109909666 -72.206932492 15.109898298 -72.207105495 15.168245824 -72.207333082 15.168251752 -72.206990931 15.168737759 -72.206992750 15.169044496 -72.189161383 15.168220538 -72.189158874 15.168222461 -72.189047127 15.110735327 -72.188863714 15.110717037 -72.189142978 15.110159805 -72.189141115 15.108992081 -72.206928779  POLYGON ICRS  14.757857723 -72.228545927 14.748923638 -72.243302068 14.805529172 -72.246582793 14.805586722 -72.246486077 14.805941773 -72.246506602 14.805999256 -72.246410004 14.806357820 -72.246430727 14.815956566 -72.230281371 14.818937693 -72.230384361 14.809334288 -72.246689677 14.866919369 -72.249921869 14.866974893 -72.249825871 14.867330884 -72.249845799 14.867386373 -72.249749869 14.867745347 -72.249769962 14.877901941 -72.232192524 14.866928935 -72.231625676 14.872918308 -72.214275755 14.872848515 -72.214273660 14.872855413 -72.214253657 14.872768902 -72.214251060 14.872776113 -72.214230147 14.814681882 -72.212477715 14.814661092 -72.212538796 14.814626035 -72.212537733 14.809112745 -72.228715319 14.805633486 -72.228525871 14.810870370 -72.212532786 14.810800678 -72.212530827 14.810807272 -72.212510674 14.810722414 -72.212508289 14.810729290 -72.212487275 14.760113817 -72.211057959 14.760238489 -72.210702762 14.760169733 -72.210700658 14.760176899 -72.210680244 14.760096608 -72.210677786 14.760103970 -72.210656811 14.702032021 -72.208870868 14.702010348 -72.208933408 14.701969751 -72.208932153 14.695903820 -72.226420289 14.753813238 -72.228448255 14.753820922 -72.228426404 14.754009359 -72.228432975 14.754012513 -72.228424008  POLYGON ICRS  14.640899203 -72.207229617 14.640878672 -72.207292055 14.640836270 -72.207290826 14.635308226 -72.224089742 14.635165689 -72.224586380 14.692185031 -72.226420965 14.692192080 -72.226399854 14.692380003 -72.226405874 14.698212715 -72.208924321 14.698144954 -72.208922377 14.698151963 -72.208901342 14.698072059 -72.208899050 14.698078937 -72.208878414  POLYGON ICRS  14.856018132 -72.268800486 14.856076959 -72.268703340 14.856430635 -72.268724802 14.867100851 -72.251089927 14.809503128 -72.247838730 14.809442928 -72.247934898 14.809088414 -72.247914835 14.809028364 -72.248010777 14.808675278 -72.247990790 14.797791057 -72.265359588 14.855602058 -72.268877094 14.855661565 -72.268778852  POLYGON ICRS  14.788507585 -72.276969785 14.778021503 -72.294339234 14.835659834 -72.297645785 14.835719804 -72.297548904 14.836073712 -72.297569149 14.836132959 -72.297473424 14.836489070 -72.297493796 14.847372146 -72.279893693 14.789336239 -72.276818002 14.789279201 -72.276912581 14.788920036 -72.276893492 14.788862646 -72.276988658  POLYGON ICRS  14.823430017 -72.316323374 14.823779065 -72.316345622 14.823844490 -72.316247585 14.824194584 -72.316269899 14.835845906 -72.298793169 14.778294528 -72.295367598 14.778230619 -72.295464235 14.777879125 -72.295443258 14.777814665 -72.295540726 14.777463398 -72.295519764 14.766051198 -72.312760099 14.823342460 -72.316420604 14.823364752 -72.316421176  POLYGON ICRS  14.748974040 -72.244386643 14.748913610 -72.244482393 14.748558907 -72.244462412 14.748498523 -72.244558084 14.748146988 -72.244538279 14.737302924 -72.261700764 14.794230230 -72.265092921 14.794289655 -72.264995659 14.794643671 -72.265016697 14.794702979 -72.264919614 14.795059295 -72.264940787 14.805659668 -72.247570966  POLYGON ICRS  14.774405080 -72.293965680 14.774760790 -72.293985759 14.774818552 -72.293889953 14.775175651 -72.293910110 14.785630047 -72.276552535 14.728532897 -72.273515568 14.728477326 -72.273610224 14.728118485 -72.273591082 14.728062649 -72.273686184 14.727703410 -72.273667023 14.717606457 -72.290850188 14.774347384 -72.294061387  POLYGON ICRS  14.762390729 -72.312560527 14.762736182 -72.312581543 14.762801002 -72.312481649 14.763161329 -72.312503571 14.774338196 -72.295263183 14.717642955 -72.291999253 14.717579293 -72.292098270 14.717216972 -72.292077357 14.717156969 -72.292170687 14.716811680 -72.292150754 14.705832594 -72.309209152 14.762329208 -72.312655323
2026-09-28 12:51:36,228 - jwst.resample.resample - INFO - 8 exposures to drizzle together
2026-09-28 12:51:38,599 - stcal.resample.resample - INFO - Resampling science and variance data
2026-09-28 12:51:42,689 - stcal.resample.resample - INFO - Resampling science and variance data
2026-09-28 12:51:46,679 - stcal.resample.resample - INFO - Resampling science and variance data
2026-09-28 12:51:50,659 - stcal.resample.resample - INFO - Resampling science and variance data
2026-09-28 12:51:54,641 - stcal.resample.resample - INFO - Resampling science and variance data
2026-09-28 12:51:58,631 - stcal.resample.resample - INFO - Resampling science and variance data
2026-09-28 12:52:02,635 - stcal.resample.resample - INFO - Resampling science and variance data
2026-09-28 12:52:06,564 - stcal.resample.resample - INFO - Resampling science and variance data
2026-09-28 12:52:08,521 - jwst.resample.resample - INFO - Assigning output S_REGION: POLYGON ICRS  14.842769378 -72.128920020 14.900724958 -72.130476455 14.900730350 -72.130455759 14.900920768 -72.130460844 14.905551475 -72.112669079 14.905481946 -72.112667519 14.905487472 -72.112646251 14.905404249 -72.112644385 14.905409641 -72.112623643 14.847579638 -72.111317782 14.847562990 -72.111379258 14.847525584 -72.111378407  POLYGON ICRS  14.900551704 -72.131748524 14.842577280 -72.130173828 14.842558332 -72.130235623 14.842521333 -72.130234613 14.837853085 -72.145449875 14.835942873 -72.145406411 14.835926013 -72.145468385 14.835882764 -72.145467401 14.832033290 -72.159615625 14.831581267 -72.159604811 14.831563682 -72.159666837 14.831523855 -72.159665885 14.826533431 -72.177259831 14.826869825 -72.177269316 14.826523266 -72.178393489 14.826403386 -72.178389855 14.826382469 -72.178451532 14.826349229 -72.178450524 14.821163491 -72.193723423 14.819880683 -72.193692717 14.819863206 -72.193754111 14.819823520 -72.193753161 14.814810353 -72.211346749 14.872953325 -72.212978585 14.872959519 -72.212957896 14.873152381 -72.212963278 14.877652633 -72.197914461 14.878236117 -72.197934475 14.878243894 -72.197911891 14.878433690 -72.197918398 14.883307299 -72.183748407 14.883809542 -72.183764134 14.883815623 -72.183742977 14.884007410 -72.183748982 14.889136335 -72.165885646 14.889067780 -72.165883794 14.889073547 -72.165863686 14.888989839 -72.165861425 14.888995938 -72.165840158 14.888650933 -72.165830838 14.889028009 -72.164564058 14.889171168 -72.164567881 14.889176350 -72.164548066 14.889368438 -72.164553197 14.893275452 -72.149606423 14.895388565 -72.149672586 14.895394711 -72.149651110 14.895584213 -72.149657043 14.900692342 -72.131793403 14.900624263 -72.131791564 14.900630101 -72.131771136 14.900545894 -72.131768861  POLYGON ICRS  14.843866802 -72.111358529 14.843872516 -72.111337832 14.793279166 -72.110058630 14.793581614 -72.108921324 14.792924936 -72.108906216 14.792966833 -72.108748656 14.735156907 -72.107410153 14.735101493 -72.107610370 14.734600237 -72.107598688 14.729740522 -72.125137600 14.730391628 -72.125155555 14.730349030 -72.125309170 14.782127508 -72.126729914 14.781966204 -72.127291379 14.838973380 -72.128923532 14.838979221 -72.128902420 14.839170514 -72.128907867 14.844012788 -72.111382939 14.843945247 -72.111381240 14.843950932 -72.111360645  POLYGON ICRS  14.787992297 -72.127870567 14.730039716 -72.126262866 14.729976465 -72.126465162 14.729483705 -72.126451416 14.724668823 -72.141835143 14.723694439 -72.141812413 14.723677105 -72.141874757 14.723633715 -72.141873745 14.719783527 -72.155709966 14.718867171 -72.155687519 14.718808990 -72.155888484 14.718309251 -72.155876236 14.713209461 -72.173467213 14.713864331 -72.173486069 14.713820056 -72.173638681 14.714432479 -72.173656311 14.714170984 -72.174487837 14.713577033 -72.174469481 14.713506651 -72.174673312 14.713017620 -72.174658198 14.707681777 -72.190097035 14.707343929 -72.190088750 14.707325714 -72.190151385 14.707281684 -72.190150305 14.702162180 -72.207741004 14.753958887 -72.209225645 14.753854276 -72.209613562 14.811083710 -72.211176161 14.811089400 -72.211156112 14.811282375 -72.211161352 14.815606606 -72.195911431 14.816697940 -72.195945751 14.816704859 -72.195924563 14.816893634 -72.195930500 14.821519585 -72.181755373 14.821822273 -72.181764477 14.821828319 -72.181743814 14.822020780 -72.181749601 14.827163233 -72.164152067 14.827095766 -72.164150263 14.827101650 -72.164130115 14.827017520 -72.164127864 14.827023640 -72.164106907 14.826674207 -72.164097559 14.826983221 -72.163002673 14.827305913 -72.163011866 14.827311522 -72.162991673 14.827502320 -72.162997110 14.831770029 -72.147623926 14.833514486 -72.147676366 14.833520471 -72.147655817 14.833709401 -72.147661498 14.838832227 -72.130063686 14.838764249 -72.130061868 14.838770228 -72.130041316 14.838684921 -72.130039034 14.838690921 -72.130018403 14.788426144 -72.128667793 14.788608374 -72.128043126 14.787947275 -72.128024886  POLYGON ICRS  14.674038455 -72.106144579 14.668958717 -72.123473657 14.669611533 -72.123492827 14.669566820 -72.123645238 14.726552773 -72.125310040 14.726609911 -72.125107934 14.727115641 -72.125122633 14.732064167 -72.107600531 14.731407145 -72.107583620 14.731451025 -72.107428172 14.674596394 -72.105955774 14.674537283 -72.106157567  POLYGON ICRS  14.726772283 -72.126277917 14.726110731 -72.126259840 14.726156568 -72.126105506 14.669121273 -72.124538249 14.669057128 -72.124740069 14.668564091 -72.124726450 14.663588142 -72.140369983 14.663020863 -72.140355211 14.663002499 -72.140417684 14.662958925 -72.140416549 14.658919306 -72.154149202 14.657719896 -72.154119603 14.657664792 -72.154320624 14.657161745 -72.154308207 14.652388288 -72.171702734 14.653039928 -72.171720998 14.652997785 -72.171874448 14.653349048 -72.171884292 14.653041899 -72.172845774 14.652557257 -72.172831733 14.652490929 -72.173034249 14.651998150 -72.173019967 14.646909495 -72.188538054 14.646083584 -72.188517659 14.646066224 -72.188580722 14.646019501 -72.188579569 14.641230298 -72.205973920 14.698439097 -72.207568186 14.698444938 -72.207548027 14.698633172 -72.207553249 14.703054342 -72.192293642 14.703870457 -72.192319792 14.703938417 -72.192115562 14.704439244 -72.192131601 14.709084276 -72.178154451 14.709353428 -72.178162703 14.709359516 -72.178142321 14.709548630 -72.178148120 14.714799968 -72.160553629 14.714733376 -72.160551808 14.714739617 -72.160530884 14.714658226 -72.160528658 14.714664626 -72.160507189 14.714353613 -72.160498688 14.714668911 -72.159405060 14.714950817 -72.159413254 14.714956804 -72.159392161 14.715147558 -72.159397704 14.719508353 -72.144015302 14.720977134 -72.144060350 14.721037577 -72.143857258 14.721543014 -72.143872753  POLYGON ICRS  15.229040211 -72.170180947 15.229033699 -72.170063032 15.172031743 -72.170289738 15.172036351 -72.170565392 15.171457710 -72.170567607 15.171750356 -72.188121018 15.172652452 -72.188119010 15.172655427 -72.188297081 15.230340433 -72.188160273 15.230321727 -72.187821962 15.230829912 -72.187820685 15.229856208 -72.170177592  POLYGON ICRS  15.110718764 -72.188013378 15.110713170 -72.188187661 15.168154574 -72.188299668 15.168152378 -72.187959625 15.168644229 -72.187960519 15.168533189 -72.170411932 15.167712170 -72.170411015 15.167711445 -72.170297514 15.110946073 -72.170226363 15.110937135 -72.170504845 15.110371503 -72.170504049 15.109806977 -72.188011454  POLYGON ICRS  15.172543705 -72.207106219 15.172544650 -72.207283207 15.231148847 -72.207246569 15.231130503 -72.206906671 15.231637933 -72.206906282 15.230672603 -72.188978066 15.229855718 -72.188980000 15.229849489 -72.188864258 15.172118260 -72.188992724 15.172119720 -72.189269331 15.171543808 -72.189270524 15.171636287 -72.207106641  POLYGON ICRS  15.109909666 -72.206932492 15.109898298 -72.207105495 15.168245824 -72.207333082 15.168251752 -72.206990931 15.168737759 -72.206992750 15.169044496 -72.189161383 15.168220538 -72.189158874 15.168222461 -72.189047127 15.110735327 -72.188863714 15.110717037 -72.189142978 15.110159805 -72.189141115 15.108992081 -72.206928779  POLYGON ICRS  14.757857723 -72.228545927 14.748923638 -72.243302068 14.805529172 -72.246582793 14.805586722 -72.246486077 14.805941773 -72.246506602 14.805999256 -72.246410004 14.806357820 -72.246430727 14.815956566 -72.230281371 14.818937693 -72.230384361 14.809334288 -72.246689677 14.866919369 -72.249921869 14.866974893 -72.249825871 14.867330884 -72.249845799 14.867386373 -72.249749869 14.867745347 -72.249769962 14.877901941 -72.232192524 14.866928935 -72.231625676 14.872918308 -72.214275755 14.872848515 -72.214273660 14.872855413 -72.214253657 14.872768902 -72.214251060 14.872776113 -72.214230147 14.814681882 -72.212477715 14.814661092 -72.212538796 14.814626035 -72.212537733 14.809112745 -72.228715319 14.805633486 -72.228525871 14.810870370 -72.212532786 14.810800678 -72.212530827 14.810807272 -72.212510674 14.810722414 -72.212508289 14.810729290 -72.212487275 14.760113817 -72.211057959 14.760238489 -72.210702762 14.760169733 -72.210700658 14.760176899 -72.210680244 14.760096608 -72.210677786 14.760103970 -72.210656811 14.702032021 -72.208870868 14.702010348 -72.208933408 14.701969751 -72.208932153 14.695903820 -72.226420289 14.753813238 -72.228448255 14.753820922 -72.228426404 14.754009359 -72.228432975 14.754012513 -72.228424008  POLYGON ICRS  14.640899203 -72.207229617 14.640878672 -72.207292055 14.640836270 -72.207290826 14.635308226 -72.224089742 14.635165689 -72.224586380 14.692185031 -72.226420965 14.692192080 -72.226399854 14.692380003 -72.226405874 14.698212715 -72.208924321 14.698144954 -72.208922377 14.698151963 -72.208901342 14.698072059 -72.208899050 14.698078937 -72.208878414  POLYGON ICRS  14.856018132 -72.268800486 14.856076959 -72.268703340 14.856430635 -72.268724802 14.867100851 -72.251089927 14.809503128 -72.247838730 14.809442928 -72.247934898 14.809088414 -72.247914835 14.809028364 -72.248010777 14.808675278 -72.247990790 14.797791057 -72.265359588 14.855602058 -72.268877094 14.855661565 -72.268778852  POLYGON ICRS  14.788507585 -72.276969785 14.778021503 -72.294339234 14.835659834 -72.297645785 14.835719804 -72.297548904 14.836073712 -72.297569149 14.836132959 -72.297473424 14.836489070 -72.297493796 14.847372146 -72.279893693 14.789336239 -72.276818002 14.789279201 -72.276912581 14.788920036 -72.276893492 14.788862646 -72.276988658  POLYGON ICRS  14.823430017 -72.316323374 14.823779065 -72.316345622 14.823844490 -72.316247585 14.824194584 -72.316269899 14.835845906 -72.298793169 14.778294528 -72.295367598 14.778230619 -72.295464235 14.777879125 -72.295443258 14.777814665 -72.295540726 14.777463398 -72.295519764 14.766051198 -72.312760099 14.823342460 -72.316420604 14.823364752 -72.316421176  POLYGON ICRS  14.748974040 -72.244386643 14.748913610 -72.244482393 14.748558907 -72.244462412 14.748498523 -72.244558084 14.748146988 -72.244538279 14.737302924 -72.261700764 14.794230230 -72.265092921 14.794289655 -72.264995659 14.794643671 -72.265016697 14.794702979 -72.264919614 14.795059295 -72.264940787 14.805659668 -72.247570966  POLYGON ICRS  14.774405080 -72.293965680 14.774760790 -72.293985759 14.774818552 -72.293889953 14.775175651 -72.293910110 14.785630047 -72.276552535 14.728532897 -72.273515568 14.728477326 -72.273610224 14.728118485 -72.273591082 14.728062649 -72.273686184 14.727703410 -72.273667023 14.717606457 -72.290850188 14.774347384 -72.294061387  POLYGON ICRS  14.762390729 -72.312560527 14.762736182 -72.312581543 14.762801002 -72.312481649 14.763161329 -72.312503571 14.774338196 -72.295263183 14.717642955 -72.291999253 14.717579293 -72.292098270 14.717216972 -72.292077357 14.717156969 -72.292170687 14.716811680 -72.292150754 14.705832594 -72.309209152 14.762329208 -72.312655323
2026-09-28 12:52:12,564 - jwst.resample.resample - INFO - 8 exposures to drizzle together
2026-09-28 12:52:14,958 - stcal.resample.resample - INFO - Resampling science and variance data
2026-09-28 12:52:19,031 - stcal.resample.resample - INFO - Resampling science and variance data
2026-09-28 12:52:23,064 - stcal.resample.resample - INFO - Resampling science and variance data
2026-09-28 12:52:27,049 - stcal.resample.resample - INFO - Resampling science and variance data
2026-09-28 12:52:31,029 - stcal.resample.resample - INFO - Resampling science and variance data
2026-09-28 12:52:35,040 - stcal.resample.resample - INFO - Resampling science and variance data
2026-09-28 12:52:39,060 - stcal.resample.resample - INFO - Resampling science and variance data
2026-09-28 12:52:43,046 - stcal.resample.resample - INFO - Resampling science and variance data
2026-09-28 12:52:45,013 - jwst.resample.resample - INFO - Assigning output S_REGION: POLYGON ICRS  14.842769378 -72.128920020 14.900724958 -72.130476455 14.900730350 -72.130455759 14.900920768 -72.130460844 14.905551475 -72.112669079 14.905481946 -72.112667519 14.905487472 -72.112646251 14.905404249 -72.112644385 14.905409641 -72.112623643 14.847579638 -72.111317782 14.847562990 -72.111379258 14.847525584 -72.111378407  POLYGON ICRS  14.900551704 -72.131748524 14.842577280 -72.130173828 14.842558332 -72.130235623 14.842521333 -72.130234613 14.837853085 -72.145449875 14.835942873 -72.145406411 14.835926013 -72.145468385 14.835882764 -72.145467401 14.832033290 -72.159615625 14.831581267 -72.159604811 14.831563682 -72.159666837 14.831523855 -72.159665885 14.826533431 -72.177259831 14.826869825 -72.177269316 14.826523266 -72.178393489 14.826403386 -72.178389855 14.826382469 -72.178451532 14.826349229 -72.178450524 14.821163491 -72.193723423 14.819880683 -72.193692717 14.819863206 -72.193754111 14.819823520 -72.193753161 14.814810353 -72.211346749 14.872953325 -72.212978585 14.872959519 -72.212957896 14.873152381 -72.212963278 14.877652633 -72.197914461 14.878236117 -72.197934475 14.878243894 -72.197911891 14.878433690 -72.197918398 14.883307299 -72.183748407 14.883809542 -72.183764134 14.883815623 -72.183742977 14.884007410 -72.183748982 14.889136335 -72.165885646 14.889067780 -72.165883794 14.889073547 -72.165863686 14.888989839 -72.165861425 14.888995938 -72.165840158 14.888650933 -72.165830838 14.889028009 -72.164564058 14.889171168 -72.164567881 14.889176350 -72.164548066 14.889368438 -72.164553197 14.893275452 -72.149606423 14.895388565 -72.149672586 14.895394711 -72.149651110 14.895584213 -72.149657043 14.900692342 -72.131793403 14.900624263 -72.131791564 14.900630101 -72.131771136 14.900545894 -72.131768861  POLYGON ICRS  14.843866802 -72.111358529 14.843872516 -72.111337832 14.793279166 -72.110058630 14.793581614 -72.108921324 14.792924936 -72.108906216 14.792966833 -72.108748656 14.735156907 -72.107410153 14.735101493 -72.107610370 14.734600237 -72.107598688 14.729740522 -72.125137600 14.730391628 -72.125155555 14.730349030 -72.125309170 14.782127508 -72.126729914 14.781966204 -72.127291379 14.838973380 -72.128923532 14.838979221 -72.128902420 14.839170514 -72.128907867 14.844012788 -72.111382939 14.843945247 -72.111381240 14.843950932 -72.111360645  POLYGON ICRS  14.787992297 -72.127870567 14.730039716 -72.126262866 14.729976465 -72.126465162 14.729483705 -72.126451416 14.724668823 -72.141835143 14.723694439 -72.141812413 14.723677105 -72.141874757 14.723633715 -72.141873745 14.719783527 -72.155709966 14.718867171 -72.155687519 14.718808990 -72.155888484 14.718309251 -72.155876236 14.713209461 -72.173467213 14.713864331 -72.173486069 14.713820056 -72.173638681 14.714432479 -72.173656311 14.714170984 -72.174487837 14.713577033 -72.174469481 14.713506651 -72.174673312 14.713017620 -72.174658198 14.707681777 -72.190097035 14.707343929 -72.190088750 14.707325714 -72.190151385 14.707281684 -72.190150305 14.702162180 -72.207741004 14.753958887 -72.209225645 14.753854276 -72.209613562 14.811083710 -72.211176161 14.811089400 -72.211156112 14.811282375 -72.211161352 14.815606606 -72.195911431 14.816697940 -72.195945751 14.816704859 -72.195924563 14.816893634 -72.195930500 14.821519585 -72.181755373 14.821822273 -72.181764477 14.821828319 -72.181743814 14.822020780 -72.181749601 14.827163233 -72.164152067 14.827095766 -72.164150263 14.827101650 -72.164130115 14.827017520 -72.164127864 14.827023640 -72.164106907 14.826674207 -72.164097559 14.826983221 -72.163002673 14.827305913 -72.163011866 14.827311522 -72.162991673 14.827502320 -72.162997110 14.831770029 -72.147623926 14.833514486 -72.147676366 14.833520471 -72.147655817 14.833709401 -72.147661498 14.838832227 -72.130063686 14.838764249 -72.130061868 14.838770228 -72.130041316 14.838684921 -72.130039034 14.838690921 -72.130018403 14.788426144 -72.128667793 14.788608374 -72.128043126 14.787947275 -72.128024886  POLYGON ICRS  14.674038455 -72.106144579 14.668958717 -72.123473657 14.669611533 -72.123492827 14.669566820 -72.123645238 14.726552773 -72.125310040 14.726609911 -72.125107934 14.727115641 -72.125122633 14.732064167 -72.107600531 14.731407145 -72.107583620 14.731451025 -72.107428172 14.674596394 -72.105955774 14.674537283 -72.106157567  POLYGON ICRS  14.726772283 -72.126277917 14.726110731 -72.126259840 14.726156568 -72.126105506 14.669121273 -72.124538249 14.669057128 -72.124740069 14.668564091 -72.124726450 14.663588142 -72.140369983 14.663020863 -72.140355211 14.663002499 -72.140417684 14.662958925 -72.140416549 14.658919306 -72.154149202 14.657719896 -72.154119603 14.657664792 -72.154320624 14.657161745 -72.154308207 14.652388288 -72.171702734 14.653039928 -72.171720998 14.652997785 -72.171874448 14.653349048 -72.171884292 14.653041899 -72.172845774 14.652557257 -72.172831733 14.652490929 -72.173034249 14.651998150 -72.173019967 14.646909495 -72.188538054 14.646083584 -72.188517659 14.646066224 -72.188580722 14.646019501 -72.188579569 14.641230298 -72.205973920 14.698439097 -72.207568186 14.698444938 -72.207548027 14.698633172 -72.207553249 14.703054342 -72.192293642 14.703870457 -72.192319792 14.703938417 -72.192115562 14.704439244 -72.192131601 14.709084276 -72.178154451 14.709353428 -72.178162703 14.709359516 -72.178142321 14.709548630 -72.178148120 14.714799968 -72.160553629 14.714733376 -72.160551808 14.714739617 -72.160530884 14.714658226 -72.160528658 14.714664626 -72.160507189 14.714353613 -72.160498688 14.714668911 -72.159405060 14.714950817 -72.159413254 14.714956804 -72.159392161 14.715147558 -72.159397704 14.719508353 -72.144015302 14.720977134 -72.144060350 14.721037577 -72.143857258 14.721543014 -72.143872753  POLYGON ICRS  15.229040211 -72.170180947 15.229033699 -72.170063032 15.172031743 -72.170289738 15.172036351 -72.170565392 15.171457710 -72.170567607 15.171750356 -72.188121018 15.172652452 -72.188119010 15.172655427 -72.188297081 15.230340433 -72.188160273 15.230321727 -72.187821962 15.230829912 -72.187820685 15.229856208 -72.170177592  POLYGON ICRS  15.110718764 -72.188013378 15.110713170 -72.188187661 15.168154574 -72.188299668 15.168152378 -72.187959625 15.168644229 -72.187960519 15.168533189 -72.170411932 15.167712170 -72.170411015 15.167711445 -72.170297514 15.110946073 -72.170226363 15.110937135 -72.170504845 15.110371503 -72.170504049 15.109806977 -72.188011454  POLYGON ICRS  15.172543705 -72.207106219 15.172544650 -72.207283207 15.231148847 -72.207246569 15.231130503 -72.206906671 15.231637933 -72.206906282 15.230672603 -72.188978066 15.229855718 -72.188980000 15.229849489 -72.188864258 15.172118260 -72.188992724 15.172119720 -72.189269331 15.171543808 -72.189270524 15.171636287 -72.207106641  POLYGON ICRS  15.109909666 -72.206932492 15.109898298 -72.207105495 15.168245824 -72.207333082 15.168251752 -72.206990931 15.168737759 -72.206992750 15.169044496 -72.189161383 15.168220538 -72.189158874 15.168222461 -72.189047127 15.110735327 -72.188863714 15.110717037 -72.189142978 15.110159805 -72.189141115 15.108992081 -72.206928779  POLYGON ICRS  14.757857723 -72.228545927 14.748923638 -72.243302068 14.805529172 -72.246582793 14.805586722 -72.246486077 14.805941773 -72.246506602 14.805999256 -72.246410004 14.806357820 -72.246430727 14.815956566 -72.230281371 14.818937693 -72.230384361 14.809334288 -72.246689677 14.866919369 -72.249921869 14.866974893 -72.249825871 14.867330884 -72.249845799 14.867386373 -72.249749869 14.867745347 -72.249769962 14.877901941 -72.232192524 14.866928935 -72.231625676 14.872918308 -72.214275755 14.872848515 -72.214273660 14.872855413 -72.214253657 14.872768902 -72.214251060 14.872776113 -72.214230147 14.814681882 -72.212477715 14.814661092 -72.212538796 14.814626035 -72.212537733 14.809112745 -72.228715319 14.805633486 -72.228525871 14.810870370 -72.212532786 14.810800678 -72.212530827 14.810807272 -72.212510674 14.810722414 -72.212508289 14.810729290 -72.212487275 14.760113817 -72.211057959 14.760238489 -72.210702762 14.760169733 -72.210700658 14.760176899 -72.210680244 14.760096608 -72.210677786 14.760103970 -72.210656811 14.702032021 -72.208870868 14.702010348 -72.208933408 14.701969751 -72.208932153 14.695903820 -72.226420289 14.753813238 -72.228448255 14.753820922 -72.228426404 14.754009359 -72.228432975 14.754012513 -72.228424008  POLYGON ICRS  14.640899203 -72.207229617 14.640878672 -72.207292055 14.640836270 -72.207290826 14.635308226 -72.224089742 14.635165689 -72.224586380 14.692185031 -72.226420965 14.692192080 -72.226399854 14.692380003 -72.226405874 14.698212715 -72.208924321 14.698144954 -72.208922377 14.698151963 -72.208901342 14.698072059 -72.208899050 14.698078937 -72.208878414  POLYGON ICRS  14.856018132 -72.268800486 14.856076959 -72.268703340 14.856430635 -72.268724802 14.867100851 -72.251089927 14.809503128 -72.247838730 14.809442928 -72.247934898 14.809088414 -72.247914835 14.809028364 -72.248010777 14.808675278 -72.247990790 14.797791057 -72.265359588 14.855602058 -72.268877094 14.855661565 -72.268778852  POLYGON ICRS  14.788507585 -72.276969785 14.778021503 -72.294339234 14.835659834 -72.297645785 14.835719804 -72.297548904 14.836073712 -72.297569149 14.836132959 -72.297473424 14.836489070 -72.297493796 14.847372146 -72.279893693 14.789336239 -72.276818002 14.789279201 -72.276912581 14.788920036 -72.276893492 14.788862646 -72.276988658  POLYGON ICRS  14.823430017 -72.316323374 14.823779065 -72.316345622 14.823844490 -72.316247585 14.824194584 -72.316269899 14.835845906 -72.298793169 14.778294528 -72.295367598 14.778230619 -72.295464235 14.777879125 -72.295443258 14.777814665 -72.295540726 14.777463398 -72.295519764 14.766051198 -72.312760099 14.823342460 -72.316420604 14.823364752 -72.316421176  POLYGON ICRS  14.748974040 -72.244386643 14.748913610 -72.244482393 14.748558907 -72.244462412 14.748498523 -72.244558084 14.748146988 -72.244538279 14.737302924 -72.261700764 14.794230230 -72.265092921 14.794289655 -72.264995659 14.794643671 -72.265016697 14.794702979 -72.264919614 14.795059295 -72.264940787 14.805659668 -72.247570966  POLYGON ICRS  14.774405080 -72.293965680 14.774760790 -72.293985759 14.774818552 -72.293889953 14.775175651 -72.293910110 14.785630047 -72.276552535 14.728532897 -72.273515568 14.728477326 -72.273610224 14.728118485 -72.273591082 14.728062649 -72.273686184 14.727703410 -72.273667023 14.717606457 -72.290850188 14.774347384 -72.294061387  POLYGON ICRS  14.762390729 -72.312560527 14.762736182 -72.312581543 14.762801002 -72.312481649 14.763161329 -72.312503571 14.774338196 -72.295263183 14.717642955 -72.291999253 14.717579293 -72.292098270 14.717216972 -72.292077357 14.717156969 -72.292170687 14.716811680 -72.292150754 14.705832594 -72.309209152 14.762329208 -72.312655323
2026-09-28 12:53:11,117 - jwst.resample.resample - INFO - 8 exposures to drizzle together
2026-09-28 12:53:15,928 - stcal.resample.resample - INFO - Resampling science and variance data
2026-09-28 12:53:22,191 - stcal.resample.resample - INFO - Resampling science and variance data
2026-09-28 12:53:27,498 - stcal.resample.resample - INFO - Resampling science and variance data
2026-09-28 12:53:32,127 - stcal.resample.resample - INFO - Resampling science and variance data
2026-09-28 12:53:38,843 - stcal.resample.resample - INFO - Resampling science and variance data
2026-09-28 12:53:46,840 - stcal.resample.resample - INFO - Resampling science and variance data
2026-09-28 12:53:51,143 - stcal.resample.resample - INFO - Resampling science and variance data
2026-09-28 12:53:55,492 - stcal.resample.resample - INFO - Resampling science and variance data
2026-09-28 12:53:57,561 - jwst.resample.resample - INFO - Assigning output S_REGION: POLYGON ICRS  14.842769378 -72.128920020 14.900724958 -72.130476455 14.900730350 -72.130455759 14.900920768 -72.130460844 14.905551475 -72.112669079 14.905481946 -72.112667519 14.905487472 -72.112646251 14.905404249 -72.112644385 14.905409641 -72.112623643 14.847579638 -72.111317782 14.847562990 -72.111379258 14.847525584 -72.111378407  POLYGON ICRS  14.900551704 -72.131748524 14.842577280 -72.130173828 14.842558332 -72.130235623 14.842521333 -72.130234613 14.837853085 -72.145449875 14.835942873 -72.145406411 14.835926013 -72.145468385 14.835882764 -72.145467401 14.832033290 -72.159615625 14.831581267 -72.159604811 14.831563682 -72.159666837 14.831523855 -72.159665885 14.826533431 -72.177259831 14.826869825 -72.177269316 14.826523266 -72.178393489 14.826403386 -72.178389855 14.826382469 -72.178451532 14.826349229 -72.178450524 14.821163491 -72.193723423 14.819880683 -72.193692717 14.819863206 -72.193754111 14.819823520 -72.193753161 14.814810353 -72.211346749 14.872953325 -72.212978585 14.872959519 -72.212957896 14.873152381 -72.212963278 14.877652633 -72.197914461 14.878236117 -72.197934475 14.878243894 -72.197911891 14.878433690 -72.197918398 14.883307299 -72.183748407 14.883809542 -72.183764134 14.883815623 -72.183742977 14.884007410 -72.183748982 14.889136335 -72.165885646 14.889067780 -72.165883794 14.889073547 -72.165863686 14.888989839 -72.165861425 14.888995938 -72.165840158 14.888650933 -72.165830838 14.889028009 -72.164564058 14.889171168 -72.164567881 14.889176350 -72.164548066 14.889368438 -72.164553197 14.893275452 -72.149606423 14.895388565 -72.149672586 14.895394711 -72.149651110 14.895584213 -72.149657043 14.900692342 -72.131793403 14.900624263 -72.131791564 14.900630101 -72.131771136 14.900545894 -72.131768861  POLYGON ICRS  14.843866802 -72.111358529 14.843872516 -72.111337832 14.793279166 -72.110058630 14.793581614 -72.108921324 14.792924936 -72.108906216 14.792966833 -72.108748656 14.735156907 -72.107410153 14.735101493 -72.107610370 14.734600237 -72.107598688 14.729740522 -72.125137600 14.730391628 -72.125155555 14.730349030 -72.125309170 14.782127508 -72.126729914 14.781966204 -72.127291379 14.838973380 -72.128923532 14.838979221 -72.128902420 14.839170514 -72.128907867 14.844012788 -72.111382939 14.843945247 -72.111381240 14.843950932 -72.111360645  POLYGON ICRS  14.787992297 -72.127870567 14.730039716 -72.126262866 14.729976465 -72.126465162 14.729483705 -72.126451416 14.724668823 -72.141835143 14.723694439 -72.141812413 14.723677105 -72.141874757 14.723633715 -72.141873745 14.719783527 -72.155709966 14.718867171 -72.155687519 14.718808990 -72.155888484 14.718309251 -72.155876236 14.713209461 -72.173467213 14.713864331 -72.173486069 14.713820056 -72.173638681 14.714432479 -72.173656311 14.714170984 -72.174487837 14.713577033 -72.174469481 14.713506651 -72.174673312 14.713017620 -72.174658198 14.707681777 -72.190097035 14.707343929 -72.190088750 14.707325714 -72.190151385 14.707281684 -72.190150305 14.702162180 -72.207741004 14.753958887 -72.209225645 14.753854276 -72.209613562 14.811083710 -72.211176161 14.811089400 -72.211156112 14.811282375 -72.211161352 14.815606606 -72.195911431 14.816697940 -72.195945751 14.816704859 -72.195924563 14.816893634 -72.195930500 14.821519585 -72.181755373 14.821822273 -72.181764477 14.821828319 -72.181743814 14.822020780 -72.181749601 14.827163233 -72.164152067 14.827095766 -72.164150263 14.827101650 -72.164130115 14.827017520 -72.164127864 14.827023640 -72.164106907 14.826674207 -72.164097559 14.826983221 -72.163002673 14.827305913 -72.163011866 14.827311522 -72.162991673 14.827502320 -72.162997110 14.831770029 -72.147623926 14.833514486 -72.147676366 14.833520471 -72.147655817 14.833709401 -72.147661498 14.838832227 -72.130063686 14.838764249 -72.130061868 14.838770228 -72.130041316 14.838684921 -72.130039034 14.838690921 -72.130018403 14.788426144 -72.128667793 14.788608374 -72.128043126 14.787947275 -72.128024886  POLYGON ICRS  14.674038455 -72.106144579 14.668958717 -72.123473657 14.669611533 -72.123492827 14.669566820 -72.123645238 14.726552773 -72.125310040 14.726609911 -72.125107934 14.727115641 -72.125122633 14.732064167 -72.107600531 14.731407145 -72.107583620 14.731451025 -72.107428172 14.674596394 -72.105955774 14.674537283 -72.106157567  POLYGON ICRS  14.726772283 -72.126277917 14.726110731 -72.126259840 14.726156568 -72.126105506 14.669121273 -72.124538249 14.669057128 -72.124740069 14.668564091 -72.124726450 14.663588142 -72.140369983 14.663020863 -72.140355211 14.663002499 -72.140417684 14.662958925 -72.140416549 14.658919306 -72.154149202 14.657719896 -72.154119603 14.657664792 -72.154320624 14.657161745 -72.154308207 14.652388288 -72.171702734 14.653039928 -72.171720998 14.652997785 -72.171874448 14.653349048 -72.171884292 14.653041899 -72.172845774 14.652557257 -72.172831733 14.652490929 -72.173034249 14.651998150 -72.173019967 14.646909495 -72.188538054 14.646083584 -72.188517659 14.646066224 -72.188580722 14.646019501 -72.188579569 14.641230298 -72.205973920 14.698439097 -72.207568186 14.698444938 -72.207548027 14.698633172 -72.207553249 14.703054342 -72.192293642 14.703870457 -72.192319792 14.703938417 -72.192115562 14.704439244 -72.192131601 14.709084276 -72.178154451 14.709353428 -72.178162703 14.709359516 -72.178142321 14.709548630 -72.178148120 14.714799968 -72.160553629 14.714733376 -72.160551808 14.714739617 -72.160530884 14.714658226 -72.160528658 14.714664626 -72.160507189 14.714353613 -72.160498688 14.714668911 -72.159405060 14.714950817 -72.159413254 14.714956804 -72.159392161 14.715147558 -72.159397704 14.719508353 -72.144015302 14.720977134 -72.144060350 14.721037577 -72.143857258 14.721543014 -72.143872753  POLYGON ICRS  15.229040211 -72.170180947 15.229033699 -72.170063032 15.172031743 -72.170289738 15.172036351 -72.170565392 15.171457710 -72.170567607 15.171750356 -72.188121018 15.172652452 -72.188119010 15.172655427 -72.188297081 15.230340433 -72.188160273 15.230321727 -72.187821962 15.230829912 -72.187820685 15.229856208 -72.170177592  POLYGON ICRS  15.110718764 -72.188013378 15.110713170 -72.188187661 15.168154574 -72.188299668 15.168152378 -72.187959625 15.168644229 -72.187960519 15.168533189 -72.170411932 15.167712170 -72.170411015 15.167711445 -72.170297514 15.110946073 -72.170226363 15.110937135 -72.170504845 15.110371503 -72.170504049 15.109806977 -72.188011454  POLYGON ICRS  15.172543705 -72.207106219 15.172544650 -72.207283207 15.231148847 -72.207246569 15.231130503 -72.206906671 15.231637933 -72.206906282 15.230672603 -72.188978066 15.229855718 -72.188980000 15.229849489 -72.188864258 15.172118260 -72.188992724 15.172119720 -72.189269331 15.171543808 -72.189270524 15.171636287 -72.207106641  POLYGON ICRS  15.109909666 -72.206932492 15.109898298 -72.207105495 15.168245824 -72.207333082 15.168251752 -72.206990931 15.168737759 -72.206992750 15.169044496 -72.189161383 15.168220538 -72.189158874 15.168222461 -72.189047127 15.110735327 -72.188863714 15.110717037 -72.189142978 15.110159805 -72.189141115 15.108992081 -72.206928779  POLYGON ICRS  14.757857723 -72.228545927 14.748923638 -72.243302068 14.805529172 -72.246582793 14.805586722 -72.246486077 14.805941773 -72.246506602 14.805999256 -72.246410004 14.806357820 -72.246430727 14.815956566 -72.230281371 14.818937693 -72.230384361 14.809334288 -72.246689677 14.866919369 -72.249921869 14.866974893 -72.249825871 14.867330884 -72.249845799 14.867386373 -72.249749869 14.867745347 -72.249769962 14.877901941 -72.232192524 14.866928935 -72.231625676 14.872918308 -72.214275755 14.872848515 -72.214273660 14.872855413 -72.214253657 14.872768902 -72.214251060 14.872776113 -72.214230147 14.814681882 -72.212477715 14.814661092 -72.212538796 14.814626035 -72.212537733 14.809112745 -72.228715319 14.805633486 -72.228525871 14.810870370 -72.212532786 14.810800678 -72.212530827 14.810807272 -72.212510674 14.810722414 -72.212508289 14.810729290 -72.212487275 14.760113817 -72.211057959 14.760238489 -72.210702762 14.760169733 -72.210700658 14.760176899 -72.210680244 14.760096608 -72.210677786 14.760103970 -72.210656811 14.702032021 -72.208870868 14.702010348 -72.208933408 14.701969751 -72.208932153 14.695903820 -72.226420289 14.753813238 -72.228448255 14.753820922 -72.228426404 14.754009359 -72.228432975 14.754012513 -72.228424008  POLYGON ICRS  14.640899203 -72.207229617 14.640878672 -72.207292055 14.640836270 -72.207290826 14.635308226 -72.224089742 14.635165689 -72.224586380 14.692185031 -72.226420965 14.692192080 -72.226399854 14.692380003 -72.226405874 14.698212715 -72.208924321 14.698144954 -72.208922377 14.698151963 -72.208901342 14.698072059 -72.208899050 14.698078937 -72.208878414  POLYGON ICRS  14.856018132 -72.268800486 14.856076959 -72.268703340 14.856430635 -72.268724802 14.867100851 -72.251089927 14.809503128 -72.247838730 14.809442928 -72.247934898 14.809088414 -72.247914835 14.809028364 -72.248010777 14.808675278 -72.247990790 14.797791057 -72.265359588 14.855602058 -72.268877094 14.855661565 -72.268778852  POLYGON ICRS  14.788507585 -72.276969785 14.778021503 -72.294339234 14.835659834 -72.297645785 14.835719804 -72.297548904 14.836073712 -72.297569149 14.836132959 -72.297473424 14.836489070 -72.297493796 14.847372146 -72.279893693 14.789336239 -72.276818002 14.789279201 -72.276912581 14.788920036 -72.276893492 14.788862646 -72.276988658  POLYGON ICRS  14.823430017 -72.316323374 14.823779065 -72.316345622 14.823844490 -72.316247585 14.824194584 -72.316269899 14.835845906 -72.298793169 14.778294528 -72.295367598 14.778230619 -72.295464235 14.777879125 -72.295443258 14.777814665 -72.295540726 14.777463398 -72.295519764 14.766051198 -72.312760099 14.823342460 -72.316420604 14.823364752 -72.316421176  POLYGON ICRS  14.748974040 -72.244386643 14.748913610 -72.244482393 14.748558907 -72.244462412 14.748498523 -72.244558084 14.748146988 -72.244538279 14.737302924 -72.261700764 14.794230230 -72.265092921 14.794289655 -72.264995659 14.794643671 -72.265016697 14.794702979 -72.264919614 14.795059295 -72.264940787 14.805659668 -72.247570966  POLYGON ICRS  14.774405080 -72.293965680 14.774760790 -72.293985759 14.774818552 -72.293889953 14.775175651 -72.293910110 14.785630047 -72.276552535 14.728532897 -72.273515568 14.728477326 -72.273610224 14.728118485 -72.273591082 14.728062649 -72.273686184 14.727703410 -72.273667023 14.717606457 -72.290850188 14.774347384 -72.294061387  POLYGON ICRS  14.762390729 -72.312560527 14.762736182 -72.312581543 14.762801002 -72.312481649 14.763161329 -72.312503571 14.774338196 -72.295263183 14.717642955 -72.291999253 14.717579293 -72.292098270 14.717216972 -72.292077357 14.717156969 -72.292170687 14.716811680 -72.292150754 14.705832594 -72.309209152 14.762329208 -72.312655323
2026-09-28 12:54:08,958 - jwst.resample.resample - INFO - 8 exposures to drizzle together
2026-09-28 12:54:11,734 - stcal.resample.resample - INFO - Resampling science and variance data
2026-09-28 12:54:15,927 - stcal.resample.resample - INFO - Resampling science and variance data
2026-09-28 12:54:20,004 - stcal.resample.resample - INFO - Resampling science and variance data
2026-09-28 12:54:24,047 - stcal.resample.resample - INFO - Resampling science and variance data
2026-09-28 12:54:28,115 - stcal.resample.resample - INFO - Resampling science and variance data
2026-09-28 12:54:32,186 - stcal.resample.resample - INFO - Resampling science and variance data
2026-09-28 12:54:36,265 - stcal.resample.resample - INFO - Resampling science and variance data
2026-09-28 12:54:40,272 - stcal.resample.resample - INFO - Resampling science and variance data
2026-09-28 12:54:42,196 - jwst.resample.resample - INFO - Assigning output S_REGION: POLYGON ICRS  14.842769378 -72.128920020 14.900724958 -72.130476455 14.900730350 -72.130455759 14.900920768 -72.130460844 14.905551475 -72.112669079 14.905481946 -72.112667519 14.905487472 -72.112646251 14.905404249 -72.112644385 14.905409641 -72.112623643 14.847579638 -72.111317782 14.847562990 -72.111379258 14.847525584 -72.111378407  POLYGON ICRS  14.900551704 -72.131748524 14.842577280 -72.130173828 14.842558332 -72.130235623 14.842521333 -72.130234613 14.837853085 -72.145449875 14.835942873 -72.145406411 14.835926013 -72.145468385 14.835882764 -72.145467401 14.832033290 -72.159615625 14.831581267 -72.159604811 14.831563682 -72.159666837 14.831523855 -72.159665885 14.826533431 -72.177259831 14.826869825 -72.177269316 14.826523266 -72.178393489 14.826403386 -72.178389855 14.826382469 -72.178451532 14.826349229 -72.178450524 14.821163491 -72.193723423 14.819880683 -72.193692717 14.819863206 -72.193754111 14.819823520 -72.193753161 14.814810353 -72.211346749 14.872953325 -72.212978585 14.872959519 -72.212957896 14.873152381 -72.212963278 14.877652633 -72.197914461 14.878236117 -72.197934475 14.878243894 -72.197911891 14.878433690 -72.197918398 14.883307299 -72.183748407 14.883809542 -72.183764134 14.883815623 -72.183742977 14.884007410 -72.183748982 14.889136335 -72.165885646 14.889067780 -72.165883794 14.889073547 -72.165863686 14.888989839 -72.165861425 14.888995938 -72.165840158 14.888650933 -72.165830838 14.889028009 -72.164564058 14.889171168 -72.164567881 14.889176350 -72.164548066 14.889368438 -72.164553197 14.893275452 -72.149606423 14.895388565 -72.149672586 14.895394711 -72.149651110 14.895584213 -72.149657043 14.900692342 -72.131793403 14.900624263 -72.131791564 14.900630101 -72.131771136 14.900545894 -72.131768861  POLYGON ICRS  14.843866802 -72.111358529 14.843872516 -72.111337832 14.793279166 -72.110058630 14.793581614 -72.108921324 14.792924936 -72.108906216 14.792966833 -72.108748656 14.735156907 -72.107410153 14.735101493 -72.107610370 14.734600237 -72.107598688 14.729740522 -72.125137600 14.730391628 -72.125155555 14.730349030 -72.125309170 14.782127508 -72.126729914 14.781966204 -72.127291379 14.838973380 -72.128923532 14.838979221 -72.128902420 14.839170514 -72.128907867 14.844012788 -72.111382939 14.843945247 -72.111381240 14.843950932 -72.111360645  POLYGON ICRS  14.787992297 -72.127870567 14.730039716 -72.126262866 14.729976465 -72.126465162 14.729483705 -72.126451416 14.724668823 -72.141835143 14.723694439 -72.141812413 14.723677105 -72.141874757 14.723633715 -72.141873745 14.719783527 -72.155709966 14.718867171 -72.155687519 14.718808990 -72.155888484 14.718309251 -72.155876236 14.713209461 -72.173467213 14.713864331 -72.173486069 14.713820056 -72.173638681 14.714432479 -72.173656311 14.714170984 -72.174487837 14.713577033 -72.174469481 14.713506651 -72.174673312 14.713017620 -72.174658198 14.707681777 -72.190097035 14.707343929 -72.190088750 14.707325714 -72.190151385 14.707281684 -72.190150305 14.702162180 -72.207741004 14.753958887 -72.209225645 14.753854276 -72.209613562 14.811083710 -72.211176161 14.811089400 -72.211156112 14.811282375 -72.211161352 14.815606606 -72.195911431 14.816697940 -72.195945751 14.816704859 -72.195924563 14.816893634 -72.195930500 14.821519585 -72.181755373 14.821822273 -72.181764477 14.821828319 -72.181743814 14.822020780 -72.181749601 14.827163233 -72.164152067 14.827095766 -72.164150263 14.827101650 -72.164130115 14.827017520 -72.164127864 14.827023640 -72.164106907 14.826674207 -72.164097559 14.826983221 -72.163002673 14.827305913 -72.163011866 14.827311522 -72.162991673 14.827502320 -72.162997110 14.831770029 -72.147623926 14.833514486 -72.147676366 14.833520471 -72.147655817 14.833709401 -72.147661498 14.838832227 -72.130063686 14.838764249 -72.130061868 14.838770228 -72.130041316 14.838684921 -72.130039034 14.838690921 -72.130018403 14.788426144 -72.128667793 14.788608374 -72.128043126 14.787947275 -72.128024886  POLYGON ICRS  14.674038455 -72.106144579 14.668958717 -72.123473657 14.669611533 -72.123492827 14.669566820 -72.123645238 14.726552773 -72.125310040 14.726609911 -72.125107934 14.727115641 -72.125122633 14.732064167 -72.107600531 14.731407145 -72.107583620 14.731451025 -72.107428172 14.674596394 -72.105955774 14.674537283 -72.106157567  POLYGON ICRS  14.726772283 -72.126277917 14.726110731 -72.126259840 14.726156568 -72.126105506 14.669121273 -72.124538249 14.669057128 -72.124740069 14.668564091 -72.124726450 14.663588142 -72.140369983 14.663020863 -72.140355211 14.663002499 -72.140417684 14.662958925 -72.140416549 14.658919306 -72.154149202 14.657719896 -72.154119603 14.657664792 -72.154320624 14.657161745 -72.154308207 14.652388288 -72.171702734 14.653039928 -72.171720998 14.652997785 -72.171874448 14.653349048 -72.171884292 14.653041899 -72.172845774 14.652557257 -72.172831733 14.652490929 -72.173034249 14.651998150 -72.173019967 14.646909495 -72.188538054 14.646083584 -72.188517659 14.646066224 -72.188580722 14.646019501 -72.188579569 14.641230298 -72.205973920 14.698439097 -72.207568186 14.698444938 -72.207548027 14.698633172 -72.207553249 14.703054342 -72.192293642 14.703870457 -72.192319792 14.703938417 -72.192115562 14.704439244 -72.192131601 14.709084276 -72.178154451 14.709353428 -72.178162703 14.709359516 -72.178142321 14.709548630 -72.178148120 14.714799968 -72.160553629 14.714733376 -72.160551808 14.714739617 -72.160530884 14.714658226 -72.160528658 14.714664626 -72.160507189 14.714353613 -72.160498688 14.714668911 -72.159405060 14.714950817 -72.159413254 14.714956804 -72.159392161 14.715147558 -72.159397704 14.719508353 -72.144015302 14.720977134 -72.144060350 14.721037577 -72.143857258 14.721543014 -72.143872753  POLYGON ICRS  15.229040211 -72.170180947 15.229033699 -72.170063032 15.172031743 -72.170289738 15.172036351 -72.170565392 15.171457710 -72.170567607 15.171750356 -72.188121018 15.172652452 -72.188119010 15.172655427 -72.188297081 15.230340433 -72.188160273 15.230321727 -72.187821962 15.230829912 -72.187820685 15.229856208 -72.170177592  POLYGON ICRS  15.110718764 -72.188013378 15.110713170 -72.188187661 15.168154574 -72.188299668 15.168152378 -72.187959625 15.168644229 -72.187960519 15.168533189 -72.170411932 15.167712170 -72.170411015 15.167711445 -72.170297514 15.110946073 -72.170226363 15.110937135 -72.170504845 15.110371503 -72.170504049 15.109806977 -72.188011454  POLYGON ICRS  15.172543705 -72.207106219 15.172544650 -72.207283207 15.231148847 -72.207246569 15.231130503 -72.206906671 15.231637933 -72.206906282 15.230672603 -72.188978066 15.229855718 -72.188980000 15.229849489 -72.188864258 15.172118260 -72.188992724 15.172119720 -72.189269331 15.171543808 -72.189270524 15.171636287 -72.207106641  POLYGON ICRS  15.109909666 -72.206932492 15.109898298 -72.207105495 15.168245824 -72.207333082 15.168251752 -72.206990931 15.168737759 -72.206992750 15.169044496 -72.189161383 15.168220538 -72.189158874 15.168222461 -72.189047127 15.110735327 -72.188863714 15.110717037 -72.189142978 15.110159805 -72.189141115 15.108992081 -72.206928779  POLYGON ICRS  14.757857723 -72.228545927 14.748923638 -72.243302068 14.805529172 -72.246582793 14.805586722 -72.246486077 14.805941773 -72.246506602 14.805999256 -72.246410004 14.806357820 -72.246430727 14.815956566 -72.230281371 14.818937693 -72.230384361 14.809334288 -72.246689677 14.866919369 -72.249921869 14.866974893 -72.249825871 14.867330884 -72.249845799 14.867386373 -72.249749869 14.867745347 -72.249769962 14.877901941 -72.232192524 14.866928935 -72.231625676 14.872918308 -72.214275755 14.872848515 -72.214273660 14.872855413 -72.214253657 14.872768902 -72.214251060 14.872776113 -72.214230147 14.814681882 -72.212477715 14.814661092 -72.212538796 14.814626035 -72.212537733 14.809112745 -72.228715319 14.805633486 -72.228525871 14.810870370 -72.212532786 14.810800678 -72.212530827 14.810807272 -72.212510674 14.810722414 -72.212508289 14.810729290 -72.212487275 14.760113817 -72.211057959 14.760238489 -72.210702762 14.760169733 -72.210700658 14.760176899 -72.210680244 14.760096608 -72.210677786 14.760103970 -72.210656811 14.702032021 -72.208870868 14.702010348 -72.208933408 14.701969751 -72.208932153 14.695903820 -72.226420289 14.753813238 -72.228448255 14.753820922 -72.228426404 14.754009359 -72.228432975 14.754012513 -72.228424008  POLYGON ICRS  14.640899203 -72.207229617 14.640878672 -72.207292055 14.640836270 -72.207290826 14.635308226 -72.224089742 14.635165689 -72.224586380 14.692185031 -72.226420965 14.692192080 -72.226399854 14.692380003 -72.226405874 14.698212715 -72.208924321 14.698144954 -72.208922377 14.698151963 -72.208901342 14.698072059 -72.208899050 14.698078937 -72.208878414  POLYGON ICRS  14.856018132 -72.268800486 14.856076959 -72.268703340 14.856430635 -72.268724802 14.867100851 -72.251089927 14.809503128 -72.247838730 14.809442928 -72.247934898 14.809088414 -72.247914835 14.809028364 -72.248010777 14.808675278 -72.247990790 14.797791057 -72.265359588 14.855602058 -72.268877094 14.855661565 -72.268778852  POLYGON ICRS  14.788507585 -72.276969785 14.778021503 -72.294339234 14.835659834 -72.297645785 14.835719804 -72.297548904 14.836073712 -72.297569149 14.836132959 -72.297473424 14.836489070 -72.297493796 14.847372146 -72.279893693 14.789336239 -72.276818002 14.789279201 -72.276912581 14.788920036 -72.276893492 14.788862646 -72.276988658  POLYGON ICRS  14.823430017 -72.316323374 14.823779065 -72.316345622 14.823844490 -72.316247585 14.824194584 -72.316269899 14.835845906 -72.298793169 14.778294528 -72.295367598 14.778230619 -72.295464235 14.777879125 -72.295443258 14.777814665 -72.295540726 14.777463398 -72.295519764 14.766051198 -72.312760099 14.823342460 -72.316420604 14.823364752 -72.316421176  POLYGON ICRS  14.748974040 -72.244386643 14.748913610 -72.244482393 14.748558907 -72.244462412 14.748498523 -72.244558084 14.748146988 -72.244538279 14.737302924 -72.261700764 14.794230230 -72.265092921 14.794289655 -72.264995659 14.794643671 -72.265016697 14.794702979 -72.264919614 14.795059295 -72.264940787 14.805659668 -72.247570966  POLYGON ICRS  14.774405080 -72.293965680 14.774760790 -72.293985759 14.774818552 -72.293889953 14.775175651 -72.293910110 14.785630047 -72.276552535 14.728532897 -72.273515568 14.728477326 -72.273610224 14.728118485 -72.273591082 14.728062649 -72.273686184 14.727703410 -72.273667023 14.717606457 -72.290850188 14.774347384 -72.294061387  POLYGON ICRS  14.762390729 -72.312560527 14.762736182 -72.312581543 14.762801002 -72.312481649 14.763161329 -72.312503571 14.774338196 -72.295263183 14.717642955 -72.291999253 14.717579293 -72.292098270 14.717216972 -72.292077357 14.717156969 -72.292170687 14.716811680 -72.292150754 14.705832594 -72.309209152 14.762329208 -72.312655323
2026-09-28 13:05:14,561 - stcal.outlier_detection.utils - INFO - Blotting (2048, 2048) <-- (20764, 23766)
2026-09-28 13:05:14,809 - jwst.outlier_detection.utils - INFO - 6410 pixels marked as outliers
2026-09-28 13:05:17,228 - stcal.outlier_detection.utils - INFO - Blotting (2048, 2048) <-- (20764, 23766)
2026-09-28 13:05:17,457 - jwst.outlier_detection.utils - INFO - 5448 pixels marked as outliers
2026-09-28 13:05:19,928 - stcal.outlier_detection.utils - INFO - Blotting (2048, 2048) <-- (20764, 23766)
2026-09-28 13:05:20,169 - jwst.outlier_detection.utils - INFO - 6790 pixels marked as outliers
2026-09-28 13:05:22,590 - stcal.outlier_detection.utils - INFO - Blotting (2048, 2048) <-- (20764, 23766)
2026-09-28 13:05:22,820 - jwst.outlier_detection.utils - INFO - 6850 pixels marked as outliers
2026-09-28 13:05:25,296 - stcal.outlier_detection.utils - INFO - Blotting (2048, 2048) <-- (20764, 23766)
2026-09-28 13:05:25,541 - jwst.outlier_detection.utils - INFO - 5529 pixels marked as outliers
2026-09-28 13:05:28,011 - stcal.outlier_detection.utils - INFO - Blotting (2048, 2048) <-- (20764, 23766)
2026-09-28 13:05:28,257 - jwst.outlier_detection.utils - INFO - 6233 pixels marked as outliers
2026-09-28 13:05:30,654 - stcal.outlier_detection.utils - INFO - Blotting (2048, 2048) <-- (20764, 23766)
2026-09-28 13:05:30,875 - jwst.outlier_detection.utils - INFO - 5346 pixels marked as outliers
2026-09-28 13:05:33,324 - stcal.outlier_detection.utils - INFO - Blotting (2048, 2048) <-- (20764, 23766)
2026-09-28 13:05:33,561 - jwst.outlier_detection.utils - INFO - 6079 pixels marked as outliers
2026-09-28 13:05:36,030 - stcal.outlier_detection.utils - INFO - Blotting (2048, 2048) <-- (20764, 23766)
2026-09-28 13:05:36,270 - jwst.outlier_detection.utils - INFO - 6774 pixels marked as outliers
2026-09-28 13:05:38,703 - stcal.outlier_detection.utils - INFO - Blotting (2048, 2048) <-- (20764, 23766)
2026-09-28 13:05:38,934 - jwst.outlier_detection.utils - INFO - 6354 pixels marked as outliers
2026-09-28 13:05:41,361 - stcal.outlier_detection.utils - INFO - Blotting (2048, 2048) <-- (20764, 23766)
2026-09-28 13:05:41,593 - jwst.outlier_detection.utils - INFO - 7793 pixels marked as outliers
2026-09-28 13:05:44,011 - stcal.outlier_detection.utils - INFO - Blotting (2048, 2048) <-- (20764, 23766)
2026-09-28 13:05:44,241 - jwst.outlier_detection.utils - INFO - 6590 pixels marked as outliers
2026-09-28 13:05:46,654 - stcal.outlier_detection.utils - INFO - Blotting (2048, 2048) <-- (20764, 23766)
2026-09-28 13:05:46,895 - jwst.outlier_detection.utils - INFO - 5163 pixels marked as outliers
2026-09-28 13:05:49,303 - stcal.outlier_detection.utils - INFO - Blotting (2048, 2048) <-- (20764, 23766)
2026-09-28 13:05:49,539 - jwst.outlier_detection.utils - INFO - 6430 pixels marked as outliers
2026-09-28 13:05:51,928 - stcal.outlier_detection.utils - INFO - Blotting (2048, 2048) <-- (20764, 23766)
2026-09-28 13:05:52,146 - jwst.outlier_detection.utils - INFO - 4646 pixels marked as outliers
2026-09-28 13:05:54,536 - stcal.outlier_detection.utils - INFO - Blotting (2048, 2048) <-- (20764, 23766)
2026-09-28 13:05:54,766 - jwst.outlier_detection.utils - INFO - 6191 pixels marked as outliers
2026-09-28 13:05:57,183 - stcal.outlier_detection.utils - INFO - Blotting (2048, 2048) <-- (20764, 23766)
2026-09-28 13:05:57,411 - jwst.outlier_detection.utils - INFO - 6554 pixels marked as outliers
2026-09-28 13:05:59,835 - stcal.outlier_detection.utils - INFO - Blotting (2048, 2048) <-- (20764, 23766)
2026-09-28 13:06:00,065 - jwst.outlier_detection.utils - INFO - 5803 pixels marked as outliers
2026-09-28 13:06:02,490 - stcal.outlier_detection.utils - INFO - Blotting (2048, 2048) <-- (20764, 23766)
2026-09-28 13:06:02,721 - jwst.outlier_detection.utils - INFO - 6575 pixels marked as outliers
2026-09-28 13:06:05,192 - stcal.outlier_detection.utils - INFO - Blotting (2048, 2048) <-- (20764, 23766)
2026-09-28 13:06:05,431 - jwst.outlier_detection.utils - INFO - 6774 pixels marked as outliers
2026-09-28 13:06:07,847 - stcal.outlier_detection.utils - INFO - Blotting (2048, 2048) <-- (20764, 23766)
2026-09-28 13:06:08,086 - jwst.outlier_detection.utils - INFO - 5693 pixels marked as outliers
2026-09-28 13:06:10,548 - stcal.outlier_detection.utils - INFO - Blotting (2048, 2048) <-- (20764, 23766)
2026-09-28 13:06:10,797 - jwst.outlier_detection.utils - INFO - 6247 pixels marked as outliers
2026-09-28 13:06:13,265 - stcal.outlier_detection.utils - INFO - Blotting (2048, 2048) <-- (20764, 23766)
2026-09-28 13:06:13,499 - jwst.outlier_detection.utils - INFO - 4543 pixels marked as outliers
2026-09-28 13:06:15,947 - stcal.outlier_detection.utils - INFO - Blotting (2048, 2048) <-- (20764, 23766)
2026-09-28 13:06:16,189 - jwst.outlier_detection.utils - INFO - 5854 pixels marked as outliers
2026-09-28 13:06:18,602 - stcal.outlier_detection.utils - INFO - Blotting (2048, 2048) <-- (20764, 23766)
2026-09-28 13:06:18,830 - jwst.outlier_detection.utils - INFO - 6078 pixels marked as outliers
2026-09-28 13:06:21,305 - stcal.outlier_detection.utils - INFO - Blotting (2048, 2048) <-- (20764, 23766)
2026-09-28 13:06:21,547 - jwst.outlier_detection.utils - INFO - 5742 pixels marked as outliers
2026-09-28 13:06:24,013 - stcal.outlier_detection.utils - INFO - Blotting (2048, 2048) <-- (20764, 23766)
2026-09-28 13:06:24,254 - jwst.outlier_detection.utils - INFO - 7644 pixels marked as outliers
2026-09-28 13:06:26,725 - stcal.outlier_detection.utils - INFO - Blotting (2048, 2048) <-- (20764, 23766)
2026-09-28 13:06:26,965 - jwst.outlier_detection.utils - INFO - 7272 pixels marked as outliers
2026-09-28 13:06:29,422 - stcal.outlier_detection.utils - INFO - Blotting (2048, 2048) <-- (20764, 23766)
2026-09-28 13:06:29,666 - jwst.outlier_detection.utils - INFO - 5492 pixels marked as outliers
2026-09-28 13:06:32,134 - stcal.outlier_detection.utils - INFO - Blotting (2048, 2048) <-- (20764, 23766)
2026-09-28 13:06:32,382 - jwst.outlier_detection.utils - INFO - 6330 pixels marked as outliers
2026-09-28 13:06:34,812 - stcal.outlier_detection.utils - INFO - Blotting (2048, 2048) <-- (20764, 23766)
2026-09-28 13:06:35,041 - jwst.outlier_detection.utils - INFO - 5174 pixels marked as outliers
2026-09-28 13:06:37,427 - stcal.outlier_detection.utils - INFO - Blotting (2048, 2048) <-- (20764, 23766)
2026-09-28 13:06:37,656 - jwst.outlier_detection.utils - INFO - 6148 pixels marked as outliers
2026-09-28 13:06:40,122 - stcal.outlier_detection.utils - INFO - Blotting (2048, 2048) <-- (20764, 23766)
2026-09-28 13:06:40,358 - jwst.outlier_detection.utils - INFO - 6057 pixels marked as outliers
2026-09-28 13:06:42,774 - stcal.outlier_detection.utils - INFO - Blotting (2048, 2048) <-- (20764, 23766)
2026-09-28 13:06:43,001 - jwst.outlier_detection.utils - INFO - 5950 pixels marked as outliers
2026-09-28 13:06:45,419 - stcal.outlier_detection.utils - INFO - Blotting (2048, 2048) <-- (20764, 23766)
2026-09-28 13:06:45,650 - jwst.outlier_detection.utils - INFO - 6742 pixels marked as outliers
2026-09-28 13:06:48,084 - stcal.outlier_detection.utils - INFO - Blotting (2048, 2048) <-- (20764, 23766)
2026-09-28 13:06:48,319 - jwst.outlier_detection.utils - INFO - 6482 pixels marked as outliers
2026-09-28 13:06:50,786 - stcal.outlier_detection.utils - INFO - Blotting (2048, 2048) <-- (20764, 23766)
2026-09-28 13:06:51,022 - jwst.outlier_detection.utils - INFO - 6094 pixels marked as outliers
2026-09-28 13:06:53,428 - stcal.outlier_detection.utils - INFO - Blotting (2048, 2048) <-- (20764, 23766)
2026-09-28 13:06:53,669 - jwst.outlier_detection.utils - INFO - 6125 pixels marked as outliers
2026-09-28 13:06:56,064 - stcal.outlier_detection.utils - INFO - Blotting (2048, 2048) <-- (20764, 23766)
2026-09-28 13:06:56,285 - jwst.outlier_detection.utils - INFO - 4722 pixels marked as outliers
2026-09-28 13:06:58,675 - stcal.outlier_detection.utils - INFO - Blotting (2048, 2048) <-- (20764, 23766)
2026-09-28 13:06:58,906 - jwst.outlier_detection.utils - INFO - 5916 pixels marked as outliers
2026-09-28 13:07:01,309 - stcal.outlier_detection.utils - INFO - Blotting (2048, 2048) <-- (20764, 23766)
2026-09-28 13:07:01,538 - jwst.outlier_detection.utils - INFO - 6405 pixels marked as outliers
2026-09-28 13:07:03,947 - stcal.outlier_detection.utils - INFO - Blotting (2048, 2048) <-- (20764, 23766)
2026-09-28 13:07:04,175 - jwst.outlier_detection.utils - INFO - 6449 pixels marked as outliers
2026-09-28 13:07:06,588 - stcal.outlier_detection.utils - INFO - Blotting (2048, 2048) <-- (20764, 23766)
2026-09-28 13:07:06,820 - jwst.outlier_detection.utils - INFO - 33 pixels marked as outliers
2026-09-28 13:07:09,238 - stcal.outlier_detection.utils - INFO - Blotting (2048, 2048) <-- (20764, 23766)
2026-09-28 13:07:09,489 - jwst.outlier_detection.utils - INFO - 7899 pixels marked as outliers
2026-09-28 13:07:12,045 - stcal.outlier_detection.utils - INFO - Blotting (2048, 2048) <-- (20764, 23766)
2026-09-28 13:07:12,298 - jwst.outlier_detection.utils - INFO - 5745 pixels marked as outliers
2026-09-28 13:07:14,817 - stcal.outlier_detection.utils - INFO - Blotting (2048, 2048) <-- (20764, 23766)
2026-09-28 13:07:15,074 - jwst.outlier_detection.utils - INFO - 6612 pixels marked as outliers
2026-09-28 13:07:17,602 - stcal.outlier_detection.utils - INFO - Blotting (2048, 2048) <-- (20764, 23766)
2026-09-28 13:07:17,848 - jwst.outlier_detection.utils - INFO - 4814 pixels marked as outliers
2026-09-28 13:07:20,379 - stcal.outlier_detection.utils - INFO - Blotting (2048, 2048) <-- (20764, 23766)
2026-09-28 13:07:20,630 - jwst.outlier_detection.utils - INFO - 6460 pixels marked as outliers
2026-09-28 13:07:23,060 - stcal.outlier_detection.utils - INFO - Blotting (2048, 2048) <-- (20764, 23766)
2026-09-28 13:07:23,292 - jwst.outlier_detection.utils - INFO - 6999 pixels marked as outliers
2026-09-28 13:07:25,756 - stcal.outlier_detection.utils - INFO - Blotting (2048, 2048) <-- (20764, 23766)
2026-09-28 13:07:25,989 - jwst.outlier_detection.utils - INFO - 6173 pixels marked as outliers
2026-09-28 13:07:28,447 - stcal.outlier_detection.utils - INFO - Blotting (2048, 2048) <-- (20764, 23766)
2026-09-28 13:07:28,682 - jwst.outlier_detection.utils - INFO - 7485 pixels marked as outliers
2026-09-28 13:07:31,142 - stcal.outlier_detection.utils - INFO - Blotting (2048, 2048) <-- (20764, 23766)
2026-09-28 13:07:31,374 - jwst.outlier_detection.utils - INFO - 5971 pixels marked as outliers
2026-09-28 13:07:33,741 - stcal.outlier_detection.utils - INFO - Blotting (2048, 2048) <-- (20764, 23766)
2026-09-28 13:07:33,973 - jwst.outlier_detection.utils - INFO - 5846 pixels marked as outliers
2026-09-28 13:07:36,333 - stcal.outlier_detection.utils - INFO - Blotting (2048, 2048) <-- (20764, 23766)
2026-09-28 13:07:36,570 - jwst.outlier_detection.utils - INFO - 6590 pixels marked as outliers
2026-09-28 13:07:38,929 - stcal.outlier_detection.utils - INFO - Blotting (2048, 2048) <-- (20764, 23766)
2026-09-28 13:07:39,145 - jwst.outlier_detection.utils - INFO - 4600 pixels marked as outliers
2026-09-28 13:07:41,508 - stcal.outlier_detection.utils - INFO - Blotting (2048, 2048) <-- (20764, 23766)
2026-09-28 13:07:41,735 - jwst.outlier_detection.utils - INFO - 6503 pixels marked as outliers
2026-09-28 13:07:44,108 - stcal.outlier_detection.utils - INFO - Blotting (2048, 2048) <-- (20764, 23766)
2026-09-28 13:07:44,331 - jwst.outlier_detection.utils - INFO - 6247 pixels marked as outliers
2026-09-28 13:07:46,798 - stcal.outlier_detection.utils - INFO - Blotting (2048, 2048) <-- (20764, 23766)
2026-09-28 13:07:47,023 - jwst.outlier_detection.utils - INFO - 5949 pixels marked as outliers
2026-09-28 13:07:49,384 - stcal.outlier_detection.utils - INFO - Blotting (2048, 2048) <-- (20764, 23766)
2026-09-28 13:07:49,614 - jwst.outlier_detection.utils - INFO - 7232 pixels marked as outliers
2026-09-28 13:07:51,981 - stcal.outlier_detection.utils - INFO - Blotting (2048, 2048) <-- (20764, 23766)
2026-09-28 13:07:52,207 - jwst.outlier_detection.utils - INFO - 6383 pixels marked as outliers
2026-09-28 13:07:54,681 - stcal.outlier_detection.utils - INFO - Blotting (2048, 2048) <-- (20764, 23766)
2026-09-28 13:07:54,925 - jwst.outlier_detection.utils - INFO - 5797 pixels marked as outliers
2026-09-28 13:07:57,355 - stcal.outlier_detection.utils - INFO - Blotting (2048, 2048) <-- (20764, 23766)
2026-09-28 13:07:57,601 - jwst.outlier_detection.utils - INFO - 6536 pixels marked as outliers
2026-09-28 13:07:59,997 - stcal.outlier_detection.utils - INFO - Blotting (2048, 2048) <-- (20764, 23766)
2026-09-28 13:08:00,224 - jwst.outlier_detection.utils - INFO - 5105 pixels marked as outliers
2026-09-28 13:08:02,604 - stcal.outlier_detection.utils - INFO - Blotting (2048, 2048) <-- (20764, 23766)
2026-09-28 13:08:02,842 - jwst.outlier_detection.utils - INFO - 6123 pixels marked as outliers
2026-09-28 13:08:05,288 - stcal.outlier_detection.utils - INFO - Blotting (2048, 2048) <-- (20764, 23766)
2026-09-28 13:08:05,523 - jwst.outlier_detection.utils - INFO - 6066 pixels marked as outliers
2026-09-28 13:08:07,994 - stcal.outlier_detection.utils - INFO - Blotting (2048, 2048) <-- (20764, 23766)
2026-09-28 13:08:08,231 - jwst.outlier_detection.utils - INFO - 5619 pixels marked as outliers
2026-09-28 13:08:10,602 - stcal.outlier_detection.utils - INFO - Blotting (2048, 2048) <-- (20764, 23766)
2026-09-28 13:08:10,830 - jwst.outlier_detection.utils - INFO - 6601 pixels marked as outliers
2026-09-28 13:08:13,253 - stcal.outlier_detection.utils - INFO - Blotting (2048, 2048) <-- (20764, 23766)
2026-09-28 13:08:13,490 - jwst.outlier_detection.utils - INFO - 6504 pixels marked as outliers
2026-09-28 13:08:15,896 - stcal.outlier_detection.utils - INFO - Blotting (2048, 2048) <-- (20764, 23766)
2026-09-28 13:08:16,140 - jwst.outlier_detection.utils - INFO - 5418 pixels marked as outliers
2026-09-28 13:08:18,560 - stcal.outlier_detection.utils - INFO - Blotting (2048, 2048) <-- (20764, 23766)
2026-09-28 13:08:18,811 - jwst.outlier_detection.utils - INFO - 6712 pixels marked as outliers
2026-09-28 13:08:21,228 - stcal.outlier_detection.utils - INFO - Blotting (2048, 2048) <-- (20764, 23766)
2026-09-28 13:08:21,461 - jwst.outlier_detection.utils - INFO - 6046 pixels marked as outliers
2026-09-28 13:08:23,884 - stcal.outlier_detection.utils - INFO - Blotting (2048, 2048) <-- (20764, 23766)
2026-09-28 13:08:24,122 - jwst.outlier_detection.utils - INFO - 6786 pixels marked as outliers
2026-09-28 13:08:26,542 - stcal.outlier_detection.utils - INFO - Blotting (2048, 2048) <-- (20764, 23766)
2026-09-28 13:08:26,777 - jwst.outlier_detection.utils - INFO - 5676 pixels marked as outliers
2026-09-28 13:08:29,193 - stcal.outlier_detection.utils - INFO - Blotting (2048, 2048) <-- (20764, 23766)
2026-09-28 13:08:29,431 - jwst.outlier_detection.utils - INFO - 5698 pixels marked as outliers
2026-09-28 13:08:31,850 - stcal.outlier_detection.utils - INFO - Blotting (2048, 2048) <-- (20764, 23766)
2026-09-28 13:08:32,090 - jwst.outlier_detection.utils - INFO - 6440 pixels marked as outliers
2026-09-28 13:08:34,480 - stcal.outlier_detection.utils - INFO - Blotting (2048, 2048) <-- (20764, 23766)
2026-09-28 13:08:34,712 - jwst.outlier_detection.utils - INFO - 6908 pixels marked as outliers
2026-09-28 13:08:37,145 - stcal.outlier_detection.utils - INFO - Blotting (2048, 2048) <-- (20764, 23766)
2026-09-28 13:08:37,387 - jwst.outlier_detection.utils - INFO - 6011 pixels marked as outliers
2026-09-28 13:08:39,806 - stcal.outlier_detection.utils - INFO - Blotting (2048, 2048) <-- (20764, 23766)
2026-09-28 13:08:40,052 - jwst.outlier_detection.utils - INFO - 6024 pixels marked as outliers
2026-09-28 13:08:42,421 - stcal.outlier_detection.utils - INFO - Blotting (2048, 2048) <-- (20764, 23766)
2026-09-28 13:08:42,642 - jwst.outlier_detection.utils - INFO - 6221 pixels marked as outliers
2026-09-28 13:08:45,038 - stcal.outlier_detection.utils - INFO - Blotting (2048, 2048) <-- (20764, 23766)
2026-09-28 13:08:45,272 - jwst.outlier_detection.utils - INFO - 6608 pixels marked as outliers
2026-09-28 13:08:47,691 - stcal.outlier_detection.utils - INFO - Blotting (2048, 2048) <-- (20764, 23766)
2026-09-28 13:08:47,925 - jwst.outlier_detection.utils - INFO - 6596 pixels marked as outliers
2026-09-28 13:08:50,363 - stcal.outlier_detection.utils - INFO - Blotting (2048, 2048) <-- (20764, 23766)
2026-09-28 13:08:50,601 - jwst.outlier_detection.utils - INFO - 5835 pixels marked as outliers
2026-09-28 13:08:53,006 - stcal.outlier_detection.utils - INFO - Blotting (2048, 2048) <-- (20764, 23766)
2026-09-28 13:08:53,245 - jwst.outlier_detection.utils - INFO - 6395 pixels marked as outliers
2026-09-28 13:08:55,664 - stcal.outlier_detection.utils - INFO - Blotting (2048, 2048) <-- (20764, 23766)
2026-09-28 13:08:55,901 - jwst.outlier_detection.utils - INFO - 6503 pixels marked as outliers
2026-09-28 13:08:58,318 - stcal.outlier_detection.utils - INFO - Blotting (2048, 2048) <-- (20764, 23766)
2026-09-28 13:08:58,561 - jwst.outlier_detection.utils - INFO - 5159 pixels marked as outliers
2026-09-28 13:09:00,967 - stcal.outlier_detection.utils - INFO - Blotting (2048, 2048) <-- (20764, 23766)
2026-09-28 13:09:01,211 - jwst.outlier_detection.utils - INFO - 6548 pixels marked as outliers
2026-09-28 13:09:03,613 - stcal.outlier_detection.utils - INFO - Blotting (2048, 2048) <-- (20764, 23766)
2026-09-28 13:09:03,849 - jwst.outlier_detection.utils - INFO - 5753 pixels marked as outliers
2026-09-28 13:09:06,250 - stcal.outlier_detection.utils - INFO - Blotting (2048, 2048) <-- (20764, 23766)
2026-09-28 13:09:06,491 - jwst.outlier_detection.utils - INFO - 6494 pixels marked as outliers
2026-09-28 13:09:08,898 - stcal.outlier_detection.utils - INFO - Blotting (2048, 2048) <-- (20764, 23766)
2026-09-28 13:09:09,134 - jwst.outlier_detection.utils - INFO - 6822 pixels marked as outliers
2026-09-28 13:09:11,548 - stcal.outlier_detection.utils - INFO - Blotting (2048, 2048) <-- (20764, 23766)
2026-09-28 13:09:11,787 - jwst.outlier_detection.utils - INFO - 5814 pixels marked as outliers
2026-09-28 13:09:14,192 - stcal.outlier_detection.utils - INFO - Blotting (2048, 2048) <-- (20764, 23766)
2026-09-28 13:09:14,435 - jwst.outlier_detection.utils - INFO - 7488 pixels marked as outliers
2026-09-28 13:09:16,869 - stcal.outlier_detection.utils - INFO - Blotting (2048, 2048) <-- (20764, 23766)
2026-09-28 13:09:17,104 - jwst.outlier_detection.utils - INFO - 6747 pixels marked as outliers
2026-09-28 13:09:19,625 - stcal.outlier_detection.utils - INFO - Blotting (2048, 2048) <-- (20764, 23766)
2026-09-28 13:09:19,887 - jwst.outlier_detection.utils - INFO - 5277 pixels marked as outliers
2026-09-28 13:09:22,471 - stcal.outlier_detection.utils - INFO - Blotting (2048, 2048) <-- (20764, 23766)
2026-09-28 13:09:22,733 - jwst.outlier_detection.utils - INFO - 6416 pixels marked as outliers
2026-09-28 13:09:25,135 - stcal.outlier_detection.utils - INFO - Blotting (2048, 2048) <-- (20764, 23766)
2026-09-28 13:09:25,369 - jwst.outlier_detection.utils - INFO - 5903 pixels marked as outliers
2026-09-28 13:09:27,782 - stcal.outlier_detection.utils - INFO - Blotting (2048, 2048) <-- (20764, 23766)
2026-09-28 13:09:28,025 - jwst.outlier_detection.utils - INFO - 6183 pixels marked as outliers
2026-09-28 13:09:30,406 - stcal.outlier_detection.utils - INFO - Blotting (2048, 2048) <-- (20764, 23766)
2026-09-28 13:09:30,635 - jwst.outlier_detection.utils - INFO - 15119 pixels marked as outliers
2026-09-28 13:09:33,040 - stcal.outlier_detection.utils - INFO - Blotting (2048, 2048) <-- (20764, 23766)
2026-09-28 13:09:33,279 - jwst.outlier_detection.utils - INFO - 13924 pixels marked as outliers
2026-09-28 13:09:35,690 - stcal.outlier_detection.utils - INFO - Blotting (2048, 2048) <-- (20764, 23766)
2026-09-28 13:09:35,929 - jwst.outlier_detection.utils - INFO - 17119 pixels marked as outliers
2026-09-28 13:09:38,371 - stcal.outlier_detection.utils - INFO - Blotting (2048, 2048) <-- (20764, 23766)
2026-09-28 13:09:38,606 - jwst.outlier_detection.utils - INFO - 17523 pixels marked as outliers
2026-09-28 13:09:40,557 - stcal.outlier_detection.utils - INFO - Blotting (2048, 2048) <-- (20764, 23766)
2026-09-28 13:09:40,795 - jwst.outlier_detection.utils - INFO - 13393 pixels marked as outliers
2026-09-28 13:09:43,236 - stcal.outlier_detection.utils - INFO - Blotting (2048, 2048) <-- (20764, 23766)
2026-09-28 13:09:43,474 - jwst.outlier_detection.utils - INFO - 15984 pixels marked as outliers
2026-09-28 13:09:46,003 - stcal.outlier_detection.utils - INFO - Blotting (2048, 2048) <-- (20764, 23766)
2026-09-28 13:09:46,252 - jwst.outlier_detection.utils - INFO - 10963 pixels marked as outliers
2026-09-28 13:09:48,842 - stcal.outlier_detection.utils - INFO - Blotting (2048, 2048) <-- (20764, 23766)
2026-09-28 13:09:49,101 - jwst.outlier_detection.utils - INFO - 15528 pixels marked as outliers
2026-09-28 13:09:51,700 - stcal.outlier_detection.utils - INFO - Blotting (2048, 2048) <-- (20764, 23766)
2026-09-28 13:09:51,962 - jwst.outlier_detection.utils - INFO - 15189 pixels marked as outliers
2026-09-28 13:09:54,534 - stcal.outlier_detection.utils - INFO - Blotting (2048, 2048) <-- (20764, 23766)
2026-09-28 13:09:54,779 - jwst.outlier_detection.utils - INFO - 13330 pixels marked as outliers
2026-09-28 13:09:57,202 - stcal.outlier_detection.utils - INFO - Blotting (2048, 2048) <-- (20764, 23766)
2026-09-28 13:09:57,441 - jwst.outlier_detection.utils - INFO - 16265 pixels marked as outliers
2026-09-28 13:09:59,845 - stcal.outlier_detection.utils - INFO - Blotting (2048, 2048) <-- (20764, 23766)
2026-09-28 13:10:00,085 - jwst.outlier_detection.utils - INFO - 16161 pixels marked as outliers
2026-09-28 13:10:02,494 - stcal.outlier_detection.utils - INFO - Blotting (2048, 2048) <-- (20764, 23766)
2026-09-28 13:10:02,732 - jwst.outlier_detection.utils - INFO - 12210 pixels marked as outliers
2026-09-28 13:10:05,086 - stcal.outlier_detection.utils - INFO - Blotting (2048, 2048) <-- (20764, 23766)
2026-09-28 13:10:05,323 - jwst.outlier_detection.utils - INFO - 14841 pixels marked as outliers
2026-09-28 13:10:07,771 - stcal.outlier_detection.utils - INFO - Blotting (2048, 2048) <-- (20764, 23766)
2026-09-28 13:10:08,000 - jwst.outlier_detection.utils - INFO - 11581 pixels marked as outliers
2026-09-28 13:10:10,390 - stcal.outlier_detection.utils - INFO - Blotting (2048, 2048) <-- (20764, 23766)
2026-09-28 13:10:10,627 - jwst.outlier_detection.utils - INFO - 15234 pixels marked as outliers
2026-09-28 13:10:12,974 - stcal.outlier_detection.utils - INFO - Blotting (2048, 2048) <-- (20764, 23766)
2026-09-28 13:10:13,200 - jwst.outlier_detection.utils - INFO - 15933 pixels marked as outliers
2026-09-28 13:10:15,610 - stcal.outlier_detection.utils - INFO - Blotting (2048, 2048) <-- (20764, 23766)
2026-09-28 13:10:15,847 - jwst.outlier_detection.utils - INFO - 12257 pixels marked as outliers
2026-09-28 13:10:18,354 - stcal.outlier_detection.utils - INFO - Blotting (2048, 2048) <-- (20764, 23766)
2026-09-28 13:10:18,613 - jwst.outlier_detection.utils - INFO - 16810 pixels marked as outliers
2026-09-28 13:10:21,013 - stcal.outlier_detection.utils - INFO - Blotting (2048, 2048) <-- (20764, 23766)
2026-09-28 13:10:21,251 - jwst.outlier_detection.utils - INFO - 14855 pixels marked as outliers
2026-09-28 13:10:23,661 - stcal.outlier_detection.utils - INFO - Blotting (2048, 2048) <-- (20764, 23766)
2026-09-28 13:10:23,905 - jwst.outlier_detection.utils - INFO - 11910 pixels marked as outliers
2026-09-28 13:10:26,305 - stcal.outlier_detection.utils - INFO - Blotting (2048, 2048) <-- (20764, 23766)
2026-09-28 13:10:26,545 - jwst.outlier_detection.utils - INFO - 15706 pixels marked as outliers
2026-09-28 13:10:28,961 - stcal.outlier_detection.utils - INFO - Blotting (2048, 2048) <-- (20764, 23766)
2026-09-28 13:10:29,193 - jwst.outlier_detection.utils - INFO - 10742 pixels marked as outliers
2026-09-28 13:10:31,616 - stcal.outlier_detection.utils - INFO - Blotting (2048, 2048) <-- (20764, 23766)
2026-09-28 13:10:31,861 - jwst.outlier_detection.utils - INFO - 16304 pixels marked as outliers
2026-09-28 13:10:34,235 - stcal.outlier_detection.utils - INFO - Blotting (2048, 2048) <-- (20764, 23766)
2026-09-28 13:10:34,499 - jwst.outlier_detection.utils - INFO - 5024 pixels marked as outliers
2026-09-28 13:10:36,870 - stcal.outlier_detection.utils - INFO - Blotting (2048, 2048) <-- (20764, 23766)
2026-09-28 13:10:37,134 - jwst.outlier_detection.utils - INFO - 4855 pixels marked as outliers
2026-09-28 13:10:39,520 - stcal.outlier_detection.utils - INFO - Blotting (2048, 2048) <-- (20764, 23766)
2026-09-28 13:10:39,784 - jwst.outlier_detection.utils - INFO - 4162 pixels marked as outliers
2026-09-28 13:10:42,140 - stcal.outlier_detection.utils - INFO - Blotting (2048, 2048) <-- (20764, 23766)
2026-09-28 13:10:42,402 - jwst.outlier_detection.utils - INFO - 4838 pixels marked as outliers
2026-09-28 13:10:44,734 - stcal.outlier_detection.utils - INFO - Blotting (2048, 2048) <-- (20764, 23766)
2026-09-28 13:10:44,984 - jwst.outlier_detection.utils - INFO - 4997 pixels marked as outliers
2026-09-28 13:10:47,359 - stcal.outlier_detection.utils - INFO - Blotting (2048, 2048) <-- (20764, 23766)
2026-09-28 13:10:47,619 - jwst.outlier_detection.utils - INFO - 4913 pixels marked as outliers
2026-09-28 13:10:50,001 - stcal.outlier_detection.utils - INFO - Blotting (2048, 2048) <-- (20764, 23766)
2026-09-28 13:10:50,262 - jwst.outlier_detection.utils - INFO - 4205 pixels marked as outliers
2026-09-28 13:10:52,619 - stcal.outlier_detection.utils - INFO - Blotting (2048, 2048) <-- (20764, 23766)
2026-09-28 13:10:52,885 - jwst.outlier_detection.utils - INFO - 5305 pixels marked as outliers
2026-09-28 13:10:55,254 - stcal.outlier_detection.utils - INFO - Blotting (2048, 2048) <-- (20764, 23766)
2026-09-28 13:10:55,517 - jwst.outlier_detection.utils - INFO - 4826 pixels marked as outliers
2026-09-28 13:10:57,879 - stcal.outlier_detection.utils - INFO - Blotting (2048, 2048) <-- (20764, 23766)
2026-09-28 13:10:58,143 - jwst.outlier_detection.utils - INFO - 5483 pixels marked as outliers
2026-09-28 13:11:00,505 - stcal.outlier_detection.utils - INFO - Blotting (2048, 2048) <-- (20764, 23766)
2026-09-28 13:11:00,767 - jwst.outlier_detection.utils - INFO - 4471 pixels marked as outliers
2026-09-28 13:11:03,113 - stcal.outlier_detection.utils - INFO - Blotting (2048, 2048) <-- (20764, 23766)
2026-09-28 13:11:03,382 - jwst.outlier_detection.utils - INFO - 5447 pixels marked as outliers
2026-09-28 13:11:05,725 - stcal.outlier_detection.utils - INFO - Blotting (2048, 2048) <-- (20764, 23766)
2026-09-28 13:11:05,976 - jwst.outlier_detection.utils - INFO - 4853 pixels marked as outliers
2026-09-28 13:11:08,357 - stcal.outlier_detection.utils - INFO - Blotting (2048, 2048) <-- (20764, 23766)
2026-09-28 13:11:08,618 - jwst.outlier_detection.utils - INFO - 4798 pixels marked as outliers
2026-09-28 13:11:10,945 - stcal.outlier_detection.utils - INFO - Blotting (2048, 2048) <-- (20764, 23766)
2026-09-28 13:11:11,195 - jwst.outlier_detection.utils - INFO - 8688 pixels marked as outliers
2026-09-28 13:11:13,507 - stcal.outlier_detection.utils - INFO - Blotting (2048, 2048) <-- (20764, 23766)
2026-09-28 13:11:13,762 - jwst.outlier_detection.utils - INFO - 5312 pixels marked as outliers
2026-09-28 13:11:16,114 - stcal.outlier_detection.utils - INFO - Blotting (2048, 2048) <-- (20764, 23766)
2026-09-28 13:11:16,343 - jwst.outlier_detection.utils - INFO - 681 pixels marked as outliers
2026-09-28 13:11:18,706 - stcal.outlier_detection.utils - INFO - Blotting (2048, 2048) <-- (20764, 23766)
2026-09-28 13:11:18,937 - jwst.outlier_detection.utils - INFO - 782 pixels marked as outliers
2026-09-28 13:11:21,345 - stcal.outlier_detection.utils - INFO - Blotting (2048, 2048) <-- (20764, 23766)
2026-09-28 13:11:21,592 - jwst.outlier_detection.utils - INFO - 873 pixels marked as outliers
2026-09-28 13:11:23,994 - stcal.outlier_detection.utils - INFO - Blotting (2048, 2048) <-- (20764, 23766)
2026-09-28 13:11:24,238 - jwst.outlier_detection.utils - INFO - 763 pixels marked as outliers
2026-09-28 13:11:26,602 - stcal.outlier_detection.utils - INFO - Blotting (2048, 2048) <-- (20764, 23766)
2026-09-28 13:11:26,853 - jwst.outlier_detection.utils - INFO - 923 pixels marked as outliers
2026-09-28 13:11:29,251 - stcal.outlier_detection.utils - INFO - Blotting (2048, 2048) <-- (20764, 23766)
2026-09-28 13:11:29,501 - jwst.outlier_detection.utils - INFO - 1136 pixels marked as outliers
2026-09-28 13:11:31,902 - stcal.outlier_detection.utils - INFO - Blotting (2048, 2048) <-- (20764, 23766)
2026-09-28 13:11:32,145 - jwst.outlier_detection.utils - INFO - 1636 pixels marked as outliers
2026-09-28 13:11:34,678 - stcal.outlier_detection.utils - INFO - Blotting (2048, 2048) <-- (20764, 23766)
2026-09-28 13:11:34,931 - jwst.outlier_detection.utils - INFO - 1712 pixels marked as outliers
2026-09-28 13:11:37,606 - stcal.outlier_detection.utils - INFO - Blotting (2048, 2048) <-- (20764, 23766)
2026-09-28 13:11:37,865 - jwst.outlier_detection.utils - INFO - 687 pixels marked as outliers
2026-09-28 13:11:40,444 - stcal.outlier_detection.utils - INFO - Blotting (2048, 2048) <-- (20764, 23766)
2026-09-28 13:11:40,704 - jwst.outlier_detection.utils - INFO - 777 pixels marked as outliers
2026-09-28 13:11:43,285 - stcal.outlier_detection.utils - INFO - Blotting (2048, 2048) <-- (20764, 23766)
2026-09-28 13:11:43,548 - jwst.outlier_detection.utils - INFO - 749 pixels marked as outliers
2026-09-28 13:11:46,147 - stcal.outlier_detection.utils - INFO - Blotting (2048, 2048) <-- (20764, 23766)
2026-09-28 13:11:46,437 - jwst.outlier_detection.utils - INFO - 765 pixels marked as outliers
2026-09-28 13:11:49,038 - stcal.outlier_detection.utils - INFO - Blotting (2048, 2048) <-- (20764, 23766)
2026-09-28 13:11:49,302 - jwst.outlier_detection.utils - INFO - 960 pixels marked as outliers
2026-09-28 13:11:51,908 - stcal.outlier_detection.utils - INFO - Blotting (2048, 2048) <-- (20764, 23766)
2026-09-28 13:11:52,177 - jwst.outlier_detection.utils - INFO - 1086 pixels marked as outliers
2026-09-28 13:11:54,761 - stcal.outlier_detection.utils - INFO - Blotting (2048, 2048) <-- (20764, 23766)
2026-09-28 13:11:54,999 - jwst.outlier_detection.utils - INFO - 1791 pixels marked as outliers
2026-09-28 13:11:57,581 - stcal.outlier_detection.utils - INFO - Blotting (2048, 2048) <-- (20764, 23766)
2026-09-28 13:11:57,840 - jwst.outlier_detection.utils - INFO - 1661 pixels marked as outliers
2026-09-28 13:12:00,439 - stcal.outlier_detection.utils - INFO - Blotting (2048, 2048) <-- (20764, 23766)
2026-09-28 13:12:00,677 - jwst.outlier_detection.utils - INFO - 655 pixels marked as outliers
2026-09-28 13:12:03,148 - stcal.outlier_detection.utils - INFO - Blotting (2048, 2048) <-- (20764, 23766)
2026-09-28 13:12:03,392 - jwst.outlier_detection.utils - INFO - 720 pixels marked as outliers
2026-09-28 13:12:05,817 - stcal.outlier_detection.utils - INFO - Blotting (2048, 2048) <-- (20764, 23766)
2026-09-28 13:12:06,058 - jwst.outlier_detection.utils - INFO - 979 pixels marked as outliers
2026-09-28 13:12:08,461 - stcal.outlier_detection.utils - INFO - Blotting (2048, 2048) <-- (20764, 23766)
2026-09-28 13:12:08,701 - jwst.outlier_detection.utils - INFO - 693 pixels marked as outliers
2026-09-28 13:12:11,102 - stcal.outlier_detection.utils - INFO - Blotting (2048, 2048) <-- (20764, 23766)
2026-09-28 13:12:11,343 - jwst.outlier_detection.utils - INFO - 1187 pixels marked as outliers
2026-09-28 13:12:13,756 - stcal.outlier_detection.utils - INFO - Blotting (2048, 2048) <-- (20764, 23766)
2026-09-28 13:12:14,003 - jwst.outlier_detection.utils - INFO - 1099 pixels marked as outliers
2026-09-28 13:12:16,421 - stcal.outlier_detection.utils - INFO - Blotting (2048, 2048) <-- (20764, 23766)
2026-09-28 13:12:16,659 - jwst.outlier_detection.utils - INFO - 1746 pixels marked as outliers
2026-09-28 13:12:19,104 - stcal.outlier_detection.utils - INFO - Blotting (2048, 2048) <-- (20764, 23766)
2026-09-28 13:12:19,342 - jwst.outlier_detection.utils - INFO - 1742 pixels marked as outliers
2026-09-28 13:12:21,763 - stcal.outlier_detection.utils - INFO - Blotting (2048, 2048) <-- (20764, 23766)
2026-09-28 13:12:22,007 - jwst.outlier_detection.utils - INFO - 728 pixels marked as outliers
2026-09-28 13:12:24,427 - stcal.outlier_detection.utils - INFO - Blotting (2048, 2048) <-- (20764, 23766)
2026-09-28 13:12:24,668 - jwst.outlier_detection.utils - INFO - 752 pixels marked as outliers
2026-09-28 13:12:27,096 - stcal.outlier_detection.utils - INFO - Blotting (2048, 2048) <-- (20764, 23766)
2026-09-28 13:12:27,338 - jwst.outlier_detection.utils - INFO - 841 pixels marked as outliers
2026-09-28 13:12:29,762 - stcal.outlier_detection.utils - INFO - Blotting (2048, 2048) <-- (20764, 23766)
2026-09-28 13:12:30,003 - jwst.outlier_detection.utils - INFO - 726 pixels marked as outliers
2026-09-28 13:12:32,417 - stcal.outlier_detection.utils - INFO - Blotting (2048, 2048) <-- (20764, 23766)
2026-09-28 13:12:32,661 - jwst.outlier_detection.utils - INFO - 2718 pixels marked as outliers
2026-09-28 13:12:35,077 - stcal.outlier_detection.utils - INFO - Blotting (2048, 2048) <-- (20764, 23766)
2026-09-28 13:12:35,324 - jwst.outlier_detection.utils - INFO - 1132 pixels marked as outliers
2026-09-28 13:12:37,717 - stcal.outlier_detection.utils - INFO - Blotting (2048, 2048) <-- (20764, 23766)
2026-09-28 13:12:37,955 - jwst.outlier_detection.utils - INFO - 1717 pixels marked as outliers
2026-09-28 13:12:40,413 - stcal.outlier_detection.utils - INFO - Blotting (2048, 2048) <-- (20764, 23766)
2026-09-28 13:12:40,653 - jwst.outlier_detection.utils - INFO - 1523 pixels marked as outliers
2026-09-28 13:12:46,368 - stpipe.step - INFO - Saved model in /net/vdesk/data2/slagter/JWST_NIRCAM_#1227_level_3/jw01227002001_02103_00001_nrca1_cal_1overf_jhat_a3001_crf.fits
2026-09-28 13:12:47,732 - stpipe.step - INFO - Saved model in /net/vdesk/data2/slagter/JWST_NIRCAM_#1227_level_3/jw01227002001_02103_00001_nrca2_cal_1overf_jhat_a3001_crf.fits
2026-09-28 13:12:49,171 - stpipe.step - INFO - Saved model in /net/vdesk/data2/slagter/JWST_NIRCAM_#1227_level_3/jw01227002001_02103_00001_nrca3_cal_1overf_jhat_a3001_crf.fits
2026-09-28 13:12:50,533 - stpipe.step - INFO - Saved model in /net/vdesk/data2/slagter/JWST_NIRCAM_#1227_level_3/jw01227002001_02103_00001_nrca4_cal_1overf_jhat_a3001_crf.fits
2026-09-28 13:12:51,897 - stpipe.step - INFO - Saved model in /net/vdesk/data2/slagter/JWST_NIRCAM_#1227_level_3/jw01227002001_02103_00001_nrcb1_cal_1overf_jhat_a3001_crf.fits
2026-09-28 13:12:53,521 - stpipe.step - INFO - Saved model in /net/vdesk/data2/slagter/JWST_NIRCAM_#1227_level_3/jw01227002001_02103_00001_nrcb2_cal_1overf_jhat_a3001_crf.fits
2026-09-28 13:12:55,157 - stpipe.step - INFO - Saved model in /net/vdesk/data2/slagter/JWST_NIRCAM_#1227_level_3/jw01227002001_02103_00001_nrcb3_cal_1overf_jhat_a3001_crf.fits
2026-09-28 13:12:56,544 - stpipe.step - INFO - Saved model in /net/vdesk/data2/slagter/JWST_NIRCAM_#1227_level_3/jw01227002001_02103_00001_nrcb4_cal_1overf_jhat_a3001_crf.fits
2026-09-28 13:12:57,957 - stpipe.step - INFO - Saved model in /net/vdesk/data2/slagter/JWST_NIRCAM_#1227_level_3/jw01227002001_02103_00002_nrca1_cal_1overf_jhat_a3001_crf.fits
2026-09-28 13:12:59,400 - stpipe.step - INFO - Saved model in /net/vdesk/data2/slagter/JWST_NIRCAM_#1227_level_3/jw01227002001_02103_00002_nrca2_cal_1overf_jhat_a3001_crf.fits
2026-09-28 13:13:00,795 - stpipe.step - INFO - Saved model in /net/vdesk/data2/slagter/JWST_NIRCAM_#1227_level_3/jw01227002001_02103_00002_nrca3_cal_1overf_jhat_a3001_crf.fits
2026-09-28 13:13:02,193 - stpipe.step - INFO - Saved model in /net/vdesk/data2/slagter/JWST_NIRCAM_#1227_level_3/jw01227002001_02103_00002_nrca4_cal_1overf_jhat_a3001_crf.fits
2026-09-28 13:13:03,583 - stpipe.step - INFO - Saved model in /net/vdesk/data2/slagter/JWST_NIRCAM_#1227_level_3/jw01227002001_02103_00002_nrcb1_cal_1overf_jhat_a3001_crf.fits
2026-09-28 13:13:04,944 - stpipe.step - INFO - Saved model in /net/vdesk/data2/slagter/JWST_NIRCAM_#1227_level_3/jw01227002001_02103_00002_nrcb2_cal_1overf_jhat_a3001_crf.fits
2026-09-28 13:13:06,339 - stpipe.step - INFO - Saved model in /net/vdesk/data2/slagter/JWST_NIRCAM_#1227_level_3/jw01227002001_02103_00002_nrcb3_cal_1overf_jhat_a3001_crf.fits
2026-09-28 13:13:07,708 - stpipe.step - INFO - Saved model in /net/vdesk/data2/slagter/JWST_NIRCAM_#1227_level_3/jw01227002001_02103_00002_nrcb4_cal_1overf_jhat_a3001_crf.fits
2026-09-28 13:13:09,338 - stpipe.step - INFO - Saved model in /net/vdesk/data2/slagter/JWST_NIRCAM_#1227_level_3/jw01227002001_02103_00003_nrca1_cal_1overf_jhat_a3001_crf.fits
2026-09-28 13:13:10,719 - stpipe.step - INFO - Saved model in /net/vdesk/data2/slagter/JWST_NIRCAM_#1227_level_3/jw01227002001_02103_00003_nrca2_cal_1overf_jhat_a3001_crf.fits
2026-09-28 13:13:12,086 - stpipe.step - INFO - Saved model in /net/vdesk/data2/slagter/JWST_NIRCAM_#1227_level_3/jw01227002001_02103_00003_nrca3_cal_1overf_jhat_a3001_crf.fits
2026-09-28 13:13:13,667 - stpipe.step - INFO - Saved model in /net/vdesk/data2/slagter/JWST_NIRCAM_#1227_level_3/jw01227002001_02103_00003_nrca4_cal_1overf_jhat_a3001_crf.fits
2026-09-28 13:13:15,055 - stpipe.step - INFO - Saved model in /net/vdesk/data2/slagter/JWST_NIRCAM_#1227_level_3/jw01227002001_02103_00003_nrcb1_cal_1overf_jhat_a3001_crf.fits
2026-09-28 13:13:16,551 - stpipe.step - INFO - Saved model in /net/vdesk/data2/slagter/JWST_NIRCAM_#1227_level_3/jw01227002001_02103_00003_nrcb2_cal_1overf_jhat_a3001_crf.fits
2026-09-28 13:13:17,915 - stpipe.step - INFO - Saved model in /net/vdesk/data2/slagter/JWST_NIRCAM_#1227_level_3/jw01227002001_02103_00003_nrcb3_cal_1overf_jhat_a3001_crf.fits
2026-09-28 13:13:19,296 - stpipe.step - INFO - Saved model in /net/vdesk/data2/slagter/JWST_NIRCAM_#1227_level_3/jw01227002001_02103_00003_nrcb4_cal_1overf_jhat_a3001_crf.fits
2026-09-28 13:13:20,655 - stpipe.step - INFO - Saved model in /net/vdesk/data2/slagter/JWST_NIRCAM_#1227_level_3/jw01227002001_02103_00004_nrca1_cal_1overf_jhat_a3001_crf.fits
2026-09-28 13:13:22,032 - stpipe.step - INFO - Saved model in /net/vdesk/data2/slagter/JWST_NIRCAM_#1227_level_3/jw01227002001_02103_00004_nrca2_cal_1overf_jhat_a3001_crf.fits
2026-09-28 13:13:23,398 - stpipe.step - INFO - Saved model in /net/vdesk/data2/slagter/JWST_NIRCAM_#1227_level_3/jw01227002001_02103_00004_nrca3_cal_1overf_jhat_a3001_crf.fits
2026-09-28 13:13:24,811 - stpipe.step - INFO - Saved model in /net/vdesk/data2/slagter/JWST_NIRCAM_#1227_level_3/jw01227002001_02103_00004_nrca4_cal_1overf_jhat_a3001_crf.fits
2026-09-28 13:13:26,268 - stpipe.step - INFO - Saved model in /net/vdesk/data2/slagter/JWST_NIRCAM_#1227_level_3/jw01227002001_02103_00004_nrcb1_cal_1overf_jhat_a3001_crf.fits
2026-09-28 13:13:27,791 - stpipe.step - INFO - Saved model in /net/vdesk/data2/slagter/JWST_NIRCAM_#1227_level_3/jw01227002001_02103_00004_nrcb2_cal_1overf_jhat_a3001_crf.fits
2026-09-28 13:13:29,172 - stpipe.step - INFO - Saved model in /net/vdesk/data2/slagter/JWST_NIRCAM_#1227_level_3/jw01227002001_02103_00004_nrcb3_cal_1overf_jhat_a3001_crf.fits
2026-09-28 13:13:30,620 - stpipe.step - INFO - Saved model in /net/vdesk/data2/slagter/JWST_NIRCAM_#1227_level_3/jw01227002001_02103_00004_nrcb4_cal_1overf_jhat_a3001_crf.fits
2026-09-28 13:13:32,000 - stpipe.step - INFO - Saved model in /net/vdesk/data2/slagter/JWST_NIRCAM_#1227_level_3/jw01227002002_02103_00001_nrca1_cal_1overf_jhat_a3001_crf.fits
2026-09-28 13:13:33,498 - stpipe.step - INFO - Saved model in /net/vdesk/data2/slagter/JWST_NIRCAM_#1227_level_3/jw01227002002_02103_00001_nrca2_cal_1overf_jhat_a3001_crf.fits
2026-09-28 13:13:34,939 - stpipe.step - INFO - Saved model in /net/vdesk/data2/slagter/JWST_NIRCAM_#1227_level_3/jw01227002002_02103_00001_nrca3_cal_1overf_jhat_a3001_crf.fits
2026-09-28 13:13:36,319 - stpipe.step - INFO - Saved model in /net/vdesk/data2/slagter/JWST_NIRCAM_#1227_level_3/jw01227002002_02103_00001_nrca4_cal_1overf_jhat_a3001_crf.fits
2026-09-28 13:13:37,715 - stpipe.step - INFO - Saved model in /net/vdesk/data2/slagter/JWST_NIRCAM_#1227_level_3/jw01227002002_02103_00001_nrcb1_cal_1overf_jhat_a3001_crf.fits
2026-09-28 13:13:39,125 - stpipe.step - INFO - Saved model in /net/vdesk/data2/slagter/JWST_NIRCAM_#1227_level_3/jw01227002002_02103_00001_nrcb2_cal_1overf_jhat_a3001_crf.fits
2026-09-28 13:13:40,928 - stpipe.step - INFO - Saved model in /net/vdesk/data2/slagter/JWST_NIRCAM_#1227_level_3/jw01227002002_02103_00001_nrcb3_cal_1overf_jhat_a3001_crf.fits
2026-09-28 13:13:42,427 - stpipe.step - INFO - Saved model in /net/vdesk/data2/slagter/JWST_NIRCAM_#1227_level_3/jw01227002002_02103_00001_nrcb4_cal_1overf_jhat_a3001_crf.fits
2026-09-28 13:13:43,896 - stpipe.step - INFO - Saved model in /net/vdesk/data2/slagter/JWST_NIRCAM_#1227_level_3/jw01227002002_02103_00002_nrca1_cal_1overf_jhat_a3001_crf.fits
2026-09-28 13:13:45,247 - stpipe.step - INFO - Saved model in /net/vdesk/data2/slagter/JWST_NIRCAM_#1227_level_3/jw01227002002_02103_00002_nrca2_cal_1overf_jhat_a3001_crf.fits
2026-09-28 13:13:46,613 - stpipe.step - INFO - Saved model in /net/vdesk/data2/slagter/JWST_NIRCAM_#1227_level_3/jw01227002002_02103_00002_nrca3_cal_1overf_jhat_a3001_crf.fits
2026-09-28 13:13:47,995 - stpipe.step - INFO - Saved model in /net/vdesk/data2/slagter/JWST_NIRCAM_#1227_level_3/jw01227002002_02103_00002_nrca4_cal_1overf_jhat_a3001_crf.fits
2026-09-28 13:13:49,364 - stpipe.step - INFO - Saved model in /net/vdesk/data2/slagter/JWST_NIRCAM_#1227_level_3/jw01227002002_02103_00002_nrcb1_cal_1overf_jhat_a3001_crf.fits
2026-09-28 13:13:50,743 - stpipe.step - INFO - Saved model in /net/vdesk/data2/slagter/JWST_NIRCAM_#1227_level_3/jw01227002002_02103_00002_nrcb2_cal_1overf_jhat_a3001_crf.fits
2026-09-28 13:13:52,100 - stpipe.step - INFO - Saved model in /net/vdesk/data2/slagter/JWST_NIRCAM_#1227_level_3/jw01227002002_02103_00002_nrcb3_cal_1overf_jhat_a3001_crf.fits
2026-09-28 13:13:53,458 - stpipe.step - INFO - Saved model in /net/vdesk/data2/slagter/JWST_NIRCAM_#1227_level_3/jw01227002002_02103_00002_nrcb4_cal_1overf_jhat_a3001_crf.fits
2026-09-28 13:13:54,815 - stpipe.step - INFO - Saved model in /net/vdesk/data2/slagter/JWST_NIRCAM_#1227_level_3/jw01227002002_02103_00003_nrca1_cal_1overf_jhat_a3001_crf.fits
2026-09-28 13:13:56,180 - stpipe.step - INFO - Saved model in /net/vdesk/data2/slagter/JWST_NIRCAM_#1227_level_3/jw01227002002_02103_00003_nrca2_cal_1overf_jhat_a3001_crf.fits
2026-09-28 13:13:57,586 - stpipe.step - INFO - Saved model in /net/vdesk/data2/slagter/JWST_NIRCAM_#1227_level_3/jw01227002002_02103_00003_nrca3_cal_1overf_jhat_a3001_crf.fits
2026-09-28 13:13:59,144 - stpipe.step - INFO - Saved model in /net/vdesk/data2/slagter/JWST_NIRCAM_#1227_level_3/jw01227002002_02103_00003_nrca4_cal_1overf_jhat_a3001_crf.fits
2026-09-28 13:14:00,519 - stpipe.step - INFO - Saved model in /net/vdesk/data2/slagter/JWST_NIRCAM_#1227_level_3/jw01227002002_02103_00003_nrcb1_cal_1overf_jhat_a3001_crf.fits
2026-09-28 13:14:02,029 - stpipe.step - INFO - Saved model in /net/vdesk/data2/slagter/JWST_NIRCAM_#1227_level_3/jw01227002002_02103_00003_nrcb2_cal_1overf_jhat_a3001_crf.fits
2026-09-28 13:14:03,399 - stpipe.step - INFO - Saved model in /net/vdesk/data2/slagter/JWST_NIRCAM_#1227_level_3/jw01227002002_02103_00003_nrcb3_cal_1overf_jhat_a3001_crf.fits
2026-09-28 13:14:04,777 - stpipe.step - INFO - Saved model in /net/vdesk/data2/slagter/JWST_NIRCAM_#1227_level_3/jw01227002002_02103_00003_nrcb4_cal_1overf_jhat_a3001_crf.fits
2026-09-28 13:14:06,128 - stpipe.step - INFO - Saved model in /net/vdesk/data2/slagter/JWST_NIRCAM_#1227_level_3/jw01227002002_02103_00004_nrca1_cal_1overf_jhat_a3001_crf.fits
2026-09-28 13:14:07,481 - stpipe.step - INFO - Saved model in /net/vdesk/data2/slagter/JWST_NIRCAM_#1227_level_3/jw01227002002_02103_00004_nrca2_cal_1overf_jhat_a3001_crf.fits
2026-09-28 13:14:08,843 - stpipe.step - INFO - Saved model in /net/vdesk/data2/slagter/JWST_NIRCAM_#1227_level_3/jw01227002002_02103_00004_nrca3_cal_1overf_jhat_a3001_crf.fits
2026-09-28 13:14:10,197 - stpipe.step - INFO - Saved model in /net/vdesk/data2/slagter/JWST_NIRCAM_#1227_level_3/jw01227002002_02103_00004_nrca4_cal_1overf_jhat_a3001_crf.fits
2026-09-28 13:14:11,593 - stpipe.step - INFO - Saved model in /net/vdesk/data2/slagter/JWST_NIRCAM_#1227_level_3/jw01227002002_02103_00004_nrcb1_cal_1overf_jhat_a3001_crf.fits
2026-09-28 13:14:12,952 - stpipe.step - INFO - Saved model in /net/vdesk/data2/slagter/JWST_NIRCAM_#1227_level_3/jw01227002002_02103_00004_nrcb2_cal_1overf_jhat_a3001_crf.fits
2026-09-28 13:14:14,314 - stpipe.step - INFO - Saved model in /net/vdesk/data2/slagter/JWST_NIRCAM_#1227_level_3/jw01227002002_02103_00004_nrcb3_cal_1overf_jhat_a3001_crf.fits
2026-09-28 13:14:15,949 - stpipe.step - INFO - Saved model in /net/vdesk/data2/slagter/JWST_NIRCAM_#1227_level_3/jw01227002002_02103_00004_nrcb4_cal_1overf_jhat_a3001_crf.fits
2026-09-28 13:14:17,300 - stpipe.step - INFO - Saved model in /net/vdesk/data2/slagter/JWST_NIRCAM_#1227_level_3/jw01227002003_02103_00001_nrca1_cal_1overf_jhat_a3001_crf.fits
2026-09-28 13:14:18,687 - stpipe.step - INFO - Saved model in /net/vdesk/data2/slagter/JWST_NIRCAM_#1227_level_3/jw01227002003_02103_00001_nrca2_cal_1overf_jhat_a3001_crf.fits
2026-09-28 13:14:20,049 - stpipe.step - INFO - Saved model in /net/vdesk/data2/slagter/JWST_NIRCAM_#1227_level_3/jw01227002003_02103_00001_nrca3_cal_1overf_jhat_a3001_crf.fits
2026-09-28 13:14:21,401 - stpipe.step - INFO - Saved model in /net/vdesk/data2/slagter/JWST_NIRCAM_#1227_level_3/jw01227002003_02103_00001_nrca4_cal_1overf_jhat_a3001_crf.fits
2026-09-28 13:14:22,771 - stpipe.step - INFO - Saved model in /net/vdesk/data2/slagter/JWST_NIRCAM_#1227_level_3/jw01227002003_02103_00001_nrcb1_cal_1overf_jhat_a3001_crf.fits
2026-09-28 13:14:24,129 - stpipe.step - INFO - Saved model in /net/vdesk/data2/slagter/JWST_NIRCAM_#1227_level_3/jw01227002003_02103_00001_nrcb2_cal_1overf_jhat_a3001_crf.fits
2026-09-28 13:14:25,486 - stpipe.step - INFO - Saved model in /net/vdesk/data2/slagter/JWST_NIRCAM_#1227_level_3/jw01227002003_02103_00001_nrcb3_cal_1overf_jhat_a3001_crf.fits
2026-09-28 13:14:26,948 - stpipe.step - INFO - Saved model in /net/vdesk/data2/slagter/JWST_NIRCAM_#1227_level_3/jw01227002003_02103_00001_nrcb4_cal_1overf_jhat_a3001_crf.fits
2026-09-28 13:14:28,302 - stpipe.step - INFO - Saved model in /net/vdesk/data2/slagter/JWST_NIRCAM_#1227_level_3/jw01227002003_02103_00002_nrca1_cal_1overf_jhat_a3001_crf.fits
2026-09-28 13:14:29,672 - stpipe.step - INFO - Saved model in /net/vdesk/data2/slagter/JWST_NIRCAM_#1227_level_3/jw01227002003_02103_00002_nrca2_cal_1overf_jhat_a3001_crf.fits
2026-09-28 13:14:31,080 - stpipe.step - INFO - Saved model in /net/vdesk/data2/slagter/JWST_NIRCAM_#1227_level_3/jw01227002003_02103_00002_nrca3_cal_1overf_jhat_a3001_crf.fits
2026-09-28 13:14:32,431 - stpipe.step - INFO - Saved model in /net/vdesk/data2/slagter/JWST_NIRCAM_#1227_level_3/jw01227002003_02103_00002_nrca4_cal_1overf_jhat_a3001_crf.fits
2026-09-28 13:14:33,783 - stpipe.step - INFO - Saved model in /net/vdesk/data2/slagter/JWST_NIRCAM_#1227_level_3/jw01227002003_02103_00002_nrcb1_cal_1overf_jhat_a3001_crf.fits
2026-09-28 13:14:35,132 - stpipe.step - INFO - Saved model in /net/vdesk/data2/slagter/JWST_NIRCAM_#1227_level_3/jw01227002003_02103_00002_nrcb2_cal_1overf_jhat_a3001_crf.fits
2026-09-28 13:14:36,485 - stpipe.step - INFO - Saved model in /net/vdesk/data2/slagter/JWST_NIRCAM_#1227_level_3/jw01227002003_02103_00002_nrcb3_cal_1overf_jhat_a3001_crf.fits
2026-09-28 13:14:37,833 - stpipe.step - INFO - Saved model in /net/vdesk/data2/slagter/JWST_NIRCAM_#1227_level_3/jw01227002003_02103_00002_nrcb4_cal_1overf_jhat_a3001_crf.fits
2026-09-28 13:14:39,183 - stpipe.step - INFO - Saved model in /net/vdesk/data2/slagter/JWST_NIRCAM_#1227_level_3/jw01227002003_02103_00003_nrca1_cal_1overf_jhat_a3001_crf.fits
2026-09-28 13:14:40,529 - stpipe.step - INFO - Saved model in /net/vdesk/data2/slagter/JWST_NIRCAM_#1227_level_3/jw01227002003_02103_00003_nrca2_cal_1overf_jhat_a3001_crf.fits
2026-09-28 13:14:41,895 - stpipe.step - INFO - Saved model in /net/vdesk/data2/slagter/JWST_NIRCAM_#1227_level_3/jw01227002003_02103_00003_nrca3_cal_1overf_jhat_a3001_crf.fits
2026-09-28 13:14:43,252 - stpipe.step - INFO - Saved model in /net/vdesk/data2/slagter/JWST_NIRCAM_#1227_level_3/jw01227002003_02103_00003_nrca4_cal_1overf_jhat_a3001_crf.fits
2026-09-28 13:14:44,602 - stpipe.step - INFO - Saved model in /net/vdesk/data2/slagter/JWST_NIRCAM_#1227_level_3/jw01227002003_02103_00003_nrcb1_cal_1overf_jhat_a3001_crf.fits
2026-09-28 13:14:45,958 - stpipe.step - INFO - Saved model in /net/vdesk/data2/slagter/JWST_NIRCAM_#1227_level_3/jw01227002003_02103_00003_nrcb2_cal_1overf_jhat_a3001_crf.fits
2026-09-28 13:14:47,318 - stpipe.step - INFO - Saved model in /net/vdesk/data2/slagter/JWST_NIRCAM_#1227_level_3/jw01227002003_02103_00003_nrcb3_cal_1overf_jhat_a3001_crf.fits
2026-09-28 13:14:48,690 - stpipe.step - INFO - Saved model in /net/vdesk/data2/slagter/JWST_NIRCAM_#1227_level_3/jw01227002003_02103_00003_nrcb4_cal_1overf_jhat_a3001_crf.fits
2026-09-28 13:14:50,043 - stpipe.step - INFO - Saved model in /net/vdesk/data2/slagter/JWST_NIRCAM_#1227_level_3/jw01227002003_02103_00004_nrca1_cal_1overf_jhat_a3001_crf.fits
2026-09-28 13:14:51,397 - stpipe.step - INFO - Saved model in /net/vdesk/data2/slagter/JWST_NIRCAM_#1227_level_3/jw01227002003_02103_00004_nrca2_cal_1overf_jhat_a3001_crf.fits
2026-09-28 13:14:52,761 - stpipe.step - INFO - Saved model in /net/vdesk/data2/slagter/JWST_NIRCAM_#1227_level_3/jw01227002003_02103_00004_nrca3_cal_1overf_jhat_a3001_crf.fits
2026-09-28 13:14:54,126 - stpipe.step - INFO - Saved model in /net/vdesk/data2/slagter/JWST_NIRCAM_#1227_level_3/jw01227002003_02103_00004_nrca4_cal_1overf_jhat_a3001_crf.fits
2026-09-28 13:14:55,528 - stpipe.step - INFO - Saved model in /net/vdesk/data2/slagter/JWST_NIRCAM_#1227_level_3/jw01227002003_02103_00004_nrcb1_cal_1overf_jhat_a3001_crf.fits
2026-09-28 13:14:56,891 - stpipe.step - INFO - Saved model in /net/vdesk/data2/slagter/JWST_NIRCAM_#1227_level_3/jw01227002003_02103_00004_nrcb2_cal_1overf_jhat_a3001_crf.fits
2026-09-28 13:14:58,249 - stpipe.step - INFO - Saved model in /net/vdesk/data2/slagter/JWST_NIRCAM_#1227_level_3/jw01227002003_02103_00004_nrcb3_cal_1overf_jhat_a3001_crf.fits
2026-09-28 13:14:59,660 - stpipe.step - INFO - Saved model in /net/vdesk/data2/slagter/JWST_NIRCAM_#1227_level_3/jw01227002003_02103_00004_nrcb4_cal_1overf_jhat_a3001_crf.fits
2026-09-28 13:15:01,044 - stpipe.step - INFO - Saved model in /net/vdesk/data2/slagter/JWST_NIRCAM_#1227_level_3/jw01227014001_07201_00001_nrca1_cal_1overf_jhat_a3001_crf.fits
2026-09-28 13:15:02,436 - stpipe.step - INFO - Saved model in /net/vdesk/data2/slagter/JWST_NIRCAM_#1227_level_3/jw01227014001_07201_00001_nrca2_cal_1overf_jhat_a3001_crf.fits
2026-09-28 13:15:03,821 - stpipe.step - INFO - Saved model in /net/vdesk/data2/slagter/JWST_NIRCAM_#1227_level_3/jw01227014001_07201_00001_nrca3_cal_1overf_jhat_a3001_crf.fits
2026-09-28 13:15:05,250 - stpipe.step - INFO - Saved model in /net/vdesk/data2/slagter/JWST_NIRCAM_#1227_level_3/jw01227014001_07201_00001_nrca4_cal_1overf_jhat_a3001_crf.fits
2026-09-28 13:15:06,593 - stpipe.step - INFO - Saved model in /net/vdesk/data2/slagter/JWST_NIRCAM_#1227_level_3/jw01227014001_07201_00001_nrcb1_cal_1overf_jhat_a3001_crf.fits
2026-09-28 13:15:07,945 - stpipe.step - INFO - Saved model in /net/vdesk/data2/slagter/JWST_NIRCAM_#1227_level_3/jw01227014001_07201_00001_nrcb2_cal_1overf_jhat_a3001_crf.fits
2026-09-28 13:15:09,297 - stpipe.step - INFO - Saved model in /net/vdesk/data2/slagter/JWST_NIRCAM_#1227_level_3/jw01227014001_07201_00001_nrcb3_cal_1overf_jhat_a3001_crf.fits
2026-09-28 13:15:10,662 - stpipe.step - INFO - Saved model in /net/vdesk/data2/slagter/JWST_NIRCAM_#1227_level_3/jw01227014001_07201_00001_nrcb4_cal_1overf_jhat_a3001_crf.fits
2026-09-28 13:15:12,025 - stpipe.step - INFO - Saved model in /net/vdesk/data2/slagter/JWST_NIRCAM_#1227_level_3/jw01227014001_07201_00002_nrca1_cal_1overf_jhat_a3001_crf.fits
2026-09-28 13:15:13,377 - stpipe.step - INFO - Saved model in /net/vdesk/data2/slagter/JWST_NIRCAM_#1227_level_3/jw01227014001_07201_00002_nrca2_cal_1overf_jhat_a3001_crf.fits
2026-09-28 13:15:14,732 - stpipe.step - INFO - Saved model in /net/vdesk/data2/slagter/JWST_NIRCAM_#1227_level_3/jw01227014001_07201_00002_nrca3_cal_1overf_jhat_a3001_crf.fits
2026-09-28 13:15:16,160 - stpipe.step - INFO - Saved model in /net/vdesk/data2/slagter/JWST_NIRCAM_#1227_level_3/jw01227014001_07201_00002_nrca4_cal_1overf_jhat_a3001_crf.fits
2026-09-28 13:15:17,514 - stpipe.step - INFO - Saved model in /net/vdesk/data2/slagter/JWST_NIRCAM_#1227_level_3/jw01227014001_07201_00002_nrcb1_cal_1overf_jhat_a3001_crf.fits
2026-09-28 13:15:18,866 - stpipe.step - INFO - Saved model in /net/vdesk/data2/slagter/JWST_NIRCAM_#1227_level_3/jw01227014001_07201_00002_nrcb2_cal_1overf_jhat_a3001_crf.fits
2026-09-28 13:15:20,247 - stpipe.step - INFO - Saved model in /net/vdesk/data2/slagter/JWST_NIRCAM_#1227_level_3/jw01227014001_07201_00002_nrcb3_cal_1overf_jhat_a3001_crf.fits
2026-09-28 13:15:21,600 - stpipe.step - INFO - Saved model in /net/vdesk/data2/slagter/JWST_NIRCAM_#1227_level_3/jw01227014001_07201_00002_nrcb4_cal_1overf_jhat_a3001_crf.fits
2026-09-28 13:15:22,960 - stpipe.step - INFO - Saved model in /net/vdesk/data2/slagter/JWST_NIRCAM_#1227_level_3/jw01227014001_07201_00003_nrca1_cal_1overf_jhat_a3001_crf.fits
2026-09-28 13:15:24,315 - stpipe.step - INFO - Saved model in /net/vdesk/data2/slagter/JWST_NIRCAM_#1227_level_3/jw01227014001_07201_00003_nrca2_cal_1overf_jhat_a3001_crf.fits
2026-09-28 13:15:25,664 - stpipe.step - INFO - Saved model in /net/vdesk/data2/slagter/JWST_NIRCAM_#1227_level_3/jw01227014001_07201_00003_nrca3_cal_1overf_jhat_a3001_crf.fits
2026-09-28 13:15:27,063 - stpipe.step - INFO - Saved model in /net/vdesk/data2/slagter/JWST_NIRCAM_#1227_level_3/jw01227014001_07201_00003_nrca4_cal_1overf_jhat_a3001_crf.fits
2026-09-28 13:15:28,421 - stpipe.step - INFO - Saved model in /net/vdesk/data2/slagter/JWST_NIRCAM_#1227_level_3/jw01227014001_07201_00003_nrcb1_cal_1overf_jhat_a3001_crf.fits
2026-09-28 13:15:29,918 - stpipe.step - INFO - Saved model in /net/vdesk/data2/slagter/JWST_NIRCAM_#1227_level_3/jw01227014001_07201_00003_nrcb2_cal_1overf_jhat_a3001_crf.fits
2026-09-28 13:15:31,269 - stpipe.step - INFO - Saved model in /net/vdesk/data2/slagter/JWST_NIRCAM_#1227_level_3/jw01227014001_07201_00003_nrcb3_cal_1overf_jhat_a3001_crf.fits
2026-09-28 13:15:32,615 - stpipe.step - INFO - Saved model in /net/vdesk/data2/slagter/JWST_NIRCAM_#1227_level_3/jw01227014001_07201_00003_nrcb4_cal_1overf_jhat_a3001_crf.fits
2026-09-28 13:15:33,963 - stpipe.step - INFO - Saved model in /net/vdesk/data2/slagter/JWST_NIRCAM_#1227_level_3/jw01227017001_04201_00001_nrcb1_cal_1overf_jhat_a3001_crf.fits
2026-09-28 13:15:35,318 - stpipe.step - INFO - Saved model in /net/vdesk/data2/slagter/JWST_NIRCAM_#1227_level_3/jw01227017001_04201_00001_nrcb2_cal_1overf_jhat_a3001_crf.fits
2026-09-28 13:15:36,722 - stpipe.step - INFO - Saved model in /net/vdesk/data2/slagter/JWST_NIRCAM_#1227_level_3/jw01227017001_04201_00001_nrcb3_cal_1overf_jhat_a3001_crf.fits
2026-09-28 13:15:38,079 - stpipe.step - INFO - Saved model in /net/vdesk/data2/slagter/JWST_NIRCAM_#1227_level_3/jw01227017001_04201_00001_nrcb4_cal_1overf_jhat_a3001_crf.fits
2026-09-28 13:15:39,530 - stpipe.step - INFO - Saved model in /net/vdesk/data2/slagter/JWST_NIRCAM_#1227_level_3/jw01227017001_04201_00002_nrcb1_cal_1overf_jhat_a3001_crf.fits
2026-09-28 13:15:40,887 - stpipe.step - INFO - Saved model in /net/vdesk/data2/slagter/JWST_NIRCAM_#1227_level_3/jw01227017001_04201_00002_nrcb2_cal_1overf_jhat_a3001_crf.fits
2026-09-28 13:15:42,260 - stpipe.step - INFO - Saved model in /net/vdesk/data2/slagter/JWST_NIRCAM_#1227_level_3/jw01227017001_04201_00002_nrcb3_cal_1overf_jhat_a3001_crf.fits
2026-09-28 13:15:43,668 - stpipe.step - INFO - Saved model in /net/vdesk/data2/slagter/JWST_NIRCAM_#1227_level_3/jw01227017001_04201_00002_nrcb4_cal_1overf_jhat_a3001_crf.fits
2026-09-28 13:15:45,023 - stpipe.step - INFO - Saved model in /net/vdesk/data2/slagter/JWST_NIRCAM_#1227_level_3/jw01227017001_04201_00003_nrcb1_cal_1overf_jhat_a3001_crf.fits
2026-09-28 13:15:46,378 - stpipe.step - INFO - Saved model in /net/vdesk/data2/slagter/JWST_NIRCAM_#1227_level_3/jw01227017001_04201_00003_nrcb2_cal_1overf_jhat_a3001_crf.fits
2026-09-28 13:15:47,733 - stpipe.step - INFO - Saved model in /net/vdesk/data2/slagter/JWST_NIRCAM_#1227_level_3/jw01227017001_04201_00003_nrcb3_cal_1overf_jhat_a3001_crf.fits
2026-09-28 13:15:49,288 - stpipe.step - INFO - Saved model in /net/vdesk/data2/slagter/JWST_NIRCAM_#1227_level_3/jw01227017001_04201_00003_nrcb4_cal_1overf_jhat_a3001_crf.fits
2026-09-28 13:15:50,641 - stpipe.step - INFO - Saved model in /net/vdesk/data2/slagter/JWST_NIRCAM_#1227_level_3/jw01227017001_04201_00004_nrcb1_cal_1overf_jhat_a3001_crf.fits
2026-09-28 13:15:51,994 - stpipe.step - INFO - Saved model in /net/vdesk/data2/slagter/JWST_NIRCAM_#1227_level_3/jw01227017001_04201_00004_nrcb2_cal_1overf_jhat_a3001_crf.fits
2026-09-28 13:15:53,357 - stpipe.step - INFO - Saved model in /net/vdesk/data2/slagter/JWST_NIRCAM_#1227_level_3/jw01227017001_04201_00004_nrcb3_cal_1overf_jhat_a3001_crf.fits
2026-09-28 13:15:54,707 - stpipe.step - INFO - Saved model in /net/vdesk/data2/slagter/JWST_NIRCAM_#1227_level_3/jw01227017001_04201_00004_nrcb4_cal_1overf_jhat_a3001_crf.fits
2026-09-28 13:15:56,062 - stpipe.step - INFO - Saved model in /net/vdesk/data2/slagter/JWST_NIRCAM_#1227_level_3/jw01227025001_04101_00001_nrca1_cal_1overf_jhat_a3001_crf.fits
2026-09-28 13:15:57,413 - stpipe.step - INFO - Saved model in /net/vdesk/data2/slagter/JWST_NIRCAM_#1227_level_3/jw01227025001_04101_00001_nrca2_cal_1overf_jhat_a3001_crf.fits
2026-09-28 13:15:58,762 - stpipe.step - INFO - Saved model in /net/vdesk/data2/slagter/JWST_NIRCAM_#1227_level_3/jw01227025001_04101_00001_nrca3_cal_1overf_jhat_a3001_crf.fits
2026-09-28 13:16:00,113 - stpipe.step - INFO - Saved model in /net/vdesk/data2/slagter/JWST_NIRCAM_#1227_level_3/jw01227025001_04101_00001_nrca4_cal_1overf_jhat_a3001_crf.fits
2026-09-28 13:16:01,468 - stpipe.step - INFO - Saved model in /net/vdesk/data2/slagter/JWST_NIRCAM_#1227_level_3/jw01227025001_04101_00001_nrcb1_cal_1overf_jhat_a3001_crf.fits
2026-09-28 13:16:02,825 - stpipe.step - INFO - Saved model in /net/vdesk/data2/slagter/JWST_NIRCAM_#1227_level_3/jw01227025001_04101_00001_nrcb2_cal_1overf_jhat_a3001_crf.fits
2026-09-28 13:16:04,217 - stpipe.step - INFO - Saved model in /net/vdesk/data2/slagter/JWST_NIRCAM_#1227_level_3/jw01227025001_04101_00001_nrcb3_cal_1overf_jhat_a3001_crf.fits
2026-09-28 13:16:05,565 - stpipe.step - INFO - Saved model in /net/vdesk/data2/slagter/JWST_NIRCAM_#1227_level_3/jw01227025001_04101_00001_nrcb4_cal_1overf_jhat_a3001_crf.fits
2026-09-28 13:16:06,919 - stpipe.step - INFO - Saved model in /net/vdesk/data2/slagter/JWST_NIRCAM_#1227_level_3/jw01227025001_04101_00002_nrca1_cal_1overf_jhat_a3001_crf.fits
2026-09-28 13:16:08,268 - stpipe.step - INFO - Saved model in /net/vdesk/data2/slagter/JWST_NIRCAM_#1227_level_3/jw01227025001_04101_00002_nrca2_cal_1overf_jhat_a3001_crf.fits
2026-09-28 13:16:09,618 - stpipe.step - INFO - Saved model in /net/vdesk/data2/slagter/JWST_NIRCAM_#1227_level_3/jw01227025001_04101_00002_nrca3_cal_1overf_jhat_a3001_crf.fits
2026-09-28 13:16:10,988 - stpipe.step - INFO - Saved model in /net/vdesk/data2/slagter/JWST_NIRCAM_#1227_level_3/jw01227025001_04101_00002_nrca4_cal_1overf_jhat_a3001_crf.fits
2026-09-28 13:16:12,336 - stpipe.step - INFO - Saved model in /net/vdesk/data2/slagter/JWST_NIRCAM_#1227_level_3/jw01227025001_04101_00002_nrcb1_cal_1overf_jhat_a3001_crf.fits
2026-09-28 13:16:13,692 - stpipe.step - INFO - Saved model in /net/vdesk/data2/slagter/JWST_NIRCAM_#1227_level_3/jw01227025001_04101_00002_nrcb2_cal_1overf_jhat_a3001_crf.fits
2026-09-28 13:16:15,077 - stpipe.step - INFO - Saved model in /net/vdesk/data2/slagter/JWST_NIRCAM_#1227_level_3/jw01227025001_04101_00002_nrcb3_cal_1overf_jhat_a3001_crf.fits
2026-09-28 13:16:16,452 - stpipe.step - INFO - Saved model in /net/vdesk/data2/slagter/JWST_NIRCAM_#1227_level_3/jw01227025001_04101_00002_nrcb4_cal_1overf_jhat_a3001_crf.fits
2026-09-28 13:16:17,858 - stpipe.step - INFO - Saved model in /net/vdesk/data2/slagter/JWST_NIRCAM_#1227_level_3/jw01227025001_04101_00003_nrca1_cal_1overf_jhat_a3001_crf.fits
2026-09-28 13:16:19,206 - stpipe.step - INFO - Saved model in /net/vdesk/data2/slagter/JWST_NIRCAM_#1227_level_3/jw01227025001_04101_00003_nrca2_cal_1overf_jhat_a3001_crf.fits
2026-09-28 13:16:20,639 - stpipe.step - INFO - Saved model in /net/vdesk/data2/slagter/JWST_NIRCAM_#1227_level_3/jw01227025001_04101_00003_nrca3_cal_1overf_jhat_a3001_crf.fits
2026-09-28 13:16:21,983 - stpipe.step - INFO - Saved model in /net/vdesk/data2/slagter/JWST_NIRCAM_#1227_level_3/jw01227025001_04101_00003_nrca4_cal_1overf_jhat_a3001_crf.fits
2026-09-28 13:16:23,331 - stpipe.step - INFO - Saved model in /net/vdesk/data2/slagter/JWST_NIRCAM_#1227_level_3/jw01227025001_04101_00003_nrcb1_cal_1overf_jhat_a3001_crf.fits
2026-09-28 13:16:24,692 - stpipe.step - INFO - Saved model in /net/vdesk/data2/slagter/JWST_NIRCAM_#1227_level_3/jw01227025001_04101_00003_nrcb2_cal_1overf_jhat_a3001_crf.fits
2026-09-28 13:16:26,040 - stpipe.step - INFO - Saved model in /net/vdesk/data2/slagter/JWST_NIRCAM_#1227_level_3/jw01227025001_04101_00003_nrcb3_cal_1overf_jhat_a3001_crf.fits
2026-09-28 13:16:27,442 - stpipe.step - INFO - Saved model in /net/vdesk/data2/slagter/JWST_NIRCAM_#1227_level_3/jw01227025001_04101_00003_nrcb4_cal_1overf_jhat_a3001_crf.fits
2026-09-28 13:16:28,789 - stpipe.step - INFO - Saved model in /net/vdesk/data2/slagter/JWST_NIRCAM_#1227_level_3/jw01227025001_04101_00004_nrca1_cal_1overf_jhat_a3001_crf.fits
2026-09-28 13:16:30,138 - stpipe.step - INFO - Saved model in /net/vdesk/data2/slagter/JWST_NIRCAM_#1227_level_3/jw01227025001_04101_00004_nrca2_cal_1overf_jhat_a3001_crf.fits
2026-09-28 13:16:31,888 - stpipe.step - INFO - Saved model in /net/vdesk/data2/slagter/JWST_NIRCAM_#1227_level_3/jw01227025001_04101_00004_nrca3_cal_1overf_jhat_a3001_crf.fits
2026-09-28 13:16:33,235 - stpipe.step - INFO - Saved model in /net/vdesk/data2/slagter/JWST_NIRCAM_#1227_level_3/jw01227025001_04101_00004_nrca4_cal_1overf_jhat_a3001_crf.fits
2026-09-28 13:16:34,586 - stpipe.step - INFO - Saved model in /net/vdesk/data2/slagter/JWST_NIRCAM_#1227_level_3/jw01227025001_04101_00004_nrcb1_cal_1overf_jhat_a3001_crf.fits
2026-09-28 13:16:35,937 - stpipe.step - INFO - Saved model in /net/vdesk/data2/slagter/JWST_NIRCAM_#1227_level_3/jw01227025001_04101_00004_nrcb2_cal_1overf_jhat_a3001_crf.fits
2026-09-28 13:16:37,294 - stpipe.step - INFO - Saved model in /net/vdesk/data2/slagter/JWST_NIRCAM_#1227_level_3/jw01227025001_04101_00004_nrcb3_cal_1overf_jhat_a3001_crf.fits
2026-09-28 13:16:38,650 - stpipe.step - INFO - Saved model in /net/vdesk/data2/slagter/JWST_NIRCAM_#1227_level_3/jw01227025001_04101_00004_nrcb4_cal_1overf_jhat_a3001_crf.fits
2026-09-28 13:16:38,651 - stpipe.step - INFO - Step outlier_detection done
2026-09-28 13:16:39,467 - stpipe.step - INFO - Step resample running with args (<jwst.datamodels.library.ModelLibrary object at 0x7f439f56be30>,).
2026-09-28 13:16:46,042 - jwst.resample.resample_utils - INFO - Pixel scale ratio (pscale_out/pscale_in): 1.0
2026-09-28 13:16:46,042 - jwst.resample.resample_utils - INFO - Computed output pixel scale: 0.031227234541436097 arcsec.
2026-09-28 13:16:46,245 - stcal.resample.resample - INFO - Output pixel scale: 0.031227234541436097 arcsec.
2026-09-28 13:16:46,245 - stcal.resample.resample - INFO - Driz parameter kernel: square
2026-09-28 13:16:46,245 - stcal.resample.resample - INFO - Driz parameter pixfrac: 1.0
2026-09-28 13:16:46,245 - stcal.resample.resample - INFO - Driz parameter fillval: NAN
2026-09-28 13:16:46,246 - stcal.resample.resample - INFO - Driz parameter weight_type: exptime
2026-09-28 13:16:47,212 - jwst.resample.resample - INFO - Resampling science and variance data
2026-09-28 13:16:49,825 - stcal.resample.resample - INFO - Resampling science and variance data
2026-09-28 13:16:51,680 - stcal.resample.resample - INFO - Drizzling (2048, 2048) --> (20764, 23766)
2026-09-28 13:16:53,747 - stcal.resample.resample - INFO - Drizzling (2048, 2048) --> (20764, 23766)
2026-09-28 13:16:55,798 - stcal.resample.resample - INFO - Drizzling (2048, 2048) --> (20764, 23766)
2026-09-28 13:17:07,217 - stcal.resample.resample - INFO - Resampling science and variance data
2026-09-28 13:17:08,949 - stcal.resample.resample - INFO - Drizzling (2048, 2048) --> (20764, 23766)
2026-09-28 13:17:11,041 - stcal.resample.resample - INFO - Drizzling (2048, 2048) --> (20764, 23766)
2026-09-28 13:17:13,102 - stcal.resample.resample - INFO - Drizzling (2048, 2048) --> (20764, 23766)
2026-09-28 13:17:24,868 - stcal.resample.resample - INFO - Resampling science and variance data
2026-09-28 13:17:26,733 - stcal.resample.resample - INFO - Drizzling (2048, 2048) --> (20764, 23766)
2026-09-28 13:17:28,782 - stcal.resample.resample - INFO - Drizzling (2048, 2048) --> (20764, 23766)
2026-09-28 13:17:30,814 - stcal.resample.resample - INFO - Drizzling (2048, 2048) --> (20764, 23766)
2026-09-28 13:17:42,019 - stcal.resample.resample - INFO - Resampling science and variance data
2026-09-28 13:17:43,789 - stcal.resample.resample - INFO - Drizzling (2048, 2048) --> (20764, 23766)
2026-09-28 13:17:45,821 - stcal.resample.resample - INFO - Drizzling (2048, 2048) --> (20764, 23766)
2026-09-28 13:17:47,848 - stcal.resample.resample - INFO - Drizzling (2048, 2048) --> (20764, 23766)
2026-09-28 13:17:58,858 - stcal.resample.resample - INFO - Resampling science and variance data
2026-09-28 13:18:00,633 - stcal.resample.resample - INFO - Drizzling (2048, 2048) --> (20764, 23766)
2026-09-28 13:18:02,670 - stcal.resample.resample - INFO - Drizzling (2048, 2048) --> (20764, 23766)
2026-09-28 13:18:04,704 - stcal.resample.resample - INFO - Drizzling (2048, 2048) --> (20764, 23766)
2026-09-28 13:18:15,702 - stcal.resample.resample - INFO - Resampling science and variance data
2026-09-28 13:18:17,490 - stcal.resample.resample - INFO - Drizzling (2048, 2048) --> (20764, 23766)
2026-09-28 13:18:19,544 - stcal.resample.resample - INFO - Drizzling (2048, 2048) --> (20764, 23766)
2026-09-28 13:18:21,593 - stcal.resample.resample - INFO - Drizzling (2048, 2048) --> (20764, 23766)
2026-09-28 13:18:32,734 - stcal.resample.resample - INFO - Resampling science and variance data
2026-09-28 13:18:34,486 - stcal.resample.resample - INFO - Drizzling (2048, 2048) --> (20764, 23766)
2026-09-28 13:18:36,526 - stcal.resample.resample - INFO - Drizzling (2048, 2048) --> (20764, 23766)
2026-09-28 13:18:38,553 - stcal.resample.resample - INFO - Drizzling (2048, 2048) --> (20764, 23766)
2026-09-28 13:18:49,496 - stcal.resample.resample - INFO - Resampling science and variance data
2026-09-28 13:18:51,246 - stcal.resample.resample - INFO - Drizzling (2048, 2048) --> (20764, 23766)
2026-09-28 13:18:53,269 - stcal.resample.resample - INFO - Drizzling (2048, 2048) --> (20764, 23766)
2026-09-28 13:18:55,285 - stcal.resample.resample - INFO - Drizzling (2048, 2048) --> (20764, 23766)
2026-09-28 13:19:06,230 - stcal.resample.resample - INFO - Resampling science and variance data
2026-09-28 13:19:07,962 - stcal.resample.resample - INFO - Drizzling (2048, 2048) --> (20764, 23766)
2026-09-28 13:19:10,008 - stcal.resample.resample - INFO - Drizzling (2048, 2048) --> (20764, 23766)
2026-09-28 13:19:12,074 - stcal.resample.resample - INFO - Drizzling (2048, 2048) --> (20764, 23766)
2026-09-28 13:19:23,848 - stcal.resample.resample - INFO - Resampling science and variance data
2026-09-28 13:19:25,610 - stcal.resample.resample - INFO - Drizzling (2048, 2048) --> (20764, 23766)
2026-09-28 13:19:27,678 - stcal.resample.resample - INFO - Drizzling (2048, 2048) --> (20764, 23766)
2026-09-28 13:19:29,869 - stcal.resample.resample - INFO - Drizzling (2048, 2048) --> (20764, 23766)
2026-09-28 13:19:41,124 - stcal.resample.resample - INFO - Resampling science and variance data
2026-09-28 13:19:42,913 - stcal.resample.resample - INFO - Drizzling (2048, 2048) --> (20764, 23766)
2026-09-28 13:19:44,991 - stcal.resample.resample - INFO - Drizzling (2048, 2048) --> (20764, 23766)
2026-09-28 13:19:47,068 - stcal.resample.resample - INFO - Drizzling (2048, 2048) --> (20764, 23766)
2026-09-28 13:19:58,482 - stcal.resample.resample - INFO - Resampling science and variance data
2026-09-28 13:20:00,222 - stcal.resample.resample - INFO - Drizzling (2048, 2048) --> (20764, 23766)
2026-09-28 13:20:02,299 - stcal.resample.resample - INFO - Drizzling (2048, 2048) --> (20764, 23766)
2026-09-28 13:20:04,362 - stcal.resample.resample - INFO - Drizzling (2048, 2048) --> (20764, 23766)
2026-09-28 13:20:15,721 - stcal.resample.resample - INFO - Resampling science and variance data
2026-09-28 13:20:17,471 - stcal.resample.resample - INFO - Drizzling (2048, 2048) --> (20764, 23766)
2026-09-28 13:20:19,554 - stcal.resample.resample - INFO - Drizzling (2048, 2048) --> (20764, 23766)
2026-09-28 13:20:21,626 - stcal.resample.resample - INFO - Drizzling (2048, 2048) --> (20764, 23766)
2026-09-28 13:20:32,967 - stcal.resample.resample - INFO - Resampling science and variance data
2026-09-28 13:20:34,724 - stcal.resample.resample - INFO - Drizzling (2048, 2048) --> (20764, 23766)
2026-09-28 13:20:36,813 - stcal.resample.resample - INFO - Drizzling (2048, 2048) --> (20764, 23766)
2026-09-28 13:20:38,897 - stcal.resample.resample - INFO - Drizzling (2048, 2048) --> (20764, 23766)
2026-09-28 13:20:50,221 - stcal.resample.resample - INFO - Resampling science and variance data
2026-09-28 13:20:52,008 - stcal.resample.resample - INFO - Drizzling (2048, 2048) --> (20764, 23766)
2026-09-28 13:20:54,081 - stcal.resample.resample - INFO - Drizzling (2048, 2048) --> (20764, 23766)
2026-09-28 13:20:56,149 - stcal.resample.resample - INFO - Drizzling (2048, 2048) --> (20764, 23766)
2026-09-28 13:21:07,397 - stcal.resample.resample - INFO - Resampling science and variance data
2026-09-28 13:21:09,134 - stcal.resample.resample - INFO - Drizzling (2048, 2048) --> (20764, 23766)
2026-09-28 13:21:11,206 - stcal.resample.resample - INFO - Drizzling (2048, 2048) --> (20764, 23766)
2026-09-28 13:21:13,256 - stcal.resample.resample - INFO - Drizzling (2048, 2048) --> (20764, 23766)
2026-09-28 13:21:24,535 - stcal.resample.resample - INFO - Resampling science and variance data
2026-09-28 13:21:26,313 - stcal.resample.resample - INFO - Drizzling (2048, 2048) --> (20764, 23766)
2026-09-28 13:21:28,373 - stcal.resample.resample - INFO - Drizzling (2048, 2048) --> (20764, 23766)
2026-09-28 13:21:30,416 - stcal.resample.resample - INFO - Drizzling (2048, 2048) --> (20764, 23766)
2026-09-28 13:21:41,703 - stcal.resample.resample - INFO - Resampling science and variance data
2026-09-28 13:21:43,477 - stcal.resample.resample - INFO - Drizzling (2048, 2048) --> (20764, 23766)
2026-09-28 13:21:45,525 - stcal.resample.resample - INFO - Drizzling (2048, 2048) --> (20764, 23766)
2026-09-28 13:21:47,574 - stcal.resample.resample - INFO - Drizzling (2048, 2048) --> (20764, 23766)
2026-09-28 13:21:58,754 - stcal.resample.resample - INFO - Resampling science and variance data
2026-09-28 13:22:00,542 - stcal.resample.resample - INFO - Drizzling (2048, 2048) --> (20764, 23766)
2026-09-28 13:22:02,616 - stcal.resample.resample - INFO - Drizzling (2048, 2048) --> (20764, 23766)
2026-09-28 13:22:04,683 - stcal.resample.resample - INFO - Drizzling (2048, 2048) --> (20764, 23766)
2026-09-28 13:22:16,039 - stcal.resample.resample - INFO - Resampling science and variance data
2026-09-28 13:22:17,829 - stcal.resample.resample - INFO - Drizzling (2048, 2048) --> (20764, 23766)
2026-09-28 13:22:19,892 - stcal.resample.resample - INFO - Drizzling (2048, 2048) --> (20764, 23766)
2026-09-28 13:22:21,951 - stcal.resample.resample - INFO - Drizzling (2048, 2048) --> (20764, 23766)
2026-09-28 13:22:33,165 - stcal.resample.resample - INFO - Resampling science and variance data
2026-09-28 13:22:34,912 - stcal.resample.resample - INFO - Drizzling (2048, 2048) --> (20764, 23766)
2026-09-28 13:22:36,988 - stcal.resample.resample - INFO - Drizzling (2048, 2048) --> (20764, 23766)
2026-09-28 13:22:39,044 - stcal.resample.resample - INFO - Drizzling (2048, 2048) --> (20764, 23766)
2026-09-28 13:22:50,367 - stcal.resample.resample - INFO - Resampling science and variance data
2026-09-28 13:22:52,113 - stcal.resample.resample - INFO - Drizzling (2048, 2048) --> (20764, 23766)
2026-09-28 13:22:54,199 - stcal.resample.resample - INFO - Drizzling (2048, 2048) --> (20764, 23766)
2026-09-28 13:22:56,265 - stcal.resample.resample - INFO - Drizzling (2048, 2048) --> (20764, 23766)
2026-09-28 13:23:07,586 - stcal.resample.resample - INFO - Resampling science and variance data
2026-09-28 13:23:09,316 - stcal.resample.resample - INFO - Drizzling (2048, 2048) --> (20764, 23766)
2026-09-28 13:23:11,373 - stcal.resample.resample - INFO - Drizzling (2048, 2048) --> (20764, 23766)
2026-09-28 13:23:13,423 - stcal.resample.resample - INFO - Drizzling (2048, 2048) --> (20764, 23766)
2026-09-28 13:23:24,724 - stcal.resample.resample - INFO - Resampling science and variance data
2026-09-28 13:23:26,462 - stcal.resample.resample - INFO - Drizzling (2048, 2048) --> (20764, 23766)
2026-09-28 13:23:28,529 - stcal.resample.resample - INFO - Drizzling (2048, 2048) --> (20764, 23766)
2026-09-28 13:23:30,578 - stcal.resample.resample - INFO - Drizzling (2048, 2048) --> (20764, 23766)
2026-09-28 13:23:41,908 - stcal.resample.resample - INFO - Resampling science and variance data
2026-09-28 13:23:43,638 - stcal.resample.resample - INFO - Drizzling (2048, 2048) --> (20764, 23766)
2026-09-28 13:23:45,699 - stcal.resample.resample - INFO - Drizzling (2048, 2048) --> (20764, 23766)
2026-09-28 13:23:47,748 - stcal.resample.resample - INFO - Drizzling (2048, 2048) --> (20764, 23766)
2026-09-28 13:23:59,034 - stcal.resample.resample - INFO - Resampling science and variance data
2026-09-28 13:24:00,768 - stcal.resample.resample - INFO - Drizzling (2048, 2048) --> (20764, 23766)
2026-09-28 13:24:02,823 - stcal.resample.resample - INFO - Drizzling (2048, 2048) --> (20764, 23766)
2026-09-28 13:24:04,877 - stcal.resample.resample - INFO - Drizzling (2048, 2048) --> (20764, 23766)
2026-09-28 13:24:16,179 - stcal.resample.resample - INFO - Resampling science and variance data
2026-09-28 13:24:17,915 - stcal.resample.resample - INFO - Drizzling (2048, 2048) --> (20764, 23766)
2026-09-28 13:24:19,982 - stcal.resample.resample - INFO - Drizzling (2048, 2048) --> (20764, 23766)
2026-09-28 13:24:22,058 - stcal.resample.resample - INFO - Drizzling (2048, 2048) --> (20764, 23766)
2026-09-28 13:24:33,383 - stcal.resample.resample - INFO - Resampling science and variance data
2026-09-28 13:24:35,124 - stcal.resample.resample - INFO - Drizzling (2048, 2048) --> (20764, 23766)
2026-09-28 13:24:37,187 - stcal.resample.resample - INFO - Drizzling (2048, 2048) --> (20764, 23766)
2026-09-28 13:24:39,240 - stcal.resample.resample - INFO - Drizzling (2048, 2048) --> (20764, 23766)
2026-09-28 13:24:50,634 - stcal.resample.resample - INFO - Resampling science and variance data
2026-09-28 13:24:52,373 - stcal.resample.resample - INFO - Drizzling (2048, 2048) --> (20764, 23766)
2026-09-28 13:24:54,444 - stcal.resample.resample - INFO - Drizzling (2048, 2048) --> (20764, 23766)
2026-09-28 13:24:56,498 - stcal.resample.resample - INFO - Drizzling (2048, 2048) --> (20764, 23766)
2026-09-28 13:25:07,780 - stcal.resample.resample - INFO - Resampling science and variance data
2026-09-28 13:25:09,537 - stcal.resample.resample - INFO - Drizzling (2048, 2048) --> (20764, 23766)
2026-09-28 13:25:11,621 - stcal.resample.resample - INFO - Drizzling (2048, 2048) --> (20764, 23766)
2026-09-28 13:25:13,708 - stcal.resample.resample - INFO - Drizzling (2048, 2048) --> (20764, 23766)
2026-09-28 13:25:25,007 - stcal.resample.resample - INFO - Resampling science and variance data
2026-09-28 13:25:26,745 - stcal.resample.resample - INFO - Drizzling (2048, 2048) --> (20764, 23766)
2026-09-28 13:25:28,801 - stcal.resample.resample - INFO - Drizzling (2048, 2048) --> (20764, 23766)
2026-09-28 13:25:30,848 - stcal.resample.resample - INFO - Drizzling (2048, 2048) --> (20764, 23766)
2026-09-28 13:25:42,167 - stcal.resample.resample - INFO - Resampling science and variance data
2026-09-28 13:25:43,906 - stcal.resample.resample - INFO - Drizzling (2048, 2048) --> (20764, 23766)
2026-09-28 13:25:45,974 - stcal.resample.resample - INFO - Drizzling (2048, 2048) --> (20764, 23766)
2026-09-28 13:25:48,033 - stcal.resample.resample - INFO - Drizzling (2048, 2048) --> (20764, 23766)
2026-09-28 13:25:59,364 - stcal.resample.resample - INFO - Resampling science and variance data
2026-09-28 13:26:01,145 - stcal.resample.resample - INFO - Drizzling (2048, 2048) --> (20764, 23766)
2026-09-28 13:26:03,204 - stcal.resample.resample - INFO - Drizzling (2048, 2048) --> (20764, 23766)
2026-09-28 13:26:05,254 - stcal.resample.resample - INFO - Drizzling (2048, 2048) --> (20764, 23766)
2026-09-28 13:26:16,568 - stcal.resample.resample - INFO - Resampling science and variance data
2026-09-28 13:26:18,332 - stcal.resample.resample - INFO - Drizzling (2048, 2048) --> (20764, 23766)
2026-09-28 13:26:20,394 - stcal.resample.resample - INFO - Drizzling (2048, 2048) --> (20764, 23766)
2026-09-28 13:26:22,441 - stcal.resample.resample - INFO - Drizzling (2048, 2048) --> (20764, 23766)
2026-09-28 13:26:33,778 - stcal.resample.resample - INFO - Resampling science and variance data
2026-09-28 13:26:35,527 - stcal.resample.resample - INFO - Drizzling (2048, 2048) --> (20764, 23766)
2026-09-28 13:26:37,596 - stcal.resample.resample - INFO - Drizzling (2048, 2048) --> (20764, 23766)
2026-09-28 13:26:39,654 - stcal.resample.resample - INFO - Drizzling (2048, 2048) --> (20764, 23766)
2026-09-28 13:26:51,021 - stcal.resample.resample - INFO - Resampling science and variance data
2026-09-28 13:26:52,749 - stcal.resample.resample - INFO - Drizzling (2048, 2048) --> (20764, 23766)
2026-09-28 13:26:54,812 - stcal.resample.resample - INFO - Drizzling (2048, 2048) --> (20764, 23766)
2026-09-28 13:26:56,863 - stcal.resample.resample - INFO - Drizzling (2048, 2048) --> (20764, 23766)
2026-09-28 13:27:08,157 - stcal.resample.resample - INFO - Resampling science and variance data
2026-09-28 13:27:09,900 - stcal.resample.resample - INFO - Drizzling (2048, 2048) --> (20764, 23766)
2026-09-28 13:27:11,964 - stcal.resample.resample - INFO - Drizzling (2048, 2048) --> (20764, 23766)
2026-09-28 13:27:14,019 - stcal.resample.resample - INFO - Drizzling (2048, 2048) --> (20764, 23766)
2026-09-28 13:27:25,412 - stcal.resample.resample - INFO - Resampling science and variance data
2026-09-28 13:27:27,165 - stcal.resample.resample - INFO - Drizzling (2048, 2048) --> (20764, 23766)
2026-09-28 13:27:29,232 - stcal.resample.resample - INFO - Drizzling (2048, 2048) --> (20764, 23766)
2026-09-28 13:27:31,302 - stcal.resample.resample - INFO - Drizzling (2048, 2048) --> (20764, 23766)
2026-09-28 13:27:42,702 - stcal.resample.resample - INFO - Resampling science and variance data
2026-09-28 13:27:44,419 - stcal.resample.resample - INFO - Drizzling (2048, 2048) --> (20764, 23766)
2026-09-28 13:27:46,478 - stcal.resample.resample - INFO - Drizzling (2048, 2048) --> (20764, 23766)
2026-09-28 13:27:48,538 - stcal.resample.resample - INFO - Drizzling (2048, 2048) --> (20764, 23766)
2026-09-28 13:27:59,922 - stcal.resample.resample - INFO - Resampling science and variance data
2026-09-28 13:28:01,642 - stcal.resample.resample - INFO - Drizzling (2048, 2048) --> (20764, 23766)
2026-09-28 13:28:03,703 - stcal.resample.resample - INFO - Drizzling (2048, 2048) --> (20764, 23766)
2026-09-28 13:28:05,762 - stcal.resample.resample - INFO - Drizzling (2048, 2048) --> (20764, 23766)
2026-09-28 13:28:17,072 - stcal.resample.resample - INFO - Resampling science and variance data
2026-09-28 13:28:18,761 - stcal.resample.resample - INFO - Drizzling (2048, 2048) --> (20764, 23766)
2026-09-28 13:28:20,816 - stcal.resample.resample - INFO - Drizzling (2048, 2048) --> (20764, 23766)
2026-09-28 13:28:22,863 - stcal.resample.resample - INFO - Drizzling (2048, 2048) --> (20764, 23766)
2026-09-28 13:28:34,202 - stcal.resample.resample - INFO - Resampling science and variance data
2026-09-28 13:28:35,885 - stcal.resample.resample - INFO - Drizzling (2048, 2048) --> (20764, 23766)
2026-09-28 13:28:37,944 - stcal.resample.resample - INFO - Drizzling (2048, 2048) --> (20764, 23766)
2026-09-28 13:28:39,989 - stcal.resample.resample - INFO - Drizzling (2048, 2048) --> (20764, 23766)
2026-09-28 13:28:51,257 - stcal.resample.resample - INFO - Resampling science and variance data
2026-09-28 13:28:52,960 - stcal.resample.resample - INFO - Drizzling (2048, 2048) --> (20764, 23766)
2026-09-28 13:28:55,022 - stcal.resample.resample - INFO - Drizzling (2048, 2048) --> (20764, 23766)
2026-09-28 13:28:57,079 - stcal.resample.resample - INFO - Drizzling (2048, 2048) --> (20764, 23766)
2026-09-28 13:29:08,393 - stcal.resample.resample - INFO - Resampling science and variance data
2026-09-28 13:29:10,090 - stcal.resample.resample - INFO - Drizzling (2048, 2048) --> (20764, 23766)
2026-09-28 13:29:12,163 - stcal.resample.resample - INFO - Drizzling (2048, 2048) --> (20764, 23766)
2026-09-28 13:29:14,211 - stcal.resample.resample - INFO - Drizzling (2048, 2048) --> (20764, 23766)
2026-09-28 13:29:25,594 - stcal.resample.resample - INFO - Resampling science and variance data
2026-09-28 13:29:27,289 - stcal.resample.resample - INFO - Drizzling (2048, 2048) --> (20764, 23766)
2026-09-28 13:29:29,351 - stcal.resample.resample - INFO - Drizzling (2048, 2048) --> (20764, 23766)
2026-09-28 13:29:31,402 - stcal.resample.resample - INFO - Drizzling (2048, 2048) --> (20764, 23766)
2026-09-28 13:29:42,709 - stcal.resample.resample - INFO - Resampling science and variance data
2026-09-28 13:29:44,423 - stcal.resample.resample - INFO - Drizzling (2048, 2048) --> (20764, 23766)
2026-09-28 13:29:46,506 - stcal.resample.resample - INFO - Drizzling (2048, 2048) --> (20764, 23766)
2026-09-28 13:29:48,569 - stcal.resample.resample - INFO - Drizzling (2048, 2048) --> (20764, 23766)
2026-09-28 13:29:59,956 - stcal.resample.resample - INFO - Resampling science and variance data
2026-09-28 13:30:01,645 - stcal.resample.resample - INFO - Drizzling (2048, 2048) --> (20764, 23766)
2026-09-28 13:30:03,706 - stcal.resample.resample - INFO - Drizzling (2048, 2048) --> (20764, 23766)
2026-09-28 13:30:05,756 - stcal.resample.resample - INFO - Drizzling (2048, 2048) --> (20764, 23766)
2026-09-28 13:30:17,000 - stcal.resample.resample - INFO - Resampling science and variance data
2026-09-28 13:30:18,694 - stcal.resample.resample - INFO - Drizzling (2048, 2048) --> (20764, 23766)
2026-09-28 13:30:20,756 - stcal.resample.resample - INFO - Drizzling (2048, 2048) --> (20764, 23766)
2026-09-28 13:30:22,815 - stcal.resample.resample - INFO - Drizzling (2048, 2048) --> (20764, 23766)
2026-09-28 13:30:34,202 - stcal.resample.resample - INFO - Resampling science and variance data
2026-09-28 13:30:35,895 - stcal.resample.resample - INFO - Drizzling (2048, 2048) --> (20764, 23766)
2026-09-28 13:30:37,966 - stcal.resample.resample - INFO - Drizzling (2048, 2048) --> (20764, 23766)
2026-09-28 13:30:40,019 - stcal.resample.resample - INFO - Drizzling (2048, 2048) --> (20764, 23766)
2026-09-28 13:30:51,379 - stcal.resample.resample - INFO - Resampling science and variance data
2026-09-28 13:30:53,069 - stcal.resample.resample - INFO - Drizzling (2048, 2048) --> (20764, 23766)
2026-09-28 13:30:55,129 - stcal.resample.resample - INFO - Drizzling (2048, 2048) --> (20764, 23766)
2026-09-28 13:30:57,183 - stcal.resample.resample - INFO - Drizzling (2048, 2048) --> (20764, 23766)
2026-09-28 13:31:08,456 - stcal.resample.resample - INFO - Resampling science and variance data
2026-09-28 13:31:10,146 - stcal.resample.resample - INFO - Drizzling (2048, 2048) --> (20764, 23766)
2026-09-28 13:31:12,228 - stcal.resample.resample - INFO - Drizzling (2048, 2048) --> (20764, 23766)
2026-09-28 13:31:14,299 - stcal.resample.resample - INFO - Drizzling (2048, 2048) --> (20764, 23766)
2026-09-28 13:31:26,472 - stcal.resample.resample - INFO - Resampling science and variance data
2026-09-28 13:31:28,175 - stcal.resample.resample - INFO - Drizzling (2048, 2048) --> (20764, 23766)
2026-09-28 13:31:30,243 - stcal.resample.resample - INFO - Drizzling (2048, 2048) --> (20764, 23766)
2026-09-28 13:31:32,305 - stcal.resample.resample - INFO - Drizzling (2048, 2048) --> (20764, 23766)
2026-09-28 13:31:43,557 - stcal.resample.resample - INFO - Resampling science and variance data
2026-09-28 13:31:45,258 - stcal.resample.resample - INFO - Drizzling (2048, 2048) --> (20764, 23766)
2026-09-28 13:31:47,332 - stcal.resample.resample - INFO - Drizzling (2048, 2048) --> (20764, 23766)
2026-09-28 13:31:49,398 - stcal.resample.resample - INFO - Drizzling (2048, 2048) --> (20764, 23766)
2026-09-28 13:32:00,625 - stcal.resample.resample - INFO - Resampling science and variance data
2026-09-28 13:32:02,342 - stcal.resample.resample - INFO - Drizzling (2048, 2048) --> (20764, 23766)
2026-09-28 13:32:04,401 - stcal.resample.resample - INFO - Drizzling (2048, 2048) --> (20764, 23766)
2026-09-28 13:32:06,446 - stcal.resample.resample - INFO - Drizzling (2048, 2048) --> (20764, 23766)
2026-09-28 13:32:17,560 - stcal.resample.resample - INFO - Resampling science and variance data
2026-09-28 13:32:19,239 - stcal.resample.resample - INFO - Drizzling (2048, 2048) --> (20764, 23766)
2026-09-28 13:32:21,281 - stcal.resample.resample - INFO - Drizzling (2048, 2048) --> (20764, 23766)
2026-09-28 13:32:23,317 - stcal.resample.resample - INFO - Drizzling (2048, 2048) --> (20764, 23766)
2026-09-28 13:32:34,392 - stcal.resample.resample - INFO - Resampling science and variance data
2026-09-28 13:32:36,088 - stcal.resample.resample - INFO - Drizzling (2048, 2048) --> (20764, 23766)
2026-09-28 13:32:38,147 - stcal.resample.resample - INFO - Drizzling (2048, 2048) --> (20764, 23766)
2026-09-28 13:32:40,186 - stcal.resample.resample - INFO - Drizzling (2048, 2048) --> (20764, 23766)
2026-09-28 13:32:51,281 - stcal.resample.resample - INFO - Resampling science and variance data
2026-09-28 13:32:52,971 - stcal.resample.resample - INFO - Drizzling (2048, 2048) --> (20764, 23766)
2026-09-28 13:32:55,009 - stcal.resample.resample - INFO - Drizzling (2048, 2048) --> (20764, 23766)
2026-09-28 13:32:57,056 - stcal.resample.resample - INFO - Drizzling (2048, 2048) --> (20764, 23766)
2026-09-28 13:33:08,161 - stcal.resample.resample - INFO - Resampling science and variance data
2026-09-28 13:33:09,847 - stcal.resample.resample - INFO - Drizzling (2048, 2048) --> (20764, 23766)
2026-09-28 13:33:11,871 - stcal.resample.resample - INFO - Drizzling (2048, 2048) --> (20764, 23766)
2026-09-28 13:33:13,900 - stcal.resample.resample - INFO - Drizzling (2048, 2048) --> (20764, 23766)
2026-09-28 13:33:24,979 - stcal.resample.resample - INFO - Resampling science and variance data
2026-09-28 13:33:26,674 - stcal.resample.resample - INFO - Drizzling (2048, 2048) --> (20764, 23766)
2026-09-28 13:33:28,720 - stcal.resample.resample - INFO - Drizzling (2048, 2048) --> (20764, 23766)
2026-09-28 13:33:30,762 - stcal.resample.resample - INFO - Drizzling (2048, 2048) --> (20764, 23766)
2026-09-28 13:33:41,874 - stcal.resample.resample - INFO - Resampling science and variance data
2026-09-28 13:33:43,571 - stcal.resample.resample - INFO - Drizzling (2048, 2048) --> (20764, 23766)
2026-09-28 13:33:45,622 - stcal.resample.resample - INFO - Drizzling (2048, 2048) --> (20764, 23766)
2026-09-28 13:33:47,665 - stcal.resample.resample - INFO - Drizzling (2048, 2048) --> (20764, 23766)
2026-09-28 13:33:58,735 - stcal.resample.resample - INFO - Resampling science and variance data
2026-09-28 13:34:00,434 - stcal.resample.resample - INFO - Drizzling (2048, 2048) --> (20764, 23766)
2026-09-28 13:34:02,478 - stcal.resample.resample - INFO - Drizzling (2048, 2048) --> (20764, 23766)
2026-09-28 13:34:04,512 - stcal.resample.resample - INFO - Drizzling (2048, 2048) --> (20764, 23766)
2026-09-28 13:34:15,617 - stcal.resample.resample - INFO - Resampling science and variance data
2026-09-28 13:34:17,324 - stcal.resample.resample - INFO - Drizzling (2048, 2048) --> (20764, 23766)
2026-09-28 13:34:19,384 - stcal.resample.resample - INFO - Drizzling (2048, 2048) --> (20764, 23766)
2026-09-28 13:34:21,428 - stcal.resample.resample - INFO - Drizzling (2048, 2048) --> (20764, 23766)
2026-09-28 13:34:32,578 - stcal.resample.resample - INFO - Resampling science and variance data
2026-09-28 13:34:34,265 - stcal.resample.resample - INFO - Drizzling (2048, 2048) --> (20764, 23766)
2026-09-28 13:34:36,306 - stcal.resample.resample - INFO - Drizzling (2048, 2048) --> (20764, 23766)
2026-09-28 13:34:38,336 - stcal.resample.resample - INFO - Drizzling (2048, 2048) --> (20764, 23766)
2026-09-28 13:34:49,403 - stcal.resample.resample - INFO - Resampling science and variance data
2026-09-28 13:34:51,105 - stcal.resample.resample - INFO - Drizzling (2048, 2048) --> (20764, 23766)
2026-09-28 13:34:53,152 - stcal.resample.resample - INFO - Drizzling (2048, 2048) --> (20764, 23766)
2026-09-28 13:34:55,180 - stcal.resample.resample - INFO - Drizzling (2048, 2048) --> (20764, 23766)
2026-09-28 13:35:06,337 - stcal.resample.resample - INFO - Resampling science and variance data
2026-09-28 13:35:08,068 - stcal.resample.resample - INFO - Drizzling (2048, 2048) --> (20764, 23766)
2026-09-28 13:35:10,107 - stcal.resample.resample - INFO - Drizzling (2048, 2048) --> (20764, 23766)
2026-09-28 13:35:12,138 - stcal.resample.resample - INFO - Drizzling (2048, 2048) --> (20764, 23766)
2026-09-28 13:35:23,265 - stcal.resample.resample - INFO - Resampling science and variance data
2026-09-28 13:35:24,991 - stcal.resample.resample - INFO - Drizzling (2048, 2048) --> (20764, 23766)
2026-09-28 13:35:27,008 - stcal.resample.resample - INFO - Drizzling (2048, 2048) --> (20764, 23766)
2026-09-28 13:35:29,027 - stcal.resample.resample - INFO - Drizzling (2048, 2048) --> (20764, 23766)
2026-09-28 13:35:40,119 - stcal.resample.resample - INFO - Resampling science and variance data
2026-09-28 13:35:41,806 - stcal.resample.resample - INFO - Drizzling (2048, 2048) --> (20764, 23766)
2026-09-28 13:35:43,845 - stcal.resample.resample - INFO - Drizzling (2048, 2048) --> (20764, 23766)
2026-09-28 13:35:45,867 - stcal.resample.resample - INFO - Drizzling (2048, 2048) --> (20764, 23766)
2026-09-28 13:35:56,931 - stcal.resample.resample - INFO - Resampling science and variance data
2026-09-28 13:35:58,613 - stcal.resample.resample - INFO - Drizzling (2048, 2048) --> (20764, 23766)
2026-09-28 13:36:00,646 - stcal.resample.resample - INFO - Drizzling (2048, 2048) --> (20764, 23766)
2026-09-28 13:36:02,669 - stcal.resample.resample - INFO - Drizzling (2048, 2048) --> (20764, 23766)
2026-09-28 13:36:13,715 - stcal.resample.resample - INFO - Resampling science and variance data
2026-09-28 13:36:15,414 - stcal.resample.resample - INFO - Drizzling (2048, 2048) --> (20764, 23766)
2026-09-28 13:36:17,455 - stcal.resample.resample - INFO - Drizzling (2048, 2048) --> (20764, 23766)
2026-09-28 13:36:19,489 - stcal.resample.resample - INFO - Drizzling (2048, 2048) --> (20764, 23766)
2026-09-28 13:36:30,731 - stcal.resample.resample - INFO - Resampling science and variance data
2026-09-28 13:36:32,443 - stcal.resample.resample - INFO - Drizzling (2048, 2048) --> (20764, 23766)
2026-09-28 13:36:34,500 - stcal.resample.resample - INFO - Drizzling (2048, 2048) --> (20764, 23766)
2026-09-28 13:36:36,553 - stcal.resample.resample - INFO - Drizzling (2048, 2048) --> (20764, 23766)
2026-09-28 13:36:47,737 - stcal.resample.resample - INFO - Resampling science and variance data
2026-09-28 13:36:49,393 - stcal.resample.resample - INFO - Drizzling (2048, 2048) --> (20764, 23766)
2026-09-28 13:36:51,453 - stcal.resample.resample - INFO - Drizzling (2048, 2048) --> (20764, 23766)
2026-09-28 13:36:53,495 - stcal.resample.resample - INFO - Drizzling (2048, 2048) --> (20764, 23766)
2026-09-28 13:37:04,730 - stcal.resample.resample - INFO - Resampling science and variance data
2026-09-28 13:37:06,397 - stcal.resample.resample - INFO - Drizzling (2048, 2048) --> (20764, 23766)
2026-09-28 13:37:08,458 - stcal.resample.resample - INFO - Drizzling (2048, 2048) --> (20764, 23766)
2026-09-28 13:37:10,516 - stcal.resample.resample - INFO - Drizzling (2048, 2048) --> (20764, 23766)
2026-09-28 13:37:21,812 - stcal.resample.resample - INFO - Resampling science and variance data
2026-09-28 13:37:23,469 - stcal.resample.resample - INFO - Drizzling (2048, 2048) --> (20764, 23766)
2026-09-28 13:37:25,527 - stcal.resample.resample - INFO - Drizzling (2048, 2048) --> (20764, 23766)
2026-09-28 13:37:27,574 - stcal.resample.resample - INFO - Drizzling (2048, 2048) --> (20764, 23766)
2026-09-28 13:37:38,829 - stcal.resample.resample - INFO - Resampling science and variance data
2026-09-28 13:37:40,482 - stcal.resample.resample - INFO - Drizzling (2048, 2048) --> (20764, 23766)
2026-09-28 13:37:42,530 - stcal.resample.resample - INFO - Drizzling (2048, 2048) --> (20764, 23766)
2026-09-28 13:37:44,573 - stcal.resample.resample - INFO - Drizzling (2048, 2048) --> (20764, 23766)
2026-09-28 13:37:55,814 - stcal.resample.resample - INFO - Resampling science and variance data
2026-09-28 13:37:57,484 - stcal.resample.resample - INFO - Drizzling (2048, 2048) --> (20764, 23766)
2026-09-28 13:37:59,541 - stcal.resample.resample - INFO - Drizzling (2048, 2048) --> (20764, 23766)
2026-09-28 13:38:01,592 - stcal.resample.resample - INFO - Drizzling (2048, 2048) --> (20764, 23766)
2026-09-28 13:38:12,895 - stcal.resample.resample - INFO - Resampling science and variance data
2026-09-28 13:38:14,558 - stcal.resample.resample - INFO - Drizzling (2048, 2048) --> (20764, 23766)
2026-09-28 13:38:16,609 - stcal.resample.resample - INFO - Drizzling (2048, 2048) --> (20764, 23766)
2026-09-28 13:38:18,648 - stcal.resample.resample - INFO - Drizzling (2048, 2048) --> (20764, 23766)
2026-09-28 13:38:29,920 - stcal.resample.resample - INFO - Resampling science and variance data
2026-09-28 13:38:31,565 - stcal.resample.resample - INFO - Drizzling (2048, 2048) --> (20764, 23766)
2026-09-28 13:38:33,619 - stcal.resample.resample - INFO - Drizzling (2048, 2048) --> (20764, 23766)
2026-09-28 13:38:35,646 - stcal.resample.resample - INFO - Drizzling (2048, 2048) --> (20764, 23766)
2026-09-28 13:38:46,729 - stcal.resample.resample - INFO - Resampling science and variance data
2026-09-28 13:38:48,395 - stcal.resample.resample - INFO - Drizzling (2048, 2048) --> (20764, 23766)
2026-09-28 13:38:50,442 - stcal.resample.resample - INFO - Drizzling (2048, 2048) --> (20764, 23766)
2026-09-28 13:38:52,481 - stcal.resample.resample - INFO - Drizzling (2048, 2048) --> (20764, 23766)
2026-09-28 13:39:03,565 - stcal.resample.resample - INFO - Resampling science and variance data
2026-09-28 13:39:05,215 - stcal.resample.resample - INFO - Drizzling (2048, 2048) --> (20764, 23766)
2026-09-28 13:39:07,245 - stcal.resample.resample - INFO - Drizzling (2048, 2048) --> (20764, 23766)
2026-09-28 13:39:09,266 - stcal.resample.resample - INFO - Drizzling (2048, 2048) --> (20764, 23766)
2026-09-28 13:39:20,355 - stcal.resample.resample - INFO - Resampling science and variance data
2026-09-28 13:39:21,994 - stcal.resample.resample - INFO - Drizzling (2048, 2048) --> (20764, 23766)
2026-09-28 13:39:24,039 - stcal.resample.resample - INFO - Drizzling (2048, 2048) --> (20764, 23766)
2026-09-28 13:39:26,065 - stcal.resample.resample - INFO - Drizzling (2048, 2048) --> (20764, 23766)
2026-09-28 13:39:37,063 - stcal.resample.resample - INFO - Resampling science and variance data
2026-09-28 13:39:38,711 - stcal.resample.resample - INFO - Drizzling (2048, 2048) --> (20764, 23766)
2026-09-28 13:39:40,751 - stcal.resample.resample - INFO - Drizzling (2048, 2048) --> (20764, 23766)
2026-09-28 13:39:42,785 - stcal.resample.resample - INFO - Drizzling (2048, 2048) --> (20764, 23766)
2026-09-28 13:39:53,795 - stcal.resample.resample - INFO - Resampling science and variance data
2026-09-28 13:39:55,439 - stcal.resample.resample - INFO - Drizzling (2048, 2048) --> (20764, 23766)
2026-09-28 13:39:57,468 - stcal.resample.resample - INFO - Drizzling (2048, 2048) --> (20764, 23766)
2026-09-28 13:39:59,482 - stcal.resample.resample - INFO - Drizzling (2048, 2048) --> (20764, 23766)
2026-09-28 13:40:10,458 - stcal.resample.resample - INFO - Resampling science and variance data
2026-09-28 13:40:12,116 - stcal.resample.resample - INFO - Drizzling (2048, 2048) --> (20764, 23766)
2026-09-28 13:40:14,155 - stcal.resample.resample - INFO - Drizzling (2048, 2048) --> (20764, 23766)
2026-09-28 13:40:16,188 - stcal.resample.resample - INFO - Drizzling (2048, 2048) --> (20764, 23766)
2026-09-28 13:40:27,219 - stcal.resample.resample - INFO - Resampling science and variance data
2026-09-28 13:40:28,873 - stcal.resample.resample - INFO - Drizzling (2048, 2048) --> (20764, 23766)
2026-09-28 13:40:30,901 - stcal.resample.resample - INFO - Drizzling (2048, 2048) --> (20764, 23766)
2026-09-28 13:40:32,926 - stcal.resample.resample - INFO - Drizzling (2048, 2048) --> (20764, 23766)
2026-09-28 13:40:43,913 - stcal.resample.resample - INFO - Resampling science and variance data
2026-09-28 13:40:45,580 - stcal.resample.resample - INFO - Drizzling (2048, 2048) --> (20764, 23766)
2026-09-28 13:40:47,611 - stcal.resample.resample - INFO - Drizzling (2048, 2048) --> (20764, 23766)
2026-09-28 13:40:49,626 - stcal.resample.resample - INFO - Drizzling (2048, 2048) --> (20764, 23766)
2026-09-28 13:41:00,651 - stcal.resample.resample - INFO - Resampling science and variance data
2026-09-28 13:41:02,315 - stcal.resample.resample - INFO - Drizzling (2048, 2048) --> (20764, 23766)
2026-09-28 13:41:04,355 - stcal.resample.resample - INFO - Drizzling (2048, 2048) --> (20764, 23766)
2026-09-28 13:41:06,384 - stcal.resample.resample - INFO - Drizzling (2048, 2048) --> (20764, 23766)
2026-09-28 13:41:17,402 - stcal.resample.resample - INFO - Resampling science and variance data
2026-09-28 13:41:19,033 - stcal.resample.resample - INFO - Drizzling (2048, 2048) --> (20764, 23766)
2026-09-28 13:41:21,057 - stcal.resample.resample - INFO - Drizzling (2048, 2048) --> (20764, 23766)
2026-09-28 13:41:23,078 - stcal.resample.resample - INFO - Drizzling (2048, 2048) --> (20764, 23766)
2026-09-28 13:41:34,059 - stcal.resample.resample - INFO - Resampling science and variance data
2026-09-28 13:41:35,717 - stcal.resample.resample - INFO - Drizzling (2048, 2048) --> (20764, 23766)
2026-09-28 13:41:37,752 - stcal.resample.resample - INFO - Drizzling (2048, 2048) --> (20764, 23766)
2026-09-28 13:41:39,769 - stcal.resample.resample - INFO - Drizzling (2048, 2048) --> (20764, 23766)
2026-09-28 13:41:50,756 - stcal.resample.resample - INFO - Resampling science and variance data
2026-09-28 13:41:52,407 - stcal.resample.resample - INFO - Drizzling (2048, 2048) --> (20764, 23766)
2026-09-28 13:41:54,446 - stcal.resample.resample - INFO - Drizzling (2048, 2048) --> (20764, 23766)
2026-09-28 13:41:56,468 - stcal.resample.resample - INFO - Drizzling (2048, 2048) --> (20764, 23766)
2026-09-28 13:42:07,511 - stcal.resample.resample - INFO - Resampling science and variance data
2026-09-28 13:42:09,158 - stcal.resample.resample - INFO - Drizzling (2048, 2048) --> (20764, 23766)
2026-09-28 13:42:11,181 - stcal.resample.resample - INFO - Drizzling (2048, 2048) --> (20764, 23766)
2026-09-28 13:42:13,201 - stcal.resample.resample - INFO - Drizzling (2048, 2048) --> (20764, 23766)
2026-09-28 13:42:24,176 - stcal.resample.resample - INFO - Resampling science and variance data
2026-09-28 13:42:25,835 - stcal.resample.resample - INFO - Drizzling (2048, 2048) --> (20764, 23766)
2026-09-28 13:42:27,870 - stcal.resample.resample - INFO - Drizzling (2048, 2048) --> (20764, 23766)
2026-09-28 13:42:29,903 - stcal.resample.resample - INFO - Drizzling (2048, 2048) --> (20764, 23766)
2026-09-28 13:42:40,921 - stcal.resample.resample - INFO - Resampling science and variance data
2026-09-28 13:42:42,577 - stcal.resample.resample - INFO - Drizzling (2048, 2048) --> (20764, 23766)
2026-09-28 13:42:44,608 - stcal.resample.resample - INFO - Drizzling (2048, 2048) --> (20764, 23766)
2026-09-28 13:42:46,631 - stcal.resample.resample - INFO - Drizzling (2048, 2048) --> (20764, 23766)
2026-09-28 13:42:57,627 - stcal.resample.resample - INFO - Resampling science and variance data
2026-09-28 13:42:59,292 - stcal.resample.resample - INFO - Drizzling (2048, 2048) --> (20764, 23766)
2026-09-28 13:43:01,325 - stcal.resample.resample - INFO - Drizzling (2048, 2048) --> (20764, 23766)
2026-09-28 13:43:03,352 - stcal.resample.resample - INFO - Drizzling (2048, 2048) --> (20764, 23766)
2026-09-28 13:43:14,357 - stcal.resample.resample - INFO - Resampling science and variance data
2026-09-28 13:43:16,022 - stcal.resample.resample - INFO - Drizzling (2048, 2048) --> (20764, 23766)
2026-09-28 13:43:18,064 - stcal.resample.resample - INFO - Drizzling (2048, 2048) --> (20764, 23766)
2026-09-28 13:43:20,099 - stcal.resample.resample - INFO - Drizzling (2048, 2048) --> (20764, 23766)
2026-09-28 13:43:31,116 - stcal.resample.resample - INFO - Resampling science and variance data
2026-09-28 13:43:32,762 - stcal.resample.resample - INFO - Drizzling (2048, 2048) --> (20764, 23766)
2026-09-28 13:43:34,795 - stcal.resample.resample - INFO - Drizzling (2048, 2048) --> (20764, 23766)
2026-09-28 13:43:36,811 - stcal.resample.resample - INFO - Drizzling (2048, 2048) --> (20764, 23766)
2026-09-28 13:43:47,843 - stcal.resample.resample - INFO - Resampling science and variance data
2026-09-28 13:43:49,499 - stcal.resample.resample - INFO - Drizzling (2048, 2048) --> (20764, 23766)
2026-09-28 13:43:51,532 - stcal.resample.resample - INFO - Drizzling (2048, 2048) --> (20764, 23766)
2026-09-28 13:43:53,546 - stcal.resample.resample - INFO - Drizzling (2048, 2048) --> (20764, 23766)
2026-09-28 13:44:04,533 - stcal.resample.resample - INFO - Resampling science and variance data
2026-09-28 13:44:06,295 - stcal.resample.resample - INFO - Drizzling (2048, 2048) --> (20764, 23766)
2026-09-28 13:44:08,376 - stcal.resample.resample - INFO - Drizzling (2048, 2048) --> (20764, 23766)
2026-09-28 13:44:10,452 - stcal.resample.resample - INFO - Drizzling (2048, 2048) --> (20764, 23766)
2026-09-28 13:44:21,598 - stcal.resample.resample - INFO - Resampling science and variance data
2026-09-28 13:44:23,346 - stcal.resample.resample - INFO - Drizzling (2048, 2048) --> (20764, 23766)
2026-09-28 13:44:25,429 - stcal.resample.resample - INFO - Drizzling (2048, 2048) --> (20764, 23766)
2026-09-28 13:44:27,495 - stcal.resample.resample - INFO - Drizzling (2048, 2048) --> (20764, 23766)
2026-09-28 13:44:38,578 - stcal.resample.resample - INFO - Resampling science and variance data
2026-09-28 13:44:40,321 - stcal.resample.resample - INFO - Drizzling (2048, 2048) --> (20764, 23766)
2026-09-28 13:44:42,416 - stcal.resample.resample - INFO - Drizzling (2048, 2048) --> (20764, 23766)
2026-09-28 13:44:44,502 - stcal.resample.resample - INFO - Drizzling (2048, 2048) --> (20764, 23766)
2026-09-28 13:44:55,625 - stcal.resample.resample - INFO - Resampling science and variance data
2026-09-28 13:44:57,355 - stcal.resample.resample - INFO - Drizzling (2048, 2048) --> (20764, 23766)
2026-09-28 13:44:59,430 - stcal.resample.resample - INFO - Drizzling (2048, 2048) --> (20764, 23766)
2026-09-28 13:45:01,501 - stcal.resample.resample - INFO - Drizzling (2048, 2048) --> (20764, 23766)
2026-09-28 13:45:12,054 - stcal.resample.resample - INFO - Resampling science and variance data
2026-09-28 13:45:13,804 - stcal.resample.resample - INFO - Drizzling (2048, 2048) --> (20764, 23766)
2026-09-28 13:45:15,888 - stcal.resample.resample - INFO - Drizzling (2048, 2048) --> (20764, 23766)
2026-09-28 13:45:17,953 - stcal.resample.resample - INFO - Drizzling (2048, 2048) --> (20764, 23766)
2026-09-28 13:45:29,079 - stcal.resample.resample - INFO - Resampling science and variance data
2026-09-28 13:45:30,814 - stcal.resample.resample - INFO - Drizzling (2048, 2048) --> (20764, 23766)
2026-09-28 13:45:32,902 - stcal.resample.resample - INFO - Drizzling (2048, 2048) --> (20764, 23766)
2026-09-28 13:45:34,988 - stcal.resample.resample - INFO - Drizzling (2048, 2048) --> (20764, 23766)
2026-09-28 13:45:46,111 - stcal.resample.resample - INFO - Resampling science and variance data
2026-09-28 13:45:47,824 - stcal.resample.resample - INFO - Drizzling (2048, 2048) --> (20764, 23766)
2026-09-28 13:45:49,900 - stcal.resample.resample - INFO - Drizzling (2048, 2048) --> (20764, 23766)
2026-09-28 13:45:51,968 - stcal.resample.resample - INFO - Drizzling (2048, 2048) --> (20764, 23766)
2026-09-28 13:46:03,030 - stcal.resample.resample - INFO - Resampling science and variance data
2026-09-28 13:46:04,753 - stcal.resample.resample - INFO - Drizzling (2048, 2048) --> (20764, 23766)
2026-09-28 13:46:06,847 - stcal.resample.resample - INFO - Drizzling (2048, 2048) --> (20764, 23766)
2026-09-28 13:46:08,946 - stcal.resample.resample - INFO - Drizzling (2048, 2048) --> (20764, 23766)
2026-09-28 13:46:20,049 - stcal.resample.resample - INFO - Resampling science and variance data
2026-09-28 13:46:21,713 - stcal.resample.resample - INFO - Drizzling (2048, 2048) --> (20764, 23766)
2026-09-28 13:46:23,793 - stcal.resample.resample - INFO - Drizzling (2048, 2048) --> (20764, 23766)
2026-09-28 13:46:25,871 - stcal.resample.resample - INFO - Drizzling (2048, 2048) --> (20764, 23766)
2026-09-28 13:46:36,947 - stcal.resample.resample - INFO - Resampling science and variance data
2026-09-28 13:46:38,606 - stcal.resample.resample - INFO - Drizzling (2048, 2048) --> (20764, 23766)
2026-09-28 13:46:40,690 - stcal.resample.resample - INFO - Drizzling (2048, 2048) --> (20764, 23766)
2026-09-28 13:46:42,761 - stcal.resample.resample - INFO - Drizzling (2048, 2048) --> (20764, 23766)
2026-09-28 13:46:53,831 - stcal.resample.resample - INFO - Resampling science and variance data
2026-09-28 13:46:55,491 - stcal.resample.resample - INFO - Drizzling (2048, 2048) --> (20764, 23766)
2026-09-28 13:46:57,580 - stcal.resample.resample - INFO - Drizzling (2048, 2048) --> (20764, 23766)
2026-09-28 13:46:59,658 - stcal.resample.resample - INFO - Drizzling (2048, 2048) --> (20764, 23766)
2026-09-28 13:47:10,761 - stcal.resample.resample - INFO - Resampling science and variance data
2026-09-28 13:47:12,418 - stcal.resample.resample - INFO - Drizzling (2048, 2048) --> (20764, 23766)
2026-09-28 13:47:14,506 - stcal.resample.resample - INFO - Drizzling (2048, 2048) --> (20764, 23766)
2026-09-28 13:47:16,590 - stcal.resample.resample - INFO - Drizzling (2048, 2048) --> (20764, 23766)
2026-09-28 13:47:27,705 - stcal.resample.resample - INFO - Resampling science and variance data
2026-09-28 13:47:29,364 - stcal.resample.resample - INFO - Drizzling (2048, 2048) --> (20764, 23766)
2026-09-28 13:47:31,458 - stcal.resample.resample - INFO - Drizzling (2048, 2048) --> (20764, 23766)
2026-09-28 13:47:33,537 - stcal.resample.resample - INFO - Drizzling (2048, 2048) --> (20764, 23766)
2026-09-28 13:47:44,590 - stcal.resample.resample - INFO - Resampling science and variance data
2026-09-28 13:47:46,253 - stcal.resample.resample - INFO - Drizzling (2048, 2048) --> (20764, 23766)
2026-09-28 13:47:48,357 - stcal.resample.resample - INFO - Drizzling (2048, 2048) --> (20764, 23766)
2026-09-28 13:47:50,447 - stcal.resample.resample - INFO - Drizzling (2048, 2048) --> (20764, 23766)
2026-09-28 13:48:01,552 - stcal.resample.resample - INFO - Resampling science and variance data
2026-09-28 13:48:03,217 - stcal.resample.resample - INFO - Drizzling (2048, 2048) --> (20764, 23766)
2026-09-28 13:48:05,295 - stcal.resample.resample - INFO - Drizzling (2048, 2048) --> (20764, 23766)
2026-09-28 13:48:07,365 - stcal.resample.resample - INFO - Drizzling (2048, 2048) --> (20764, 23766)
2026-09-28 13:48:18,412 - stcal.resample.resample - INFO - Resampling science and variance data
2026-09-28 13:48:20,075 - stcal.resample.resample - INFO - Drizzling (2048, 2048) --> (20764, 23766)
2026-09-28 13:48:22,164 - stcal.resample.resample - INFO - Drizzling (2048, 2048) --> (20764, 23766)
2026-09-28 13:48:24,237 - stcal.resample.resample - INFO - Drizzling (2048, 2048) --> (20764, 23766)
2026-09-28 13:48:35,312 - stcal.resample.resample - INFO - Resampling science and variance data
2026-09-28 13:48:36,976 - stcal.resample.resample - INFO - Drizzling (2048, 2048) --> (20764, 23766)
2026-09-28 13:48:39,068 - stcal.resample.resample - INFO - Drizzling (2048, 2048) --> (20764, 23766)
2026-09-28 13:48:41,149 - stcal.resample.resample - INFO - Drizzling (2048, 2048) --> (20764, 23766)
2026-09-28 13:48:52,299 - stcal.resample.resample - INFO - Resampling science and variance data
2026-09-28 13:48:53,960 - stcal.resample.resample - INFO - Drizzling (2048, 2048) --> (20764, 23766)
2026-09-28 13:48:56,039 - stcal.resample.resample - INFO - Drizzling (2048, 2048) --> (20764, 23766)
2026-09-28 13:48:58,108 - stcal.resample.resample - INFO - Drizzling (2048, 2048) --> (20764, 23766)
2026-09-28 13:49:09,175 - stcal.resample.resample - INFO - Resampling science and variance data
2026-09-28 13:49:10,845 - stcal.resample.resample - INFO - Drizzling (2048, 2048) --> (20764, 23766)
2026-09-28 13:49:12,943 - stcal.resample.resample - INFO - Drizzling (2048, 2048) --> (20764, 23766)
2026-09-28 13:49:15,028 - stcal.resample.resample - INFO - Drizzling (2048, 2048) --> (20764, 23766)
2026-09-28 13:49:26,152 - stcal.resample.resample - INFO - Resampling science and variance data
2026-09-28 13:49:27,809 - stcal.resample.resample - INFO - Drizzling (2048, 2048) --> (20764, 23766)
2026-09-28 13:49:29,895 - stcal.resample.resample - INFO - Drizzling (2048, 2048) --> (20764, 23766)
2026-09-28 13:49:31,967 - stcal.resample.resample - INFO - Drizzling (2048, 2048) --> (20764, 23766)
2026-09-28 13:49:43,180 - stcal.resample.resample - INFO - Resampling science and variance data
2026-09-28 13:49:44,864 - stcal.resample.resample - INFO - Drizzling (2048, 2048) --> (20764, 23766)
2026-09-28 13:49:46,950 - stcal.resample.resample - INFO - Drizzling (2048, 2048) --> (20764, 23766)
2026-09-28 13:49:49,018 - stcal.resample.resample - INFO - Drizzling (2048, 2048) --> (20764, 23766)
2026-09-28 13:50:00,146 - stcal.resample.resample - INFO - Resampling science and variance data
2026-09-28 13:50:01,802 - stcal.resample.resample - INFO - Drizzling (2048, 2048) --> (20764, 23766)
2026-09-28 13:50:03,892 - stcal.resample.resample - INFO - Drizzling (2048, 2048) --> (20764, 23766)
2026-09-28 13:50:05,974 - stcal.resample.resample - INFO - Drizzling (2048, 2048) --> (20764, 23766)
2026-09-28 13:50:17,074 - stcal.resample.resample - INFO - Resampling science and variance data
2026-09-28 13:50:18,734 - stcal.resample.resample - INFO - Drizzling (2048, 2048) --> (20764, 23766)
2026-09-28 13:50:20,816 - stcal.resample.resample - INFO - Drizzling (2048, 2048) --> (20764, 23766)
2026-09-28 13:50:22,883 - stcal.resample.resample - INFO - Drizzling (2048, 2048) --> (20764, 23766)
2026-09-28 13:50:33,917 - stcal.resample.resample - INFO - Resampling science and variance data
2026-09-28 13:50:35,580 - stcal.resample.resample - INFO - Drizzling (2048, 2048) --> (20764, 23766)
2026-09-28 13:50:37,695 - stcal.resample.resample - INFO - Drizzling (2048, 2048) --> (20764, 23766)
2026-09-28 13:50:39,783 - stcal.resample.resample - INFO - Drizzling (2048, 2048) --> (20764, 23766)
2026-09-28 13:50:50,845 - stcal.resample.resample - INFO - Resampling science and variance data
2026-09-28 13:50:52,646 - stcal.resample.resample - INFO - Drizzling (2048, 2048) --> (20764, 23766)
2026-09-28 13:50:54,766 - stcal.resample.resample - INFO - Drizzling (2048, 2048) --> (20764, 23766)
2026-09-28 13:50:56,869 - stcal.resample.resample - INFO - Drizzling (2048, 2048) --> (20764, 23766)
2026-09-28 13:51:07,935 - stcal.resample.resample - INFO - Resampling science and variance data
2026-09-28 13:51:09,702 - stcal.resample.resample - INFO - Drizzling (2048, 2048) --> (20764, 23766)
2026-09-28 13:51:11,825 - stcal.resample.resample - INFO - Drizzling (2048, 2048) --> (20764, 23766)
2026-09-28 13:51:13,932 - stcal.resample.resample - INFO - Drizzling (2048, 2048) --> (20764, 23766)
2026-09-28 13:51:24,987 - stcal.resample.resample - INFO - Resampling science and variance data
2026-09-28 13:51:26,775 - stcal.resample.resample - INFO - Drizzling (2048, 2048) --> (20764, 23766)
2026-09-28 13:51:28,903 - stcal.resample.resample - INFO - Drizzling (2048, 2048) --> (20764, 23766)
2026-09-28 13:51:31,024 - stcal.resample.resample - INFO - Drizzling (2048, 2048) --> (20764, 23766)
2026-09-28 13:51:42,095 - stcal.resample.resample - INFO - Resampling science and variance data
2026-09-28 13:51:43,862 - stcal.resample.resample - INFO - Drizzling (2048, 2048) --> (20764, 23766)
2026-09-28 13:51:45,994 - stcal.resample.resample - INFO - Drizzling (2048, 2048) --> (20764, 23766)
2026-09-28 13:51:48,120 - stcal.resample.resample - INFO - Drizzling (2048, 2048) --> (20764, 23766)
2026-09-28 13:51:59,177 - stcal.resample.resample - INFO - Resampling science and variance data
2026-09-28 13:52:00,898 - stcal.resample.resample - INFO - Drizzling (2048, 2048) --> (20764, 23766)
2026-09-28 13:52:03,021 - stcal.resample.resample - INFO - Drizzling (2048, 2048) --> (20764, 23766)
2026-09-28 13:52:05,131 - stcal.resample.resample - INFO - Drizzling (2048, 2048) --> (20764, 23766)
2026-09-28 13:52:16,116 - stcal.resample.resample - INFO - Resampling science and variance data
2026-09-28 13:52:17,838 - stcal.resample.resample - INFO - Drizzling (2048, 2048) --> (20764, 23766)
2026-09-28 13:52:19,953 - stcal.resample.resample - INFO - Drizzling (2048, 2048) --> (20764, 23766)
2026-09-28 13:52:22,068 - stcal.resample.resample - INFO - Drizzling (2048, 2048) --> (20764, 23766)
2026-09-28 13:52:33,142 - stcal.resample.resample - INFO - Resampling science and variance data
2026-09-28 13:52:34,867 - stcal.resample.resample - INFO - Drizzling (2048, 2048) --> (20764, 23766)
2026-09-28 13:52:36,994 - stcal.resample.resample - INFO - Drizzling (2048, 2048) --> (20764, 23766)
2026-09-28 13:52:39,110 - stcal.resample.resample - INFO - Drizzling (2048, 2048) --> (20764, 23766)
2026-09-28 13:52:50,110 - stcal.resample.resample - INFO - Resampling science and variance data
2026-09-28 13:52:51,839 - stcal.resample.resample - INFO - Drizzling (2048, 2048) --> (20764, 23766)
2026-09-28 13:52:53,976 - stcal.resample.resample - INFO - Drizzling (2048, 2048) --> (20764, 23766)
2026-09-28 13:52:56,135 - stcal.resample.resample - INFO - Drizzling (2048, 2048) --> (20764, 23766)
2026-09-28 13:53:07,204 - stcal.resample.resample - INFO - Resampling science and variance data
2026-09-28 13:53:08,924 - stcal.resample.resample - INFO - Drizzling (2048, 2048) --> (20764, 23766)
2026-09-28 13:53:11,046 - stcal.resample.resample - INFO - Drizzling (2048, 2048) --> (20764, 23766)
2026-09-28 13:53:13,157 - stcal.resample.resample - INFO - Drizzling (2048, 2048) --> (20764, 23766)
2026-09-28 13:53:24,173 - stcal.resample.resample - INFO - Resampling science and variance data
2026-09-28 13:53:25,889 - stcal.resample.resample - INFO - Drizzling (2048, 2048) --> (20764, 23766)
2026-09-28 13:53:28,016 - stcal.resample.resample - INFO - Drizzling (2048, 2048) --> (20764, 23766)
2026-09-28 13:53:30,118 - stcal.resample.resample - INFO - Drizzling (2048, 2048) --> (20764, 23766)
2026-09-28 13:53:41,189 - stcal.resample.resample - INFO - Resampling science and variance data
2026-09-28 13:53:42,912 - stcal.resample.resample - INFO - Drizzling (2048, 2048) --> (20764, 23766)
2026-09-28 13:53:45,044 - stcal.resample.resample - INFO - Drizzling (2048, 2048) --> (20764, 23766)
2026-09-28 13:53:47,152 - stcal.resample.resample - INFO - Drizzling (2048, 2048) --> (20764, 23766)
2026-09-28 13:53:58,164 - stcal.resample.resample - INFO - Resampling science and variance data
2026-09-28 13:53:59,887 - stcal.resample.resample - INFO - Drizzling (2048, 2048) --> (20764, 23766)
2026-09-28 13:54:02,028 - stcal.resample.resample - INFO - Drizzling (2048, 2048) --> (20764, 23766)
2026-09-28 13:54:04,146 - stcal.resample.resample - INFO - Drizzling (2048, 2048) --> (20764, 23766)
2026-09-28 13:54:15,220 - stcal.resample.resample - INFO - Resampling science and variance data
2026-09-28 13:54:16,925 - stcal.resample.resample - INFO - Drizzling (2048, 2048) --> (20764, 23766)
2026-09-28 13:54:19,048 - stcal.resample.resample - INFO - Drizzling (2048, 2048) --> (20764, 23766)
2026-09-28 13:54:21,161 - stcal.resample.resample - INFO - Drizzling (2048, 2048) --> (20764, 23766)
2026-09-28 13:54:32,170 - stcal.resample.resample - INFO - Resampling science and variance data
2026-09-28 13:54:33,880 - stcal.resample.resample - INFO - Drizzling (2048, 2048) --> (20764, 23766)
2026-09-28 13:54:36,010 - stcal.resample.resample - INFO - Drizzling (2048, 2048) --> (20764, 23766)
2026-09-28 13:54:38,132 - stcal.resample.resample - INFO - Drizzling (2048, 2048) --> (20764, 23766)
2026-09-28 13:54:49,379 - stcal.resample.resample - INFO - Resampling science and variance data
2026-09-28 13:54:51,113 - stcal.resample.resample - INFO - Drizzling (2048, 2048) --> (20764, 23766)
2026-09-28 13:54:53,243 - stcal.resample.resample - INFO - Drizzling (2048, 2048) --> (20764, 23766)
2026-09-28 13:54:55,356 - stcal.resample.resample - INFO - Drizzling (2048, 2048) --> (20764, 23766)
2026-09-28 13:55:06,547 - stcal.resample.resample - INFO - Resampling science and variance data
2026-09-28 13:55:08,297 - stcal.resample.resample - INFO - Drizzling (2048, 2048) --> (20764, 23766)
2026-09-28 13:55:10,432 - stcal.resample.resample - INFO - Drizzling (2048, 2048) --> (20764, 23766)
2026-09-28 13:55:12,563 - stcal.resample.resample - INFO - Drizzling (2048, 2048) --> (20764, 23766)
2026-09-28 13:55:23,827 - stcal.resample.resample - INFO - Resampling science and variance data
2026-09-28 13:55:25,447 - stcal.resample.resample - INFO - Drizzling (2048, 2048) --> (20764, 23766)
2026-09-28 13:55:27,487 - stcal.resample.resample - INFO - Drizzling (2048, 2048) --> (20764, 23766)
2026-09-28 13:55:29,506 - stcal.resample.resample - INFO - Drizzling (2048, 2048) --> (20764, 23766)
2026-09-28 13:55:40,536 - stcal.resample.resample - INFO - Resampling science and variance data
2026-09-28 13:55:42,155 - stcal.resample.resample - INFO - Drizzling (2048, 2048) --> (20764, 23766)
2026-09-28 13:55:44,182 - stcal.resample.resample - INFO - Drizzling (2048, 2048) --> (20764, 23766)
2026-09-28 13:55:46,205 - stcal.resample.resample - INFO - Drizzling (2048, 2048) --> (20764, 23766)
2026-09-28 13:55:57,192 - stcal.resample.resample - INFO - Resampling science and variance data
2026-09-28 13:55:58,785 - stcal.resample.resample - INFO - Drizzling (2048, 2048) --> (20764, 23766)
2026-09-28 13:56:00,826 - stcal.resample.resample - INFO - Drizzling (2048, 2048) --> (20764, 23766)
2026-09-28 13:56:02,845 - stcal.resample.resample - INFO - Drizzling (2048, 2048) --> (20764, 23766)
2026-09-28 13:56:13,859 - stcal.resample.resample - INFO - Resampling science and variance data
2026-09-28 13:56:15,440 - stcal.resample.resample - INFO - Drizzling (2048, 2048) --> (20764, 23766)
2026-09-28 13:56:17,476 - stcal.resample.resample - INFO - Drizzling (2048, 2048) --> (20764, 23766)
2026-09-28 13:56:19,504 - stcal.resample.resample - INFO - Drizzling (2048, 2048) --> (20764, 23766)
2026-09-28 13:56:30,507 - stcal.resample.resample - INFO - Resampling science and variance data
2026-09-28 13:56:32,081 - stcal.resample.resample - INFO - Drizzling (2048, 2048) --> (20764, 23766)
2026-09-28 13:56:34,117 - stcal.resample.resample - INFO - Drizzling (2048, 2048) --> (20764, 23766)
2026-09-28 13:56:36,143 - stcal.resample.resample - INFO - Drizzling (2048, 2048) --> (20764, 23766)
2026-09-28 13:56:47,135 - stcal.resample.resample - INFO - Resampling science and variance data
2026-09-28 13:56:48,711 - stcal.resample.resample - INFO - Drizzling (2048, 2048) --> (20764, 23766)
2026-09-28 13:56:50,751 - stcal.resample.resample - INFO - Drizzling (2048, 2048) --> (20764, 23766)
2026-09-28 13:56:52,787 - stcal.resample.resample - INFO - Drizzling (2048, 2048) --> (20764, 23766)
2026-09-28 13:57:03,803 - stcal.resample.resample - INFO - Resampling science and variance data
2026-09-28 13:57:05,359 - stcal.resample.resample - INFO - Drizzling (2048, 2048) --> (20764, 23766)
2026-09-28 13:57:07,378 - stcal.resample.resample - INFO - Drizzling (2048, 2048) --> (20764, 23766)
2026-09-28 13:57:09,390 - stcal.resample.resample - INFO - Drizzling (2048, 2048) --> (20764, 23766)
2026-09-28 13:57:20,525 - stcal.resample.resample - INFO - Resampling science and variance data
2026-09-28 13:57:22,121 - stcal.resample.resample - INFO - Drizzling (2048, 2048) --> (20764, 23766)
2026-09-28 13:57:24,157 - stcal.resample.resample - INFO - Drizzling (2048, 2048) --> (20764, 23766)
2026-09-28 13:57:26,176 - stcal.resample.resample - INFO - Drizzling (2048, 2048) --> (20764, 23766)
2026-09-28 13:57:37,317 - stcal.resample.resample - INFO - Resampling science and variance data
2026-09-28 13:57:38,904 - stcal.resample.resample - INFO - Drizzling (2048, 2048) --> (20764, 23766)
2026-09-28 13:57:40,938 - stcal.resample.resample - INFO - Drizzling (2048, 2048) --> (20764, 23766)
2026-09-28 13:57:42,966 - stcal.resample.resample - INFO - Drizzling (2048, 2048) --> (20764, 23766)
2026-09-28 13:57:54,142 - stcal.resample.resample - INFO - Resampling science and variance data
2026-09-28 13:57:55,729 - stcal.resample.resample - INFO - Drizzling (2048, 2048) --> (20764, 23766)
2026-09-28 13:57:57,758 - stcal.resample.resample - INFO - Drizzling (2048, 2048) --> (20764, 23766)
2026-09-28 13:57:59,777 - stcal.resample.resample - INFO - Drizzling (2048, 2048) --> (20764, 23766)
2026-09-28 13:58:10,969 - stcal.resample.resample - INFO - Resampling science and variance data
2026-09-28 13:58:12,563 - stcal.resample.resample - INFO - Drizzling (2048, 2048) --> (20764, 23766)
2026-09-28 13:58:14,597 - stcal.resample.resample - INFO - Drizzling (2048, 2048) --> (20764, 23766)
2026-09-28 13:58:16,627 - stcal.resample.resample - INFO - Drizzling (2048, 2048) --> (20764, 23766)
2026-09-28 13:58:27,831 - stcal.resample.resample - INFO - Resampling science and variance data
2026-09-28 13:58:29,431 - stcal.resample.resample - INFO - Drizzling (2048, 2048) --> (20764, 23766)
2026-09-28 13:58:31,468 - stcal.resample.resample - INFO - Drizzling (2048, 2048) --> (20764, 23766)
2026-09-28 13:58:33,486 - stcal.resample.resample - INFO - Drizzling (2048, 2048) --> (20764, 23766)
2026-09-28 13:58:44,694 - stcal.resample.resample - INFO - Resampling science and variance data
2026-09-28 13:58:46,287 - stcal.resample.resample - INFO - Drizzling (2048, 2048) --> (20764, 23766)
2026-09-28 13:58:48,341 - stcal.resample.resample - INFO - Drizzling (2048, 2048) --> (20764, 23766)
2026-09-28 13:58:50,365 - stcal.resample.resample - INFO - Drizzling (2048, 2048) --> (20764, 23766)
2026-09-28 13:59:01,523 - stcal.resample.resample - INFO - Resampling science and variance data
2026-09-28 13:59:03,127 - stcal.resample.resample - INFO - Drizzling (2048, 2048) --> (20764, 23766)
2026-09-28 13:59:05,162 - stcal.resample.resample - INFO - Drizzling (2048, 2048) --> (20764, 23766)
2026-09-28 13:59:07,190 - stcal.resample.resample - INFO - Drizzling (2048, 2048) --> (20764, 23766)
2026-09-28 13:59:18,394 - stcal.resample.resample - INFO - Resampling science and variance data
2026-09-28 13:59:19,976 - stcal.resample.resample - INFO - Drizzling (2048, 2048) --> (20764, 23766)
2026-09-28 13:59:22,005 - stcal.resample.resample - INFO - Drizzling (2048, 2048) --> (20764, 23766)
2026-09-28 13:59:24,025 - stcal.resample.resample - INFO - Drizzling (2048, 2048) --> (20764, 23766)
2026-09-28 13:59:35,060 - stcal.resample.resample - INFO - Resampling science and variance data
2026-09-28 13:59:36,622 - stcal.resample.resample - INFO - Drizzling (2048, 2048) --> (20764, 23766)
2026-09-28 13:59:38,659 - stcal.resample.resample - INFO - Drizzling (2048, 2048) --> (20764, 23766)
2026-09-28 13:59:40,690 - stcal.resample.resample - INFO - Drizzling (2048, 2048) --> (20764, 23766)
2026-09-28 13:59:51,673 - stcal.resample.resample - INFO - Resampling science and variance data
2026-09-28 13:59:53,233 - stcal.resample.resample - INFO - Drizzling (2048, 2048) --> (20764, 23766)
2026-09-28 13:59:55,265 - stcal.resample.resample - INFO - Drizzling (2048, 2048) --> (20764, 23766)
2026-09-28 13:59:57,285 - stcal.resample.resample - INFO - Drizzling (2048, 2048) --> (20764, 23766)
2026-09-28 14:00:08,262 - stcal.resample.resample - INFO - Resampling science and variance data
2026-09-28 14:00:09,813 - stcal.resample.resample - INFO - Drizzling (2048, 2048) --> (20764, 23766)
2026-09-28 14:00:11,843 - stcal.resample.resample - INFO - Drizzling (2048, 2048) --> (20764, 23766)
2026-09-28 14:00:13,858 - stcal.resample.resample - INFO - Drizzling (2048, 2048) --> (20764, 23766)
2026-09-28 14:00:24,820 - stcal.resample.resample - INFO - Resampling science and variance data
2026-09-28 14:00:26,385 - stcal.resample.resample - INFO - Drizzling (2048, 2048) --> (20764, 23766)
2026-09-28 14:00:28,427 - stcal.resample.resample - INFO - Drizzling (2048, 2048) --> (20764, 23766)
2026-09-28 14:00:30,456 - stcal.resample.resample - INFO - Drizzling (2048, 2048) --> (20764, 23766)
2026-09-28 14:00:41,463 - stcal.resample.resample - INFO - Resampling science and variance data
2026-09-28 14:00:43,023 - stcal.resample.resample - INFO - Drizzling (2048, 2048) --> (20764, 23766)
2026-09-28 14:00:45,054 - stcal.resample.resample - INFO - Drizzling (2048, 2048) --> (20764, 23766)
2026-09-28 14:00:47,083 - stcal.resample.resample - INFO - Drizzling (2048, 2048) --> (20764, 23766)
2026-09-28 14:00:58,064 - stcal.resample.resample - INFO - Resampling science and variance data
2026-09-28 14:00:59,631 - stcal.resample.resample - INFO - Drizzling (2048, 2048) --> (20764, 23766)
2026-09-28 14:01:01,661 - stcal.resample.resample - INFO - Drizzling (2048, 2048) --> (20764, 23766)
2026-09-28 14:01:03,692 - stcal.resample.resample - INFO - Drizzling (2048, 2048) --> (20764, 23766)
2026-09-28 14:01:14,656 - stcal.resample.resample - INFO - Resampling science and variance data
2026-09-28 14:01:16,232 - stcal.resample.resample - INFO - Drizzling (2048, 2048) --> (20764, 23766)
2026-09-28 14:01:18,279 - stcal.resample.resample - INFO - Drizzling (2048, 2048) --> (20764, 23766)
2026-09-28 14:01:20,308 - stcal.resample.resample - INFO - Drizzling (2048, 2048) --> (20764, 23766)
2026-09-28 14:01:31,313 - stcal.resample.resample - INFO - Resampling science and variance data
2026-09-28 14:01:32,867 - stcal.resample.resample - INFO - Drizzling (2048, 2048) --> (20764, 23766)
2026-09-28 14:01:34,893 - stcal.resample.resample - INFO - Drizzling (2048, 2048) --> (20764, 23766)
2026-09-28 14:01:36,911 - stcal.resample.resample - INFO - Drizzling (2048, 2048) --> (20764, 23766)
2026-09-28 14:01:47,870 - stcal.resample.resample - INFO - Resampling science and variance data
2026-09-28 14:01:49,429 - stcal.resample.resample - INFO - Drizzling (2048, 2048) --> (20764, 23766)
2026-09-28 14:01:51,463 - stcal.resample.resample - INFO - Drizzling (2048, 2048) --> (20764, 23766)
2026-09-28 14:01:53,482 - stcal.resample.resample - INFO - Drizzling (2048, 2048) --> (20764, 23766)
2026-09-28 14:02:04,450 - stcal.resample.resample - INFO - Resampling science and variance data
2026-09-28 14:02:06,026 - stcal.resample.resample - INFO - Drizzling (2048, 2048) --> (20764, 23766)
2026-09-28 14:02:08,066 - stcal.resample.resample - INFO - Drizzling (2048, 2048) --> (20764, 23766)
2026-09-28 14:02:10,083 - stcal.resample.resample - INFO - Drizzling (2048, 2048) --> (20764, 23766)
2026-09-28 14:02:21,050 - stcal.resample.resample - INFO - Resampling science and variance data
2026-09-28 14:02:22,623 - stcal.resample.resample - INFO - Drizzling (2048, 2048) --> (20764, 23766)
2026-09-28 14:02:24,651 - stcal.resample.resample - INFO - Drizzling (2048, 2048) --> (20764, 23766)
2026-09-28 14:02:26,669 - stcal.resample.resample - INFO - Drizzling (2048, 2048) --> (20764, 23766)
2026-09-28 14:02:37,655 - stcal.resample.resample - INFO - Resampling science and variance data
2026-09-28 14:02:39,221 - stcal.resample.resample - INFO - Drizzling (2048, 2048) --> (20764, 23766)
2026-09-28 14:02:41,254 - stcal.resample.resample - INFO - Drizzling (2048, 2048) --> (20764, 23766)
2026-09-28 14:02:43,282 - stcal.resample.resample - INFO - Drizzling (2048, 2048) --> (20764, 23766)
2026-09-28 14:02:54,276 - stcal.resample.resample - INFO - Resampling science and variance data
2026-09-28 14:02:55,836 - stcal.resample.resample - INFO - Drizzling (2048, 2048) --> (20764, 23766)
2026-09-28 14:02:57,864 - stcal.resample.resample - INFO - Drizzling (2048, 2048) --> (20764, 23766)
2026-09-28 14:02:59,878 - stcal.resample.resample - INFO - Drizzling (2048, 2048) --> (20764, 23766)
2026-09-28 14:03:10,841 - stcal.resample.resample - INFO - Resampling science and variance data
2026-09-28 14:03:12,404 - stcal.resample.resample - INFO - Drizzling (2048, 2048) --> (20764, 23766)
2026-09-28 14:03:14,438 - stcal.resample.resample - INFO - Drizzling (2048, 2048) --> (20764, 23766)
2026-09-28 14:03:16,503 - stcal.resample.resample - INFO - Drizzling (2048, 2048) --> (20764, 23766)
2026-09-28 14:03:27,408 - stcal.resample.resample - INFO - Resampling science and variance data
2026-09-28 14:03:29,147 - stcal.resample.resample - INFO - Drizzling (2048, 2048) --> (20764, 23766)
2026-09-28 14:03:31,196 - stcal.resample.resample - INFO - Drizzling (2048, 2048) --> (20764, 23766)
2026-09-28 14:03:33,234 - stcal.resample.resample - INFO - Drizzling (2048, 2048) --> (20764, 23766)
2026-09-28 14:03:44,241 - stcal.resample.resample - INFO - Resampling science and variance data
2026-09-28 14:03:45,849 - stcal.resample.resample - INFO - Drizzling (2048, 2048) --> (20764, 23766)
2026-09-28 14:03:47,883 - stcal.resample.resample - INFO - Drizzling (2048, 2048) --> (20764, 23766)
2026-09-28 14:03:49,906 - stcal.resample.resample - INFO - Drizzling (2048, 2048) --> (20764, 23766)
2026-09-28 14:04:00,830 - stcal.resample.resample - INFO - Resampling science and variance data
2026-09-28 14:04:02,598 - stcal.resample.resample - INFO - Drizzling (2048, 2048) --> (20764, 23766)
2026-09-28 14:04:04,632 - stcal.resample.resample - INFO - Drizzling (2048, 2048) --> (20764, 23766)
2026-09-28 14:04:06,655 - stcal.resample.resample - INFO - Drizzling (2048, 2048) --> (20764, 23766)
2026-09-28 14:04:24,849 - jwst.resample.resample - INFO - Assigning output S_REGION: POLYGON ICRS  14.842769378 -72.128920020 14.900724958 -72.130476455 14.900730350 -72.130455759 14.900920768 -72.130460844 14.905551475 -72.112669079 14.905481946 -72.112667519 14.905487472 -72.112646251 14.905404249 -72.112644385 14.905409641 -72.112623643 14.847579638 -72.111317782 14.847562990 -72.111379258 14.847525584 -72.111378407  POLYGON ICRS  14.900551704 -72.131748524 14.842577280 -72.130173828 14.842558332 -72.130235623 14.842521333 -72.130234613 14.837853085 -72.145449875 14.835942873 -72.145406411 14.835926013 -72.145468385 14.835882764 -72.145467401 14.832033290 -72.159615625 14.831581267 -72.159604811 14.831563682 -72.159666837 14.831523855 -72.159665885 14.826533431 -72.177259831 14.826869825 -72.177269316 14.826523266 -72.178393489 14.826403386 -72.178389855 14.826382469 -72.178451532 14.826349229 -72.178450524 14.821163491 -72.193723423 14.819880683 -72.193692717 14.819863206 -72.193754111 14.819823520 -72.193753161 14.814810353 -72.211346749 14.872953325 -72.212978585 14.872959519 -72.212957896 14.873152381 -72.212963278 14.877652633 -72.197914461 14.878236117 -72.197934475 14.878243894 -72.197911891 14.878433690 -72.197918398 14.883307299 -72.183748407 14.883809542 -72.183764134 14.883815623 -72.183742977 14.884007410 -72.183748982 14.889136335 -72.165885646 14.889067780 -72.165883794 14.889073547 -72.165863686 14.888989839 -72.165861425 14.888995938 -72.165840158 14.888650933 -72.165830838 14.889028009 -72.164564058 14.889171168 -72.164567881 14.889176350 -72.164548066 14.889368438 -72.164553197 14.893275452 -72.149606423 14.895388565 -72.149672586 14.895394711 -72.149651110 14.895584213 -72.149657043 14.900692342 -72.131793403 14.900624263 -72.131791564 14.900630101 -72.131771136 14.900545894 -72.131768861  POLYGON ICRS  14.843866802 -72.111358529 14.843872516 -72.111337832 14.793279166 -72.110058630 14.793581614 -72.108921324 14.792924936 -72.108906216 14.792966833 -72.108748656 14.735156907 -72.107410153 14.735101493 -72.107610370 14.734600237 -72.107598688 14.729740522 -72.125137600 14.730391628 -72.125155555 14.730349030 -72.125309170 14.782127508 -72.126729914 14.781966204 -72.127291379 14.838973380 -72.128923532 14.838979221 -72.128902420 14.839170514 -72.128907867 14.844012788 -72.111382939 14.843945247 -72.111381240 14.843950932 -72.111360645  POLYGON ICRS  14.787992297 -72.127870567 14.730039716 -72.126262866 14.729976465 -72.126465162 14.729483705 -72.126451416 14.724668823 -72.141835143 14.723694439 -72.141812413 14.723677105 -72.141874757 14.723633715 -72.141873745 14.719783527 -72.155709966 14.718867171 -72.155687519 14.718808990 -72.155888484 14.718309251 -72.155876236 14.713209461 -72.173467213 14.713864331 -72.173486069 14.713820056 -72.173638681 14.714432479 -72.173656311 14.714170984 -72.174487837 14.713577033 -72.174469481 14.713506651 -72.174673312 14.713017620 -72.174658198 14.707681777 -72.190097035 14.707343929 -72.190088750 14.707325714 -72.190151385 14.707281684 -72.190150305 14.702162180 -72.207741004 14.753958887 -72.209225645 14.753854276 -72.209613562 14.811083710 -72.211176161 14.811089400 -72.211156112 14.811282375 -72.211161352 14.815606606 -72.195911431 14.816697940 -72.195945751 14.816704859 -72.195924563 14.816893634 -72.195930500 14.821519585 -72.181755373 14.821822273 -72.181764477 14.821828319 -72.181743814 14.822020780 -72.181749601 14.827163233 -72.164152067 14.827095766 -72.164150263 14.827101650 -72.164130115 14.827017520 -72.164127864 14.827023640 -72.164106907 14.826674207 -72.164097559 14.826983221 -72.163002673 14.827305913 -72.163011866 14.827311522 -72.162991673 14.827502320 -72.162997110 14.831770029 -72.147623926 14.833514486 -72.147676366 14.833520471 -72.147655817 14.833709401 -72.147661498 14.838832227 -72.130063686 14.838764249 -72.130061868 14.838770228 -72.130041316 14.838684921 -72.130039034 14.838690921 -72.130018403 14.788426144 -72.128667793 14.788608374 -72.128043126 14.787947275 -72.128024886  POLYGON ICRS  14.674038455 -72.106144579 14.668958717 -72.123473657 14.669611533 -72.123492827 14.669566820 -72.123645238 14.726552773 -72.125310040 14.726609911 -72.125107934 14.727115641 -72.125122633 14.732064167 -72.107600531 14.731407145 -72.107583620 14.731451025 -72.107428172 14.674596394 -72.105955774 14.674537283 -72.106157567  POLYGON ICRS  14.726772283 -72.126277917 14.726110731 -72.126259840 14.726156568 -72.126105506 14.669121273 -72.124538249 14.669057128 -72.124740069 14.668564091 -72.124726450 14.663588142 -72.140369983 14.663020863 -72.140355211 14.663002499 -72.140417684 14.662958925 -72.140416549 14.658919306 -72.154149202 14.657719896 -72.154119603 14.657664792 -72.154320624 14.657161745 -72.154308207 14.652388288 -72.171702734 14.653039928 -72.171720998 14.652997785 -72.171874448 14.653349048 -72.171884292 14.653041899 -72.172845774 14.652557257 -72.172831733 14.652490929 -72.173034249 14.651998150 -72.173019967 14.646909495 -72.188538054 14.646083584 -72.188517659 14.646066224 -72.188580722 14.646019501 -72.188579569 14.641230298 -72.205973920 14.698439097 -72.207568186 14.698444938 -72.207548027 14.698633172 -72.207553249 14.703054342 -72.192293642 14.703870457 -72.192319792 14.703938417 -72.192115562 14.704439244 -72.192131601 14.709084276 -72.178154451 14.709353428 -72.178162703 14.709359516 -72.178142321 14.709548630 -72.178148120 14.714799968 -72.160553629 14.714733376 -72.160551808 14.714739617 -72.160530884 14.714658226 -72.160528658 14.714664626 -72.160507189 14.714353613 -72.160498688 14.714668911 -72.159405060 14.714950817 -72.159413254 14.714956804 -72.159392161 14.715147558 -72.159397704 14.719508353 -72.144015302 14.720977134 -72.144060350 14.721037577 -72.143857258 14.721543014 -72.143872753  POLYGON ICRS  15.229040211 -72.170180947 15.229033699 -72.170063032 15.172031743 -72.170289738 15.172036351 -72.170565392 15.171457710 -72.170567607 15.171750356 -72.188121018 15.172652452 -72.188119010 15.172655427 -72.188297081 15.230340433 -72.188160273 15.230321727 -72.187821962 15.230829912 -72.187820685 15.229856208 -72.170177592  POLYGON ICRS  15.110718764 -72.188013378 15.110713170 -72.188187661 15.168154574 -72.188299668 15.168152378 -72.187959625 15.168644229 -72.187960519 15.168533189 -72.170411932 15.167712170 -72.170411015 15.167711445 -72.170297514 15.110946073 -72.170226363 15.110937135 -72.170504845 15.110371503 -72.170504049 15.109806977 -72.188011454  POLYGON ICRS  15.172543705 -72.207106219 15.172544650 -72.207283207 15.231148847 -72.207246569 15.231130503 -72.206906671 15.231637933 -72.206906282 15.230672603 -72.188978066 15.229855718 -72.188980000 15.229849489 -72.188864258 15.172118260 -72.188992724 15.172119720 -72.189269331 15.171543808 -72.189270524 15.171636287 -72.207106641  POLYGON ICRS  15.109909666 -72.206932492 15.109898298 -72.207105495 15.168245824 -72.207333082 15.168251752 -72.206990931 15.168737759 -72.206992750 15.169044496 -72.189161383 15.168220538 -72.189158874 15.168222461 -72.189047127 15.110735327 -72.188863714 15.110717037 -72.189142978 15.110159805 -72.189141115 15.108992081 -72.206928779  POLYGON ICRS  14.757857723 -72.228545927 14.748923638 -72.243302068 14.805529172 -72.246582793 14.805586722 -72.246486077 14.805941773 -72.246506602 14.805999256 -72.246410004 14.806357820 -72.246430727 14.815956566 -72.230281371 14.818937693 -72.230384361 14.809334288 -72.246689677 14.866919369 -72.249921869 14.866974893 -72.249825871 14.867330884 -72.249845799 14.867386373 -72.249749869 14.867745347 -72.249769962 14.877901941 -72.232192524 14.866928935 -72.231625676 14.872918308 -72.214275755 14.872848515 -72.214273660 14.872855413 -72.214253657 14.872768902 -72.214251060 14.872776113 -72.214230147 14.814681882 -72.212477715 14.814661092 -72.212538796 14.814626035 -72.212537733 14.809112745 -72.228715319 14.805633486 -72.228525871 14.810870370 -72.212532786 14.810800678 -72.212530827 14.810807272 -72.212510674 14.810722414 -72.212508289 14.810729290 -72.212487275 14.760113817 -72.211057959 14.760238489 -72.210702762 14.760169733 -72.210700658 14.760176899 -72.210680244 14.760096608 -72.210677786 14.760103970 -72.210656811 14.702032021 -72.208870868 14.702010348 -72.208933408 14.701969751 -72.208932153 14.695903820 -72.226420289 14.753813238 -72.228448255 14.753820922 -72.228426404 14.754009359 -72.228432975 14.754012513 -72.228424008  POLYGON ICRS  14.640899203 -72.207229617 14.640878672 -72.207292055 14.640836270 -72.207290826 14.635308226 -72.224089742 14.635165689 -72.224586380 14.692185031 -72.226420965 14.692192080 -72.226399854 14.692380003 -72.226405874 14.698212715 -72.208924321 14.698144954 -72.208922377 14.698151963 -72.208901342 14.698072059 -72.208899050 14.698078937 -72.208878414  POLYGON ICRS  14.856018132 -72.268800486 14.856076959 -72.268703340 14.856430635 -72.268724802 14.867100851 -72.251089927 14.809503128 -72.247838730 14.809442928 -72.247934898 14.809088414 -72.247914835 14.809028364 -72.248010777 14.808675278 -72.247990790 14.797791057 -72.265359588 14.855602058 -72.268877094 14.855661565 -72.268778852  POLYGON ICRS  14.788507585 -72.276969785 14.778021503 -72.294339234 14.835659834 -72.297645785 14.835719804 -72.297548904 14.836073712 -72.297569149 14.836132959 -72.297473424 14.836489070 -72.297493796 14.847372146 -72.279893693 14.789336239 -72.276818002 14.789279201 -72.276912581 14.788920036 -72.276893492 14.788862646 -72.276988658  POLYGON ICRS  14.823430017 -72.316323374 14.823779065 -72.316345622 14.823844490 -72.316247585 14.824194584 -72.316269899 14.835845906 -72.298793169 14.778294528 -72.295367598 14.778230619 -72.295464235 14.777879125 -72.295443258 14.777814665 -72.295540726 14.777463398 -72.295519764 14.766051198 -72.312760099 14.823342460 -72.316420604 14.823364752 -72.316421176  POLYGON ICRS  14.748974040 -72.244386643 14.748913610 -72.244482393 14.748558907 -72.244462412 14.748498523 -72.244558084 14.748146988 -72.244538279 14.737302924 -72.261700764 14.794230230 -72.265092921 14.794289655 -72.264995659 14.794643671 -72.265016697 14.794702979 -72.264919614 14.795059295 -72.264940787 14.805659668 -72.247570966  POLYGON ICRS  14.774405080 -72.293965680 14.774760790 -72.293985759 14.774818552 -72.293889953 14.775175651 -72.293910110 14.785630047 -72.276552535 14.728532897 -72.273515568 14.728477326 -72.273610224 14.728118485 -72.273591082 14.728062649 -72.273686184 14.727703410 -72.273667023 14.717606457 -72.290850188 14.774347384 -72.294061387  POLYGON ICRS  14.762390729 -72.312560527 14.762736182 -72.312581543 14.762801002 -72.312481649 14.763161329 -72.312503571 14.774338196 -72.295263183 14.717642955 -72.291999253 14.717579293 -72.292098270 14.717216972 -72.292077357 14.717156969 -72.292170687 14.716811680 -72.292150754 14.705832594 -72.309209152 14.762329208 -72.312655323
2026-09-28 14:08:25,443 - stpipe.step - INFO - Saved model in /net/vdesk/data2/slagter/JWST_NIRCAM_#1227_level_3/mosaic_F115W_test_i2d.fits
2026-09-28 14:08:25,443 - stpipe.step - INFO - Step resample done
2026-09-28 14:08:26,923 - stpipe.step - INFO - Step source_catalog running with args (<ImageModel(20764, 23766) from mosaic_F115W_test_i2d.fits>,).
2026-09-28 14:08:27,843 - jwst.source_catalog.source_catalog_step - INFO - Using APCORR reference file: /home/slagter/crds_cache/references/jwst/nircam/jwst_nircam_apcorr_0005.fits
2026-09-28 14:08:27,857 - jwst.source_catalog.source_catalog_step - INFO - Using ABVEGAOFFSET reference file: /home/slagter/crds_cache/references/jwst/nircam/jwst_nircam_abvegaoffset_0003.asdf
2026-09-28 14:08:27,858 - jwst.source_catalog.reference_data - INFO - Instrument: NIRCAM
2026-09-28 14:08:27,858 - jwst.source_catalog.reference_data - INFO - Detector: MULTIPLE
2026-09-28 14:08:27,858 - jwst.source_catalog.reference_data - INFO - Filter: F115W
2026-09-28 14:08:27,858 - jwst.source_catalog.reference_data - INFO - Pupil: CLEAR
2026-09-28 14:08:27,858 - jwst.source_catalog.reference_data - INFO - Subarray: FULL
2026-09-28 14:08:28,037 - jwst.source_catalog.reference_data - INFO - AB to Vega magnitude offset 0.76826
2026-09-28 14:12:29,579 - jwst.source_catalog.source_catalog_step - INFO - Wrote source catalog: /net/vdesk/data2/slagter/JWST_NIRCAM_#1227_level_3/mosaic_F115W_test_cat.ecsv
2026-09-28 14:12:49,492 - stpipe.step - INFO - Saved model in /net/vdesk/data2/slagter/JWST_NIRCAM_#1227_level_3/mosaic_F115W_test_segm.fits
2026-09-28 14:12:49,492 - jwst.source_catalog.source_catalog_step - INFO - Wrote segmentation map: mosaic_F115W_test_segm.fits
2026-09-28 14:12:49,508 - stpipe.step - INFO - Step source_catalog done
2026-09-28 14:12:50,623 - stpipe.step - INFO - Step Image3Pipeline done
2026-09-28 14:12:50,624 - jwst.stpipe.core - INFO - Results used jwst version: 3.0.0
0 ./jw01227014001_07201_00003_nrca4_cal_1overf.phot.txt
find_stars
dmag 0.2172
DDD NIRCAM F115W CLEAR ggg None
####### coron None
dmag 1.0
sharpness 1.05
mag 24
x 2008
y 2008
Saving refcat file into ./jw01227014001_07201_00003_nrca4_cal_1overf.refcat.txt
reffile_d2d 0.5
        slope    intercept     maxval  index  d_bestguess  fwhm  multimax
-1.734723e-17 1.776357e-14 112.221477  12366    -0.273155  0.74     False
d_rot_tmp 0.5268449304643241
Keeping 181 out of 181, skippin 0 because of null values in columns d_rot_tmp
median: -0.287721
75.000000 percentile cut: max residual for cut: 0.323918
__tmp_residuals 0.32391833261044894
median: -0.283664
i:00 mean:-0.283664(0.012759) stdev:0.147698(0.008989) X2norm:1.00 Nchanged:0 Ngood:135 Nclip:46

mean: -0.281486
i:01 mean:-0.281486(0.016094) stdev:0.202938(0.011345) X2norm:1.00 Nchanged:25 Ngood:160 Nclip:21

mean: -0.288262
i:02 mean:-0.288262(0.018187) stdev:0.237824(0.012823) X2norm:1.00 Nchanged:12 Ngood:172 Nclip:9

mean: -0.287651
i:03 mean:-0.287651(0.019864) stdev:0.264268(0.014006) X2norm:1.00 Nchanged:6 Ngood:178 Nclip:3

mean: -0.283794
i:04 mean:-0.283794(0.020766) stdev:0.278601(0.014643) X2norm:1.00 Nchanged:3 Ngood:181 Nclip:0

mean: -0.283794
i:05 mean:-0.283794(0.020766) stdev:0.278601(0.014643) X2norm:1.00 Nchanged:0 Ngood:181 Nclip:0
        slope    intercept     maxval  index  d_bestguess  fwhm  multimax
-1.734723e-17 1.776357e-14 114.388021   6098    -0.420829   0.6     False
d_rot_tmp 0.3791712336792614
Keeping 145 out of 145, skippin 0 because of null values in columns d_rot_tmp
median: -0.412854
75.000000 percentile cut: max residual for cut: 0.181991
__tmp_residuals 0.18199064195937825
median: -0.411632
i:00 mean:-0.411632(0.008189) stdev:0.084710(0.005764) X2norm:1.00 Nchanged:0 Ngood:108 Nclip:37

mean: -0.413448
i:01 mean:-0.413448(0.010364) stdev:0.117718(0.007301) X2norm:1.00 Nchanged:22 Ngood:130 Nclip:15

mean: -0.413359
i:02 mean:-0.413359(0.011791) stdev:0.138014(0.008307) X2norm:1.00 Nchanged:8 Ngood:138 Nclip:7

mean: -0.415941
i:03 mean:-0.415941(0.012534) stdev:0.148299(0.008831) X2norm:1.00 Nchanged:3 Ngood:141 Nclip:4

mean: -0.415941
i:04 mean:-0.415941(0.012534) stdev:0.148299(0.008831) X2norm:1.00 Nchanged:0 Ngood:141 Nclip:4
replacing SIP ./jw01227014001_07201_00003_nrca4_cal_1overf_jhat.fits
./jw01227014001_07201_00003_nrca4_cal_1overf_jhat.fits
0 ./jw01227014001_07201_00003_nrcb1_cal_1overf.phot.txt
find_stars
dmag 0.2172
DDD NIRCAM F115W CLEAR ggg None
####### coron None
dmag 1.0
sharpness 1.05
mag 24
x 2008
y 2008
Saving refcat file into ./jw01227014001_07201_00003_nrcb1_cal_1overf.refcat.txt
reffile_d2d 0.5
        slope    intercept     maxval  index  d_bestguess  fwhm  multimax
-1.734723e-17 1.776357e-14 174.388262   8862     -0.24167  0.66     False
d_rot_tmp 0.5583297585402704
Keeping 254 out of 254, skippin 0 because of null values in columns d_rot_tmp
median: -0.243282
75.000000 percentile cut: max residual for cut: 0.256069
__tmp_residuals 0.2560690319412372
median: -0.259525
i:00 mean:-0.259525(0.008641) stdev:0.118799(0.006094) X2norm:1.00 Nchanged:0 Ngood:190 Nclip:64

mean: -0.252454
i:01 mean:-0.252454(0.010431) stdev:0.153665(0.007359) X2norm:1.00 Nchanged:28 Ngood:218 Nclip:36

mean: -0.238961
i:02 mean:-0.238961(0.011963) stdev:0.182601(0.008441) X2norm:1.00 Nchanged:16 Ngood:234 Nclip:20

mean: -0.224893
i:03 mean:-0.224893(0.012755) stdev:0.197605(0.009001) X2norm:1.00 Nchanged:7 Ngood:241 Nclip:13

mean: -0.220266
i:04 mean:-0.220266(0.013066) stdev:0.203263(0.009220) X2norm:1.00 Nchanged:2 Ngood:243 Nclip:11

mean: -0.217791
i:05 mean:-0.217791(0.013247) stdev:0.206496(0.009348) X2norm:1.00 Nchanged:1 Ngood:244 Nclip:10

mean: -0.217791
i:06 mean:-0.217791(0.013247) stdev:0.206496(0.009348) X2norm:1.00 Nchanged:0 Ngood:244 Nclip:10
   slope  intercept     maxval  index  d_bestguess  fwhm  multimax
0.000049      -0.05 142.668404   6748    -0.282471  0.64     False
d_rot_tmp 0.5175286143875895
Keeping 190 out of 190, skippin 0 because of null values in columns d_rot_tmp
median: -0.293130
75.000000 percentile cut: max residual for cut: 0.201424
__tmp_residuals 0.20142390876604374
median: -0.303624
i:00 mean:-0.303624(0.008536) stdev:0.101356(0.006014) X2norm:1.00 Nchanged:0 Ngood:142 Nclip:48

mean: -0.284464
i:01 mean:-0.284464(0.010489) stdev:0.136353(0.007395) X2norm:1.00 Nchanged:28 Ngood:170 Nclip:20

mean: -0.280936
i:02 mean:-0.280936(0.011781) stdev:0.158497(0.008308) X2norm:1.00 Nchanged:12 Ngood:182 Nclip:8

mean: -0.283210
i:03 mean:-0.283210(0.011936) stdev:0.161028(0.008417) X2norm:1.00 Nchanged:1 Ngood:183 Nclip:7

mean: -0.283179
i:04 mean:-0.283179(0.012366) stdev:0.167744(0.008721) X2norm:1.00 Nchanged:2 Ngood:185 Nclip:5

mean: -0.285874
i:05 mean:-0.285874(0.012593) stdev:0.171281(0.008881) X2norm:1.00 Nchanged:1 Ngood:186 Nclip:4

mean: -0.288605
i:06 mean:-0.288605(0.012821) stdev:0.174855(0.009042) X2norm:1.00 Nchanged:1 Ngood:187 Nclip:3

mean: -0.288605
i:07 mean:-0.288605(0.012821) stdev:0.174855(0.009042) X2norm:1.00 Nchanged:0 Ngood:187 Nclip:3
replacing SIP ./jw01227014001_07201_00003_nrcb1_cal_1overf_jhat.fits
./jw01227014001_07201_00003_nrcb1_cal_1overf_jhat.fits
0 ./jw01227014001_07201_00003_nrcb2_cal_1overf.phot.txt
find_stars
dmag 0.2172
DDD NIRCAM F115W CLEAR ggg None
####### coron None
dmag 1.0
sharpness 1.05
mag 24
x 2008
y 2008
Saving refcat file into ./jw01227014001_07201_00003_nrcb2_cal_1overf.refcat.txt
reffile_d2d 0.5
    slope  intercept     maxval  index  d_bestguess  fwhm  multimax
-0.000049       0.05 164.804896  11549    -0.204201  0.72     False
d_rot_tmp 0.5957987532111304
Keeping 253 out of 253, skippin 0 because of null values in columns d_rot_tmp
median: -0.208840
75.000000 percentile cut: max residual for cut: 0.283552
__tmp_residuals 0.28355216106168496
median: -0.208575
i:00 mean:-0.208575(0.009791) stdev:0.134246(0.006905) X2norm:1.00 Nchanged:0 Ngood:189 Nclip:64

mean: -0.206367
i:01 mean:-0.206367(0.012087) stdev:0.179275(0.008527) X2norm:1.00 Nchanged:32 Ngood:221 Nclip:32

mean: -0.200941
i:02 mean:-0.200941(0.013730) stdev:0.210477(0.009688) X2norm:1.00 Nchanged:15 Ngood:236 Nclip:17

mean: -0.205663
i:03 mean:-0.205663(0.014907) stdev:0.232370(0.010519) X2norm:1.00 Nchanged:8 Ngood:244 Nclip:9

mean: -0.208365
i:04 mean:-0.208365(0.015825) stdev:0.249213(0.011167) X2norm:1.00 Nchanged:5 Ngood:249 Nclip:4

mean: -0.208412
i:05 mean:-0.208412(0.016218) stdev:0.256433(0.011445) X2norm:1.00 Nchanged:2 Ngood:251 Nclip:2

mean: -0.208412
i:06 mean:-0.208412(0.016218) stdev:0.256433(0.011445) X2norm:1.00 Nchanged:0 Ngood:251 Nclip:2
        slope    intercept     maxval  index  d_bestguess  fwhm  multimax
-1.734723e-17 1.776357e-14 141.115532   5061    -0.219935  0.64     False
d_rot_tmp 0.5800645032950655
Keeping 189 out of 189, skippin 0 because of null values in columns d_rot_tmp
median: -0.209239
75.000000 percentile cut: max residual for cut: 0.207203
__tmp_residuals 0.20720318534685014
median: -0.224666
i:00 mean:-0.224666(0.008132) stdev:0.096222(0.005730) X2norm:1.00 Nchanged:0 Ngood:141 Nclip:48

mean: -0.210400
i:01 mean:-0.210400(0.010004) stdev:0.127330(0.007052) X2norm:1.00 Nchanged:22 Ngood:163 Nclip:26

mean: -0.204556
i:02 mean:-0.204556(0.011402) stdev:0.149966(0.008039) X2norm:1.00 Nchanged:11 Ngood:174 Nclip:15

mean: -0.200434
i:03 mean:-0.200434(0.012952) stdev:0.175215(0.009134) X2norm:1.00 Nchanged:10 Ngood:184 Nclip:5

mean: -0.200434
i:04 mean:-0.200434(0.012952) stdev:0.175215(0.009134) X2norm:1.00 Nchanged:0 Ngood:184 Nclip:5
replacing SIP ./jw01227014001_07201_00003_nrcb2_cal_1overf_jhat.fits
./jw01227014001_07201_00003_nrcb2_cal_1overf_jhat.fits
0 ./jw01227014001_07201_00003_nrcb3_cal_1overf.phot.txt
find_stars
dmag 0.2172
DDD NIRCAM F115W CLEAR ggg None
####### coron None
dmag 1.0
sharpness 1.05
mag 24
x 2008
y 2008
Saving refcat file into ./jw01227014001_07201_00003_nrcb3_cal_1overf.refcat.txt
reffile_d2d 0.5
    slope  intercept    maxval  index  d_bestguess  fwhm  multimax
-0.000049       0.05 157.43205  10223    -0.205722  0.72     False
d_rot_tmp 0.5942776523759676
Keeping 247 out of 247, skippin 0 because of null values in columns d_rot_tmp
median: -0.196966
75.000000 percentile cut: max residual for cut: 0.306229
__tmp_residuals 0.30622902441509536
median: -0.206783
i:00 mean:-0.206783(0.010448) stdev:0.141723(0.007368) X2norm:1.00 Nchanged:0 Ngood:185 Nclip:62

mean: -0.194017
i:01 mean:-0.194017(0.012947) stdev:0.189835(0.009133) X2norm:1.00 Nchanged:31 Ngood:216 Nclip:31

mean: -0.185974
i:02 mean:-0.185974(0.014766) stdev:0.224424(0.010419) X2norm:1.00 Nchanged:16 Ngood:232 Nclip:15

mean: -0.176006
i:03 mean:-0.176006(0.015733) stdev:0.242212(0.011102) X2norm:1.00 Nchanged:6 Ngood:238 Nclip:9

mean: -0.179118
i:04 mean:-0.179118(0.016757) stdev:0.260685(0.011825) X2norm:1.00 Nchanged:5 Ngood:243 Nclip:4

mean: -0.176067
i:05 mean:-0.176067(0.017382) stdev:0.272076(0.012266) X2norm:1.00 Nchanged:3 Ngood:246 Nclip:1

mean: -0.179326
i:06 mean:-0.179326(0.017617) stdev:0.276311(0.012432) X2norm:1.00 Nchanged:1 Ngood:247 Nclip:0

mean: -0.179326
i:07 mean:-0.179326(0.017617) stdev:0.276311(0.012432) X2norm:1.00 Nchanged:0 Ngood:247 Nclip:0
        slope    intercept     maxval  index  d_bestguess  fwhm  multimax
-1.734723e-17 1.776357e-14 127.216307   6432    -0.361368  0.66     False
d_rot_tmp 0.4386324137846487
Keeping 179 out of 179, skippin 0 because of null values in columns d_rot_tmp
median: -0.356458
75.000000 percentile cut: max residual for cut: 0.250155
__tmp_residuals 0.2501545334796468
median: -0.359591
i:00 mean:-0.359591(0.009517) stdev:0.109750(0.006704) X2norm:1.00 Nchanged:0 Ngood:134 Nclip:45

mean: -0.354031
i:01 mean:-0.354031(0.011827) stdev:0.146298(0.008336) X2norm:1.00 Nchanged:20 Ngood:154 Nclip:25

mean: -0.354375
i:02 mean:-0.354375(0.013520) stdev:0.173673(0.009532) X2norm:1.00 Nchanged:12 Ngood:166 Nclip:13

mean: -0.346349
i:03 mean:-0.346349(0.015321) stdev:0.202098(0.010803) X2norm:1.00 Nchanged:9 Ngood:175 Nclip:4

mean: -0.340225
i:04 mean:-0.340225(0.015754) stdev:0.208997(0.011108) X2norm:1.00 Nchanged:2 Ngood:177 Nclip:2

mean: -0.340225
i:05 mean:-0.340225(0.015754) stdev:0.208997(0.011108) X2norm:1.00 Nchanged:0 Ngood:177 Nclip:2
replacing SIP ./jw01227014001_07201_00003_nrcb3_cal_1overf_jhat.fits
./jw01227014001_07201_00003_nrcb3_cal_1overf_jhat.fits
0 ./jw01227014001_07201_00003_nrcb4_cal_1overf.phot.txt
find_stars
dmag 0.2172
DDD NIRCAM F115W CLEAR ggg None
####### coron None
dmag 1.0
sharpness 1.05
mag 24
x 2008
y 2008
Saving refcat file into ./jw01227014001_07201_00003_nrcb4_cal_1overf.refcat.txt
reffile_d2d 0.5
        slope    intercept     maxval  index  d_bestguess  fwhm  multimax
-1.734723e-17 1.776357e-14 165.898773  10101    -0.150506  0.68     False
d_rot_tmp 0.6494942836847486
Keeping 249 out of 249, skippin 0 because of null values in columns d_rot_tmp
median: -0.165126
75.000000 percentile cut: max residual for cut: 0.300576
__tmp_residuals 0.3005762809741317
median: -0.165532
i:00 mean:-0.165532(0.009233) stdev:0.125582(0.006511) X2norm:1.00 Nchanged:0 Ngood:186 Nclip:63

mean: -0.155711
i:01 mean:-0.155711(0.011244) stdev:0.162160(0.007932) X2norm:1.00 Nchanged:23 Ngood:209 Nclip:40

mean: -0.141121
i:02 mean:-0.141121(0.012880) stdev:0.193626(0.009087) X2norm:1.00 Nchanged:18 Ngood:227 Nclip:22

mean: -0.137131
i:03 mean:-0.137131(0.013861) stdev:0.212025(0.009780) X2norm:1.00 Nchanged:8 Ngood:235 Nclip:14

mean: -0.139539
i:04 mean:-0.139539(0.014356) stdev:0.221009(0.010130) X2norm:1.00 Nchanged:3 Ngood:238 Nclip:11

mean: -0.142275
i:05 mean:-0.142275(0.014556) stdev:0.224566(0.010271) X2norm:1.00 Nchanged:1 Ngood:239 Nclip:10

mean: -0.145036
i:06 mean:-0.145036(0.014757) stdev:0.228139(0.010413) X2norm:1.00 Nchanged:1 Ngood:240 Nclip:9

mean: -0.145036
i:07 mean:-0.145036(0.014757) stdev:0.228139(0.010413) X2norm:1.00 Nchanged:0 Ngood:240 Nclip:9
   slope  intercept     maxval  index  d_bestguess  fwhm  multimax
0.000049      -0.05 150.453207   4321    -0.277963  0.62     False
d_rot_tmp 0.5220373739635165
Keeping 196 out of 196, skippin 0 because of null values in columns d_rot_tmp
median: -0.268277
75.000000 percentile cut: max residual for cut: 0.177504
__tmp_residuals 0.17750382734107323
median: -0.270513
i:00 mean:-0.270513(0.007333) stdev:0.088605(0.005168) X2norm:1.00 Nchanged:0 Ngood:147 Nclip:49

mean: -0.280727
i:01 mean:-0.280727(0.008675) stdev:0.111100(0.006116) X2norm:1.00 Nchanged:18 Ngood:165 Nclip:31

mean: -0.277153
i:02 mean:-0.277153(0.010385) stdev:0.139326(0.007323) X2norm:1.00 Nchanged:16 Ngood:181 Nclip:15

mean: -0.274726
i:03 mean:-0.274726(0.011293) stdev:0.154434(0.007964) X2norm:1.00 Nchanged:7 Ngood:188 Nclip:8

mean: -0.270131
i:04 mean:-0.270131(0.011638) stdev:0.159990(0.008207) X2norm:1.00 Nchanged:2 Ngood:190 Nclip:6

mean: -0.265259
i:05 mean:-0.265259(0.012020) stdev:0.166119(0.008477) X2norm:1.00 Nchanged:2 Ngood:192 Nclip:4

mean: -0.265259
i:06 mean:-0.265259(0.012020) stdev:0.166119(0.008477) X2norm:1.00 Nchanged:0 Ngood:192 Nclip:4
replacing SIP ./jw01227014001_07201_00003_nrcb4_cal_1overf_jhat.fits
./jw01227014001_07201_00003_nrcb4_cal_1overf_jhat.fits
0 ./jw01227017001_04201_00001_nrcb1_cal_1overf.phot.txt
find_stars
dmag 0.2172
DDD NIRCAM F115W CLEAR ggg None
####### coron None
dmag 1.0
sharpness 1.05
mag 24
x 2008
y 2008
Saving refcat file into ./jw01227017001_04201_00001_nrcb1_cal_1overf.refcat.txt
reffile_d2d 0.5
    slope  intercept     maxval  index  d_bestguess  fwhm  multimax
-0.000049       0.05 117.894522  10566    -0.431686  0.68     False
d_rot_tmp 0.36831408946032984
Keeping 174 out of 174, skippin 0 because of null values in columns d_rot_tmp
median: -0.435802
75.000000 percentile cut: max residual for cut: 0.271665
__tmp_residuals 0.2716647158012371
median: -0.441229
i:00 mean:-0.441229(0.010850) stdev:0.123233(0.007643) X2norm:1.00 Nchanged:0 Ngood:130 Nclip:44

mean: -0.436740
i:01 mean:-0.436740(0.013868) stdev:0.171542(0.009775) X2norm:1.00 Nchanged:24 Ngood:154 Nclip:20

mean: -0.432869
i:02 mean:-0.432869(0.014800) stdev:0.186626(0.010433) X2norm:1.00 Nchanged:6 Ngood:160 Nclip:14

mean: -0.432818
i:03 mean:-0.432818(0.015900) stdev:0.202995(0.011209) X2norm:1.00 Nchanged:4 Ngood:164 Nclip:10

mean: -0.432845
i:04 mean:-0.432845(0.016464) stdev:0.211486(0.011607) X2norm:1.00 Nchanged:2 Ngood:166 Nclip:8

mean: -0.429110
i:05 mean:-0.429110(0.016788) stdev:0.216302(0.011836) X2norm:1.00 Nchanged:1 Ngood:167 Nclip:7

mean: -0.425288
i:06 mean:-0.425288(0.017122) stdev:0.221270(0.012071) X2norm:1.00 Nchanged:1 Ngood:168 Nclip:6

mean: -0.417518
i:07 mean:-0.417518(0.017789) stdev:0.231263(0.012542) X2norm:1.00 Nchanged:2 Ngood:170 Nclip:4

mean: -0.413497
i:08 mean:-0.413497(0.018139) stdev:0.236501(0.012789) X2norm:1.00 Nchanged:1 Ngood:171 Nclip:3

mean: -0.417576
i:09 mean:-0.417576(0.018491) stdev:0.241801(0.013037) X2norm:1.00 Nchanged:1 Ngood:172 Nclip:2

   slope  intercept     maxval  index  d_bestguess  fwhm  multimax
0.000049      -0.05 107.891884   9188     0.216541  0.66     False
d_rot_tmp 1.0165414930535122
Keeping 146 out of 146, skippin 0 because of null values in columns d_rot_tmp
median: 0.214302
75.000000 percentile cut: max residual for cut: 0.227922
__tmp_residuals 0.22792194527467585
median: 0.216807
i:00 mean:0.216807(0.010175) stdev:0.105747(0.007162) X2norm:1.00 Nchanged:0 Ngood:109 Nclip:37

mean: 0.202501
i:01 mean:0.202501(0.012979) stdev:0.149113(0.009143) X2norm:1.00 Nchanged:24 Ngood:133 Nclip:13

mean: 0.208094
i:02 mean:0.208094(0.015130) stdev:0.181555(0.010661) X2norm:1.00 Nchanged:12 Ngood:145 Nclip:1

mean: 0.211155
i:03 mean:0.211155(0.015336) stdev:0.184670(0.010807) X2norm:1.00 Nchanged:1 Ngood:146 Nclip:0

mean: 0.211155
i:04 mean:0.211155(0.015336) stdev:0.184670(0.010807) X2norm:1.00 Nchanged:0 Ngood:146 Nclip:0
replacing SIP ./jw01227017001_04201_00001_nrcb1_cal_1overf_jhat.fits
./jw01227017001_04201_00001_nrcb1_cal_1overf_jhat.fits
0 ./jw01227017001_04201_00001_nrcb2_cal_1overf.phot.txt
find_stars
dmag 0.2172
DDD NIRCAM F115W CLEAR ggg None
####### coron None
dmag 1.0
sharpness 1.05
mag 24
x 2008
y 2008
Saving refcat file into ./jw01227017001_04201_00001_nrcb2_cal_1overf.refcat.txt
reffile_d2d 0.5
        slope    intercept     maxval  index  d_bestguess  fwhm  multimax
-1.734723e-17 1.776357e-14 115.293205  10470    -0.326336   0.7     False
d_rot_tmp 0.47366410684192606
Keeping 175 out of 175, skippin 0 because of null values in columns d_rot_tmp
median: -0.325274
75.000000 percentile cut: max residual for cut: 0.280898
__tmp_residuals 0.2808977304504881
median: -0.330512
i:00 mean:-0.330512(0.011945) stdev:0.136199(0.008414) X2norm:1.00 Nchanged:0 Ngood:131 Nclip:44

mean: -0.317676
i:01 mean:-0.317676(0.014647) stdev:0.182357(0.010324) X2norm:1.00 Nchanged:25 Ngood:156 Nclip:19

mean: -0.310667
i:02 mean:-0.310667(0.016511) stdev:0.212724(0.011640) X2norm:1.00 Nchanged:11 Ngood:167 Nclip:8

mean: -0.314192
i:03 mean:-0.314192(0.017398) stdev:0.226172(0.012266) X2norm:1.00 Nchanged:3 Ngood:170 Nclip:5

mean: -0.310414
i:04 mean:-0.310414(0.017706) stdev:0.230855(0.012483) X2norm:1.00 Nchanged:1 Ngood:171 Nclip:4

mean: -0.310414
i:05 mean:-0.310414(0.017706) stdev:0.230855(0.012483) X2norm:1.00 Nchanged:0 Ngood:171 Nclip:4
   slope  intercept     maxval  index  d_bestguess  fwhm  multimax
0.000049      -0.05 110.126637   5297     0.482083  0.62     False
d_rot_tmp 1.2820827841204931
Keeping 141 out of 141, skippin 0 because of null values in columns d_rot_tmp
median: 0.468869
75.000000 percentile cut: max residual for cut: 0.176907
__tmp_residuals 0.17690725178497502
median: 0.465368
i:00 mean:0.465368(0.008494) stdev:0.086627(0.005978) X2norm:1.00 Nchanged:0 Ngood:105 Nclip:36

mean: 0.474714
i:01 mean:0.474714(0.010403) stdev:0.114909(0.007326) X2norm:1.00 Nchanged:18 Ngood:123 Nclip:18

mean: 0.477414
i:02 mean:0.477414(0.011813) stdev:0.135209(0.008322) X2norm:1.00 Nchanged:9 Ngood:132 Nclip:9

mean: 0.479958
i:03 mean:0.479958(0.012532) stdev:0.145070(0.008829) X2norm:1.00 Nchanged:3 Ngood:135 Nclip:6

mean: 0.486120
i:04 mean:0.486120(0.013094) stdev:0.152706(0.009225) X2norm:1.00 Nchanged:2 Ngood:137 Nclip:4

mean: 0.479635
i:05 mean:0.479635(0.013695) stdev:0.160879(0.009649) X2norm:1.00 Nchanged:2 Ngood:139 Nclip:2

mean: 0.479635
i:06 mean:0.479635(0.013695) stdev:0.160879(0.009649) X2norm:1.00 Nchanged:0 Ngood:139 Nclip:2
replacing SIP ./jw01227017001_04201_00001_nrcb2_cal_1overf_jhat.fits
./jw01227017001_04201_00001_nrcb2_cal_1overf_jhat.fits
0 ./jw01227017001_04201_00001_nrcb3_cal_1overf.phot.txt
find_stars
dmag 0.2172
DDD NIRCAM F115W CLEAR ggg None
####### coron None
dmag 1.0
sharpness 1.05
mag 24
x 2008
y 2008
Saving refcat file into ./jw01227017001_04201_00001_nrcb3_cal_1overf.refcat.txt
reffile_d2d 0.5
    slope  intercept     maxval  index  d_bestguess  fwhm  multimax
-0.000098        0.1 116.613397   9660    -0.315341  0.62     False
d_rot_tmp 0.4846591945367209
Keeping 159 out of 159, skippin 0 because of null values in columns d_rot_tmp
median: -0.305040
75.000000 percentile cut: max residual for cut: 0.204749
__tmp_residuals 0.20474859071583834
median: -0.306553
i:00 mean:-0.306553(0.008733) stdev:0.094860(0.006149) X2norm:1.00 Nchanged:0 Ngood:119 Nclip:40

mean: -0.306360
i:01 mean:-0.306360(0.010189) stdev:0.115728(0.007177) X2norm:1.00 Nchanged:11 Ngood:130 Nclip:29

mean: -0.310827
i:02 mean:-0.310827(0.011588) stdev:0.135630(0.008164) X2norm:1.00 Nchanged:8 Ngood:138 Nclip:21

mean: -0.310533
i:03 mean:-0.310533(0.012810) stdev:0.153190(0.009027) X2norm:1.00 Nchanged:6 Ngood:144 Nclip:15

mean: -0.307849
i:04 mean:-0.307849(0.013976) stdev:0.170030(0.009850) X2norm:1.00 Nchanged:5 Ngood:149 Nclip:10

mean: -0.298428
i:05 mean:-0.298428(0.014733) stdev:0.181046(0.010384) X2norm:1.00 Nchanged:3 Ngood:152 Nclip:7

mean: -0.295089
i:06 mean:-0.295089(0.015015) stdev:0.185115(0.010582) X2norm:1.00 Nchanged:1 Ngood:153 Nclip:6

mean: -0.295089
i:07 mean:-0.295089(0.015015) stdev:0.185115(0.010582) X2norm:1.00 Nchanged:0 Ngood:153 Nclip:6
   slope  intercept     maxval  index  d_bestguess  fwhm  multimax
0.000049      -0.05 106.102918   1568       0.1895  0.62     False
d_rot_tmp 0.9894998706207361
Keeping 135 out of 135, skippin 0 because of null values in columns d_rot_tmp
median: 0.183185
75.000000 percentile cut: max residual for cut: 0.193324
__tmp_residuals 0.19332351911525938
median: 0.179738
i:00 mean:0.179738(0.007650) stdev:0.076502(0.005383) X2norm:1.00 Nchanged:0 Ngood:101 Nclip:34

mean: 0.177599
i:01 mean:0.177599(0.008563) stdev:0.087748(0.006027) X2norm:1.00 Nchanged:5 Ngood:106 Nclip:29

mean: 0.186409
i:02 mean:0.186409(0.009673) stdev:0.101908(0.006809) X2norm:1.00 Nchanged:6 Ngood:112 Nclip:23

mean: 0.183663
i:03 mean:0.183663(0.011264) stdev:0.123391(0.007932) X2norm:1.00 Nchanged:9 Ngood:121 Nclip:14

mean: 0.189405
i:04 mean:0.189405(0.012952) stdev:0.146534(0.009123) X2norm:1.00 Nchanged:8 Ngood:129 Nclip:6

mean: 0.185968
i:05 mean:0.185968(0.013740) stdev:0.157265(0.009679) X2norm:1.00 Nchanged:3 Ngood:132 Nclip:3

mean: 0.179242
i:06 mean:0.179242(0.014345) stdev:0.165435(0.010106) X2norm:1.00 Nchanged:2 Ngood:134 Nclip:1

mean: 0.179242
i:07 mean:0.179242(0.014345) stdev:0.165435(0.010106) X2norm:1.00 Nchanged:0 Ngood:134 Nclip:1
replacing SIP ./jw01227017001_04201_00001_nrcb3_cal_1overf_jhat.fits
./jw01227017001_04201_00001_nrcb3_cal_1overf_jhat.fits
0 ./jw01227017001_04201_00001_nrcb4_cal_1overf.phot.txt
find_stars
dmag 0.2172
DDD NIRCAM F115W CLEAR ggg None
####### coron None
dmag 1.0
sharpness 1.05
mag 24
x 2008
y 2008
Saving refcat file into ./jw01227017001_04201_00001_nrcb4_cal_1overf.refcat.txt
reffile_d2d 0.5
    slope  intercept     maxval  index  d_bestguess  fwhm  multimax
-0.000049       0.05 131.733281  10144    -0.191455  0.64     False
d_rot_tmp 0.6085446901169178
Keeping 180 out of 180, skippin 0 because of null values in columns d_rot_tmp
median: -0.188625
75.000000 percentile cut: max residual for cut: 0.210550
__tmp_residuals 0.21055008657603372
median: -0.193060
i:00 mean:-0.193060(0.008646) stdev:0.100082(0.006091) X2norm:1.00 Nchanged:0 Ngood:135 Nclip:45

mean: -0.192008
i:01 mean:-0.192008(0.010325) stdev:0.126456(0.007277) X2norm:1.00 Nchanged:16 Ngood:151 Nclip:29

mean: -0.189597
i:02 mean:-0.189597(0.012373) stdev:0.158936(0.008723) X2norm:1.00 Nchanged:15 Ngood:166 Nclip:14

mean: -0.184576
i:03 mean:-0.184576(0.013699) stdev:0.180187(0.009659) X2norm:1.00 Nchanged:8 Ngood:174 Nclip:6

mean: -0.184365
i:04 mean:-0.184365(0.014169) stdev:0.187439(0.009991) X2norm:1.00 Nchanged:2 Ngood:176 Nclip:4

mean: -0.184365
i:05 mean:-0.184365(0.014169) stdev:0.187439(0.009991) X2norm:1.00 Nchanged:0 Ngood:176 Nclip:4
   slope  intercept     maxval  index  d_bestguess  fwhm  multimax
0.000049      -0.05 114.604774   4492      0.32842  0.64     False
d_rot_tmp 1.1284204257070372
Keeping 152 out of 152, skippin 0 because of null values in columns d_rot_tmp
median: 0.333593
75.000000 percentile cut: max residual for cut: 0.204997
__tmp_residuals 0.20499730094269558
median: 0.327082
i:00 mean:0.327082(0.009125) stdev:0.097000(0.006424) X2norm:1.00 Nchanged:0 Ngood:114 Nclip:38

mean: 0.324486
i:01 mean:0.324486(0.011586) stdev:0.133111(0.008162) X2norm:1.00 Nchanged:19 Ngood:133 Nclip:19

mean: 0.335381
i:02 mean:0.335381(0.013437) stdev:0.161801(0.009469) X2norm:1.00 Nchanged:13 Ngood:146 Nclip:6

mean: 0.349509
i:03 mean:0.349509(0.014419) stdev:0.176595(0.010162) X2norm:1.00 Nchanged:5 Ngood:151 Nclip:1

mean: 0.349509
i:04 mean:0.349509(0.014419) stdev:0.176595(0.010162) X2norm:1.00 Nchanged:0 Ngood:151 Nclip:1
replacing SIP ./jw01227017001_04201_00001_nrcb4_cal_1overf_jhat.fits
./jw01227017001_04201_00001_nrcb4_cal_1overf_jhat.fits
0 ./jw01227017001_04201_00002_nrcb1_cal_1overf.phot.txt
find_stars
dmag 0.2172
DDD NIRCAM F115W CLEAR ggg None
####### coron None
dmag 1.0
sharpness 1.05
mag 24
x 2008
y 2008
Saving refcat file into ./jw01227017001_04201_00002_nrcb1_cal_1overf.refcat.txt
reffile_d2d 0.5
        slope    intercept     maxval  index  d_bestguess  fwhm  multimax
-1.734723e-17 1.776357e-14 123.556656  10583    -0.444565  0.68     False
d_rot_tmp 0.35543476150330666
Keeping 177 out of 177, skippin 0 because of null values in columns d_rot_tmp
median: -0.438849
75.000000 percentile cut: max residual for cut: 0.240773
__tmp_residuals 0.240772741738735
median: -0.437326
i:00 mean:-0.437326(0.010203) stdev:0.116780(0.007187) X2norm:1.00 Nchanged:0 Ngood:132 Nclip:45

mean: -0.439764
i:01 mean:-0.439764(0.012560) stdev:0.155864(0.008852) X2norm:1.00 Nchanged:23 Ngood:155 Nclip:22

mean: -0.444635
i:02 mean:-0.444635(0.014406) stdev:0.185609(0.010156) X2norm:1.00 Nchanged:12 Ngood:167 Nclip:10

mean: -0.441756
i:03 mean:-0.441756(0.015379) stdev:0.201101(0.010843) X2norm:1.00 Nchanged:5 Ngood:172 Nclip:5

mean: -0.445141
i:04 mean:-0.445141(0.015662) stdev:0.205399(0.011042) X2norm:1.00 Nchanged:1 Ngood:173 Nclip:4

mean: -0.445141
i:05 mean:-0.445141(0.015662) stdev:0.205399(0.011042) X2norm:1.00 Nchanged:0 Ngood:173 Nclip:4
        slope    intercept     maxval  index  d_bestguess  fwhm  multimax
-1.734723e-17 1.776357e-14 120.831638   3739     0.337943   0.6     False
d_rot_tmp 1.137943231756583
Keeping 152 out of 152, skippin 0 because of null values in columns d_rot_tmp
median: 0.342261
75.000000 percentile cut: max residual for cut: 0.167583
__tmp_residuals 0.1675829639948679
median: 0.346552
i:00 mean:0.346552(0.007498) stdev:0.079703(0.005278) X2norm:1.00 Nchanged:0 Ngood:114 Nclip:38

mean: 0.349452
i:01 mean:0.349452(0.009271) stdev:0.105709(0.006531) X2norm:1.00 Nchanged:17 Ngood:131 Nclip:21

mean: 0.341781
i:02 mean:0.341781(0.010035) stdev:0.117029(0.007070) X2norm:1.00 Nchanged:6 Ngood:137 Nclip:15

mean: 0.337257
i:03 mean:0.337257(0.010811) stdev:0.127919(0.007617) X2norm:1.00 Nchanged:4 Ngood:141 Nclip:11

mean: 0.332467
i:04 mean:0.332467(0.011631) stdev:0.139576(0.008196) X2norm:1.00 Nchanged:4 Ngood:145 Nclip:7

mean: 0.332535
i:05 mean:0.332535(0.012081) stdev:0.145971(0.008513) X2norm:1.00 Nchanged:2 Ngood:147 Nclip:5

mean: 0.332532
i:06 mean:0.332532(0.012574) stdev:0.152968(0.008861) X2norm:1.00 Nchanged:2 Ngood:149 Nclip:3

mean: 0.335486
i:07 mean:0.335486(0.012836) stdev:0.156689(0.009046) X2norm:1.00 Nchanged:1 Ngood:150 Nclip:2

mean: 0.335486
i:08 mean:0.335486(0.012836) stdev:0.156689(0.009046) X2norm:1.00 Nchanged:0 Ngood:150 Nclip:2
replacing SIP ./jw01227017001_04201_00002_nrcb1_cal_1overf_jhat.fits
./jw01227017001_04201_00002_nrcb1_cal_1overf_jhat.fits
0 ./jw01227017001_04201_00002_nrcb2_cal_1overf.phot.txt
find_stars
dmag 0.2172
DDD NIRCAM F115W CLEAR ggg None
####### coron None
dmag 1.0
sharpness 1.05
mag 24
x 2008
y 2008
Saving refcat file into ./jw01227017001_04201_00002_nrcb2_cal_1overf.refcat.txt
reffile_d2d 0.5
        slope    intercept     maxval  index  d_bestguess  fwhm  multimax
-1.734723e-17 1.776357e-14 119.330201   9627    -0.338954   0.7     False
d_rot_tmp 0.4610463548022097
Keeping 181 out of 181, skippin 0 because of null values in columns d_rot_tmp
median: -0.334003
75.000000 percentile cut: max residual for cut: 0.284750
__tmp_residuals 0.28474970706564834
median: -0.339200
i:00 mean:-0.339200(0.011325) stdev:0.131093(0.007978) X2norm:1.00 Nchanged:0 Ngood:135 Nclip:46

mean: -0.329962
i:01 mean:-0.329962(0.014106) stdev:0.176751(0.009943) X2norm:1.00 Nchanged:23 Ngood:158 Nclip:23

mean: -0.330580
i:02 mean:-0.330580(0.016211) stdev:0.210749(0.011429) X2norm:1.00 Nchanged:12 Ngood:170 Nclip:11

mean: -0.320391
i:03 mean:-0.320391(0.017383) stdev:0.229302(0.012257) X2norm:1.00 Nchanged:5 Ngood:175 Nclip:6

mean: -0.316742
i:04 mean:-0.316742(0.017667) stdev:0.233714(0.012457) X2norm:1.00 Nchanged:1 Ngood:176 Nclip:5

mean: -0.316742
i:05 mean:-0.316742(0.017667) stdev:0.233714(0.012457) X2norm:1.00 Nchanged:0 Ngood:176 Nclip:5
        slope    intercept     maxval  index  d_bestguess  fwhm  multimax
-1.734723e-17 1.776357e-14 105.844459   5310     0.574842  0.68     False
d_rot_tmp 1.3748424884744737
Keeping 150 out of 150, skippin 0 because of null values in columns d_rot_tmp
median: 0.579514
75.000000 percentile cut: max residual for cut: 0.233486
__tmp_residuals 0.23348576172761354
median: 0.572067
i:00 mean:0.572067(0.011547) stdev:0.121655(0.008128) X2norm:1.00 Nchanged:0 Ngood:112 Nclip:38

mean: 0.573673
i:01 mean:0.573673(0.014149) stdev:0.165005(0.009968) X2norm:1.00 Nchanged:25 Ngood:137 Nclip:13

mean: 0.567938
i:02 mean:0.567938(0.015805) stdev:0.190975(0.011138) X2norm:1.00 Nchanged:10 Ngood:147 Nclip:3

mean: 0.571577
i:03 mean:0.571577(0.016117) stdev:0.195406(0.011358) X2norm:1.00 Nchanged:1 Ngood:148 Nclip:2

mean: 0.571577
i:04 mean:0.571577(0.016117) stdev:0.195406(0.011358) X2norm:1.00 Nchanged:0 Ngood:148 Nclip:2
replacing SIP ./jw01227017001_04201_00002_nrcb2_cal_1overf_jhat.fits
./jw01227017001_04201_00002_nrcb2_cal_1overf_jhat.fits
0 ./jw01227017001_04201_00002_nrcb3_cal_1overf.phot.txt
find_stars
dmag 0.2172
DDD NIRCAM F115W CLEAR ggg None
####### coron None
dmag 1.0
sharpness 1.05
mag 24
x 2008
y 2008
Saving refcat file into ./jw01227017001_04201_00002_nrcb3_cal_1overf.refcat.txt
reffile_d2d 0.5
    slope  intercept     maxval  index  d_bestguess  fwhm  multimax
-0.000098        0.1 115.003206  10258    -0.289839  0.64     False
d_rot_tmp 0.5101607658216836
Keeping 166 out of 166, skippin 0 because of null values in columns d_rot_tmp
median: -0.288591
75.000000 percentile cut: max residual for cut: 0.260305
__tmp_residuals 0.2603049640748292
median: -0.294246
i:00 mean:-0.294246(0.009991) stdev:0.110810(0.007036) X2norm:1.00 Nchanged:0 Ngood:124 Nclip:42

mean: -0.295982
i:01 mean:-0.295982(0.011744) stdev:0.136449(0.008273) X2norm:1.00 Nchanged:12 Ngood:136 Nclip:30

mean: -0.298635
i:02 mean:-0.298635(0.013192) stdev:0.157199(0.009295) X2norm:1.00 Nchanged:7 Ngood:143 Nclip:23

mean: -0.286719
i:03 mean:-0.286719(0.014909) stdev:0.182592(0.010507) X2norm:1.00 Nchanged:8 Ngood:151 Nclip:15

mean: -0.286824
i:04 mean:-0.286824(0.015385) stdev:0.189676(0.010843) X2norm:1.00 Nchanged:2 Ngood:153 Nclip:13

mean: -0.290480
i:05 mean:-0.290480(0.016315) stdev:0.203126(0.011500) X2norm:1.00 Nchanged:3 Ngood:156 Nclip:10

mean: -0.294242
i:06 mean:-0.294242(0.016644) stdev:0.207889(0.011732) X2norm:1.00 Nchanged:1 Ngood:157 Nclip:9

mean: -0.290321
i:07 mean:-0.290321(0.017000) stdev:0.213005(0.011982) X2norm:1.00 Nchanged:1 Ngood:158 Nclip:8

mean: -0.282390
i:08 mean:-0.282390(0.017698) stdev:0.223162(0.012475) X2norm:1.00 Nchanged:2 Ngood:160 Nclip:6

mean: -0.278378
i:09 mean:-0.278378(0.018042) stdev:0.228215(0.012718) X2norm:1.00 Nchanged:1 Ngood:161 Nclip:5

   slope  intercept    maxval  index  d_bestguess  fwhm  multimax
0.000049      -0.05 105.88107   3426     0.303037  0.62     False
d_rot_tmp 1.1030370255942927
Keeping 138 out of 138, skippin 0 because of null values in columns d_rot_tmp
median: 0.316419
75.000000 percentile cut: max residual for cut: 0.200233
__tmp_residuals 0.2002326023067386
median: 0.322260
i:00 mean:0.322260(0.008429) stdev:0.085127(0.005931) X2norm:1.00 Nchanged:0 Ngood:103 Nclip:35

mean: 0.326541
i:01 mean:0.326541(0.010036) stdev:0.106206(0.007065) X2norm:1.00 Nchanged:10 Ngood:113 Nclip:25

mean: 0.312448
i:02 mean:0.312448(0.011800) stdev:0.130331(0.008310) X2norm:1.00 Nchanged:10 Ngood:123 Nclip:15

mean: 0.309641
i:03 mean:0.309641(0.013613) stdev:0.155809(0.009589) X2norm:1.00 Nchanged:9 Ngood:132 Nclip:6

mean: 0.300573
i:04 mean:0.300573(0.014766) stdev:0.172204(0.010403) X2norm:1.00 Nchanged:5 Ngood:137 Nclip:1

mean: 0.296979
i:05 mean:0.296979(0.015096) stdev:0.176694(0.010636) X2norm:1.00 Nchanged:1 Ngood:138 Nclip:0

mean: 0.296979
i:06 mean:0.296979(0.015096) stdev:0.176694(0.010636) X2norm:1.00 Nchanged:0 Ngood:138 Nclip:0
replacing SIP ./jw01227017001_04201_00002_nrcb3_cal_1overf_jhat.fits
./jw01227017001_04201_00002_nrcb3_cal_1overf_jhat.fits
0 ./jw01227017001_04201_00002_nrcb4_cal_1overf.phot.txt
find_stars
dmag 0.2172
DDD NIRCAM F115W CLEAR ggg None
####### coron None
dmag 1.0
sharpness 1.05
mag 24
x 2008
y 2008
Saving refcat file into ./jw01227017001_04201_00002_nrcb4_cal_1overf.refcat.txt
reffile_d2d 0.5
    slope  intercept     maxval  index  d_bestguess  fwhm  multimax
-0.000049       0.05 119.476283  10076    -0.203558   0.7     False
d_rot_tmp 0.5964420778956196
Keeping 182 out of 182, skippin 0 because of null values in columns d_rot_tmp
median: -0.197511
75.000000 percentile cut: max residual for cut: 0.266589
__tmp_residuals 0.2665887065961766
median: -0.203330
i:00 mean:-0.203330(0.011622) stdev:0.135033(0.008188) X2norm:1.00 Nchanged:0 Ngood:136 Nclip:46

mean: -0.199987
i:01 mean:-0.199987(0.014000) stdev:0.177092(0.009869) X2norm:1.00 Nchanged:25 Ngood:161 Nclip:21

mean: -0.187178
i:02 mean:-0.187178(0.015514) stdev:0.201676(0.010937) X2norm:1.00 Nchanged:9 Ngood:170 Nclip:12

mean: -0.180783
i:03 mean:-0.180783(0.015986) stdev:0.209042(0.011271) X2norm:1.00 Nchanged:2 Ngood:172 Nclip:10

mean: -0.184392
i:04 mean:-0.184392(0.016300) stdev:0.213770(0.011492) X2norm:1.00 Nchanged:1 Ngood:173 Nclip:9

mean: -0.188055
i:05 mean:-0.188055(0.016617) stdev:0.218560(0.011716) X2norm:1.00 Nchanged:1 Ngood:174 Nclip:8

mean: -0.184336
i:06 mean:-0.184336(0.016937) stdev:0.223417(0.011942) X2norm:1.00 Nchanged:1 Ngood:175 Nclip:7

mean: -0.180578
i:07 mean:-0.180578(0.017257) stdev:0.228288(0.012168) X2norm:1.00 Nchanged:1 Ngood:176 Nclip:6

mean: -0.184434
i:08 mean:-0.184434(0.017589) stdev:0.233347(0.012402) X2norm:1.00 Nchanged:1 Ngood:177 Nclip:5

mean: -0.188311
i:09 mean:-0.188311(0.017917) stdev:0.238367(0.012633) X2norm:1.00 Nchanged:1 Ngood:178 Nclip:4

   slope  intercept     maxval  index  d_bestguess  fwhm  multimax
0.000049      -0.05 115.508568   5655     0.462001  0.64     False
d_rot_tmp 1.2620011633404744
Keeping 152 out of 152, skippin 0 because of null values in columns d_rot_tmp
median: 0.462054
75.000000 percentile cut: max residual for cut: 0.197064
__tmp_residuals 0.19706424310985207
median: 0.462054
i:00 mean:0.462054(0.009055) stdev:0.096255(0.006375) X2norm:1.00 Nchanged:0 Ngood:114 Nclip:38

mean: 0.459813
i:01 mean:0.459813(0.010863) stdev:0.123861(0.007652) X2norm:1.00 Nchanged:17 Ngood:131 Nclip:21

mean: 0.455089
i:02 mean:0.455089(0.012942) stdev:0.155306(0.009120) X2norm:1.00 Nchanged:14 Ngood:145 Nclip:7

mean: 0.457814
i:03 mean:0.457814(0.013944) stdev:0.170212(0.009827) X2norm:1.00 Nchanged:5 Ngood:150 Nclip:2

mean: 0.461076
i:04 mean:0.461076(0.014233) stdev:0.174315(0.010031) X2norm:1.00 Nchanged:1 Ngood:151 Nclip:1

mean: 0.461076
i:05 mean:0.461076(0.014233) stdev:0.174315(0.010031) X2norm:1.00 Nchanged:0 Ngood:151 Nclip:1
replacing SIP ./jw01227017001_04201_00002_nrcb4_cal_1overf_jhat.fits
./jw01227017001_04201_00002_nrcb4_cal_1overf_jhat.fits
0 ./jw01227017001_04201_00003_nrcb1_cal_1overf.phot.txt
find_stars
dmag 0.2172
DDD NIRCAM F115W CLEAR ggg None
####### coron None
dmag 1.0
sharpness 1.05
mag 24
x 2008
y 2008
Saving refcat file into ./jw01227017001_04201_00003_nrcb1_cal_1overf.refcat.txt
reffile_d2d 0.5
        slope    intercept     maxval  index  d_bestguess  fwhm  multimax
-1.734723e-17 1.776357e-14 122.094037   9778    -0.466287  0.62     False
d_rot_tmp 0.33371291227219335
Keeping 167 out of 167, skippin 0 because of null values in columns d_rot_tmp
median: -0.455833
75.000000 percentile cut: max residual for cut: 0.237386
__tmp_residuals 0.23738637932684398
median: -0.455833
i:00 mean:-0.455833(0.008877) stdev:0.098845(0.006252) X2norm:1.00 Nchanged:0 Ngood:125 Nclip:42

mean: -0.464741
i:01 mean:-0.464741(0.010676) stdev:0.124960(0.007522) X2norm:1.00 Nchanged:13 Ngood:138 Nclip:29

mean: -0.457242
i:02 mean:-0.457242(0.012365) stdev:0.151445(0.008715) X2norm:1.00 Nchanged:13 Ngood:151 Nclip:16

mean: -0.457252
i:03 mean:-0.457252(0.013602) stdev:0.169887(0.009587) X2norm:1.00 Nchanged:6 Ngood:157 Nclip:10

mean: -0.454174
i:04 mean:-0.454174(0.014304) stdev:0.180366(0.010083) X2norm:1.00 Nchanged:3 Ngood:160 Nclip:7

mean: -0.460571
i:05 mean:-0.460571(0.014833) stdev:0.188209(0.010456) X2norm:1.00 Nchanged:2 Ngood:162 Nclip:5

mean: -0.457203
i:06 mean:-0.457203(0.015124) stdev:0.192492(0.010661) X2norm:1.00 Nchanged:1 Ngood:163 Nclip:4

mean: -0.457203
i:07 mean:-0.457203(0.015124) stdev:0.192492(0.010661) X2norm:1.00 Nchanged:0 Ngood:163 Nclip:4
        slope    intercept     maxval  index  d_bestguess  fwhm  multimax
-1.734723e-17 1.776357e-14 109.733586   4558     0.215071  0.62     False
d_rot_tmp 1.015071219493325
Keeping 144 out of 144, skippin 0 because of null values in columns d_rot_tmp
median: 0.209451
75.000000 percentile cut: max residual for cut: 0.207312
__tmp_residuals 0.2073121678284576
median: 0.206464
i:00 mean:0.206464(0.008942) stdev:0.092493(0.006293) X2norm:1.00 Nchanged:0 Ngood:108 Nclip:36

mean: 0.210386
i:01 mean:0.210386(0.011320) stdev:0.126051(0.007972) X2norm:1.00 Nchanged:17 Ngood:125 Nclip:19

mean: 0.221804
i:02 mean:0.221804(0.012498) stdev:0.144139(0.008805) X2norm:1.00 Nchanged:9 Ngood:134 Nclip:10

mean: 0.232698
i:03 mean:0.232698(0.013827) stdev:0.163021(0.009742) X2norm:1.00 Nchanged:6 Ngood:140 Nclip:4

mean: 0.232698
i:04 mean:0.232698(0.013827) stdev:0.163021(0.009742) X2norm:1.00 Nchanged:0 Ngood:140 Nclip:4
replacing SIP ./jw01227017001_04201_00003_nrcb1_cal_1overf_jhat.fits
./jw01227017001_04201_00003_nrcb1_cal_1overf_jhat.fits
0 ./jw01227017001_04201_00003_nrcb2_cal_1overf.phot.txt
find_stars
dmag 0.2172
DDD NIRCAM F115W CLEAR ggg None
####### coron None
dmag 1.0
sharpness 1.05
mag 24
x 2008
y 2008
Saving refcat file into ./jw01227017001_04201_00003_nrcb2_cal_1overf.refcat.txt
reffile_d2d 0.5
    slope  intercept     maxval  index  d_bestguess  fwhm  multimax
-0.000049       0.05 122.600077   8903    -0.391998  0.66     False
d_rot_tmp 0.40800181569740634
Keeping 177 out of 177, skippin 0 because of null values in columns d_rot_tmp
median: -0.378311
75.000000 percentile cut: max residual for cut: 0.255770
__tmp_residuals 0.25576996134099894
median: -0.370819
i:00 mean:-0.370819(0.009870) stdev:0.112965(0.006953) X2norm:1.00 Nchanged:0 Ngood:132 Nclip:45

mean: -0.384266
i:01 mean:-0.384266(0.011868) stdev:0.143891(0.008363) X2norm:1.00 Nchanged:16 Ngood:148 Nclip:29

mean: -0.387562
i:02 mean:-0.387562(0.013772) stdev:0.173659(0.009708) X2norm:1.00 Nchanged:12 Ngood:160 Nclip:17

mean: -0.393126
i:03 mean:-0.393126(0.014981) stdev:0.192429(0.010561) X2norm:1.00 Nchanged:6 Ngood:166 Nclip:11

mean: -0.392921
i:04 mean:-0.392921(0.015533) stdev:0.200726(0.010951) X2norm:1.00 Nchanged:2 Ngood:168 Nclip:9

mean: -0.399794
i:05 mean:-0.399794(0.016100) stdev:0.209297(0.011351) X2norm:1.00 Nchanged:2 Ngood:170 Nclip:7

mean: -0.396188
i:06 mean:-0.396188(0.016409) stdev:0.213942(0.011569) X2norm:1.00 Nchanged:1 Ngood:171 Nclip:6

mean: -0.392515
i:07 mean:-0.392515(0.016723) stdev:0.218686(0.011791) X2norm:1.00 Nchanged:1 Ngood:172 Nclip:5

mean: -0.392515
i:08 mean:-0.392515(0.016723) stdev:0.218686(0.011791) X2norm:1.00 Nchanged:0 Ngood:172 Nclip:5
   slope  intercept    maxval  index  d_bestguess  fwhm  multimax
0.000098       -0.1 99.430631   6162     0.408921  0.66     False
d_rot_tmp 1.208921241764503
Keeping 136 out of 136, skippin 0 because of null values in columns d_rot_tmp
median: 0.407677
75.000000 percentile cut: max residual for cut: 0.227815
__tmp_residuals 0.22781536167598826
median: 0.410343
i:00 mean:0.410343(0.009775) stdev:0.098234(0.006878) X2norm:1.00 Nchanged:0 Ngood:102 Nclip:34

mean: 0.416325
i:01 mean:0.416325(0.011532) stdev:0.120946(0.008117) X2norm:1.00 Nchanged:9 Ngood:111 Nclip:25

mean: 0.418465
i:02 mean:0.418465(0.013627) stdev:0.148652(0.009595) X2norm:1.00 Nchanged:9 Ngood:120 Nclip:16

mean: 0.404798
i:03 mean:0.404798(0.016166) stdev:0.185734(0.011388) X2norm:1.00 Nchanged:13 Ngood:133 Nclip:3

mean: 0.397417
i:04 mean:0.397417(0.016762) stdev:0.194030(0.011808) X2norm:1.00 Nchanged:2 Ngood:135 Nclip:1

mean: 0.397417
i:05 mean:0.397417(0.016762) stdev:0.194030(0.011808) X2norm:1.00 Nchanged:0 Ngood:135 Nclip:1
replacing SIP ./jw01227017001_04201_00003_nrcb2_cal_1overf_jhat.fits
./jw01227017001_04201_00003_nrcb2_cal_1overf_jhat.fits
0 ./jw01227017001_04201_00003_nrcb3_cal_1overf.phot.txt
find_stars
dmag 0.2172
DDD NIRCAM F115W CLEAR ggg None
####### coron None
dmag 1.0
sharpness 1.05
mag 24
x 2008
y 2008
Saving refcat file into ./jw01227017001_04201_00003_nrcb3_cal_1overf.refcat.txt
reffile_d2d 0.5
    slope  intercept     maxval  index  d_bestguess  fwhm  multimax
-0.000049       0.05 108.413773   9786    -0.327448  0.66     False
d_rot_tmp 0.4725524238138974
Keeping 158 out of 158, skippin 0 because of null values in columns d_rot_tmp
median: -0.324775
75.000000 percentile cut: max residual for cut: 0.261011
__tmp_residuals 0.26101094729930907
median: -0.335246
i:00 mean:-0.335246(0.010761) stdev:0.116394(0.007577) X2norm:1.00 Nchanged:0 Ngood:118 Nclip:40

mean: -0.338747
i:01 mean:-0.338747(0.012850) stdev:0.147072(0.009052) X2norm:1.00 Nchanged:14 Ngood:132 Nclip:26

mean: -0.318518
i:02 mean:-0.318518(0.015402) stdev:0.184818(0.010853) X2norm:1.00 Nchanged:13 Ngood:145 Nclip:13

mean: -0.311429
i:03 mean:-0.311429(0.016521) stdev:0.200992(0.011643) X2norm:1.00 Nchanged:4 Ngood:149 Nclip:9

mean: -0.307800
i:04 mean:-0.307800(0.018146) stdev:0.224458(0.012790) X2norm:1.00 Nchanged:5 Ngood:154 Nclip:4

mean: -0.299863
i:05 mean:-0.299863(0.018771) stdev:0.233697(0.013230) X2norm:1.00 Nchanged:2 Ngood:156 Nclip:2

mean: -0.299863
i:06 mean:-0.299863(0.018771) stdev:0.233697(0.013230) X2norm:1.00 Nchanged:0 Ngood:156 Nclip:2
   slope  intercept     maxval  index  d_bestguess  fwhm  multimax
0.000049      -0.05 101.616657   6008     0.125278  0.62     False
d_rot_tmp 0.9252780870398454
Keeping 135 out of 135, skippin 0 because of null values in columns d_rot_tmp
median: 0.142674
75.000000 percentile cut: max residual for cut: 0.203936
__tmp_residuals 0.20393584036710738
median: 0.138094
i:00 mean:0.138094(0.010026) stdev:0.100262(0.007054) X2norm:1.00 Nchanged:0 Ngood:101 Nclip:34

mean: 0.128054
i:01 mean:0.128054(0.012446) stdev:0.136335(0.008764) X2norm:1.00 Nchanged:20 Ngood:121 Nclip:14

mean: 0.130581
i:02 mean:0.130581(0.014274) stdev:0.162118(0.010054) X2norm:1.00 Nchanged:9 Ngood:130 Nclip:5

mean: 0.144117
i:03 mean:0.144117(0.015394) stdev:0.177527(0.010844) X2norm:1.00 Nchanged:4 Ngood:134 Nclip:1

mean: 0.144117
i:04 mean:0.144117(0.015394) stdev:0.177527(0.010844) X2norm:1.00 Nchanged:0 Ngood:134 Nclip:1
replacing SIP ./jw01227017001_04201_00003_nrcb3_cal_1overf_jhat.fits
./jw01227017001_04201_00003_nrcb3_cal_1overf_jhat.fits
0 ./jw01227017001_04201_00003_nrcb4_cal_1overf.phot.txt
find_stars
dmag 0.2172
DDD NIRCAM F115W CLEAR ggg None
####### coron None
dmag 1.0
sharpness 1.05
mag 24
x 2008
y 2008
Saving refcat file into ./jw01227017001_04201_00003_nrcb4_cal_1overf.refcat.txt
reffile_d2d 0.5
    slope  intercept     maxval  index  d_bestguess  fwhm  multimax
-0.000098        0.1 122.412968  10072    -0.259488   0.7     False
d_rot_tmp 0.5405117030773738
Keeping 181 out of 181, skippin 0 because of null values in columns d_rot_tmp
median: -0.236463
75.000000 percentile cut: max residual for cut: 0.259013
__tmp_residuals 0.25901256087353586
median: -0.239488
i:00 mean:-0.239488(0.010989) stdev:0.127203(0.007741) X2norm:1.00 Nchanged:0 Ngood:135 Nclip:46

mean: -0.245660
i:01 mean:-0.245660(0.013390) stdev:0.167775(0.009438) X2norm:1.00 Nchanged:23 Ngood:158 Nclip:23

mean: -0.236610
i:02 mean:-0.236610(0.015479) stdev:0.203007(0.010914) X2norm:1.00 Nchanged:15 Ngood:173 Nclip:8

mean: -0.237209
i:03 mean:-0.237209(0.015946) stdev:0.210337(0.011243) X2norm:1.00 Nchanged:2 Ngood:175 Nclip:6

mean: -0.237209
i:04 mean:-0.237209(0.015946) stdev:0.210337(0.011243) X2norm:1.00 Nchanged:0 Ngood:175 Nclip:6
        slope    intercept     maxval  index  d_bestguess  fwhm  multimax
-1.734723e-17 1.776357e-14 117.495546   4577     0.303869  0.64     False
d_rot_tmp 1.1038689536241748
Keeping 155 out of 155, skippin 0 because of null values in columns d_rot_tmp
median: 0.298248
75.000000 percentile cut: max residual for cut: 0.206642
__tmp_residuals 0.20664190394373033
median: 0.309192
i:00 mean:0.309192(0.008704) stdev:0.093336(0.006128) X2norm:1.00 Nchanged:0 Ngood:116 Nclip:39

mean: 0.294418
i:01 mean:0.294418(0.010375) stdev:0.117841(0.007308) X2norm:1.00 Nchanged:14 Ngood:130 Nclip:25

mean: 0.288903
i:02 mean:0.288903(0.012504) stdev:0.150049(0.008811) X2norm:1.00 Nchanged:15 Ngood:145 Nclip:10

mean: 0.292075
i:03 mean:0.292075(0.014136) stdev:0.174850(0.009963) X2norm:1.00 Nchanged:9 Ngood:154 Nclip:1

mean: 0.288867
i:04 mean:0.288867(0.014408) stdev:0.178800(0.010155) X2norm:1.00 Nchanged:1 Ngood:155 Nclip:0

mean: 0.288867
i:05 mean:0.288867(0.014408) stdev:0.178800(0.010155) X2norm:1.00 Nchanged:0 Ngood:155 Nclip:0
replacing SIP ./jw01227017001_04201_00003_nrcb4_cal_1overf_jhat.fits
./jw01227017001_04201_00003_nrcb4_cal_1overf_jhat.fits
0 ./jw01227017001_04201_00004_nrcb1_cal_1overf.phot.txt
find_stars
dmag 0.2172
DDD NIRCAM F115W CLEAR ggg None
####### coron None
dmag 1.0
sharpness 1.05
mag 24
x 2008
y 2008
Saving refcat file into ./jw01227017001_04201_00004_nrcb1_cal_1overf.refcat.txt
reffile_d2d 0.5
    slope  intercept    maxval  index  d_bestguess  fwhm  multimax
-0.000049       0.05 108.57832  11134     -0.43048  0.72     False
d_rot_tmp 0.3695198477614554
Keeping 169 out of 169, skippin 0 because of null values in columns d_rot_tmp
median: -0.439651
75.000000 percentile cut: max residual for cut: 0.288510
__tmp_residuals 0.2885101889352113
median: -0.441982
i:00 mean:-0.441982(0.012155) stdev:0.135896(0.008561) X2norm:1.00 Nchanged:0 Ngood:126 Nclip:43

mean: -0.431169
i:01 mean:-0.431169(0.015173) stdev:0.182705(0.010692) X2norm:1.00 Nchanged:20 Ngood:146 Nclip:23

mean: -0.431334
i:02 mean:-0.431334(0.017382) stdev:0.217802(0.012252) X2norm:1.00 Nchanged:12 Ngood:158 Nclip:11

mean: -0.430670
i:03 mean:-0.430670(0.019596) stdev:0.251710(0.013814) X2norm:1.00 Nchanged:8 Ngood:166 Nclip:3

mean: -0.430480
i:04 mean:-0.430480(0.020296) stdev:0.262279(0.014308) X2norm:1.00 Nchanged:2 Ngood:168 Nclip:1

mean: -0.430480
i:05 mean:-0.430480(0.020296) stdev:0.262279(0.014308) X2norm:1.00 Nchanged:0 Ngood:168 Nclip:1
   slope  intercept     maxval  index  d_bestguess  fwhm  multimax
0.000049      -0.05 107.855199   4557     0.169972  0.62     False
d_rot_tmp 0.9699718846268752
Keeping 140 out of 140, skippin 0 because of null values in columns d_rot_tmp
median: 0.164472
75.000000 percentile cut: max residual for cut: 0.192281
__tmp_residuals 0.19228055229415184
median: 0.165116
i:00 mean:0.165116(0.008688) stdev:0.088605(0.006114) X2norm:1.00 Nchanged:0 Ngood:105 Nclip:35

mean: 0.157445
i:01 mean:0.157445(0.010293) stdev:0.111338(0.007248) X2norm:1.00 Nchanged:13 Ngood:118 Nclip:22

mean: 0.152579
i:02 mean:0.152579(0.012512) stdev:0.142109(0.008813) X2norm:1.00 Nchanged:12 Ngood:130 Nclip:10

mean: 0.161481
i:03 mean:0.161481(0.013875) stdev:0.161814(0.009776) X2norm:1.00 Nchanged:7 Ngood:137 Nclip:3

mean: 0.161481
i:04 mean:0.161481(0.013875) stdev:0.161814(0.009776) X2norm:1.00 Nchanged:0 Ngood:137 Nclip:3
replacing SIP ./jw01227017001_04201_00004_nrcb1_cal_1overf_jhat.fits
./jw01227017001_04201_00004_nrcb1_cal_1overf_jhat.fits
0 ./jw01227017001_04201_00004_nrcb2_cal_1overf.phot.txt
find_stars
dmag 0.2172
DDD NIRCAM F115W CLEAR ggg None
####### coron None
dmag 1.0
sharpness 1.05
mag 24
x 2008
y 2008
Saving refcat file into ./jw01227017001_04201_00004_nrcb2_cal_1overf.refcat.txt
reffile_d2d 0.5
    slope  intercept     maxval  index  d_bestguess  fwhm  multimax
-0.000049       0.05 121.105251   9793    -0.332637  0.62     False
d_rot_tmp 0.4673633260515999
Keeping 169 out of 169, skippin 0 because of null values in columns d_rot_tmp
median: -0.346851
75.000000 percentile cut: max residual for cut: 0.233095
__tmp_residuals 0.23309544136110188
median: -0.352320
i:00 mean:-0.352320(0.008973) stdev:0.100319(0.006319) X2norm:1.00 Nchanged:0 Ngood:126 Nclip:43

mean: -0.338274
i:01 mean:-0.338274(0.010465) stdev:0.122487(0.007373) X2norm:1.00 Nchanged:12 Ngood:138 Nclip:31

mean: -0.331563
i:02 mean:-0.331563(0.011315) stdev:0.134830(0.007973) X2norm:1.00 Nchanged:5 Ngood:143 Nclip:26

mean: -0.324334
i:03 mean:-0.324334(0.013018) stdev:0.159966(0.009175) X2norm:1.00 Nchanged:9 Ngood:152 Nclip:17

mean: -0.324615
i:04 mean:-0.324615(0.013912) stdev:0.173208(0.009806) X2norm:1.00 Nchanged:4 Ngood:156 Nclip:13

mean: -0.321511
i:05 mean:-0.321511(0.014170) stdev:0.176979(0.009988) X2norm:1.00 Nchanged:1 Ngood:157 Nclip:12

mean: -0.314963
i:06 mean:-0.314963(0.014737) stdev:0.185237(0.010388) X2norm:1.00 Nchanged:2 Ngood:159 Nclip:10

mean: -0.314963
i:07 mean:-0.314963(0.014737) stdev:0.185237(0.010388) X2norm:1.00 Nchanged:0 Ngood:159 Nclip:10
        slope    intercept    maxval  index  d_bestguess  fwhm  multimax
-1.734723e-17 1.776357e-14 99.147265   4094     0.377756  0.66     False
d_rot_tmp 1.1777561673812074
Keeping 137 out of 137, skippin 0 because of null values in columns d_rot_tmp
median: 0.399777
75.000000 percentile cut: max residual for cut: 0.234774
__tmp_residuals 0.23477412496241046
median: 0.399530
i:00 mean:0.399530(0.011556) stdev:0.116132(0.008131) X2norm:1.00 Nchanged:0 Ngood:102 Nclip:35

mean: 0.385643
i:01 mean:0.385643(0.014349) stdev:0.160423(0.010106) X2norm:1.00 Nchanged:24 Ngood:126 Nclip:11

mean: 0.388211
i:02 mean:0.388211(0.016283) stdev:0.189892(0.011472) X2norm:1.00 Nchanged:11 Ngood:137 Nclip:0

mean: 0.388211
i:03 mean:0.388211(0.016283) stdev:0.189892(0.011472) X2norm:1.00 Nchanged:0 Ngood:137 Nclip:0
replacing SIP ./jw01227017001_04201_00004_nrcb2_cal_1overf_jhat.fits
./jw01227017001_04201_00004_nrcb2_cal_1overf_jhat.fits
0 ./jw01227017001_04201_00004_nrcb3_cal_1overf.phot.txt
find_stars
dmag 0.2172
DDD NIRCAM F115W CLEAR ggg None
####### coron None
dmag 1.0
sharpness 1.05
mag 24
x 2008
y 2008
Saving refcat file into ./jw01227017001_04201_00004_nrcb3_cal_1overf.refcat.txt
reffile_d2d 0.5
    slope  intercept     maxval  index  d_bestguess  fwhm  multimax
-0.000049       0.05 110.735802  10225    -0.314353  0.68     False
d_rot_tmp 0.48564680348433176
Keeping 161 out of 161, skippin 0 because of null values in columns d_rot_tmp
median: -0.308385
75.000000 percentile cut: max residual for cut: 0.253897
__tmp_residuals 0.2538974414436133
median: -0.307222
i:00 mean:-0.307222(0.010538) stdev:0.114955(0.007420) X2norm:1.00 Nchanged:0 Ngood:120 Nclip:41

mean: -0.311365
i:01 mean:-0.311365(0.011866) stdev:0.134254(0.008358) X2norm:1.00 Nchanged:9 Ngood:129 Nclip:32

mean: -0.315854
i:02 mean:-0.315854(0.014541) stdev:0.173271(0.010246) X2norm:1.00 Nchanged:14 Ngood:143 Nclip:18

mean: -0.310345
i:03 mean:-0.310345(0.016439) stdev:0.202668(0.011586) X2norm:1.00 Nchanged:10 Ngood:153 Nclip:8

mean: -0.314423
i:04 mean:-0.314423(0.017738) stdev:0.222262(0.012503) X2norm:1.00 Nchanged:5 Ngood:158 Nclip:3

mean: -0.318346
i:05 mean:-0.318346(0.018060) stdev:0.227012(0.012730) X2norm:1.00 Nchanged:1 Ngood:159 Nclip:2

mean: -0.318346
i:06 mean:-0.318346(0.018060) stdev:0.227012(0.012730) X2norm:1.00 Nchanged:0 Ngood:159 Nclip:2
   slope  intercept     maxval  index  d_bestguess  fwhm  multimax
0.000049      -0.05 102.272975   7351     0.082735  0.64     False
d_rot_tmp 0.8827354816530033
Keeping 136 out of 136, skippin 0 because of null values in columns d_rot_tmp
median: 0.090119
75.000000 percentile cut: max residual for cut: 0.193460
__tmp_residuals 0.19345974112227582
median: 0.091680
i:00 mean:0.091680(0.009301) stdev:0.093475(0.006545) X2norm:1.00 Nchanged:0 Ngood:102 Nclip:34

mean: 0.082540
i:01 mean:0.082540(0.010482) stdev:0.109435(0.007378) X2norm:1.00 Nchanged:8 Ngood:110 Nclip:26

mean: 0.090363
i:02 mean:0.090363(0.012898) stdev:0.142467(0.009083) X2norm:1.00 Nchanged:13 Ngood:123 Nclip:13

mean: 0.083316
i:03 mean:0.083316(0.014898) stdev:0.170514(0.010494) X2norm:1.00 Nchanged:9 Ngood:132 Nclip:4

mean: 0.086659
i:04 mean:0.086659(0.015684) stdev:0.181556(0.011049) X2norm:1.00 Nchanged:3 Ngood:135 Nclip:1

mean: 0.086659
i:05 mean:0.086659(0.015684) stdev:0.181556(0.011049) X2norm:1.00 Nchanged:0 Ngood:135 Nclip:1
replacing SIP ./jw01227017001_04201_00004_nrcb3_cal_1overf_jhat.fits
./jw01227017001_04201_00004_nrcb3_cal_1overf_jhat.fits
0 ./jw01227017001_04201_00004_nrcb4_cal_1overf.phot.txt
find_stars
dmag 0.2172
DDD NIRCAM F115W CLEAR ggg None
####### coron None
dmag 1.0
sharpness 1.05
mag 24
x 2008
y 2008
Saving refcat file into ./jw01227017001_04201_00004_nrcb4_cal_1overf.refcat.txt
reffile_d2d 0.5
    slope  intercept     maxval  index  d_bestguess  fwhm  multimax
-0.000049       0.05 118.001248  10222     -0.24116  0.66     False
d_rot_tmp 0.5588403540023024
Keeping 175 out of 175, skippin 0 because of null values in columns d_rot_tmp
median: -0.221073
75.000000 percentile cut: max residual for cut: 0.284581
__tmp_residuals 0.28458142800792463
median: -0.234359
i:00 mean:-0.234359(0.010336) stdev:0.117846(0.007281) X2norm:1.00 Nchanged:0 Ngood:131 Nclip:44

mean: -0.237401
i:01 mean:-0.237401(0.011378) stdev:0.132690(0.008016) X2norm:1.00 Nchanged:6 Ngood:137 Nclip:38

mean: -0.227037
i:02 mean:-0.227037(0.012988) stdev:0.155851(0.009152) X2norm:1.00 Nchanged:8 Ngood:145 Nclip:30

mean: -0.214218
i:03 mean:-0.214218(0.015089) stdev:0.187854(0.010635) X2norm:1.00 Nchanged:11 Ngood:156 Nclip:19

mean: -0.196117
i:04 mean:-0.196117(0.016745) stdev:0.213789(0.011805) X2norm:1.00 Nchanged:8 Ngood:164 Nclip:11

mean: -0.196243
i:05 mean:-0.196243(0.017374) stdev:0.223172(0.012248) X2norm:1.00 Nchanged:2 Ngood:166 Nclip:9

mean: -0.196243
i:06 mean:-0.196243(0.017374) stdev:0.223172(0.012248) X2norm:1.00 Nchanged:0 Ngood:166 Nclip:9
   slope  intercept     maxval  index  d_bestguess  fwhm  multimax
0.000049      -0.05 105.414996   4499     0.316283  0.64     False
d_rot_tmp 1.116283105598572
Keeping 140 out of 140, skippin 0 because of null values in columns d_rot_tmp
median: 0.312683
75.000000 percentile cut: max residual for cut: 0.213280
__tmp_residuals 0.21328044785144318
median: 0.308847
i:00 mean:0.308847(0.009879) stdev:0.100746(0.006952) X2norm:1.00 Nchanged:0 Ngood:105 Nclip:35

mean: 0.307032
i:01 mean:0.307032(0.012143) stdev:0.134668(0.008551) X2norm:1.00 Nchanged:19 Ngood:124 Nclip:16

mean: 0.307640
i:02 mean:0.307640(0.014593) stdev:0.170803(0.010281) X2norm:1.00 Nchanged:14 Ngood:138 Nclip:2

mean: 0.310686
i:03 mean:0.310686(0.014806) stdev:0.173931(0.010432) X2norm:1.00 Nchanged:1 Ngood:139 Nclip:1

mean: 0.310686
i:04 mean:0.310686(0.014806) stdev:0.173931(0.010432) X2norm:1.00 Nchanged:0 Ngood:139 Nclip:1
replacing SIP ./jw01227017001_04201_00004_nrcb4_cal_1overf_jhat.fits
./jw01227017001_04201_00004_nrcb4_cal_1overf_jhat.fits
0 ./jw01227025001_04101_00001_nrca1_cal_1overf.phot.txt
find_stars
dmag 0.2172
DDD NIRCAM F115W CLEAR ggg None
####### coron None
dmag 1.0
sharpness 1.05
mag 24
x 2008
y 2008
Saving refcat file into ./jw01227025001_04101_00001_nrca1_cal_1overf.refcat.txt
reffile_d2d 0.5
        slope    intercept     maxval  index  d_bestguess  fwhm  multimax
-1.734723e-17 1.776357e-14 112.595751  16549    -0.308758  0.68     False
d_rot_tmp 0.49124159300201886
Keeping 167 out of 167, skippin 0 because of null values in columns d_rot_tmp
median: -0.307553
75.000000 percentile cut: max residual for cut: 0.267880
__tmp_residuals 0.26788009298171744
median: -0.306553
i:00 mean:-0.306553(0.010937) stdev:0.121789(0.007703) X2norm:1.00 Nchanged:0 Ngood:125 Nclip:42

mean: -0.312999
i:01 mean:-0.312999(0.012953) stdev:0.152169(0.009126) X2norm:1.00 Nchanged:14 Ngood:139 Nclip:28

mean: -0.317190
i:02 mean:-0.317190(0.015554) stdev:0.191766(0.010963) X2norm:1.00 Nchanged:14 Ngood:153 Nclip:14

mean: -0.313806
i:03 mean:-0.313806(0.016703) stdev:0.209290(0.011773) X2norm:1.00 Nchanged:5 Ngood:158 Nclip:9

mean: -0.317430
i:04 mean:-0.317430(0.017652) stdev:0.223281(0.012443) X2norm:1.00 Nchanged:3 Ngood:161 Nclip:6

mean: -0.313373
i:05 mean:-0.313373(0.018008) stdev:0.228499(0.012694) X2norm:1.00 Nchanged:1 Ngood:162 Nclip:5

mean: -0.313373
i:06 mean:-0.313373(0.018008) stdev:0.228499(0.012694) X2norm:1.00 Nchanged:0 Ngood:162 Nclip:5
    slope  intercept    maxval  index  d_bestguess  fwhm  multimax
-0.000049       0.05 90.673408   3249      0.42513   0.7     False
d_rot_tmp 1.2251298536123756
Keeping 129 out of 129, skippin 0 because of null values in columns d_rot_tmp
median: 0.419276
75.000000 percentile cut: max residual for cut: 0.253837
__tmp_residuals 0.2538371500123967
median: 0.418123
i:00 mean:0.418123(0.012108) stdev:0.118017(0.008517) X2norm:0.99 Nchanged:0 Ngood:96 Nclip:33

mean: 0.424057
i:01 mean:0.424057(0.015197) stdev:0.162262(0.010699) X2norm:1.00 Nchanged:19 Ngood:115 Nclip:14

mean: 0.415015
i:02 mean:0.415015(0.017617) stdev:0.198529(0.012408) X2norm:1.00 Nchanged:13 Ngood:128 Nclip:1

mean: 0.415015
i:03 mean:0.415015(0.017617) stdev:0.198529(0.012408) X2norm:1.00 Nchanged:0 Ngood:128 Nclip:1
replacing SIP ./jw01227025001_04101_00001_nrca1_cal_1overf_jhat.fits
./jw01227025001_04101_00001_nrca1_cal_1overf_jhat.fits
0 ./jw01227025001_04101_00001_nrca2_cal_1overf.phot.txt
find_stars
dmag 0.2172
DDD NIRCAM F115W CLEAR ggg None
####### coron None
dmag 1.0
sharpness 1.05
mag 24
x 2008
y 2008
Saving refcat file into ./jw01227025001_04101_00001_nrca2_cal_1overf.refcat.txt
reffile_d2d 0.5
    slope  intercept     maxval  index  d_bestguess  fwhm  multimax
-0.000146       0.15 101.487165  11155    -0.355277  0.64     False
d_rot_tmp 0.44472296973744396
Keeping 139 out of 139, skippin 0 because of null values in columns d_rot_tmp
median: -0.346480
75.000000 percentile cut: max residual for cut: 0.217590
__tmp_residuals 0.2175903217615696
median: -0.345457
i:00 mean:-0.345457(0.010351) stdev:0.105048(0.007284) X2norm:1.00 Nchanged:0 Ngood:104 Nclip:35

mean: -0.354776
i:01 mean:-0.354776(0.012603) stdev:0.138061(0.008875) X2norm:1.00 Nchanged:17 Ngood:121 Nclip:18

mean: -0.348345
i:02 mean:-0.348345(0.014170) stdev:0.160319(0.009981) X2norm:1.00 Nchanged:8 Ngood:129 Nclip:10

mean: -0.348483
i:03 mean:-0.348483(0.015237) stdev:0.175065(0.010734) X2norm:1.00 Nchanged:4 Ngood:133 Nclip:6

mean: -0.352169
i:04 mean:-0.352169(0.015569) stdev:0.179550(0.010968) X2norm:1.00 Nchanged:1 Ngood:134 Nclip:5

mean: -0.352108
i:05 mean:-0.352108(0.016326) stdev:0.189692(0.011502) X2norm:1.00 Nchanged:2 Ngood:136 Nclip:3

mean: -0.348156
i:06 mean:-0.348156(0.016684) stdev:0.194570(0.011754) X2norm:1.00 Nchanged:1 Ngood:137 Nclip:2

mean: -0.348156
i:07 mean:-0.348156(0.016684) stdev:0.194570(0.011754) X2norm:1.00 Nchanged:0 Ngood:137 Nclip:2
   slope  intercept    maxval  index  d_bestguess  fwhm  multimax
0.000195       -0.2 81.661898   8107     0.367473   0.7     False
d_rot_tmp 1.1674729646092203
Keeping 121 out of 121, skippin 0 because of null values in columns d_rot_tmp
median: 0.367157
75.000000 percentile cut: max residual for cut: 0.251237
__tmp_residuals 0.25123661729174224
median: 0.359913
i:00 mean:0.359913(0.013425) stdev:0.126647(0.009440) X2norm:0.99 Nchanged:0 Ngood:90 Nclip:31

mean: 0.367300
i:01 mean:0.367300(0.016213) stdev:0.164549(0.011409) X2norm:1.00 Nchanged:14 Ngood:104 Nclip:17

mean: 0.374446
i:02 mean:0.374446(0.018990) stdev:0.203649(0.013370) X2norm:1.00 Nchanged:12 Ngood:116 Nclip:5

mean: 0.382808
i:03 mean:0.382808(0.020484) stdev:0.223451(0.014424) X2norm:1.00 Nchanged:4 Ngood:120 Nclip:1

mean: 0.382808
i:04 mean:0.382808(0.020484) stdev:0.223451(0.014424) X2norm:1.00 Nchanged:0 Ngood:120 Nclip:1
replacing SIP ./jw01227025001_04101_00001_nrca2_cal_1overf_jhat.fits
./jw01227025001_04101_00001_nrca2_cal_1overf_jhat.fits
0 ./jw01227025001_04101_00001_nrca3_cal_1overf.phot.txt
find_stars
dmag 0.2172
DDD NIRCAM F115W CLEAR ggg None
####### coron None
dmag 1.0
sharpness 1.05
mag 24
x 2008
y 2008
Saving refcat file into ./jw01227025001_04101_00001_nrca3_cal_1overf.refcat.txt
reffile_d2d 0.5
    slope  intercept     maxval  index  d_bestguess  fwhm  multimax
-0.000146       0.15 121.001428  12622    -0.272298  0.66     False
d_rot_tmp 0.5277023884880407
Keeping 175 out of 175, skippin 0 because of null values in columns d_rot_tmp
median: -0.273029
75.000000 percentile cut: max residual for cut: 0.264062
__tmp_residuals 0.26406168983144407
median: -0.274808
i:00 mean:-0.274808(0.010117) stdev:0.115347(0.007126) X2norm:1.00 Nchanged:0 Ngood:131 Nclip:44

mean: -0.266969
i:01 mean:-0.266969(0.012168) stdev:0.147025(0.008575) X2norm:1.00 Nchanged:16 Ngood:147 Nclip:28

mean: -0.268029
i:02 mean:-0.268029(0.013980) stdev:0.175721(0.009854) X2norm:1.00 Nchanged:12 Ngood:159 Nclip:16

mean: -0.270825
i:03 mean:-0.270825(0.014534) stdev:0.184416(0.010245) X2norm:1.00 Nchanged:3 Ngood:162 Nclip:13

mean: -0.264230
i:04 mean:-0.264230(0.015094) stdev:0.192711(0.010641) X2norm:1.00 Nchanged:2 Ngood:164 Nclip:11

mean: -0.267659
i:05 mean:-0.267659(0.015391) stdev:0.197105(0.010850) X2norm:1.00 Nchanged:1 Ngood:165 Nclip:10

mean: -0.267659
i:06 mean:-0.267659(0.015391) stdev:0.197105(0.010850) X2norm:1.00 Nchanged:0 Ngood:165 Nclip:10
   slope  intercept    maxval  index  d_bestguess  fwhm  multimax
0.000146      -0.15 93.005758   7239     0.544146  0.68     False
d_rot_tmp 1.3441462507985762
Keeping 132 out of 132, skippin 0 because of null values in columns d_rot_tmp
median: 0.530108
75.000000 percentile cut: max residual for cut: 0.250645
__tmp_residuals 0.25064450939456384
median: 0.520324
i:00 mean:0.520324(0.011606) stdev:0.114891(0.008165) X2norm:0.99 Nchanged:0 Ngood:99 Nclip:33

mean: 0.542522
i:01 mean:0.542522(0.013786) stdev:0.145245(0.009705) X2norm:1.00 Nchanged:13 Ngood:112 Nclip:20

mean: 0.540090
i:02 mean:0.540090(0.016746) stdev:0.187224(0.011794) X2norm:1.00 Nchanged:14 Ngood:126 Nclip:6

mean: 0.547496
i:03 mean:0.547496(0.017723) stdev:0.201297(0.012484) X2norm:1.00 Nchanged:4 Ngood:130 Nclip:2

mean: 0.543149
i:04 mean:0.543149(0.018120) stdev:0.206604(0.012764) X2norm:1.00 Nchanged:1 Ngood:131 Nclip:1

mean: 0.543149
i:05 mean:0.543149(0.018120) stdev:0.206604(0.012764) X2norm:1.00 Nchanged:0 Ngood:131 Nclip:1
replacing SIP ./jw01227025001_04101_00001_nrca3_cal_1overf_jhat.fits
./jw01227025001_04101_00001_nrca3_cal_1overf_jhat.fits
0 ./jw01227025001_04101_00001_nrca4_cal_1overf.phot.txt
find_stars
dmag 0.2172
DDD NIRCAM F115W CLEAR ggg None
####### coron None
dmag 1.0
sharpness 1.05
mag 24
x 2008
y 2008
Saving refcat file into ./jw01227025001_04101_00001_nrca4_cal_1overf.refcat.txt
reffile_d2d 0.5
    slope  intercept     maxval  index  d_bestguess  fwhm  multimax
-0.000049       0.05 112.608682  10231    -0.359505  0.64     False
d_rot_tmp 0.4404945995321612
Keeping 156 out of 156, skippin 0 because of null values in columns d_rot_tmp
median: -0.358881
75.000000 percentile cut: max residual for cut: 0.234992
__tmp_residuals 0.23499238256037883
median: -0.358512
i:00 mean:-0.358512(0.009846) stdev:0.106048(0.006933) X2norm:1.00 Nchanged:0 Ngood:117 Nclip:39

mean: -0.371517
i:01 mean:-0.371517(0.012414) stdev:0.144238(0.008746) X2norm:1.00 Nchanged:19 Ngood:136 Nclip:20

mean: -0.365164
i:02 mean:-0.365164(0.013788) stdev:0.164882(0.009716) X2norm:1.00 Nchanged:8 Ngood:144 Nclip:12

mean: -0.349805
i:03 mean:-0.349805(0.014958) stdev:0.181971(0.010541) X2norm:1.00 Nchanged:5 Ngood:149 Nclip:7

mean: -0.350468
i:04 mean:-0.350468(0.016076) stdev:0.198197(0.011330) X2norm:1.00 Nchanged:4 Ngood:153 Nclip:3

mean: -0.350468
i:05 mean:-0.350468(0.016076) stdev:0.198197(0.011330) X2norm:1.00 Nchanged:0 Ngood:153 Nclip:3
        slope    intercept   maxval  index  d_bestguess  fwhm  multimax
-1.734723e-17 1.776357e-14 92.93986  10177     0.492127  0.66     False
d_rot_tmp 1.2921266333820143
Keeping 128 out of 128, skippin 0 because of null values in columns d_rot_tmp
median: 0.496878
75.000000 percentile cut: max residual for cut: 0.226491
__tmp_residuals 0.22649142473405948
median: 0.494328
i:00 mean:0.494328(0.011373) stdev:0.110848(0.008000) X2norm:0.99 Nchanged:0 Ngood:96 Nclip:32

mean: 0.491669
i:01 mean:0.491669(0.014330) stdev:0.153002(0.010089) X2norm:1.00 Nchanged:19 Ngood:115 Nclip:13

mean: 0.512176
i:02 mean:0.512176(0.016945) stdev:0.190206(0.011935) X2norm:1.00 Nchanged:12 Ngood:127 Nclip:1

mean: 0.508273
i:03 mean:0.508273(0.017262) stdev:0.194535(0.012158) X2norm:1.00 Nchanged:1 Ngood:128 Nclip:0

mean: 0.508273
i:04 mean:0.508273(0.017262) stdev:0.194535(0.012158) X2norm:1.00 Nchanged:0 Ngood:128 Nclip:0
replacing SIP ./jw01227025001_04101_00001_nrca4_cal_1overf_jhat.fits
./jw01227025001_04101_00001_nrca4_cal_1overf_jhat.fits
0 ./jw01227025001_04101_00001_nrcb1_cal_1overf.phot.txt
find_stars
dmag 0.2172
DDD NIRCAM F115W CLEAR ggg None
####### coron None
dmag 1.0
sharpness 1.05
mag 24
x 2008
y 2008
Saving refcat file into ./jw01227025001_04101_00001_nrcb1_cal_1overf.refcat.txt
reffile_d2d 0.5
    slope  intercept     maxval  index  d_bestguess  fwhm  multimax
-0.000049       0.05 140.504095  10251    -0.273889   0.7     False
d_rot_tmp 0.5261105754379571
Keeping 206 out of 206, skippin 0 because of null values in columns d_rot_tmp
median: -0.277495
75.000000 percentile cut: max residual for cut: 0.271379
__tmp_residuals 0.2713786173869814
median: -0.288630
i:00 mean:-0.288630(0.010188) stdev:0.126013(0.007180) X2norm:1.00 Nchanged:0 Ngood:154 Nclip:52

mean: -0.273258
i:01 mean:-0.273258(0.012789) stdev:0.173012(0.009019) X2norm:1.00 Nchanged:30 Ngood:184 Nclip:22

mean: -0.256344
i:02 mean:-0.256344(0.014454) stdev:0.204414(0.010195) X2norm:1.00 Nchanged:17 Ngood:201 Nclip:5

mean: -0.256344
i:03 mean:-0.256344(0.014454) stdev:0.204414(0.010195) X2norm:1.00 Nchanged:0 Ngood:201 Nclip:5
   slope  intercept     maxval  index  d_bestguess  fwhm  multimax
0.000049      -0.05 118.613049   3824     0.688259  0.68     False
d_rot_tmp 1.488259105917723
Keeping 167 out of 167, skippin 0 because of null values in columns d_rot_tmp
median: 0.690813
75.000000 percentile cut: max residual for cut: 0.231008
__tmp_residuals 0.23100819349595214
median: 0.694299
i:00 mean:0.694299(0.010485) stdev:0.116752(0.007384) X2norm:1.00 Nchanged:0 Ngood:125 Nclip:42

mean: 0.691561
i:01 mean:0.691561(0.013144) stdev:0.160984(0.009264) X2norm:1.00 Nchanged:26 Ngood:151 Nclip:16

mean: 0.681634
i:02 mean:0.681634(0.015145) stdev:0.193954(0.010677) X2norm:1.00 Nchanged:14 Ngood:165 Nclip:2

mean: 0.678762
i:03 mean:0.678762(0.015327) stdev:0.196874(0.010805) X2norm:1.00 Nchanged:1 Ngood:166 Nclip:1

mean: 0.678762
i:04 mean:0.678762(0.015327) stdev:0.196874(0.010805) X2norm:1.00 Nchanged:0 Ngood:166 Nclip:1
replacing SIP ./jw01227025001_04101_00001_nrcb1_cal_1overf_jhat.fits
./jw01227025001_04101_00001_nrcb1_cal_1overf_jhat.fits
0 ./jw01227025001_04101_00001_nrcb2_cal_1overf.phot.txt
find_stars
dmag 0.2172
DDD NIRCAM F115W CLEAR ggg None
####### coron None
dmag 1.0
sharpness 1.05
mag 24
x 2008
y 2008
Saving refcat file into ./jw01227025001_04101_00001_nrcb2_cal_1overf.refcat.txt
reffile_d2d 0.5
    slope  intercept     maxval  index  d_bestguess  fwhm  multimax
-0.000098        0.1 234.868244  11468    -0.185714  0.68     False
d_rot_tmp 0.6142861073753807
Keeping 350 out of 350, skippin 0 because of null values in columns d_rot_tmp
median: -0.183653
75.000000 percentile cut: max residual for cut: 0.267877
__tmp_residuals 0.26787654781617276
median: -0.184476
i:00 mean:-0.184476(0.007595) stdev:0.122701(0.005360) X2norm:1.00 Nchanged:0 Ngood:262 Nclip:88

mean: -0.186030
i:01 mean:-0.186030(0.009066) stdev:0.154654(0.006400) X2norm:1.00 Nchanged:30 Ngood:292 Nclip:58

mean: -0.180268
i:02 mean:-0.180268(0.010452) stdev:0.184911(0.007379) X2norm:1.00 Nchanged:22 Ngood:314 Nclip:36

mean: -0.181883
i:03 mean:-0.181883(0.011604) stdev:0.210153(0.008193) X2norm:1.00 Nchanged:15 Ngood:329 Nclip:21

mean: -0.187288
i:04 mean:-0.187288(0.012143) stdev:0.221597(0.008574) X2norm:1.00 Nchanged:5 Ngood:334 Nclip:16

mean: -0.189140
i:05 mean:-0.189140(0.012698) stdev:0.233450(0.008966) X2norm:1.00 Nchanged:5 Ngood:339 Nclip:11

mean: -0.189140
i:06 mean:-0.189140(0.012698) stdev:0.233450(0.008966) X2norm:1.00 Nchanged:0 Ngood:339 Nclip:11
   slope  intercept     maxval  index  d_bestguess  fwhm  multimax
0.000049      -0.05 203.189617   5359      0.71475  0.64     False
d_rot_tmp 1.5147503356764276
Keeping 275 out of 275, skippin 0 because of null values in columns d_rot_tmp
median: 0.722120
75.000000 percentile cut: max residual for cut: 0.215354
__tmp_residuals 0.21535395739372432
median: 0.722631
i:00 mean:0.722631(0.006665) stdev:0.095430(0.004701) X2norm:1.00 Nchanged:0 Ngood:206 Nclip:69

mean: 0.718668
i:01 mean:0.718668(0.007782) stdev:0.116473(0.005491) X2norm:1.00 Nchanged:19 Ngood:225 Nclip:50

mean: 0.713929
i:02 mean:0.713929(0.009334) stdev:0.146392(0.006586) X2norm:1.00 Nchanged:22 Ngood:247 Nclip:28

mean: 0.714677
i:03 mean:0.714677(0.010560) stdev:0.170927(0.007453) X2norm:1.00 Nchanged:16 Ngood:263 Nclip:12

mean: 0.716575
i:04 mean:0.716575(0.011104) stdev:0.181445(0.007837) X2norm:1.00 Nchanged:5 Ngood:268 Nclip:7

mean: 0.720537
i:05 mean:0.720537(0.011372) stdev:0.186517(0.008026) X2norm:1.00 Nchanged:2 Ngood:270 Nclip:5

mean: 0.720537
i:06 mean:0.720537(0.011372) stdev:0.186517(0.008026) X2norm:1.00 Nchanged:0 Ngood:270 Nclip:5
replacing SIP ./jw01227025001_04101_00001_nrcb2_cal_1overf_jhat.fits
./jw01227025001_04101_00001_nrcb2_cal_1overf_jhat.fits
0 ./jw01227025001_04101_00001_nrcb3_cal_1overf.phot.txt
find_stars
dmag 0.2172
DDD NIRCAM F115W CLEAR ggg None
####### coron None
dmag 1.0
sharpness 1.05
mag 24
x 2008
y 2008
Saving refcat file into ./jw01227025001_04101_00001_nrcb3_cal_1overf.refcat.txt
reffile_d2d 0.5
    slope  intercept     maxval  index  d_bestguess  fwhm  multimax
-0.000098        0.1 106.893943  16806    -0.255482   0.7     False
d_rot_tmp 0.5445183253154255
Keeping 161 out of 161, skippin 0 because of null values in columns d_rot_tmp
median: -0.251396
75.000000 percentile cut: max residual for cut: 0.270581
__tmp_residuals 0.2705811337676959
median: -0.247773
i:00 mean:-0.247773(0.012203) stdev:0.133114(0.008592) X2norm:1.00 Nchanged:0 Ngood:120 Nclip:41

mean: -0.255004
i:01 mean:-0.255004(0.014880) stdev:0.176686(0.010484) X2norm:1.00 Nchanged:22 Ngood:142 Nclip:19

mean: -0.260168
i:02 mean:-0.260168(0.016178) stdev:0.196146(0.011401) X2norm:1.00 Nchanged:6 Ngood:148 Nclip:13

mean: -0.252803
i:03 mean:-0.252803(0.017948) stdev:0.222008(0.012650) X2norm:1.00 Nchanged:6 Ngood:154 Nclip:7

mean: -0.256867
i:04 mean:-0.256867(0.018292) stdev:0.226997(0.012893) X2norm:1.00 Nchanged:1 Ngood:155 Nclip:6

mean: -0.252506
i:05 mean:-0.252506(0.018693) stdev:0.232726(0.013176) X2norm:1.00 Nchanged:1 Ngood:156 Nclip:5

mean: -0.256882
i:06 mean:-0.256882(0.019085) stdev:0.238370(0.013452) X2norm:1.00 Nchanged:1 Ngood:157 Nclip:4

mean: -0.256882
i:07 mean:-0.256882(0.019085) stdev:0.238370(0.013452) X2norm:1.00 Nchanged:0 Ngood:157 Nclip:4
   slope  intercept    maxval  index  d_bestguess  fwhm  multimax
0.000098       -0.1 87.354686   3424     0.602394   0.7     False
d_rot_tmp 1.402394462151807
Keeping 130 out of 130, skippin 0 because of null values in columns d_rot_tmp
median: 0.600720
75.000000 percentile cut: max residual for cut: 0.302461
__tmp_residuals 0.30246089969321155
median: 0.606649
i:00 mean:0.606649(0.012960) stdev:0.126982(0.009117) X2norm:0.99 Nchanged:0 Ngood:97 Nclip:33

mean: 0.608003
i:01 mean:0.608003(0.016732) stdev:0.177866(0.011779) X2norm:1.00 Nchanged:17 Ngood:114 Nclip:16

mean: 0.595544
i:02 mean:0.595544(0.019533) stdev:0.220123(0.013758) X2norm:1.00 Nchanged:14 Ngood:128 Nclip:2

mean: 0.595402
i:03 mean:0.595402(0.020356) stdev:0.231201(0.014338) X2norm:1.00 Nchanged:2 Ngood:130 Nclip:0

mean: 0.595402
i:04 mean:0.595402(0.020356) stdev:0.231201(0.014338) X2norm:1.00 Nchanged:0 Ngood:130 Nclip:0
replacing SIP ./jw01227025001_04101_00001_nrcb3_cal_1overf_jhat.fits
./jw01227025001_04101_00001_nrcb3_cal_1overf_jhat.fits
0 ./jw01227025001_04101_00001_nrcb4_cal_1overf.phot.txt
find_stars
dmag 0.2172
DDD NIRCAM F115W CLEAR ggg None
####### coron None
dmag 1.0
sharpness 1.05
mag 24
x 2008
y 2008
Saving refcat file into ./jw01227025001_04101_00001_nrcb4_cal_1overf.refcat.txt
reffile_d2d 0.5
    slope  intercept     maxval  index  d_bestguess  fwhm  multimax
-0.000049       0.05 242.712465   9233     -0.19401   0.7     False
d_rot_tmp 0.6059896320632447
Keeping 369 out of 369, skippin 0 because of null values in columns d_rot_tmp
median: -0.180350
75.000000 percentile cut: max residual for cut: 0.289457
__tmp_residuals 0.2894568170408882
median: -0.180133
i:00 mean:-0.180133(0.007814) stdev:0.129577(0.005515) X2norm:1.00 Nchanged:0 Ngood:276 Nclip:93

mean: -0.183007
i:01 mean:-0.183007(0.009471) stdev:0.167296(0.006686) X2norm:1.00 Nchanged:37 Ngood:313 Nclip:56

mean: -0.183015
i:02 mean:-0.183015(0.011075) stdev:0.204221(0.007820) X2norm:1.00 Nchanged:28 Ngood:341 Nclip:28

mean: -0.175366
i:03 mean:-0.175366(0.012030) stdev:0.226027(0.008495) X2norm:1.00 Nchanged:13 Ngood:354 Nclip:15

mean: -0.170292
i:04 mean:-0.170292(0.012671) stdev:0.240421(0.008948) X2norm:1.00 Nchanged:7 Ngood:361 Nclip:8

mean: -0.172279
i:05 mean:-0.172279(0.013000) stdev:0.247687(0.009180) X2norm:1.00 Nchanged:3 Ngood:364 Nclip:5

mean: -0.170247
i:06 mean:-0.170247(0.013123) stdev:0.250372(0.009267) X2norm:1.00 Nchanged:1 Ngood:365 Nclip:4

mean: -0.170247
i:07 mean:-0.170247(0.013123) stdev:0.250372(0.009267) X2norm:1.00 Nchanged:0 Ngood:365 Nclip:4
   slope  intercept     maxval  index  d_bestguess  fwhm  multimax
0.000049      -0.05 207.961235   4838     0.661043  0.66     False
d_rot_tmp 1.4610430439670836
Keeping 280 out of 280, skippin 0 because of null values in columns d_rot_tmp
median: 0.652667
75.000000 percentile cut: max residual for cut: 0.223245
__tmp_residuals 0.22324517915239345
median: 0.655380
i:00 mean:0.655380(0.006900) stdev:0.099751(0.004867) X2norm:1.00 Nchanged:0 Ngood:210 Nclip:70

mean: 0.649618
i:01 mean:0.649618(0.008544) stdev:0.132639(0.006029) X2norm:1.00 Nchanged:32 Ngood:242 Nclip:38

mean: 0.650682
i:02 mean:0.650682(0.010215) stdev:0.166918(0.007210) X2norm:1.00 Nchanged:26 Ngood:268 Nclip:12

mean: 0.650406
i:03 mean:0.650406(0.010869) stdev:0.180235(0.007671) X2norm:1.00 Nchanged:8 Ngood:276 Nclip:4

mean: 0.650427
i:04 mean:0.650427(0.011119) stdev:0.185053(0.007848) X2norm:1.00 Nchanged:2 Ngood:278 Nclip:2

mean: 0.650427
i:05 mean:0.650427(0.011119) stdev:0.185053(0.007848) X2norm:1.00 Nchanged:0 Ngood:278 Nclip:2
replacing SIP ./jw01227025001_04101_00001_nrcb4_cal_1overf_jhat.fits
./jw01227025001_04101_00001_nrcb4_cal_1overf_jhat.fits
0 ./jw01227025001_04101_00002_nrca1_cal_1overf.phot.txt
find_stars
dmag 0.2172
DDD NIRCAM F115W CLEAR ggg None
####### coron None
dmag 1.0
sharpness 1.05
mag 24
x 2008
y 2008
Saving refcat file into ./jw01227025001_04101_00002_nrca1_cal_1overf.refcat.txt
reffile_d2d 0.5
        slope    intercept    maxval  index  d_bestguess  fwhm  multimax
-1.734723e-17 1.776357e-14 105.88653  16562    -0.295057  0.68     False
d_rot_tmp 0.504943398828732
Keeping 153 out of 153, skippin 0 because of null values in columns d_rot_tmp
median: -0.286701
75.000000 percentile cut: max residual for cut: 0.270266
__tmp_residuals 0.27026552251549485
median: -0.289503
i:00 mean:-0.289503(0.010856) stdev:0.115405(0.007643) X2norm:1.00 Nchanged:0 Ngood:114 Nclip:39

mean: -0.297594
i:01 mean:-0.297594(0.012822) stdev:0.143355(0.009031) X2norm:1.00 Nchanged:12 Ngood:126 Nclip:27

mean: -0.301918
i:02 mean:-0.301918(0.016048) stdev:0.191906(0.011308) X2norm:1.00 Nchanged:18 Ngood:144 Nclip:9

mean: -0.288529
i:03 mean:-0.288529(0.016974) stdev:0.205803(0.011962) X2norm:1.00 Nchanged:4 Ngood:148 Nclip:5

mean: -0.288529
i:04 mean:-0.288529(0.016974) stdev:0.205803(0.011962) X2norm:1.00 Nchanged:0 Ngood:148 Nclip:5
    slope  intercept    maxval  index  d_bestguess  fwhm  multimax
-0.000049       0.05 86.069329   1028     0.255309   0.7     False
d_rot_tmp 1.0553085133388287
Keeping 123 out of 123, skippin 0 because of null values in columns d_rot_tmp
median: 0.271620
75.000000 percentile cut: max residual for cut: 0.251856
__tmp_residuals 0.2518564256996628
median: 0.268136
i:00 mean:0.268136(0.012664) stdev:0.120808(0.008906) X2norm:0.99 Nchanged:0 Ngood:92 Nclip:31

mean: 0.259508
i:01 mean:0.259508(0.015762) stdev:0.165310(0.011095) X2norm:1.00 Nchanged:19 Ngood:111 Nclip:12

mean: 0.267664
i:02 mean:0.267664(0.018216) stdev:0.199542(0.012827) X2norm:1.00 Nchanged:10 Ngood:121 Nclip:2

mean: 0.275934
i:03 mean:0.275934(0.018847) stdev:0.208174(0.013273) X2norm:1.00 Nchanged:2 Ngood:123 Nclip:0

mean: 0.275934
i:04 mean:0.275934(0.018847) stdev:0.208174(0.013273) X2norm:1.00 Nchanged:0 Ngood:123 Nclip:0
replacing SIP ./jw01227025001_04101_00002_nrca1_cal_1overf_jhat.fits
./jw01227025001_04101_00002_nrca1_cal_1overf_jhat.fits
0 ./jw01227025001_04101_00002_nrca2_cal_1overf.phot.txt
find_stars
dmag 0.2172
DDD NIRCAM F115W CLEAR ggg None
####### coron None
dmag 1.0
sharpness 1.05
mag 24
x 2008
y 2008
Saving refcat file into ./jw01227025001_04101_00002_nrca2_cal_1overf.refcat.txt
reffile_d2d 0.5
    slope  intercept     maxval  index  d_bestguess  fwhm  multimax
-0.000146       0.15 105.239901  11110    -0.322636  0.62     False
d_rot_tmp 0.47736385666759706
Keeping 142 out of 142, skippin 0 because of null values in columns d_rot_tmp
median: -0.322527
75.000000 percentile cut: max residual for cut: 0.212986
__tmp_residuals 0.21298558621750435
median: -0.321454
i:00 mean:-0.321454(0.009073) stdev:0.092973(0.006385) X2norm:1.00 Nchanged:0 Ngood:106 Nclip:36

mean: -0.330480
i:01 mean:-0.330480(0.010745) stdev:0.114721(0.007564) X2norm:1.00 Nchanged:9 Ngood:115 Nclip:27

mean: -0.341673
i:02 mean:-0.341673(0.012468) stdev:0.139396(0.008781) X2norm:1.00 Nchanged:11 Ngood:126 Nclip:16

mean: -0.335508
i:03 mean:-0.335508(0.013776) stdev:0.157674(0.009704) X2norm:1.00 Nchanged:6 Ngood:132 Nclip:10

mean: -0.325601
i:04 mean:-0.325601(0.014624) stdev:0.169283(0.010302) X2norm:1.00 Nchanged:3 Ngood:135 Nclip:7

mean: -0.325813
i:05 mean:-0.325813(0.015289) stdev:0.178301(0.010772) X2norm:1.00 Nchanged:2 Ngood:137 Nclip:5

mean: -0.325813
i:06 mean:-0.325813(0.015289) stdev:0.178301(0.010772) X2norm:1.00 Nchanged:0 Ngood:137 Nclip:5
   slope  intercept    maxval  index  d_bestguess  fwhm  multimax
0.000146      -0.15 86.526697   2343     0.273335  0.68     False
d_rot_tmp 1.0733350927084289
Keeping 122 out of 122, skippin 0 because of null values in columns d_rot_tmp
median: 0.263138
75.000000 percentile cut: max residual for cut: 0.241746
__tmp_residuals 0.2417458327374061
median: 0.264799
i:00 mean:0.264799(0.012344) stdev:0.117109(0.008681) X2norm:0.99 Nchanged:0 Ngood:91 Nclip:31

mean: 0.273780
i:01 mean:0.273780(0.015430) stdev:0.161835(0.010862) X2norm:1.00 Nchanged:20 Ngood:111 Nclip:11

mean: 0.261807
i:02 mean:0.261807(0.017827) stdev:0.194469(0.012553) X2norm:1.00 Nchanged:9 Ngood:120 Nclip:2

mean: 0.261807
i:03 mean:0.261807(0.017827) stdev:0.194469(0.012553) X2norm:1.00 Nchanged:0 Ngood:120 Nclip:2
replacing SIP ./jw01227025001_04101_00002_nrca2_cal_1overf_jhat.fits
./jw01227025001_04101_00002_nrca2_cal_1overf_jhat.fits
0 ./jw01227025001_04101_00002_nrca3_cal_1overf.phot.txt
find_stars
dmag 0.2172
DDD NIRCAM F115W CLEAR ggg None
####### coron None
dmag 1.0
sharpness 1.05
mag 24
x 2008
y 2008
Saving refcat file into ./jw01227025001_04101_00002_nrca3_cal_1overf.refcat.txt
reffile_d2d 0.5
    slope  intercept     maxval  index  d_bestguess  fwhm  multimax
-0.000098        0.1 129.824618  12453    -0.297843  0.64     False
d_rot_tmp 0.5021569695269819
Keeping 183 out of 183, skippin 0 because of null values in columns d_rot_tmp
median: -0.299681
75.000000 percentile cut: max residual for cut: 0.234040
__tmp_residuals 0.2340399779911819
median: -0.295089
i:00 mean:-0.295089(0.009298) stdev:0.108437(0.006551) X2norm:1.00 Nchanged:0 Ngood:137 Nclip:46

mean: -0.306099
i:01 mean:-0.306099(0.011437) stdev:0.142387(0.008061) X2norm:1.00 Nchanged:19 Ngood:156 Nclip:27

mean: -0.293788
i:02 mean:-0.293788(0.013163) stdev:0.170606(0.009280) X2norm:1.00 Nchanged:13 Ngood:169 Nclip:14

mean: -0.296589
i:03 mean:-0.296589(0.013673) stdev:0.178800(0.009640) X2norm:1.00 Nchanged:3 Ngood:172 Nclip:11

mean: -0.290579
i:04 mean:-0.290579(0.014168) stdev:0.186345(0.009989) X2norm:1.00 Nchanged:2 Ngood:174 Nclip:9

mean: -0.287486
i:05 mean:-0.287486(0.014423) stdev:0.190258(0.010170) X2norm:1.00 Nchanged:1 Ngood:175 Nclip:8

mean: -0.287486
i:06 mean:-0.287486(0.014423) stdev:0.190258(0.010170) X2norm:1.00 Nchanged:0 Ngood:175 Nclip:8
   slope  intercept     maxval  index  d_bestguess  fwhm  multimax
0.000195       -0.2 100.054902   5919     0.361976   0.7     False
d_rot_tmp 1.1619763981972284
Keeping 144 out of 144, skippin 0 because of null values in columns d_rot_tmp
median: 0.361982
75.000000 percentile cut: max residual for cut: 0.259929
__tmp_residuals 0.2599290252633946
median: 0.367237
i:00 mean:0.367237(0.011743) stdev:0.121471(0.008265) X2norm:1.00 Nchanged:0 Ngood:108 Nclip:36

mean: 0.354637
i:01 mean:0.354637(0.014709) stdev:0.165767(0.010360) X2norm:1.00 Nchanged:20 Ngood:128 Nclip:16

mean: 0.345436
i:02 mean:0.345436(0.017061) stdev:0.201868(0.012021) X2norm:1.00 Nchanged:13 Ngood:141 Nclip:3

mean: 0.349597
i:03 mean:0.349597(0.017447) stdev:0.207171(0.012293) X2norm:1.00 Nchanged:1 Ngood:142 Nclip:2

mean: 0.358051
i:04 mean:0.358051(0.018212) stdev:0.217783(0.012833) X2norm:1.00 Nchanged:2 Ngood:144 Nclip:0

mean: 0.358051
i:05 mean:0.358051(0.018212) stdev:0.217783(0.012833) X2norm:1.00 Nchanged:0 Ngood:144 Nclip:0
replacing SIP ./jw01227025001_04101_00002_nrca3_cal_1overf_jhat.fits
./jw01227025001_04101_00002_nrca3_cal_1overf_jhat.fits
0 ./jw01227025001_04101_00002_nrca4_cal_1overf.phot.txt
find_stars
dmag 0.2172
DDD NIRCAM F115W CLEAR ggg None
####### coron None
dmag 1.0
sharpness 1.05
mag 24
x 2008
y 2008
Saving refcat file into ./jw01227025001_04101_00002_nrca4_cal_1overf.refcat.txt
reffile_d2d 0.5
    slope  intercept     maxval  index  d_bestguess  fwhm  multimax
-0.000049       0.05 105.187706  12305    -0.336216  0.68     False
d_rot_tmp 0.4637835039832965
Keeping 154 out of 154, skippin 0 because of null values in columns d_rot_tmp
median: -0.338332
75.000000 percentile cut: max residual for cut: 0.257864
__tmp_residuals 0.2578638774378504
median: -0.351347
i:00 mean:-0.351347(0.011244) stdev:0.120056(0.007916) X2norm:1.00 Nchanged:0 Ngood:115 Nclip:39

mean: -0.341642
i:01 mean:-0.341642(0.013713) stdev:0.157546(0.009660) X2norm:1.00 Nchanged:18 Ngood:133 Nclip:21

mean: -0.330092
i:02 mean:-0.330092(0.015426) stdev:0.182522(0.010869) X2norm:1.00 Nchanged:8 Ngood:141 Nclip:13

mean: -0.323015
i:03 mean:-0.323015(0.017167) stdev:0.207432(0.012098) X2norm:1.00 Nchanged:6 Ngood:147 Nclip:7

mean: -0.323286
i:04 mean:-0.323286(0.018365) stdev:0.224930(0.012943) X2norm:1.00 Nchanged:4 Ngood:151 Nclip:3

mean: -0.318913
i:05 mean:-0.318913(0.018764) stdev:0.230574(0.013224) X2norm:1.00 Nchanged:1 Ngood:152 Nclip:2

mean: -0.318913
i:06 mean:-0.318913(0.018764) stdev:0.230574(0.013224) X2norm:1.00 Nchanged:0 Ngood:152 Nclip:2
        slope    intercept    maxval  index  d_bestguess  fwhm  multimax
-1.734723e-17 1.776357e-14 87.468591  10178      0.33908  0.68     False
d_rot_tmp 1.1390796608242113
Keeping 124 out of 124, skippin 0 because of null values in columns d_rot_tmp
median: 0.356751
75.000000 percentile cut: max residual for cut: 0.244669
__tmp_residuals 0.244669462742709
median: 0.363237
i:00 mean:0.363237(0.012358) stdev:0.118532(0.008691) X2norm:0.99 Nchanged:0 Ngood:93 Nclip:31

mean: 0.336163
i:01 mean:0.336163(0.015176) stdev:0.159164(0.010682) X2norm:1.00 Nchanged:18 Ngood:111 Nclip:13

mean: 0.327609
i:02 mean:0.327609(0.017178) stdev:0.187388(0.012096) X2norm:1.00 Nchanged:9 Ngood:120 Nclip:4

mean: 0.336287
i:03 mean:0.336287(0.017975) stdev:0.197720(0.012658) X2norm:1.00 Nchanged:2 Ngood:122 Nclip:2

mean: 0.336287
i:04 mean:0.336287(0.017975) stdev:0.197720(0.012658) X2norm:1.00 Nchanged:0 Ngood:122 Nclip:2
replacing SIP ./jw01227025001_04101_00002_nrca4_cal_1overf_jhat.fits
./jw01227025001_04101_00002_nrca4_cal_1overf_jhat.fits
0 ./jw01227025001_04101_00002_nrcb1_cal_1overf.phot.txt
find_stars
dmag 0.2172
DDD NIRCAM F115W CLEAR ggg None
####### coron None
dmag 1.0
sharpness 1.05
mag 24
x 2008
y 2008
Saving refcat file into ./jw01227025001_04101_00002_nrcb1_cal_1overf.refcat.txt
reffile_d2d 0.5
    slope  intercept     maxval  index  d_bestguess  fwhm  multimax
-0.000049       0.05 144.949576  10245    -0.311712  0.66     False
d_rot_tmp 0.48828839987929773
Keeping 199 out of 199, skippin 0 because of null values in columns d_rot_tmp
median: -0.293632
75.000000 percentile cut: max residual for cut: 0.218298
__tmp_residuals 0.21829808775570328
median: -0.289882
i:00 mean:-0.289882(0.008646) stdev:0.105187(0.006093) X2norm:1.00 Nchanged:0 Ngood:149 Nclip:50

mean: -0.309874
i:01 mean:-0.309874(0.010392) stdev:0.135895(0.007327) X2norm:1.00 Nchanged:23 Ngood:172 Nclip:27

mean: -0.319154
i:02 mean:-0.319154(0.011928) stdev:0.161798(0.008411) X2norm:1.00 Nchanged:13 Ngood:185 Nclip:14

mean: -0.310122
i:03 mean:-0.310122(0.012903) stdev:0.177855(0.009100) X2norm:1.00 Nchanged:6 Ngood:191 Nclip:8

mean: -0.297674
i:04 mean:-0.297674(0.013732) stdev:0.191759(0.009685) X2norm:1.00 Nchanged:5 Ngood:196 Nclip:3

mean: -0.294786
i:05 mean:-0.294786(0.013965) stdev:0.195517(0.009850) X2norm:1.00 Nchanged:1 Ngood:197 Nclip:2

mean: -0.294786
i:06 mean:-0.294786(0.013965) stdev:0.195517(0.009850) X2norm:1.00 Nchanged:0 Ngood:197 Nclip:2
    slope  intercept     maxval  index  d_bestguess  fwhm  multimax
-0.000049       0.05 117.903777   3827     0.495323  0.68     False
d_rot_tmp 1.2953233858746416
Keeping 165 out of 165, skippin 0 because of null values in columns d_rot_tmp
median: 0.495491
75.000000 percentile cut: max residual for cut: 0.230752
__tmp_residuals 0.2307521612672322
median: 0.496644
i:00 mean:0.496644(0.010498) stdev:0.115954(0.007393) X2norm:1.00 Nchanged:0 Ngood:123 Nclip:42

mean: 0.492110
i:01 mean:0.492110(0.012771) stdev:0.154307(0.008999) X2norm:1.00 Nchanged:24 Ngood:147 Nclip:18

mean: 0.488420
i:02 mean:0.488420(0.015301) stdev:0.195945(0.010786) X2norm:1.00 Nchanged:18 Ngood:165 Nclip:0

mean: 0.488420
i:03 mean:0.488420(0.015301) stdev:0.195945(0.010786) X2norm:1.00 Nchanged:0 Ngood:165 Nclip:0
replacing SIP ./jw01227025001_04101_00002_nrcb1_cal_1overf_jhat.fits
./jw01227025001_04101_00002_nrcb1_cal_1overf_jhat.fits
0 ./jw01227025001_04101_00002_nrcb2_cal_1overf.phot.txt
find_stars
dmag 0.2172
DDD NIRCAM F115W CLEAR ggg None
####### coron None
dmag 1.0
sharpness 1.05
mag 24
x 2008
y 2008
Saving refcat file into ./jw01227025001_04101_00002_nrcb2_cal_1overf.refcat.txt
reffile_d2d 0.5
    slope  intercept     maxval  index  d_bestguess  fwhm  multimax
-0.000049       0.05 234.574171  11471    -0.200583  0.68     False
d_rot_tmp 0.5994168480687165
Keeping 355 out of 355, skippin 0 because of null values in columns d_rot_tmp
median: -0.183376
75.000000 percentile cut: max residual for cut: 0.266128
__tmp_residuals 0.26612782799583323
median: -0.192457
i:00 mean:-0.192457(0.007976) stdev:0.129843(0.005629) X2norm:1.00 Nchanged:0 Ngood:266 Nclip:89

mean: -0.182580
i:01 mean:-0.182580(0.009807) stdev:0.171838(0.006924) X2norm:1.00 Nchanged:42 Ngood:308 Nclip:47

mean: -0.182101
i:02 mean:-0.182101(0.011197) stdev:0.203717(0.007906) X2norm:1.00 Nchanged:24 Ngood:332 Nclip:23

mean: -0.175702
i:03 mean:-0.175702(0.011864) stdev:0.218432(0.008376) X2norm:1.00 Nchanged:8 Ngood:340 Nclip:15

mean: -0.179454
i:04 mean:-0.179454(0.012089) stdev:0.223235(0.008536) X2norm:1.00 Nchanged:2 Ngood:342 Nclip:13

mean: -0.179426
i:05 mean:-0.179426(0.012323) stdev:0.228229(0.008701) X2norm:1.00 Nchanged:2 Ngood:344 Nclip:11

mean: -0.181373
i:06 mean:-0.181373(0.012441) stdev:0.230750(0.008784) X2norm:1.00 Nchanged:1 Ngood:345 Nclip:10

mean: -0.181373
i:07 mean:-0.181373(0.012441) stdev:0.230750(0.008784) X2norm:1.00 Nchanged:0 Ngood:345 Nclip:10
   slope  intercept     maxval  index  d_bestguess  fwhm  multimax
0.000098       -0.1 198.096739   5379     0.587273  0.66     False
d_rot_tmp 1.3872732018186185
Keeping 285 out of 285, skippin 0 because of null values in columns d_rot_tmp
median: 0.582554
75.000000 percentile cut: max residual for cut: 0.249697
__tmp_residuals 0.24969664705460537
median: 0.595851
i:00 mean:0.595851(0.008092) stdev:0.117816(0.005708) X2norm:1.00 Nchanged:0 Ngood:213 Nclip:72

mean: 0.584458
i:01 mean:0.584458(0.010036) stdev:0.158369(0.007082) X2norm:1.00 Nchanged:37 Ngood:250 Nclip:35

mean: 0.580168
i:02 mean:0.580168(0.011505) stdev:0.189391(0.008120) X2norm:1.00 Nchanged:22 Ngood:272 Nclip:13

mean: 0.574595
i:03 mean:0.574595(0.012036) stdev:0.199952(0.008495) X2norm:1.00 Nchanged:5 Ngood:277 Nclip:8

mean: 0.572549
i:04 mean:0.572549(0.012166) stdev:0.202486(0.008587) X2norm:1.00 Nchanged:1 Ngood:278 Nclip:7

mean: 0.572549
i:05 mean:0.572549(0.012166) stdev:0.202486(0.008587) X2norm:1.00 Nchanged:0 Ngood:278 Nclip:7
replacing SIP ./jw01227025001_04101_00002_nrcb2_cal_1overf_jhat.fits
./jw01227025001_04101_00002_nrcb2_cal_1overf_jhat.fits
0 ./jw01227025001_04101_00002_nrcb3_cal_1overf.phot.txt
find_stars
dmag 0.2172
DDD NIRCAM F115W CLEAR ggg None
####### coron None
dmag 1.0
sharpness 1.05
mag 24
x 2008
y 2008
Saving refcat file into ./jw01227025001_04101_00002_nrcb3_cal_1overf.refcat.txt
reffile_d2d 0.5
        slope    intercept     maxval  index  d_bestguess  fwhm  multimax
-1.734723e-17 1.776357e-14 117.083379  16829    -0.262727   0.7     False
d_rot_tmp 0.5372734724410748
Keeping 173 out of 173, skippin 0 because of null values in columns d_rot_tmp
median: -0.237810
75.000000 percentile cut: max residual for cut: 0.278416
__tmp_residuals 0.2784160383575811
median: -0.246169
i:00 mean:-0.246169(0.010859) stdev:0.122851(0.007648) X2norm:1.00 Nchanged:0 Ngood:129 Nclip:44

mean: -0.263490
i:01 mean:-0.263490(0.013483) stdev:0.164031(0.009502) X2norm:1.00 Nchanged:20 Ngood:149 Nclip:24

mean: -0.254398
i:02 mean:-0.254398(0.015677) stdev:0.198917(0.011051) X2norm:1.00 Nchanged:13 Ngood:162 Nclip:11

mean: -0.241581
i:03 mean:-0.241581(0.016946) stdev:0.218994(0.011947) X2norm:1.00 Nchanged:6 Ngood:168 Nclip:5

mean: -0.238092
i:04 mean:-0.238092(0.017205) stdev:0.223002(0.012130) X2norm:1.00 Nchanged:1 Ngood:169 Nclip:4

mean: -0.234205
i:05 mean:-0.234205(0.017542) stdev:0.228044(0.012367) X2norm:1.00 Nchanged:1 Ngood:170 Nclip:3

mean: -0.234205
i:06 mean:-0.234205(0.017542) stdev:0.228044(0.012367) X2norm:1.00 Nchanged:0 Ngood:170 Nclip:3
   slope  intercept    maxval  index  d_bestguess  fwhm  multimax
0.000098       -0.1 96.828182   5162     0.466605  0.64     False
d_rot_tmp 1.2666049666174815
Keeping 132 out of 132, skippin 0 because of null values in columns d_rot_tmp
median: 0.462409
75.000000 percentile cut: max residual for cut: 0.200061
__tmp_residuals 0.2000605634273716
median: 0.465798
i:00 mean:0.465798(0.010673) stdev:0.105653(0.007508) X2norm:0.99 Nchanged:0 Ngood:99 Nclip:33

mean: 0.468177
i:01 mean:0.468177(0.012446) stdev:0.132304(0.008762) X2norm:1.00 Nchanged:15 Ngood:114 Nclip:18

mean: 0.470547
i:02 mean:0.470547(0.014873) stdev:0.165622(0.010475) X2norm:1.00 Nchanged:11 Ngood:125 Nclip:7

mean: 0.467530
i:03 mean:0.467530(0.015759) stdev:0.177600(0.011100) X2norm:1.00 Nchanged:3 Ngood:128 Nclip:4

mean: 0.463459
i:04 mean:0.463459(0.016161) stdev:0.182846(0.011383) X2norm:1.00 Nchanged:1 Ngood:129 Nclip:3

mean: 0.463459
i:05 mean:0.463459(0.016161) stdev:0.182846(0.011383) X2norm:1.00 Nchanged:0 Ngood:129 Nclip:3
replacing SIP ./jw01227025001_04101_00002_nrcb3_cal_1overf_jhat.fits
./jw01227025001_04101_00002_nrcb3_cal_1overf_jhat.fits
0 ./jw01227025001_04101_00002_nrcb4_cal_1overf.phot.txt
find_stars
dmag 0.2172
DDD NIRCAM F115W CLEAR ggg None
####### coron None
dmag 1.0
sharpness 1.05
mag 24
x 2008
y 2008
Saving refcat file into ./jw01227025001_04101_00002_nrcb4_cal_1overf.refcat.txt
reffile_d2d 0.5
    slope  intercept     maxval  index  d_bestguess  fwhm  multimax
-0.000098        0.1 237.457639   7772    -0.185348  0.72     False
d_rot_tmp 0.6146521810300272
Keeping 369 out of 369, skippin 0 because of null values in columns d_rot_tmp
median: -0.170232
75.000000 percentile cut: max residual for cut: 0.290745
__tmp_residuals 0.290744538973015
median: -0.185571
i:00 mean:-0.185571(0.008317) stdev:0.137928(0.005871) X2norm:1.00 Nchanged:0 Ngood:276 Nclip:93

mean: -0.174495
i:01 mean:-0.174495(0.010288) stdev:0.184610(0.007263) X2norm:1.00 Nchanged:47 Ngood:323 Nclip:46

mean: -0.159961
i:02 mean:-0.159961(0.011630) stdev:0.216641(0.008212) X2norm:1.00 Nchanged:25 Ngood:348 Nclip:21

mean: -0.156339
i:03 mean:-0.156339(0.012344) stdev:0.232583(0.008716) X2norm:1.00 Nchanged:8 Ngood:356 Nclip:13

mean: -0.156362
i:04 mean:-0.156362(0.012979) stdev:0.246607(0.009165) X2norm:1.00 Nchanged:6 Ngood:362 Nclip:7

mean: -0.158294
i:05 mean:-0.158294(0.013087) stdev:0.249003(0.009241) X2norm:1.00 Nchanged:1 Ngood:363 Nclip:6

mean: -0.158294
i:06 mean:-0.158294(0.013087) stdev:0.249003(0.009241) X2norm:1.00 Nchanged:0 Ngood:363 Nclip:6
   slope  intercept     maxval  index  d_bestguess  fwhm  multimax
0.000098       -0.1 199.960023   4832     0.503288  0.66     False
d_rot_tmp 1.3032875564295126
Keeping 277 out of 277, skippin 0 because of null values in columns d_rot_tmp
median: 0.506093
75.000000 percentile cut: max residual for cut: 0.233949
__tmp_residuals 0.2339485468027207
median: 0.517041
i:00 mean:0.517041(0.007610) stdev:0.109230(0.005368) X2norm:1.00 Nchanged:0 Ngood:207 Nclip:70

mean: 0.515317
i:01 mean:0.515317(0.009557) stdev:0.149291(0.006744) X2norm:1.00 Nchanged:38 Ngood:245 Nclip:32

mean: 0.508782
i:02 mean:0.508782(0.011086) stdev:0.181493(0.007825) X2norm:1.00 Nchanged:24 Ngood:269 Nclip:8

mean: 0.507158
i:03 mean:0.507158(0.011537) stdev:0.190622(0.008143) X2norm:1.00 Nchanged:5 Ngood:274 Nclip:3

mean: 0.507158
i:04 mean:0.507158(0.011537) stdev:0.190622(0.008143) X2norm:1.00 Nchanged:0 Ngood:274 Nclip:3
replacing SIP ./jw01227025001_04101_00002_nrcb4_cal_1overf_jhat.fits
./jw01227025001_04101_00002_nrcb4_cal_1overf_jhat.fits
0 ./jw01227025001_04101_00003_nrca1_cal_1overf.phot.txt
find_stars
dmag 0.2172
DDD NIRCAM F115W CLEAR ggg None
####### coron None
dmag 1.0
sharpness 1.05
mag 24
x 2008
y 2008
Saving refcat file into ./jw01227025001_04101_00003_nrca1_cal_1overf.refcat.txt
reffile_d2d 0.5
    slope  intercept     maxval  index  d_bestguess  fwhm  multimax
-0.000049       0.05 104.941632  16064    -0.293017  0.68     False
d_rot_tmp 0.5069830271452702
Keeping 154 out of 154, skippin 0 because of null values in columns d_rot_tmp
median: -0.304425
75.000000 percentile cut: max residual for cut: 0.262617
__tmp_residuals 0.26261748711230065
median: -0.304569
i:00 mean:-0.304569(0.011336) stdev:0.121034(0.007981) X2norm:1.00 Nchanged:0 Ngood:115 Nclip:39

mean: -0.305432
i:01 mean:-0.305432(0.013624) stdev:0.155341(0.009597) X2norm:1.00 Nchanged:16 Ngood:131 Nclip:23

mean: -0.299980
i:02 mean:-0.299980(0.015464) stdev:0.182972(0.010896) X2norm:1.00 Nchanged:10 Ngood:141 Nclip:13

mean: -0.296796
i:03 mean:-0.296796(0.016687) stdev:0.200942(0.011759) X2norm:1.00 Nchanged:5 Ngood:146 Nclip:8

mean: -0.300832
i:04 mean:-0.300832(0.017061) stdev:0.206146(0.012023) X2norm:1.00 Nchanged:1 Ngood:147 Nclip:7

mean: -0.304888
i:05 mean:-0.304888(0.017426) stdev:0.211284(0.012281) X2norm:1.00 Nchanged:1 Ngood:148 Nclip:6

mean: -0.309054
i:06 mean:-0.309054(0.017806) stdev:0.216624(0.012549) X2norm:1.00 Nchanged:1 Ngood:149 Nclip:5

mean: -0.309054
i:07 mean:-0.309054(0.017806) stdev:0.216624(0.012549) X2norm:1.00 Nchanged:0 Ngood:149 Nclip:5
    slope  intercept    maxval  index  d_bestguess  fwhm  multimax
-0.000049       0.05 88.142191   3252     0.266547  0.66     False
d_rot_tmp 1.0665473903808789
Keeping 122 out of 122, skippin 0 because of null values in columns d_rot_tmp
median: 0.285023
75.000000 percentile cut: max residual for cut: 0.229162
__tmp_residuals 0.2291619464732219
median: 0.284724
i:00 mean:0.284724(0.011839) stdev:0.112318(0.008326) X2norm:0.99 Nchanged:0 Ngood:91 Nclip:31

mean: 0.263749
i:01 mean:0.263749(0.013876) stdev:0.142190(0.009766) X2norm:1.00 Nchanged:15 Ngood:106 Nclip:16

mean: 0.283992
i:02 mean:0.283992(0.016739) stdev:0.181061(0.011786) X2norm:1.00 Nchanged:12 Ngood:118 Nclip:4

mean: 0.286970
i:03 mean:0.286970(0.017665) stdev:0.193509(0.012439) X2norm:1.00 Nchanged:3 Ngood:121 Nclip:1

mean: 0.286970
i:04 mean:0.286970(0.017665) stdev:0.193509(0.012439) X2norm:1.00 Nchanged:0 Ngood:121 Nclip:1
replacing SIP ./jw01227025001_04101_00003_nrca1_cal_1overf_jhat.fits
./jw01227025001_04101_00003_nrca1_cal_1overf_jhat.fits
0 ./jw01227025001_04101_00003_nrca2_cal_1overf.phot.txt
find_stars
dmag 0.2172
DDD NIRCAM F115W CLEAR ggg None
####### coron None
dmag 1.0
sharpness 1.05
mag 24
x 2008
y 2008
Saving refcat file into ./jw01227025001_04101_00003_nrca2_cal_1overf.refcat.txt
reffile_d2d 0.5
    slope  intercept     maxval  index  d_bestguess  fwhm  multimax
-0.000146       0.15 100.486801  11153      -0.3045  0.66     False
d_rot_tmp 0.49550004525095237
Keeping 141 out of 141, skippin 0 because of null values in columns d_rot_tmp
median: -0.313205
75.000000 percentile cut: max residual for cut: 0.242196
__tmp_residuals 0.24219616534175667
median: -0.319928
i:00 mean:-0.319928(0.010663) stdev:0.108738(0.007504) X2norm:1.00 Nchanged:0 Ngood:105 Nclip:36

mean: -0.300485
i:01 mean:-0.300485(0.013042) stdev:0.142864(0.009184) X2norm:1.00 Nchanged:16 Ngood:121 Nclip:20

mean: -0.307721
i:02 mean:-0.307721(0.014693) stdev:0.166227(0.010349) X2norm:1.00 Nchanged:8 Ngood:129 Nclip:12

mean: -0.293888
i:03 mean:-0.293888(0.016473) stdev:0.190693(0.011605) X2norm:1.00 Nchanged:6 Ngood:135 Nclip:6

mean: -0.286555
i:04 mean:-0.286555(0.017040) stdev:0.198716(0.012005) X2norm:1.00 Nchanged:2 Ngood:137 Nclip:4

mean: -0.286555
i:05 mean:-0.286555(0.017040) stdev:0.198716(0.012005) X2norm:1.00 Nchanged:0 Ngood:137 Nclip:4
   slope  intercept    maxval  index  d_bestguess  fwhm  multimax
0.000195       -0.2 93.022774   2158     0.250421   0.6     False
d_rot_tmp 1.050421199340245
Keeping 119 out of 119, skippin 0 because of null values in columns d_rot_tmp
median: 0.246075
75.000000 percentile cut: max residual for cut: 0.186433
__tmp_residuals 0.18643320358387777
median: 0.238077
i:00 mean:0.238077(0.009052) stdev:0.084917(0.006365) X2norm:0.99 Nchanged:0 Ngood:89 Nclip:30

mean: 0.250131
i:01 mean:0.250131(0.011035) stdev:0.110902(0.007765) X2norm:1.00 Nchanged:13 Ngood:102 Nclip:17

mean: 0.247972
i:02 mean:0.247972(0.012884) stdev:0.135126(0.009069) X2norm:1.00 Nchanged:9 Ngood:111 Nclip:8

mean: 0.247582
i:03 mean:0.247582(0.014212) stdev:0.151741(0.010005) X2norm:1.00 Nchanged:4 Ngood:115 Nclip:4

mean: 0.254569
i:04 mean:0.254569(0.014815) stdev:0.159561(0.010431) X2norm:1.00 Nchanged:2 Ngood:117 Nclip:2

mean: 0.258408
i:05 mean:0.258408(0.015186) stdev:0.164260(0.010692) X2norm:1.00 Nchanged:1 Ngood:118 Nclip:1

mean: 0.258408
i:06 mean:0.258408(0.015186) stdev:0.164260(0.010692) X2norm:1.00 Nchanged:0 Ngood:118 Nclip:1
replacing SIP ./jw01227025001_04101_00003_nrca2_cal_1overf_jhat.fits
./jw01227025001_04101_00003_nrca2_cal_1overf_jhat.fits
0 ./jw01227025001_04101_00003_nrca3_cal_1overf.phot.txt
find_stars
dmag 0.2172
DDD NIRCAM F115W CLEAR ggg None
####### coron None
dmag 1.0
sharpness 1.05
mag 24
x 2008
y 2008
Saving refcat file into ./jw01227025001_04101_00003_nrca3_cal_1overf.refcat.txt
reffile_d2d 0.5
    slope  intercept     maxval  index  d_bestguess  fwhm  multimax
-0.000098        0.1 122.531151  12466    -0.274726   0.7     False
d_rot_tmp 0.5252738990860337
Keeping 188 out of 188, skippin 0 because of null values in columns d_rot_tmp
median: -0.257078
75.000000 percentile cut: max residual for cut: 0.297707
__tmp_residuals 0.2977073648586305
median: -0.254668
i:00 mean:-0.254668(0.011618) stdev:0.137468(0.008186) X2norm:1.00 Nchanged:0 Ngood:141 Nclip:47

mean: -0.268043
i:01 mean:-0.268043(0.015206) stdev:0.198845(0.010721) X2norm:1.00 Nchanged:31 Ngood:172 Nclip:16

mean: -0.258899
i:02 mean:-0.258899(0.016159) stdev:0.215589(0.011394) X2norm:1.00 Nchanged:7 Ngood:179 Nclip:9

mean: -0.255414
i:03 mean:-0.255414(0.016444) stdev:0.220010(0.011596) X2norm:1.00 Nchanged:1 Ngood:180 Nclip:8

mean: -0.251840
i:04 mean:-0.251840(0.016741) stdev:0.224604(0.011805) X2norm:1.00 Nchanged:1 Ngood:181 Nclip:7

mean: -0.251840
i:05 mean:-0.251840(0.016741) stdev:0.224604(0.011805) X2norm:1.00 Nchanged:0 Ngood:181 Nclip:7
   slope  intercept     maxval  index  d_bestguess  fwhm  multimax
0.000146      -0.15 107.812026   7239     0.382442  0.66     False
d_rot_tmp 1.1824417410339436
Keeping 146 out of 146, skippin 0 because of null values in columns d_rot_tmp
median: 0.377839
75.000000 percentile cut: max residual for cut: 0.219278
__tmp_residuals 0.21927780200982805
median: 0.380200
i:00 mean:0.380200(0.010068) stdev:0.104633(0.007087) X2norm:1.00 Nchanged:0 Ngood:109 Nclip:37

mean: 0.368337
i:01 mean:0.368337(0.012263) stdev:0.138194(0.008637) X2norm:1.00 Nchanged:19 Ngood:128 Nclip:18

mean: 0.361281
i:02 mean:0.361281(0.014331) stdev:0.169571(0.010098) X2norm:1.00 Nchanged:13 Ngood:141 Nclip:5

mean: 0.367664
i:03 mean:0.367664(0.014833) stdev:0.176755(0.010452) X2norm:1.00 Nchanged:2 Ngood:143 Nclip:3

mean: 0.367664
i:04 mean:0.367664(0.014833) stdev:0.176755(0.010452) X2norm:1.00 Nchanged:0 Ngood:143 Nclip:3
replacing SIP ./jw01227025001_04101_00003_nrca3_cal_1overf_jhat.fits
./jw01227025001_04101_00003_nrca3_cal_1overf_jhat.fits
0 ./jw01227025001_04101_00003_nrca4_cal_1overf.phot.txt
find_stars
dmag 0.2172
DDD NIRCAM F115W CLEAR ggg None
####### coron None
dmag 1.0
sharpness 1.05
mag 24
x 2008
y 2008
Saving refcat file into ./jw01227025001_04101_00003_nrca4_cal_1overf.refcat.txt
reffile_d2d 0.5
    slope  intercept     maxval  index  d_bestguess  fwhm  multimax
-0.000049       0.05 112.461098  12314    -0.332575  0.64     False
d_rot_tmp 0.46742512532326264
Keeping 156 out of 156, skippin 0 because of null values in columns d_rot_tmp
median: -0.331795
75.000000 percentile cut: max residual for cut: 0.217257
__tmp_residuals 0.21725672283162373
median: -0.334930
i:00 mean:-0.334930(0.009797) stdev:0.105517(0.006898) X2norm:1.00 Nchanged:0 Ngood:117 Nclip:39

mean: -0.334134
i:01 mean:-0.334134(0.011973) stdev:0.138603(0.008435) X2norm:1.00 Nchanged:18 Ngood:135 Nclip:21

mean: -0.336998
i:02 mean:-0.336998(0.013378) stdev:0.158852(0.009426) X2norm:1.00 Nchanged:7 Ngood:142 Nclip:14

mean: -0.334055
i:03 mean:-0.334055(0.013608) stdev:0.162157(0.009589) X2norm:1.00 Nchanged:1 Ngood:143 Nclip:13

mean: -0.334055
i:04 mean:-0.334055(0.013608) stdev:0.162157(0.009589) X2norm:1.00 Nchanged:0 Ngood:143 Nclip:13
    slope  intercept    maxval  index  d_bestguess  fwhm  multimax
-0.000049       0.05 91.343033  10169     0.358364  0.62     False
d_rot_tmp 1.158364416684708
Keeping 121 out of 121, skippin 0 because of null values in columns d_rot_tmp
median: 0.352548
75.000000 percentile cut: max residual for cut: 0.186227
__tmp_residuals 0.18622730616695615
median: 0.355483
i:00 mean:0.355483(0.009427) stdev:0.088933(0.006629) X2norm:0.99 Nchanged:0 Ngood:90 Nclip:31

mean: 0.351857
i:01 mean:0.351857(0.010991) stdev:0.108805(0.007732) X2norm:1.00 Nchanged:9 Ngood:99 Nclip:22

mean: 0.360366
i:02 mean:0.360366(0.012727) stdev:0.130412(0.008957) X2norm:1.00 Nchanged:7 Ngood:106 Nclip:15

mean: 0.357094
i:03 mean:0.357094(0.014474) stdev:0.153174(0.010189) X2norm:1.00 Nchanged:7 Ngood:113 Nclip:8

mean: 0.356888
i:04 mean:0.356888(0.015862) stdev:0.170837(0.011168) X2norm:1.00 Nchanged:4 Ngood:117 Nclip:4

mean: 0.361040
i:05 mean:0.361040(0.016270) stdev:0.175982(0.011455) X2norm:1.00 Nchanged:1 Ngood:118 Nclip:3

mean: 0.361040
i:06 mean:0.361040(0.016270) stdev:0.175982(0.011455) X2norm:1.00 Nchanged:0 Ngood:118 Nclip:3
replacing SIP ./jw01227025001_04101_00003_nrca4_cal_1overf_jhat.fits
./jw01227025001_04101_00003_nrca4_cal_1overf_jhat.fits
0 ./jw01227025001_04101_00003_nrcb1_cal_1overf.phot.txt
find_stars
dmag 0.2172
DDD NIRCAM F115W CLEAR ggg None
####### coron None
dmag 1.0
sharpness 1.05
mag 24
x 2008
y 2008
Saving refcat file into ./jw01227025001_04101_00003_nrcb1_cal_1overf.refcat.txt
reffile_d2d 0.5
    slope  intercept     maxval  index  d_bestguess  fwhm  multimax
-0.000049       0.05 133.937611  10238    -0.264843  0.68     False
d_rot_tmp 0.5351572828052327
Keeping 193 out of 193, skippin 0 because of null values in columns d_rot_tmp
median: -0.262321
75.000000 percentile cut: max residual for cut: 0.263548
__tmp_residuals 0.263547607930852
median: -0.260688
i:00 mean:-0.260688(0.010315) stdev:0.123355(0.007269) X2norm:1.00 Nchanged:0 Ngood:144 Nclip:49

mean: -0.274090
i:01 mean:-0.274090(0.013036) stdev:0.173429(0.009192) X2norm:1.00 Nchanged:34 Ngood:178 Nclip:15

mean: -0.266979
i:02 mean:-0.266979(0.014200) stdev:0.193668(0.010014) X2norm:1.00 Nchanged:9 Ngood:187 Nclip:6

mean: -0.258680
i:03 mean:-0.258680(0.014770) stdev:0.203047(0.010416) X2norm:1.00 Nchanged:3 Ngood:190 Nclip:3

mean: -0.255675
i:04 mean:-0.255675(0.014998) stdev:0.206727(0.010577) X2norm:1.00 Nchanged:1 Ngood:191 Nclip:2

mean: -0.255675
i:05 mean:-0.255675(0.014998) stdev:0.206727(0.010577) X2norm:1.00 Nchanged:0 Ngood:191 Nclip:2
   slope  intercept     maxval  index  d_bestguess  fwhm  multimax
0.000049      -0.05 125.982332   3800      0.53736  0.62     False
d_rot_tmp 1.3373596643997303
Keeping 165 out of 165, skippin 0 because of null values in columns d_rot_tmp
median: 0.532564
75.000000 percentile cut: max residual for cut: 0.180935
__tmp_residuals 0.1809352260869585
median: 0.535366
i:00 mean:0.535366(0.007952) stdev:0.087835(0.005600) X2norm:1.00 Nchanged:0 Ngood:123 Nclip:42

mean: 0.538578
i:01 mean:0.538578(0.009640) stdev:0.114061(0.006792) X2norm:1.00 Nchanged:18 Ngood:141 Nclip:24

mean: 0.538270
i:02 mean:0.538270(0.010574) stdev:0.127770(0.007452) X2norm:1.00 Nchanged:6 Ngood:147 Nclip:18

mean: 0.536142
i:03 mean:0.536142(0.011173) stdev:0.136382(0.007874) X2norm:1.00 Nchanged:3 Ngood:150 Nclip:15

mean: 0.530896
i:04 mean:0.530896(0.012039) stdev:0.148917(0.008485) X2norm:1.00 Nchanged:4 Ngood:154 Nclip:11

mean: 0.525652
i:05 mean:0.525652(0.012449) stdev:0.154988(0.008774) X2norm:1.00 Nchanged:2 Ngood:156 Nclip:9

mean: 0.525699
i:06 mean:0.525699(0.012937) stdev:0.162098(0.009119) X2norm:1.00 Nchanged:2 Ngood:158 Nclip:7

mean: 0.525663
i:07 mean:0.525663(0.013472) stdev:0.169875(0.009496) X2norm:1.00 Nchanged:2 Ngood:160 Nclip:5

mean: 0.522600
i:08 mean:0.522600(0.013736) stdev:0.173745(0.009682) X2norm:1.00 Nchanged:1 Ngood:161 Nclip:4

mean: 0.522600
i:09 mean:0.522600(0.013736) stdev:0.173745(0.009682) X2norm:1.00 Nchanged:0 Ngood:161 Nclip:4
replacing SIP ./jw01227025001_04101_00003_nrcb1_cal_1overf_jhat.fits
./jw01227025001_04101_00003_nrcb1_cal_1overf_jhat.fits
0 ./jw01227025001_04101_00003_nrcb2_cal_1overf.phot.txt
find_stars
dmag 0.2172
DDD NIRCAM F115W CLEAR ggg None
####### coron None
dmag 1.0
sharpness 1.05
mag 24
x 2008
y 2008
Saving refcat file into ./jw01227025001_04101_00003_nrcb2_cal_1overf.refcat.txt
reffile_d2d 0.5
    slope  intercept     maxval  index  d_bestguess  fwhm  multimax
-0.000049       0.05 236.497363  12099    -0.171314  0.68     False
d_rot_tmp 0.6286861364190941
Keeping 350 out of 350, skippin 0 because of null values in columns d_rot_tmp
median: -0.154755
75.000000 percentile cut: max residual for cut: 0.267256
__tmp_residuals 0.2672564924795207
median: -0.159768
i:00 mean:-0.159768(0.007618) stdev:0.123073(0.005376) X2norm:1.00 Nchanged:0 Ngood:262 Nclip:88

mean: -0.165846
i:01 mean:-0.165846(0.009175) stdev:0.158124(0.006477) X2norm:1.00 Nchanged:36 Ngood:298 Nclip:52

mean: -0.154930
i:02 mean:-0.154930(0.010547) stdev:0.188967(0.007446) X2norm:1.00 Nchanged:24 Ngood:322 Nclip:28

mean: -0.153220
i:03 mean:-0.153220(0.010942) stdev:0.197554(0.007725) X2norm:1.00 Nchanged:5 Ngood:327 Nclip:23

mean: -0.153241
i:04 mean:-0.153241(0.011563) stdev:0.210691(0.008164) X2norm:1.00 Nchanged:6 Ngood:333 Nclip:17

mean: -0.149584
i:05 mean:-0.149584(0.011782) stdev:0.215315(0.008318) X2norm:1.00 Nchanged:2 Ngood:335 Nclip:15

mean: -0.147685
i:06 mean:-0.147685(0.012130) stdev:0.222684(0.008565) X2norm:1.00 Nchanged:3 Ngood:338 Nclip:12

mean: -0.145780
i:07 mean:-0.145780(0.012244) stdev:0.225103(0.008645) X2norm:1.00 Nchanged:1 Ngood:339 Nclip:11

mean: -0.141826
i:08 mean:-0.141826(0.012489) stdev:0.230284(0.008818) X2norm:1.00 Nchanged:2 Ngood:341 Nclip:9

mean: -0.139820
i:09 mean:-0.139820(0.012613) stdev:0.232922(0.008906) X2norm:1.00 Nchanged:1 Ngood:342 Nclip:8

   slope  intercept     maxval  index  d_bestguess  fwhm  multimax
0.000049      -0.05 192.316723   5367     0.610033  0.66     False
d_rot_tmp 1.410033380244218
Keeping 271 out of 271, skippin 0 because of null values in columns d_rot_tmp
median: 0.613892
75.000000 percentile cut: max residual for cut: 0.228478
__tmp_residuals 0.22847847058552564
median: 0.609190
i:00 mean:0.609190(0.008001) stdev:0.113711(0.005643) X2norm:1.00 Nchanged:0 Ngood:203 Nclip:68

mean: 0.618621
i:01 mean:0.618621(0.009985) stdev:0.154368(0.007046) X2norm:1.00 Nchanged:37 Ngood:240 Nclip:31

mean: 0.617386
i:02 mean:0.617386(0.011561) stdev:0.186415(0.008159) X2norm:1.00 Nchanged:21 Ngood:261 Nclip:10

mean: 0.614079
i:03 mean:0.614079(0.012248) stdev:0.199766(0.008645) X2norm:1.00 Nchanged:6 Ngood:267 Nclip:4

mean: 0.614129
i:04 mean:0.614129(0.012536) stdev:0.205223(0.008848) X2norm:1.00 Nchanged:2 Ngood:269 Nclip:2

mean: 0.614129
i:05 mean:0.614129(0.012536) stdev:0.205223(0.008848) X2norm:1.00 Nchanged:0 Ngood:269 Nclip:2
replacing SIP ./jw01227025001_04101_00003_nrcb2_cal_1overf_jhat.fits
./jw01227025001_04101_00003_nrcb2_cal_1overf_jhat.fits
0 ./jw01227025001_04101_00003_nrcb3_cal_1overf.phot.txt
find_stars
dmag 0.2172
DDD NIRCAM F115W CLEAR ggg None
####### coron None
dmag 1.0
sharpness 1.05
mag 24
x 2008
y 2008
Saving refcat file into ./jw01227025001_04101_00003_nrcb3_cal_1overf.refcat.txt
reffile_d2d 0.5
    slope  intercept     maxval  index  d_bestguess  fwhm  multimax
-0.000049       0.05 116.184389  13254    -0.214085  0.66     False
d_rot_tmp 0.5859152297958758
Keeping 166 out of 166, skippin 0 because of null values in columns d_rot_tmp
median: -0.216626
75.000000 percentile cut: max residual for cut: 0.236205
__tmp_residuals 0.23620505019506194
median: -0.230740
i:00 mean:-0.230740(0.010519) stdev:0.116665(0.007408) X2norm:1.00 Nchanged:0 Ngood:124 Nclip:42

mean: -0.207021
i:01 mean:-0.207021(0.012574) stdev:0.150893(0.008861) X2norm:1.00 Nchanged:21 Ngood:145 Nclip:21

mean: -0.204933
i:02 mean:-0.204933(0.013483) stdev:0.164576(0.009502) X2norm:1.00 Nchanged:5 Ngood:150 Nclip:16

mean: -0.196022
i:03 mean:-0.196022(0.014176) stdev:0.174778(0.009991) X2norm:1.00 Nchanged:3 Ngood:153 Nclip:13

mean: -0.196022
i:04 mean:-0.196022(0.014176) stdev:0.174778(0.009991) X2norm:1.00 Nchanged:0 Ngood:153 Nclip:13
   slope  intercept     maxval  index  d_bestguess  fwhm  multimax
0.000098       -0.1 100.753095   5154     0.469958  0.62     False
d_rot_tmp 1.269958397601161
Keeping 132 out of 132, skippin 0 because of null values in columns d_rot_tmp
median: 0.478705
75.000000 percentile cut: max residual for cut: 0.201582
__tmp_residuals 0.2015824565629405
median: 0.485445
i:00 mean:0.485445(0.009831) stdev:0.097325(0.006917) X2norm:0.99 Nchanged:0 Ngood:99 Nclip:33

mean: 0.483539
i:01 mean:0.483539(0.012228) stdev:0.132262(0.008610) X2norm:1.00 Nchanged:19 Ngood:118 Nclip:14

mean: 0.468286
i:02 mean:0.468286(0.013702) stdev:0.153194(0.009650) X2norm:1.00 Nchanged:8 Ngood:126 Nclip:6

mean: 0.468139
i:03 mean:0.468139(0.014341) stdev:0.161612(0.010101) X2norm:1.00 Nchanged:2 Ngood:128 Nclip:4

mean: 0.464540
i:04 mean:0.464540(0.014680) stdev:0.166088(0.010340) X2norm:1.00 Nchanged:1 Ngood:129 Nclip:3

mean: 0.460815
i:05 mean:0.460815(0.015039) stdev:0.170806(0.010593) X2norm:1.00 Nchanged:1 Ngood:130 Nclip:2

mean: 0.460815
i:06 mean:0.460815(0.015039) stdev:0.170806(0.010593) X2norm:1.00 Nchanged:0 Ngood:130 Nclip:2
replacing SIP ./jw01227025001_04101_00003_nrcb3_cal_1overf_jhat.fits
./jw01227025001_04101_00003_nrcb3_cal_1overf_jhat.fits
0 ./jw01227025001_04101_00003_nrcb4_cal_1overf.phot.txt
find_stars
dmag 0.2172
DDD NIRCAM F115W CLEAR ggg None
####### coron None
dmag 1.0
sharpness 1.05
mag 24
x 2008
y 2008
Saving refcat file into ./jw01227025001_04101_00003_nrcb4_cal_1overf.refcat.txt
reffile_d2d 0.5
    slope  intercept     maxval  index  d_bestguess  fwhm  multimax
-0.000049       0.05 230.037541   7783    -0.120367  0.72     False
d_rot_tmp 0.6796325472182219
Keeping 353 out of 353, skippin 0 because of null values in columns d_rot_tmp
median: -0.138720
75.000000 percentile cut: max residual for cut: 0.297393
__tmp_residuals 0.2973934682822403
median: -0.140036
i:00 mean:-0.140036(0.008390) stdev:0.136068(0.005922) X2norm:1.00 Nchanged:0 Ngood:264 Nclip:89

mean: -0.136792
i:01 mean:-0.136792(0.010569) stdev:0.186691(0.007462) X2norm:1.00 Nchanged:49 Ngood:313 Nclip:40

mean: -0.132455
i:02 mean:-0.132455(0.011951) stdev:0.218735(0.008438) X2norm:1.00 Nchanged:23 Ngood:336 Nclip:17

mean: -0.120493
i:03 mean:-0.120493(0.012713) stdev:0.235786(0.008976) X2norm:1.00 Nchanged:9 Ngood:345 Nclip:8

mean: -0.120558
i:04 mean:-0.120558(0.012950) stdev:0.240882(0.009144) X2norm:1.00 Nchanged:2 Ngood:347 Nclip:6

mean: -0.122610
i:05 mean:-0.122610(0.013075) stdev:0.243560(0.009232) X2norm:1.00 Nchanged:1 Ngood:348 Nclip:5

mean: -0.122610
i:06 mean:-0.122610(0.013075) stdev:0.243560(0.009232) X2norm:1.00 Nchanged:0 Ngood:348 Nclip:5
   slope  intercept    maxval  index  d_bestguess  fwhm  multimax
0.000098       -0.1 189.53906   4841     0.530068  0.66     False
d_rot_tmp 1.3300681075868284
Keeping 263 out of 263, skippin 0 because of null values in columns d_rot_tmp
median: 0.532475
75.000000 percentile cut: max residual for cut: 0.229312
__tmp_residuals 0.22931211699357196
median: 0.534988
i:00 mean:0.534988(0.007832) stdev:0.109652(0.005524) X2norm:1.00 Nchanged:0 Ngood:197 Nclip:66

mean: 0.528300
i:01 mean:0.528300(0.009610) stdev:0.145100(0.006780) X2norm:1.00 Nchanged:32 Ngood:229 Nclip:34

mean: 0.518392
i:02 mean:0.518392(0.011240) stdev:0.178080(0.007932) X2norm:1.00 Nchanged:23 Ngood:252 Nclip:11

mean: 0.520164
i:03 mean:0.520164(0.011972) stdev:0.192306(0.008449) X2norm:1.00 Nchanged:7 Ngood:259 Nclip:4

mean: 0.520157
i:04 mean:0.520157(0.012286) stdev:0.198110(0.008671) X2norm:1.00 Nchanged:2 Ngood:261 Nclip:2

mean: 0.522421
i:05 mean:0.522421(0.012448) stdev:0.201096(0.008785) X2norm:1.00 Nchanged:1 Ngood:262 Nclip:1

mean: 0.522421
i:06 mean:0.522421(0.012448) stdev:0.201096(0.008785) X2norm:1.00 Nchanged:0 Ngood:262 Nclip:1
replacing SIP ./jw01227025001_04101_00003_nrcb4_cal_1overf_jhat.fits
./jw01227025001_04101_00003_nrcb4_cal_1overf_jhat.fits
0 ./jw01227025001_04101_00004_nrca1_cal_1overf.phot.txt
find_stars
dmag 0.2172
DDD NIRCAM F115W CLEAR ggg None
####### coron None
dmag 1.0
sharpness 1.05
mag 24
x 2008
y 2008
Saving refcat file into ./jw01227025001_04101_00004_nrca1_cal_1overf.refcat.txt
reffile_d2d 0.5
        slope    intercept     maxval  index  d_bestguess  fwhm  multimax
-1.734723e-17 1.776357e-14 110.421525  15085     -0.40824  0.64     False
d_rot_tmp 0.39175964756298076
Keeping 158 out of 158, skippin 0 because of null values in columns d_rot_tmp
median: -0.382511
75.000000 percentile cut: max residual for cut: 0.238808
__tmp_residuals 0.2388081357552273
median: -0.387919
i:00 mean:-0.387919(0.009966) stdev:0.107794(0.007017) X2norm:1.00 Nchanged:0 Ngood:118 Nclip:40

mean: -0.401338
i:01 mean:-0.401338(0.011401) stdev:0.128478(0.008030) X2norm:1.00 Nchanged:10 Ngood:128 Nclip:30

mean: -0.395769
i:02 mean:-0.395769(0.012954) stdev:0.150510(0.009126) X2norm:1.00 Nchanged:8 Ngood:136 Nclip:22

mean: -0.398796
i:03 mean:-0.398796(0.014226) stdev:0.168325(0.010024) X2norm:1.00 Nchanged:5 Ngood:141 Nclip:17

mean: -0.392044
i:04 mean:-0.392044(0.015339) stdev:0.184066(0.010809) X2norm:1.00 Nchanged:4 Ngood:145 Nclip:13

mean: -0.392114
i:05 mean:-0.392114(0.016020) stdev:0.193576(0.011290) X2norm:1.00 Nchanged:2 Ngood:147 Nclip:11

mean: -0.388260
i:06 mean:-0.388260(0.017025) stdev:0.207821(0.011999) X2norm:1.00 Nchanged:3 Ngood:150 Nclip:8

mean: -0.396321
i:07 mean:-0.396321(0.017741) stdev:0.218002(0.012503) X2norm:1.00 Nchanged:2 Ngood:152 Nclip:6

mean: -0.392134
i:08 mean:-0.392134(0.018118) stdev:0.223371(0.012769) X2norm:1.00 Nchanged:1 Ngood:153 Nclip:5

mean: -0.387863
i:09 mean:-0.387863(0.018502) stdev:0.228861(0.013041) X2norm:1.00 Nchanged:1 Ngood:154 Nclip:4

   slope  intercept    maxval  index  d_bestguess  fwhm  multimax
0.000049      -0.05 84.357808   3462     0.372479   0.7     False
d_rot_tmp 1.172479403972264
Keeping 125 out of 125, skippin 0 because of null values in columns d_rot_tmp
median: 0.371555
75.000000 percentile cut: max residual for cut: 0.293704
__tmp_residuals 0.29370427816631606
median: 0.368951
i:00 mean:0.368951(0.013046) stdev:0.125136(0.009175) X2norm:0.99 Nchanged:0 Ngood:93 Nclip:32

mean: 0.378419
i:01 mean:0.378419(0.016362) stdev:0.169250(0.011516) X2norm:1.00 Nchanged:15 Ngood:108 Nclip:17

mean: 0.382185
i:02 mean:0.382185(0.019669) stdev:0.217256(0.013852) X2norm:1.00 Nchanged:15 Ngood:123 Nclip:2

mean: 0.382503
i:03 mean:0.382503(0.020439) stdev:0.227597(0.014394) X2norm:1.00 Nchanged:2 Ngood:125 Nclip:0

mean: 0.382503
i:04 mean:0.382503(0.020439) stdev:0.227597(0.014394) X2norm:1.00 Nchanged:0 Ngood:125 Nclip:0
replacing SIP ./jw01227025001_04101_00004_nrca1_cal_1overf_jhat.fits
./jw01227025001_04101_00004_nrca1_cal_1overf_jhat.fits
0 ./jw01227025001_04101_00004_nrca2_cal_1overf.phot.txt
find_stars
dmag 0.2172
DDD NIRCAM F115W CLEAR ggg None
####### coron None
dmag 1.0
sharpness 1.05
mag 24
x 2008
y 2008
Saving refcat file into ./jw01227025001_04101_00004_nrca2_cal_1overf.refcat.txt
reffile_d2d 0.5
    slope  intercept    maxval  index  d_bestguess  fwhm  multimax
-0.000146       0.15 96.915133  11176    -0.414538  0.68     False
d_rot_tmp 0.3854615536845245
Keeping 139 out of 139, skippin 0 because of null values in columns d_rot_tmp
median: -0.418459
75.000000 percentile cut: max residual for cut: 0.247501
__tmp_residuals 0.2475005947988556
median: -0.424060
i:00 mean:-0.424060(0.011738) stdev:0.119126(0.008260) X2norm:1.00 Nchanged:0 Ngood:104 Nclip:35

mean: -0.416501
i:01 mean:-0.416501(0.014598) stdev:0.161236(0.010280) X2norm:1.00 Nchanged:19 Ngood:123 Nclip:16

mean: -0.419999
i:02 mean:-0.419999(0.015880) stdev:0.180363(0.011186) X2norm:1.00 Nchanged:7 Ngood:130 Nclip:9

mean: -0.412272
i:03 mean:-0.412272(0.016565) stdev:0.189596(0.011669) X2norm:1.00 Nchanged:2 Ngood:132 Nclip:7

mean: -0.404188
i:04 mean:-0.404188(0.017288) stdev:0.199378(0.012179) X2norm:1.00 Nchanged:2 Ngood:134 Nclip:5

mean: -0.412732
i:05 mean:-0.412732(0.018072) stdev:0.209977(0.012732) X2norm:1.00 Nchanged:2 Ngood:136 Nclip:3

mean: -0.417153
i:06 mean:-0.417153(0.018480) stdev:0.215507(0.013019) X2norm:1.00 Nchanged:1 Ngood:137 Nclip:2

mean: -0.417153
i:07 mean:-0.417153(0.018480) stdev:0.215507(0.013019) X2norm:1.00 Nchanged:0 Ngood:137 Nclip:2
   slope  intercept    maxval  index  d_bestguess  fwhm  multimax
0.000244      -0.25 93.642878   2346     0.380493   0.6     False
d_rot_tmp 1.1804932344799142
Keeping 119 out of 119, skippin 0 because of null values in columns d_rot_tmp
median: 0.375451
75.000000 percentile cut: max residual for cut: 0.184801
__tmp_residuals 0.1848008282422985
median: 0.360351
i:00 mean:0.360351(0.008721) stdev:0.081807(0.006132) X2norm:0.99 Nchanged:0 Ngood:89 Nclip:30

mean: 0.374201
i:01 mean:0.374201(0.010459) stdev:0.104069(0.007359) X2norm:1.00 Nchanged:11 Ngood:100 Nclip:19

mean: 0.380546
i:02 mean:0.380546(0.012014) stdev:0.124853(0.008456) X2norm:1.00 Nchanged:9 Ngood:109 Nclip:10

mean: 0.376957
i:03 mean:0.376957(0.012861) stdev:0.135497(0.009053) X2norm:1.00 Nchanged:3 Ngood:112 Nclip:7

mean: 0.376957
i:04 mean:0.376957(0.012861) stdev:0.135497(0.009053) X2norm:1.00 Nchanged:0 Ngood:112 Nclip:7
replacing SIP ./jw01227025001_04101_00004_nrca2_cal_1overf_jhat.fits
./jw01227025001_04101_00004_nrca2_cal_1overf_jhat.fits
0 ./jw01227025001_04101_00004_nrca3_cal_1overf.phot.txt
find_stars
dmag 0.2172
DDD NIRCAM F115W CLEAR ggg None
####### coron None
dmag 1.0
sharpness 1.05
mag 24
x 2008
y 2008
Saving refcat file into ./jw01227025001_04101_00004_nrca3_cal_1overf.refcat.txt
reffile_d2d 0.5
    slope  intercept     maxval  index  d_bestguess  fwhm  multimax
-0.000146       0.15 121.193173  12612    -0.381473  0.66     False
d_rot_tmp 0.4185269331184316
Keeping 175 out of 175, skippin 0 because of null values in columns d_rot_tmp
median: -0.379470
75.000000 percentile cut: max residual for cut: 0.257638
__tmp_residuals 0.2576383556373562
median: -0.388595
i:00 mean:-0.388595(0.010087) stdev:0.115011(0.007105) X2norm:1.00 Nchanged:0 Ngood:131 Nclip:44

mean: -0.385067
i:01 mean:-0.385067(0.012146) stdev:0.146761(0.008559) X2norm:1.00 Nchanged:16 Ngood:147 Nclip:28

mean: -0.370848
i:02 mean:-0.370848(0.014296) stdev:0.180838(0.010078) X2norm:1.00 Nchanged:14 Ngood:161 Nclip:14

mean: -0.362104
i:03 mean:-0.362104(0.015391) stdev:0.197703(0.010850) X2norm:1.00 Nchanged:5 Ngood:166 Nclip:9

mean: -0.362286
i:04 mean:-0.362286(0.016511) stdev:0.214644(0.011641) X2norm:1.00 Nchanged:4 Ngood:170 Nclip:5

mean: -0.362286
i:05 mean:-0.362286(0.017142) stdev:0.224154(0.012086) X2norm:1.00 Nchanged:2 Ngood:172 Nclip:3

mean: -0.366090
i:06 mean:-0.366090(0.017464) stdev:0.229033(0.012313) X2norm:1.00 Nchanged:1 Ngood:173 Nclip:2

mean: -0.369995
i:07 mean:-0.369995(0.017799) stdev:0.234107(0.012549) X2norm:1.00 Nchanged:1 Ngood:174 Nclip:1

mean: -0.369995
i:08 mean:-0.369995(0.017799) stdev:0.234107(0.012549) X2norm:1.00 Nchanged:0 Ngood:174 Nclip:1
   slope  intercept    maxval  index  d_bestguess  fwhm  multimax
0.000098       -0.1 97.523048   7247     0.487992  0.68     False
d_rot_tmp 1.287991977882757
Keeping 138 out of 138, skippin 0 because of null values in columns d_rot_tmp
median: 0.493628
75.000000 percentile cut: max residual for cut: 0.246825
__tmp_residuals 0.24682520505619235
median: 0.494023
i:00 mean:0.494023(0.011354) stdev:0.114667(0.007989) X2norm:1.00 Nchanged:0 Ngood:103 Nclip:35

mean: 0.490285
i:01 mean:0.490285(0.014157) stdev:0.155730(0.009970) X2norm:1.00 Nchanged:19 Ngood:122 Nclip:16

mean: 0.482375
i:02 mean:0.482375(0.015802) stdev:0.180167(0.011131) X2norm:1.00 Nchanged:9 Ngood:131 Nclip:7

mean: 0.497612
i:03 mean:0.497612(0.017095) stdev:0.197890(0.012043) X2norm:1.00 Nchanged:4 Ngood:135 Nclip:3

mean: 0.501647
i:04 mean:0.501647(0.017445) stdev:0.202694(0.012290) X2norm:1.00 Nchanged:1 Ngood:136 Nclip:2

mean: 0.506061
i:05 mean:0.506061(0.017875) stdev:0.208452(0.012593) X2norm:1.00 Nchanged:1 Ngood:137 Nclip:1

mean: 0.506061
i:06 mean:0.506061(0.017875) stdev:0.208452(0.012593) X2norm:1.00 Nchanged:0 Ngood:137 Nclip:1
replacing SIP ./jw01227025001_04101_00004_nrca3_cal_1overf_jhat.fits
./jw01227025001_04101_00004_nrca3_cal_1overf_jhat.fits
0 ./jw01227025001_04101_00004_nrca4_cal_1overf.phot.txt
find_stars
dmag 0.2172
DDD NIRCAM F115W CLEAR ggg None
####### coron None
dmag 1.0
sharpness 1.05
mag 24
x 2008
y 2008
Saving refcat file into ./jw01227025001_04101_00004_nrca4_cal_1overf.refcat.txt
reffile_d2d 0.5
        slope    intercept     maxval  index  d_bestguess  fwhm  multimax
-1.734723e-17 1.776357e-14 108.214011  10227    -0.432617  0.64     False
d_rot_tmp 0.3673832262950498
Keeping 155 out of 155, skippin 0 because of null values in columns d_rot_tmp
median: -0.429091
75.000000 percentile cut: max residual for cut: 0.246159
__tmp_residuals 0.24615932866288037
median: -0.445524
i:00 mean:-0.445524(0.010475) stdev:0.112335(0.007375) X2norm:1.00 Nchanged:0 Ngood:116 Nclip:39

mean: -0.421256
i:01 mean:-0.421256(0.012675) stdev:0.145068(0.008928) X2norm:1.00 Nchanged:16 Ngood:132 Nclip:23

mean: -0.416709
i:02 mean:-0.416709(0.014296) stdev:0.168552(0.010073) X2norm:1.00 Nchanged:8 Ngood:140 Nclip:15

mean: -0.413377
i:03 mean:-0.413377(0.015046) stdev:0.179297(0.010602) X2norm:1.00 Nchanged:3 Ngood:143 Nclip:12

mean: -0.417003
i:04 mean:-0.417003(0.015378) stdev:0.183891(0.010836) X2norm:1.00 Nchanged:1 Ngood:144 Nclip:11

mean: -0.417003
i:05 mean:-0.417003(0.015378) stdev:0.183891(0.010836) X2norm:1.00 Nchanged:0 Ngood:144 Nclip:11
        slope    intercept    maxval  index  d_bestguess  fwhm  multimax
-1.734723e-17 1.776357e-14 94.732512  10167     0.499313  0.64     False
d_rot_tmp 1.2993128613474199
Keeping 126 out of 126, skippin 0 because of null values in columns d_rot_tmp
median: 0.491030
75.000000 percentile cut: max residual for cut: 0.213729
__tmp_residuals 0.21372934718141562
median: 0.484634
i:00 mean:0.484634(0.010450) stdev:0.100774(0.007350) X2norm:0.99 Nchanged:0 Ngood:94 Nclip:32

mean: 0.494014
i:01 mean:0.494014(0.012872) stdev:0.135611(0.009061) X2norm:1.00 Nchanged:18 Ngood:112 Nclip:14

mean: 0.496981
i:02 mean:0.496981(0.014759) stdev:0.161674(0.010393) X2norm:1.00 Nchanged:9 Ngood:121 Nclip:5

mean: 0.500493
i:03 mean:0.500493(0.015055) stdev:0.165610(0.010602) X2norm:1.00 Nchanged:1 Ngood:122 Nclip:4

mean: 0.504504
i:04 mean:0.504504(0.015466) stdev:0.170825(0.010891) X2norm:1.00 Nchanged:1 Ngood:123 Nclip:3

mean: 0.504504
i:05 mean:0.504504(0.015466) stdev:0.170825(0.010891) X2norm:1.00 Nchanged:0 Ngood:123 Nclip:3
replacing SIP ./jw01227025001_04101_00004_nrca4_cal_1overf_jhat.fits
./jw01227025001_04101_00004_nrca4_cal_1overf_jhat.fits
0 ./jw01227025001_04101_00004_nrcb1_cal_1overf.phot.txt
find_stars
dmag 0.2172
DDD NIRCAM F115W CLEAR ggg None
####### coron None
dmag 1.0
sharpness 1.05
mag 24
x 2008
y 2008
Saving refcat file into ./jw01227025001_04101_00004_nrcb1_cal_1overf.refcat.txt
reffile_d2d 0.5
    slope  intercept     maxval  index  d_bestguess  fwhm  multimax
-0.000049       0.05 136.349688   9680    -0.380274  0.68     False
d_rot_tmp 0.41972646175505024
Keeping 195 out of 195, skippin 0 because of null values in columns d_rot_tmp
median: -0.380975
75.000000 percentile cut: max residual for cut: 0.242667
__tmp_residuals 0.24266736888995116
median: -0.382357
i:00 mean:-0.382357(0.009615) stdev:0.115778(0.006775) X2norm:1.00 Nchanged:0 Ngood:146 Nclip:49

mean: -0.386486
i:01 mean:-0.386486(0.011999) stdev:0.155529(0.008460) X2norm:1.00 Nchanged:23 Ngood:169 Nclip:26

mean: -0.383543
i:02 mean:-0.383543(0.014079) stdev:0.192522(0.009929) X2norm:1.00 Nchanged:19 Ngood:188 Nclip:7

mean: -0.374983
i:03 mean:-0.374983(0.014978) stdev:0.207539(0.010563) X2norm:1.00 Nchanged:5 Ngood:193 Nclip:2

mean: -0.378123
i:04 mean:-0.378123(0.015229) stdev:0.211571(0.010741) X2norm:1.00 Nchanged:1 Ngood:194 Nclip:1

mean: -0.378123
i:05 mean:-0.378123(0.015229) stdev:0.211571(0.010741) X2norm:1.00 Nchanged:0 Ngood:194 Nclip:1
    slope  intercept     maxval  index  d_bestguess  fwhm  multimax
-0.000049       0.05 122.552276   3822     0.620004  0.64     False
d_rot_tmp 1.4200038844032605
Keeping 167 out of 167, skippin 0 because of null values in columns d_rot_tmp
median: 0.620485
75.000000 percentile cut: max residual for cut: 0.231267
__tmp_residuals 0.23126716218082094
median: 0.625590
i:00 mean:0.625590(0.009351) stdev:0.104128(0.006586) X2norm:1.00 Nchanged:0 Ngood:125 Nclip:42

mean: 0.630279
i:01 mean:0.630279(0.011469) stdev:0.137154(0.008082) X2norm:1.00 Nchanged:19 Ngood:144 Nclip:23

mean: 0.615822
i:02 mean:0.615822(0.013962) stdev:0.177161(0.009842) X2norm:1.00 Nchanged:18 Ngood:162 Nclip:5

mean: 0.621664
i:03 mean:0.621664(0.014697) stdev:0.188787(0.010361) X2norm:1.00 Nchanged:4 Ngood:166 Nclip:1

mean: 0.621664
i:04 mean:0.621664(0.014697) stdev:0.188787(0.010361) X2norm:1.00 Nchanged:0 Ngood:166 Nclip:1
replacing SIP ./jw01227025001_04101_00004_nrcb1_cal_1overf_jhat.fits
./jw01227025001_04101_00004_nrcb1_cal_1overf_jhat.fits
0 ./jw01227025001_04101_00004_nrcb2_cal_1overf.phot.txt
find_stars
dmag 0.2172
DDD NIRCAM F115W CLEAR ggg None
####### coron None
dmag 1.0
sharpness 1.05
mag 24
x 2008
y 2008
Saving refcat file into ./jw01227025001_04101_00004_nrcb2_cal_1overf.refcat.txt
reffile_d2d 0.5
    slope  intercept     maxval  index  d_bestguess  fwhm  multimax
-0.000049       0.05 244.273587  12094    -0.281236  0.66     False
d_rot_tmp 0.5187639038657779
Keeping 356 out of 356, skippin 0 because of null values in columns d_rot_tmp
median: -0.280931
75.000000 percentile cut: max residual for cut: 0.272220
__tmp_residuals 0.27222044039256743
median: -0.282457
i:00 mean:-0.282457(0.007165) stdev:0.116858(0.005057) X2norm:1.00 Nchanged:0 Ngood:267 Nclip:89

mean: -0.277822
i:01 mean:-0.277822(0.008576) stdev:0.147801(0.006054) X2norm:1.00 Nchanged:31 Ngood:298 Nclip:58

mean: -0.273151
i:02 mean:-0.273151(0.009966) stdev:0.178552(0.007036) X2norm:1.00 Nchanged:24 Ngood:322 Nclip:34

mean: -0.268859
i:03 mean:-0.268859(0.010682) stdev:0.194053(0.007542) X2norm:1.00 Nchanged:9 Ngood:331 Nclip:25

mean: -0.268856
i:04 mean:-0.268856(0.010882) stdev:0.198277(0.007683) X2norm:1.00 Nchanged:2 Ngood:333 Nclip:23

mean: -0.270593
i:05 mean:-0.270593(0.011203) stdev:0.205053(0.007910) X2norm:1.00 Nchanged:3 Ngood:336 Nclip:20

mean: -0.272372
i:06 mean:-0.272372(0.011311) stdev:0.207335(0.007986) X2norm:1.00 Nchanged:1 Ngood:337 Nclip:19

mean: -0.272372
i:07 mean:-0.272372(0.011311) stdev:0.207335(0.007986) X2norm:1.00 Nchanged:0 Ngood:337 Nclip:19
   slope  intercept     maxval  index  d_bestguess  fwhm  multimax
0.000098       -0.1 206.785963   5351     0.720504  0.64     False
d_rot_tmp 1.5205038279343086
Keeping 278 out of 278, skippin 0 because of null values in columns d_rot_tmp
median: 0.725353
75.000000 percentile cut: max residual for cut: 0.205060
__tmp_residuals 0.2050600467004574
median: 0.728634
i:00 mean:0.728634(0.006905) stdev:0.099344(0.004871) X2norm:1.00 Nchanged:0 Ngood:208 Nclip:70

mean: 0.723686
i:01 mean:0.723686(0.008324) stdev:0.128139(0.005873) X2norm:1.00 Nchanged:30 Ngood:238 Nclip:40

mean: 0.725667
i:02 mean:0.725667(0.009628) stdev:0.154648(0.006795) X2norm:1.00 Nchanged:21 Ngood:259 Nclip:19

mean: 0.720940
i:03 mean:0.720940(0.010539) stdev:0.172845(0.007438) X2norm:1.00 Nchanged:11 Ngood:270 Nclip:8

mean: 0.721023
i:04 mean:0.721023(0.010763) stdev:0.177179(0.007596) X2norm:1.00 Nchanged:2 Ngood:272 Nclip:6

mean: 0.722955
i:05 mean:0.722955(0.010897) stdev:0.179712(0.007691) X2norm:1.00 Nchanged:1 Ngood:273 Nclip:5

mean: 0.722955
i:06 mean:0.722955(0.010897) stdev:0.179712(0.007691) X2norm:1.00 Nchanged:0 Ngood:273 Nclip:5
replacing SIP ./jw01227025001_04101_00004_nrcb2_cal_1overf_jhat.fits
./jw01227025001_04101_00004_nrcb2_cal_1overf_jhat.fits
0 ./jw01227025001_04101_00004_nrcb3_cal_1overf.phot.txt
find_stars
dmag 0.2172
DDD NIRCAM F115W CLEAR ggg None
####### coron None
dmag 1.0
sharpness 1.05
mag 24
x 2008
y 2008
Saving refcat file into ./jw01227025001_04101_00004_nrcb3_cal_1overf.refcat.txt
reffile_d2d 0.5
    slope  intercept     maxval  index  d_bestguess  fwhm  multimax
-0.000049       0.05 111.247465  12890    -0.356742  0.76     False
d_rot_tmp 0.4432577929832633
Keeping 176 out of 176, skippin 0 because of null values in columns d_rot_tmp
median: -0.348298
75.000000 percentile cut: max residual for cut: 0.316700
__tmp_residuals 0.3167003529453038
median: -0.366592
i:00 mean:-0.366592(0.012749) stdev:0.145918(0.008981) X2norm:1.00 Nchanged:0 Ngood:132 Nclip:44

mean: -0.341521
i:01 mean:-0.341521(0.016089) stdev:0.200948(0.011340) X2norm:1.00 Nchanged:25 Ngood:157 Nclip:19

mean: -0.318216
i:02 mean:-0.318216(0.017823) stdev:0.231703(0.012566) X2norm:1.00 Nchanged:13 Ngood:170 Nclip:6

mean: -0.311004
i:03 mean:-0.311004(0.018888) stdev:0.248433(0.013317) X2norm:1.00 Nchanged:4 Ngood:174 Nclip:2

mean: -0.311229
i:04 mean:-0.311229(0.019529) stdev:0.258349(0.013770) X2norm:1.00 Nchanged:2 Ngood:176 Nclip:0

mean: -0.311229
i:05 mean:-0.311229(0.019529) stdev:0.258349(0.013770) X2norm:1.00 Nchanged:0 Ngood:176 Nclip:0
   slope  intercept    maxval  index  d_bestguess  fwhm  multimax
0.000098       -0.1 102.86108   5156     0.591043  0.64     False
d_rot_tmp 1.3910431891736892
Keeping 137 out of 137, skippin 0 because of null values in columns d_rot_tmp
median: 0.587145
75.000000 percentile cut: max residual for cut: 0.207381
__tmp_residuals 0.20738068673974763
median: 0.574654
i:00 mean:0.574654(0.010120) stdev:0.101709(0.007121) X2norm:1.00 Nchanged:0 Ngood:102 Nclip:35

mean: 0.579153
i:01 mean:0.579153(0.012958) stdev:0.144870(0.009126) X2norm:1.00 Nchanged:24 Ngood:126 Nclip:11

mean: 0.590966
i:02 mean:0.590966(0.014075) stdev:0.161711(0.009915) X2norm:1.00 Nchanged:7 Ngood:133 Nclip:4

mean: 0.590966
i:03 mean:0.590966(0.014075) stdev:0.161711(0.009915) X2norm:1.00 Nchanged:0 Ngood:133 Nclip:4
replacing SIP ./jw01227025001_04101_00004_nrcb3_cal_1overf_jhat.fits
./jw01227025001_04101_00004_nrcb3_cal_1overf_jhat.fits
0 ./jw01227025001_04101_00004_nrcb4_cal_1overf.phot.txt
find_stars
dmag 0.2172
DDD NIRCAM F115W CLEAR ggg None
####### coron None
dmag 1.0
sharpness 1.05
mag 24
x 2008
y 2008
Saving refcat file into ./jw01227025001_04101_00004_nrcb4_cal_1overf.refcat.txt
reffile_d2d 0.5
    slope  intercept    maxval  index  d_bestguess  fwhm  multimax
-0.000049       0.05 250.25857   7471    -0.281442   0.7     False
d_rot_tmp 0.5185584252485171
Keeping 377 out of 377, skippin 0 because of null values in columns d_rot_tmp
median: -0.281429
75.000000 percentile cut: max residual for cut: 0.279985
__tmp_residuals 0.27998533689413074
median: -0.290507
i:00 mean:-0.290507(0.007565) stdev:0.126820(0.005340) X2norm:1.00 Nchanged:0 Ngood:282 Nclip:95

mean: -0.285385
i:01 mean:-0.285385(0.009143) stdev:0.163295(0.006455) X2norm:1.00 Nchanged:38 Ngood:320 Nclip:57

mean: -0.276985
i:02 mean:-0.276985(0.010517) stdev:0.195055(0.007426) X2norm:1.00 Nchanged:25 Ngood:345 Nclip:32

mean: -0.266829
i:03 mean:-0.266829(0.011155) stdev:0.209580(0.007877) X2norm:1.00 Nchanged:9 Ngood:354 Nclip:23

mean: -0.263614
i:04 mean:-0.263614(0.011723) stdev:0.222126(0.008278) X2norm:1.00 Nchanged:6 Ngood:360 Nclip:17

mean: -0.261846
i:05 mean:-0.261846(0.012218) stdev:0.233099(0.008627) X2norm:1.00 Nchanged:5 Ngood:365 Nclip:12

mean: -0.261935
i:06 mean:-0.261935(0.012647) stdev:0.242608(0.008931) X2norm:1.00 Nchanged:4 Ngood:369 Nclip:8

mean: -0.256172
i:07 mean:-0.256172(0.012977) stdev:0.249961(0.009164) X2norm:1.00 Nchanged:3 Ngood:372 Nclip:5

mean: -0.254225
i:08 mean:-0.254225(0.013089) stdev:0.252442(0.009243) X2norm:1.00 Nchanged:1 Ngood:373 Nclip:4

mean: -0.254225
i:09 mean:-0.254225(0.013089) stdev:0.252442(0.009243) X2norm:1.00 Nchanged:0 Ngood:373 Nclip:4
        slope    intercept     maxval  index  d_bestguess  fwhm  multimax
-1.734723e-17 1.776357e-14 208.073992   4399     0.623542  0.64     False
d_rot_tmp 1.4235417515148214
Keeping 281 out of 281, skippin 0 because of null values in columns d_rot_tmp
median: 0.623123
75.000000 percentile cut: max residual for cut: 0.207580
__tmp_residuals 0.2075797197266519
median: 0.623138
i:00 mean:0.623138(0.006942) stdev:0.100359(0.004897) X2norm:1.00 Nchanged:0 Ngood:210 Nclip:71

mean: 0.613782
i:01 mean:0.613782(0.008268) stdev:0.127818(0.005834) X2norm:1.00 Nchanged:30 Ngood:240 Nclip:41

mean: 0.616960
i:02 mean:0.616960(0.009615) stdev:0.154733(0.006785) X2norm:1.00 Nchanged:20 Ngood:260 Nclip:21

mean: 0.616923
i:03 mean:0.616923(0.010637) stdev:0.175104(0.007508) X2norm:1.00 Nchanged:12 Ngood:272 Nclip:9

mean: 0.624073
i:04 mean:0.624073(0.011071) stdev:0.183600(0.007815) X2norm:1.00 Nchanged:4 Ngood:276 Nclip:5

mean: 0.624073
i:05 mean:0.624073(0.011071) stdev:0.183600(0.007815) X2norm:1.00 Nchanged:0 Ngood:276 Nclip:5
replacing SIP ./jw01227025001_04101_00004_nrcb4_cal_1overf_jhat.fits
./jw01227025001_04101_00004_nrcb4_cal_1overf_jhat.fits
(3) Creating association file
(4) Running Image3Pipeline JWST with tweakreg DISABLED
(5) Plotting resutling mosaic
----Completed----
!!!! All done !!!
