nohup: ignoring input
WARNING: Matplotlib version is different from the default vdesk one (3.10.8 vs 3.9.0), this may or may not cause differences/errors.
WARNING: Numpy version is different from the default vdesk one (2.3.5 vs 1.26.4), this may or may not cause differences/errors.
Uniformly formatting Python code...
reformatted /home/slagter/Astronomy_master/STRW-MSC/SF_in_NGC/scripts/Running_pipeline.py
reformatted /home/slagter/Astronomy_master/STRW-MSC/SF_in_NGC/scripts/Download_data.py

All done! ✨ 🍰 ✨
2 files reformatted, 4 files left unchanged.
Running Python Pipeline...
WARNING: AstropyDeprecationWarning: Module 'tweakwcs.tpwcs' has been deprecated since version 0.8.0. Please use corrector classes from the 'tweakwcs.correctors' module. [tweakwcs.tpwcs]
In preparation for Gaia DR4, the Gaia archive is in evolution. Unfortunately, it may be unstable at times and particular types of queries may time out. Please consider registering for a user account (https://www.cosmos.esa.int/web/gaia-users/register). For questions or advice, please contact the Gaia helpdesk (https://www.cosmos.esa.int/web/gaia/gaia-helpdesk).
Initialized data in ['F187N', 'F335M', 'F115W', 'F277W', 'F200W', 'F444W', 'F182M', 'F430M', 'F090W', 'F356W', 'F150W', 'F480M', 'F212N']
----Initializing Pipeline for F444W---------
----Results stored in mosaic_F444W_final-----
----We have a total of 66# to run----------

(1) Calibrating 1/f:   0%|          | 0/66 [00:00<?, ?it/s]
(1) Calibrating 1/f:   2%|▏         | 1/66 [00:03<03:18,  3.05s/it]
(1) Calibrating 1/f:   3%|▎         | 2/66 [00:06<03:16,  3.07s/it]
(1) Calibrating 1/f:   5%|▍         | 3/66 [00:10<03:51,  3.68s/it]
(1) Calibrating 1/f:   6%|▌         | 4/66 [00:13<03:34,  3.47s/it]
(1) Calibrating 1/f:   8%|▊         | 5/66 [00:16<03:26,  3.38s/it]
(1) Calibrating 1/f:   9%|▉         | 6/66 [00:20<03:18,  3.31s/it]
(1) Calibrating 1/f:  11%|█         | 7/66 [00:24<03:31,  3.58s/it]
(1) Calibrating 1/f:  12%|█▏        | 8/66 [00:27<03:19,  3.44s/it]
(1) Calibrating 1/f:  14%|█▎        | 9/66 [00:31<03:30,  3.70s/it]
(1) Calibrating 1/f:  15%|█▌        | 10/66 [00:34<03:16,  3.52s/it]
(1) Calibrating 1/f:  17%|█▋        | 11/66 [00:39<03:26,  3.75s/it]
(1) Calibrating 1/f:  18%|█▊        | 12/66 [00:43<03:30,  3.90s/it]
(1) Calibrating 1/f:  20%|█▉        | 13/66 [00:46<03:13,  3.66s/it]
(1) Calibrating 1/f:  21%|██        | 14/66 [00:49<03:01,  3.50s/it]
(1) Calibrating 1/f:  23%|██▎       | 15/66 [00:53<03:09,  3.71s/it]
(1) Calibrating 1/f:  24%|██▍       | 16/66 [00:58<03:16,  3.93s/it]
(1) Calibrating 1/f:  26%|██▌       | 17/66 [01:01<03:07,  3.82s/it]
(1) Calibrating 1/f:  27%|██▋       | 18/66 [01:04<02:52,  3.59s/it]
(1) Calibrating 1/f:  29%|██▉       | 19/66 [01:07<02:42,  3.46s/it]
(1) Calibrating 1/f:  30%|███       | 20/66 [01:11<02:35,  3.38s/it]
(1) Calibrating 1/f:  32%|███▏      | 21/66 [01:14<02:29,  3.33s/it]
(1) Calibrating 1/f:  33%|███▎      | 22/66 [01:17<02:24,  3.29s/it]
(1) Calibrating 1/f:  35%|███▍      | 23/66 [01:20<02:20,  3.27s/it]
(1) Calibrating 1/f:  36%|███▋      | 24/66 [01:23<02:15,  3.22s/it]
(1) Calibrating 1/f:  38%|███▊      | 25/66 [01:26<02:11,  3.20s/it]
(1) Calibrating 1/f:  39%|███▉      | 26/66 [01:30<02:06,  3.17s/it]
(1) Calibrating 1/f:  41%|████      | 27/66 [01:33<02:02,  3.14s/it]
(1) Calibrating 1/f:  42%|████▏     | 28/66 [01:36<01:59,  3.14s/it]
(1) Calibrating 1/f:  44%|████▍     | 29/66 [01:39<01:55,  3.13s/it]
(1) Calibrating 1/f:  45%|████▌     | 30/66 [01:42<01:52,  3.12s/it]
(1) Calibrating 1/f:  47%|████▋     | 31/66 [01:45<01:48,  3.11s/it]
(1) Calibrating 1/f:  48%|████▊     | 32/66 [01:48<01:47,  3.16s/it]
(1) Calibrating 1/f:  50%|█████     | 33/66 [01:51<01:43,  3.14s/it]
(1) Calibrating 1/f:  52%|█████▏    | 34/66 [01:55<01:40,  3.13s/it]
(1) Calibrating 1/f:  53%|█████▎    | 35/66 [01:58<01:39,  3.21s/it]
(1) Calibrating 1/f:  55%|█████▍    | 36/66 [02:01<01:35,  3.17s/it]
(1) Calibrating 1/f:  56%|█████▌    | 37/66 [02:04<01:31,  3.17s/it]
(1) Calibrating 1/f:  58%|█████▊    | 38/66 [02:07<01:28,  3.15s/it]
(1) Calibrating 1/f:  59%|█████▉    | 39/66 [02:11<01:26,  3.19s/it]
(1) Calibrating 1/f:  61%|██████    | 40/66 [02:14<01:22,  3.18s/it]
(1) Calibrating 1/f:  62%|██████▏   | 41/66 [02:17<01:19,  3.17s/it]
(1) Calibrating 1/f:  64%|██████▎   | 42/66 [02:20<01:15,  3.16s/it]
(1) Calibrating 1/f:  65%|██████▌   | 43/66 [02:23<01:12,  3.15s/it]
(1) Calibrating 1/f:  67%|██████▋   | 44/66 [02:26<01:09,  3.15s/it]
(1) Calibrating 1/f:  68%|██████▊   | 45/66 [02:29<01:05,  3.13s/it]
(1) Calibrating 1/f:  70%|██████▉   | 46/66 [02:33<01:03,  3.16s/it]
(1) Calibrating 1/f:  71%|███████   | 47/66 [02:36<00:59,  3.15s/it]
(1) Calibrating 1/f:  73%|███████▎  | 48/66 [02:40<01:00,  3.34s/it]
(1) Calibrating 1/f:  74%|███████▍  | 49/66 [02:43<00:55,  3.27s/it]
(1) Calibrating 1/f:  76%|███████▌  | 50/66 [02:46<00:51,  3.21s/it]
(1) Calibrating 1/f:  77%|███████▋  | 51/66 [02:49<00:47,  3.19s/it]
(1) Calibrating 1/f:  79%|███████▉  | 52/66 [02:52<00:44,  3.16s/it]
(1) Calibrating 1/f:  80%|████████  | 53/66 [02:55<00:40,  3.15s/it]
(1) Calibrating 1/f:  82%|████████▏ | 54/66 [02:58<00:37,  3.15s/it]
(1) Calibrating 1/f:  83%|████████▎ | 55/66 [03:02<00:35,  3.20s/it]
(1) Calibrating 1/f:  85%|████████▍ | 56/66 [03:05<00:31,  3.18s/it]
(1) Calibrating 1/f:  86%|████████▋ | 57/66 [03:08<00:28,  3.16s/it]
(1) Calibrating 1/f:  88%|████████▊ | 58/66 [03:11<00:25,  3.16s/it]
(1) Calibrating 1/f:  89%|████████▉ | 59/66 [03:14<00:21,  3.13s/it]
(1) Calibrating 1/f:  91%|█████████ | 60/66 [03:17<00:18,  3.13s/it]
(1) Calibrating 1/f:  92%|█████████▏| 61/66 [03:20<00:15,  3.14s/it]
(1) Calibrating 1/f:  94%|█████████▍| 62/66 [03:23<00:12,  3.12s/it]
(1) Calibrating 1/f:  95%|█████████▌| 63/66 [03:27<00:09,  3.13s/it]
(1) Calibrating 1/f:  97%|█████████▋| 64/66 [03:30<00:06,  3.13s/it]
(1) Calibrating 1/f:  98%|█████████▊| 65/66 [03:33<00:03,  3.21s/it]
(1) Calibrating 1/f: 100%|██████████| 66/66 [03:36<00:00,  3.20s/it]
(1) Calibrating 1/f: 100%|██████████| 66/66 [03:36<00:00,  3.28s/it]

(2) Aligning with gaia catalog:   0%|          | 0/66 [00:00<?, ?it/s]WWWWWWWWWWWWWWWWWWWWWWWWWWW apply_distortion_coefficients 2026-09-29 18:43:29.284833
WWWWWWWWWWWWWWWWWWWWWWWWWWW run_phot 2026-09-29 18:43:29.285419
model.meta.resample.pixel_scale_ratio was not found. Assuming the native detector pixel scale (i.e., pixel_scale_ratio = 1)
WWWWWWWWWWWWWWWWWWWWWWWWWWW initial_cut_photcat 2026-09-29 18:43:34.015930
WWWWWWWWWWWWWWWWWWWWWWWWWWWXX 1pass 2026-09-29 18:43:34.018528
WWWWWWWWWWWWWWWWWWWWWWWWWWW load_and_match_refcat 2026-09-29 18:43:34.018715
WWWWWWWWWWWWWWWWWWWWWWWWWWW find_good_refcat_matches 2026-09-29 18:43:39.036462
WWWWWWWWWWWWWWWWWWWWWWWWWWW run_align2refcat 2026-09-29 18:43:40.887206
WWWWWWWWWWWWWWWWWWWWWWWWWWW update_phottable_final_wcs 2026-09-29 18:43:44.883053

(2) Aligning with gaia catalog:   2%|▏         | 1/66 [00:16<18:22, 16.95s/it]WWWWWWWWWWWWWWWWWWWWWWWWWWW apply_distortion_coefficients 2026-09-29 18:43:46.243970
WWWWWWWWWWWWWWWWWWWWWWWWWWW run_phot 2026-09-29 18:43:46.244363
model.meta.resample.pixel_scale_ratio was not found. Assuming the native detector pixel scale (i.e., pixel_scale_ratio = 1)
WWWWWWWWWWWWWWWWWWWWWWWWWWW initial_cut_photcat 2026-09-29 18:43:49.878611
WWWWWWWWWWWWWWWWWWWWWWWWWWWXX 1pass 2026-09-29 18:43:49.881581
WWWWWWWWWWWWWWWWWWWWWWWWWWW load_and_match_refcat 2026-09-29 18:43:49.881768
WWWWWWWWWWWWWWWWWWWWWWWWWWW find_good_refcat_matches 2026-09-29 18:43:54.872715
WWWWWWWWWWWWWWWWWWWWWWWWWWW run_align2refcat 2026-09-29 18:43:56.762367
WWWWWWWWWWWWWWWWWWWWWWWWWWW update_phottable_final_wcs 2026-09-29 18:44:01.021294

(2) Aligning with gaia catalog:   3%|▎         | 2/66 [00:33<17:31, 16.43s/it]WWWWWWWWWWWWWWWWWWWWWWWWWWW apply_distortion_coefficients 2026-09-29 18:44:02.310080
WWWWWWWWWWWWWWWWWWWWWWWWWWW run_phot 2026-09-29 18:44:02.310385
model.meta.resample.pixel_scale_ratio was not found. Assuming the native detector pixel scale (i.e., pixel_scale_ratio = 1)
WWWWWWWWWWWWWWWWWWWWWWWWWWW initial_cut_photcat 2026-09-29 18:44:05.333950
WWWWWWWWWWWWWWWWWWWWWWWWWWWXX 1pass 2026-09-29 18:44:05.336336
WWWWWWWWWWWWWWWWWWWWWWWWWWW load_and_match_refcat 2026-09-29 18:44:05.336514
WWWWWWWWWWWWWWWWWWWWWWWWWWW find_good_refcat_matches 2026-09-29 18:44:10.279208
WWWWWWWWWWWWWWWWWWWWWWWWWWW run_align2refcat 2026-09-29 18:44:12.045800
WWWWWWWWWWWWWWWWWWWWWWWWWWW update_phottable_final_wcs 2026-09-29 18:44:16.195341

(2) Aligning with gaia catalog:   5%|▍         | 3/66 [00:48<16:39, 15.86s/it]WWWWWWWWWWWWWWWWWWWWWWWWWWW apply_distortion_coefficients 2026-09-29 18:44:17.496028
WWWWWWWWWWWWWWWWWWWWWWWWWWW run_phot 2026-09-29 18:44:17.496330
model.meta.resample.pixel_scale_ratio was not found. Assuming the native detector pixel scale (i.e., pixel_scale_ratio = 1)
WWWWWWWWWWWWWWWWWWWWWWWWWWW initial_cut_photcat 2026-09-29 18:44:21.156880
WWWWWWWWWWWWWWWWWWWWWWWWWWWXX 1pass 2026-09-29 18:44:21.160049
WWWWWWWWWWWWWWWWWWWWWWWWWWW load_and_match_refcat 2026-09-29 18:44:21.160234
WWWWWWWWWWWWWWWWWWWWWWWWWWW find_good_refcat_matches 2026-09-29 18:44:26.115949
WWWWWWWWWWWWWWWWWWWWWWWWWWW run_align2refcat 2026-09-29 18:44:27.922989
WWWWWWWWWWWWWWWWWWWWWWWWWWW update_phottable_final_wcs 2026-09-29 18:44:32.179077

(2) Aligning with gaia catalog:   6%|▌         | 4/66 [01:04<16:26, 15.91s/it]WWWWWWWWWWWWWWWWWWWWWWWWWWW apply_distortion_coefficients 2026-09-29 18:44:33.474949
WWWWWWWWWWWWWWWWWWWWWWWWWWW run_phot 2026-09-29 18:44:33.475252
model.meta.resample.pixel_scale_ratio was not found. Assuming the native detector pixel scale (i.e., pixel_scale_ratio = 1)
WWWWWWWWWWWWWWWWWWWWWWWWWWW initial_cut_photcat 2026-09-29 18:44:36.668614
WWWWWWWWWWWWWWWWWWWWWWWWWWWXX 1pass 2026-09-29 18:44:36.671312
WWWWWWWWWWWWWWWWWWWWWWWWWWW load_and_match_refcat 2026-09-29 18:44:36.671493
WWWWWWWWWWWWWWWWWWWWWWWWWWW find_good_refcat_matches 2026-09-29 18:44:41.640563
WWWWWWWWWWWWWWWWWWWWWWWWWWW run_align2refcat 2026-09-29 18:44:43.350566
WWWWWWWWWWWWWWWWWWWWWWWWWWW update_phottable_final_wcs 2026-09-29 18:44:48.458299

(2) Aligning with gaia catalog:   8%|▊         | 5/66 [01:20<16:18, 16.04s/it]WWWWWWWWWWWWWWWWWWWWWWWWWWW apply_distortion_coefficients 2026-09-29 18:44:49.755428
WWWWWWWWWWWWWWWWWWWWWWWWWWW run_phot 2026-09-29 18:44:49.755734
model.meta.resample.pixel_scale_ratio was not found. Assuming the native detector pixel scale (i.e., pixel_scale_ratio = 1)
WWWWWWWWWWWWWWWWWWWWWWWWWWW initial_cut_photcat 2026-09-29 18:44:53.325654
WWWWWWWWWWWWWWWWWWWWWWWWWWWXX 1pass 2026-09-29 18:44:53.328650
WWWWWWWWWWWWWWWWWWWWWWWWWWW load_and_match_refcat 2026-09-29 18:44:53.328837
WWWWWWWWWWWWWWWWWWWWWWWWWWW find_good_refcat_matches 2026-09-29 18:44:58.276843
WWWWWWWWWWWWWWWWWWWWWWWWWWW run_align2refcat 2026-09-29 18:45:00.123576
WWWWWWWWWWWWWWWWWWWWWWWWWWW update_phottable_final_wcs 2026-09-29 18:45:05.397738

(2) Aligning with gaia catalog:   9%|▉         | 6/66 [01:37<16:20, 16.35s/it]WWWWWWWWWWWWWWWWWWWWWWWWWWW apply_distortion_coefficients 2026-09-29 18:45:06.690956
WWWWWWWWWWWWWWWWWWWWWWWWWWW run_phot 2026-09-29 18:45:06.691254
model.meta.resample.pixel_scale_ratio was not found. Assuming the native detector pixel scale (i.e., pixel_scale_ratio = 1)
WWWWWWWWWWWWWWWWWWWWWWWWWWW initial_cut_photcat 2026-09-29 18:45:09.527377
WWWWWWWWWWWWWWWWWWWWWWWWWWWXX 1pass 2026-09-29 18:45:09.529889
WWWWWWWWWWWWWWWWWWWWWWWWWWW load_and_match_refcat 2026-09-29 18:45:09.530066
WWWWWWWWWWWWWWWWWWWWWWWWWWW find_good_refcat_matches 2026-09-29 18:45:14.485228
WWWWWWWWWWWWWWWWWWWWWWWWWWW run_align2refcat 2026-09-29 18:45:16.323320
WWWWWWWWWWWWWWWWWWWWWWWWWWW update_phottable_final_wcs 2026-09-29 18:45:21.477952

(2) Aligning with gaia catalog:  11%|█         | 7/66 [01:53<15:59, 16.26s/it]WWWWWWWWWWWWWWWWWWWWWWWWWWW apply_distortion_coefficients 2026-09-29 18:45:22.774972
WWWWWWWWWWWWWWWWWWWWWWWWWWW run_phot 2026-09-29 18:45:22.775265
model.meta.resample.pixel_scale_ratio was not found. Assuming the native detector pixel scale (i.e., pixel_scale_ratio = 1)
WWWWWWWWWWWWWWWWWWWWWWWWWWW initial_cut_photcat 2026-09-29 18:45:26.390465
WWWWWWWWWWWWWWWWWWWWWWWWWWWXX 1pass 2026-09-29 18:45:26.393448
WWWWWWWWWWWWWWWWWWWWWWWWWWW load_and_match_refcat 2026-09-29 18:45:26.393632
WWWWWWWWWWWWWWWWWWWWWWWWWWW find_good_refcat_matches 2026-09-29 18:45:31.345986
WWWWWWWWWWWWWWWWWWWWWWWWWWW run_align2refcat 2026-09-29 18:45:33.205485
WWWWWWWWWWWWWWWWWWWWWWWWWWW update_phottable_final_wcs 2026-09-29 18:45:38.535516

(2) Aligning with gaia catalog:  12%|█▏        | 8/66 [02:10<15:57, 16.52s/it]WWWWWWWWWWWWWWWWWWWWWWWWWWW apply_distortion_coefficients 2026-09-29 18:45:39.834757
WWWWWWWWWWWWWWWWWWWWWWWWWWW run_phot 2026-09-29 18:45:39.835064
model.meta.resample.pixel_scale_ratio was not found. Assuming the native detector pixel scale (i.e., pixel_scale_ratio = 1)
WWWWWWWWWWWWWWWWWWWWWWWWWWW initial_cut_photcat 2026-09-29 18:45:42.982571
WWWWWWWWWWWWWWWWWWWWWWWWWWWXX 1pass 2026-09-29 18:45:42.985270
WWWWWWWWWWWWWWWWWWWWWWWWWWW load_and_match_refcat 2026-09-29 18:45:42.985451
WWWWWWWWWWWWWWWWWWWWWWWWWWW find_good_refcat_matches 2026-09-29 18:45:47.936264
WWWWWWWWWWWWWWWWWWWWWWWWWWW run_align2refcat 2026-09-29 18:45:49.789189
WWWWWWWWWWWWWWWWWWWWWWWWWWW update_phottable_final_wcs 2026-09-29 18:45:54.030700

(2) Aligning with gaia catalog:  14%|█▎        | 9/66 [02:26<15:23, 16.20s/it]WWWWWWWWWWWWWWWWWWWWWWWWWWW apply_distortion_coefficients 2026-09-29 18:45:55.338938
WWWWWWWWWWWWWWWWWWWWWWWWWWW run_phot 2026-09-29 18:45:55.339241
model.meta.resample.pixel_scale_ratio was not found. Assuming the native detector pixel scale (i.e., pixel_scale_ratio = 1)
WWWWWWWWWWWWWWWWWWWWWWWWWWW initial_cut_photcat 2026-09-29 18:45:58.869256
WWWWWWWWWWWWWWWWWWWWWWWWWWWXX 1pass 2026-09-29 18:45:58.872316
WWWWWWWWWWWWWWWWWWWWWWWWWWW load_and_match_refcat 2026-09-29 18:45:58.872502
WWWWWWWWWWWWWWWWWWWWWWWWWWW find_good_refcat_matches 2026-09-29 18:46:03.831993
WWWWWWWWWWWWWWWWWWWWWWWWWWW run_align2refcat 2026-09-29 18:46:05.810599
WWWWWWWWWWWWWWWWWWWWWWWWWWW update_phottable_final_wcs 2026-09-29 18:46:10.158406

(2) Aligning with gaia catalog:  15%|█▌        | 10/66 [02:42<15:06, 16.18s/it]WWWWWWWWWWWWWWWWWWWWWWWWWWW apply_distortion_coefficients 2026-09-29 18:46:11.487578
WWWWWWWWWWWWWWWWWWWWWWWWWWW run_phot 2026-09-29 18:46:11.487894
model.meta.resample.pixel_scale_ratio was not found. Assuming the native detector pixel scale (i.e., pixel_scale_ratio = 1)
WWWWWWWWWWWWWWWWWWWWWWWWWWW initial_cut_photcat 2026-09-29 18:46:14.661982
WWWWWWWWWWWWWWWWWWWWWWWWWWWXX 1pass 2026-09-29 18:46:14.664730
WWWWWWWWWWWWWWWWWWWWWWWWWWW load_and_match_refcat 2026-09-29 18:46:14.664919
WWWWWWWWWWWWWWWWWWWWWWWWWWW find_good_refcat_matches 2026-09-29 18:46:19.617387
WWWWWWWWWWWWWWWWWWWWWWWWWWW run_align2refcat 2026-09-29 18:46:21.520260
WWWWWWWWWWWWWWWWWWWWWWWWWWW update_phottable_final_wcs 2026-09-29 18:46:25.768054

(2) Aligning with gaia catalog:  17%|█▋        | 11/66 [02:57<14:39, 16.00s/it]WWWWWWWWWWWWWWWWWWWWWWWWWWW apply_distortion_coefficients 2026-09-29 18:46:27.063365
WWWWWWWWWWWWWWWWWWWWWWWWWWW run_phot 2026-09-29 18:46:27.063667
model.meta.resample.pixel_scale_ratio was not found. Assuming the native detector pixel scale (i.e., pixel_scale_ratio = 1)
WWWWWWWWWWWWWWWWWWWWWWWWWWW initial_cut_photcat 2026-09-29 18:46:30.485834
WWWWWWWWWWWWWWWWWWWWWWWWWWWXX 1pass 2026-09-29 18:46:30.488792
WWWWWWWWWWWWWWWWWWWWWWWWWWW load_and_match_refcat 2026-09-29 18:46:30.488986
WWWWWWWWWWWWWWWWWWWWWWWWWWW find_good_refcat_matches 2026-09-29 18:46:35.445929
WWWWWWWWWWWWWWWWWWWWWWWWWWW run_align2refcat 2026-09-29 18:46:37.359773
WWWWWWWWWWWWWWWWWWWWWWWWWWW update_phottable_final_wcs 2026-09-29 18:46:44.588117

(2) Aligning with gaia catalog:  18%|█▊        | 12/66 [03:16<15:10, 16.86s/it]WWWWWWWWWWWWWWWWWWWWWWWWWWW apply_distortion_coefficients 2026-09-29 18:46:45.900004
WWWWWWWWWWWWWWWWWWWWWWWWWWW run_phot 2026-09-29 18:46:45.900306
model.meta.resample.pixel_scale_ratio was not found. Assuming the native detector pixel scale (i.e., pixel_scale_ratio = 1)
WWWWWWWWWWWWWWWWWWWWWWWWWWW initial_cut_photcat 2026-09-29 18:46:49.262915
WWWWWWWWWWWWWWWWWWWWWWWWWWWXX 1pass 2026-09-29 18:46:49.265742
WWWWWWWWWWWWWWWWWWWWWWWWWWW load_and_match_refcat 2026-09-29 18:46:49.265933
WWWWWWWWWWWWWWWWWWWWWWWWWWW find_good_refcat_matches 2026-09-29 18:46:54.785052
WWWWWWWWWWWWWWWWWWWWWWWWWWW run_align2refcat 2026-09-29 18:46:56.658304
WWWWWWWWWWWWWWWWWWWWWWWWWWW update_phottable_final_wcs 2026-09-29 18:47:03.409474

(2) Aligning with gaia catalog:  20%|█▉        | 13/66 [03:35<15:27, 17.49s/it]WWWWWWWWWWWWWWWWWWWWWWWWWWW apply_distortion_coefficients 2026-09-29 18:47:04.844267
WWWWWWWWWWWWWWWWWWWWWWWWWWW run_phot 2026-09-29 18:47:04.844585
model.meta.resample.pixel_scale_ratio was not found. Assuming the native detector pixel scale (i.e., pixel_scale_ratio = 1)
WWWWWWWWWWWWWWWWWWWWWWWWWWW initial_cut_photcat 2026-09-29 18:47:09.305716
WWWWWWWWWWWWWWWWWWWWWWWWWWWXX 1pass 2026-09-29 18:47:09.308771
WWWWWWWWWWWWWWWWWWWWWWWWWWW load_and_match_refcat 2026-09-29 18:47:09.308964
WWWWWWWWWWWWWWWWWWWWWWWWWWW find_good_refcat_matches 2026-09-29 18:47:15.027359
WWWWWWWWWWWWWWWWWWWWWWWWWWW run_align2refcat 2026-09-29 18:47:16.950326
WWWWWWWWWWWWWWWWWWWWWWWWWWW update_phottable_final_wcs 2026-09-29 18:47:26.442249

(2) Aligning with gaia catalog:  21%|██        | 14/66 [03:58<16:34, 19.13s/it]WWWWWWWWWWWWWWWWWWWWWWWWWWW apply_distortion_coefficients 2026-09-29 18:47:27.815415
WWWWWWWWWWWWWWWWWWWWWWWWWWW run_phot 2026-09-29 18:47:27.815728
model.meta.resample.pixel_scale_ratio was not found. Assuming the native detector pixel scale (i.e., pixel_scale_ratio = 1)
WWWWWWWWWWWWWWWWWWWWWWWWWWW initial_cut_photcat 2026-09-29 18:47:31.734275
WWWWWWWWWWWWWWWWWWWWWWWWWWWXX 1pass 2026-09-29 18:47:31.737040
WWWWWWWWWWWWWWWWWWWWWWWWWWW load_and_match_refcat 2026-09-29 18:47:31.737220
WWWWWWWWWWWWWWWWWWWWWWWWWWW find_good_refcat_matches 2026-09-29 18:47:37.016122
WWWWWWWWWWWWWWWWWWWWWWWWWWW run_align2refcat 2026-09-29 18:47:39.150643
WWWWWWWWWWWWWWWWWWWWWWWWWWW update_phottable_final_wcs 2026-09-29 18:47:49.855405

(2) Aligning with gaia catalog:  23%|██▎       | 15/66 [04:22<17:31, 20.62s/it]WWWWWWWWWWWWWWWWWWWWWWWWWWW apply_distortion_coefficients 2026-09-29 18:47:51.831805
WWWWWWWWWWWWWWWWWWWWWWWWWWW run_phot 2026-09-29 18:47:51.832120
model.meta.resample.pixel_scale_ratio was not found. Assuming the native detector pixel scale (i.e., pixel_scale_ratio = 1)
WWWWWWWWWWWWWWWWWWWWWWWWWWW initial_cut_photcat 2026-09-29 18:47:56.219334
WWWWWWWWWWWWWWWWWWWWWWWWWWWXX 1pass 2026-09-29 18:47:56.222422
WWWWWWWWWWWWWWWWWWWWWWWWWWW load_and_match_refcat 2026-09-29 18:47:56.222603
WWWWWWWWWWWWWWWWWWWWWWWWWWW find_good_refcat_matches 2026-09-29 18:48:01.965873
WWWWWWWWWWWWWWWWWWWWWWWWWWW run_align2refcat 2026-09-29 18:48:03.833728
WWWWWWWWWWWWWWWWWWWWWWWWWWW update_phottable_final_wcs 2026-09-29 18:48:17.816586

(2) Aligning with gaia catalog:  24%|██▍       | 16/66 [04:50<18:57, 22.75s/it]WWWWWWWWWWWWWWWWWWWWWWWWWWW apply_distortion_coefficients 2026-09-29 18:48:19.521410
WWWWWWWWWWWWWWWWWWWWWWWWWWW run_phot 2026-09-29 18:48:19.521706
model.meta.resample.pixel_scale_ratio was not found. Assuming the native detector pixel scale (i.e., pixel_scale_ratio = 1)
WWWWWWWWWWWWWWWWWWWWWWWWWWW initial_cut_photcat 2026-09-29 18:48:23.634289
WWWWWWWWWWWWWWWWWWWWWWWWWWWXX 1pass 2026-09-29 18:48:23.636819
WWWWWWWWWWWWWWWWWWWWWWWWWWW load_and_match_refcat 2026-09-29 18:48:23.637004
WWWWWWWWWWWWWWWWWWWWWWWWWWW find_good_refcat_matches 2026-09-29 18:48:29.100021
WWWWWWWWWWWWWWWWWWWWWWWWWWW run_align2refcat 2026-09-29 18:48:31.065899
WWWWWWWWWWWWWWWWWWWWWWWWWWW update_phottable_final_wcs 2026-09-29 18:48:42.876798

(2) Aligning with gaia catalog:  26%|██▌       | 17/66 [05:15<19:07, 23.41s/it]WWWWWWWWWWWWWWWWWWWWWWWWWWW apply_distortion_coefficients 2026-09-29 18:48:44.469488
WWWWWWWWWWWWWWWWWWWWWWWWWWW run_phot 2026-09-29 18:48:44.469803
model.meta.resample.pixel_scale_ratio was not found. Assuming the native detector pixel scale (i.e., pixel_scale_ratio = 1)
WWWWWWWWWWWWWWWWWWWWWWWWWWW initial_cut_photcat 2026-09-29 18:48:48.940136
WWWWWWWWWWWWWWWWWWWWWWWWWWWXX 1pass 2026-09-29 18:48:48.943068
WWWWWWWWWWWWWWWWWWWWWWWWWWW load_and_match_refcat 2026-09-29 18:48:48.943248
WWWWWWWWWWWWWWWWWWWWWWWWWWW find_good_refcat_matches 2026-09-29 18:48:54.203554
WWWWWWWWWWWWWWWWWWWWWWWWWWW run_align2refcat 2026-09-29 18:48:56.166675
WWWWWWWWWWWWWWWWWWWWWWWWWWW update_phottable_final_wcs 2026-09-29 18:49:08.233439

(2) Aligning with gaia catalog:  27%|██▋       | 18/66 [05:40<19:07, 23.91s/it]WWWWWWWWWWWWWWWWWWWWWWWWWWW apply_distortion_coefficients 2026-09-29 18:49:09.552509
WWWWWWWWWWWWWWWWWWWWWWWWWWW run_phot 2026-09-29 18:49:09.552803
model.meta.resample.pixel_scale_ratio was not found. Assuming the native detector pixel scale (i.e., pixel_scale_ratio = 1)
WWWWWWWWWWWWWWWWWWWWWWWWWWW initial_cut_photcat 2026-09-29 18:49:13.547691
WWWWWWWWWWWWWWWWWWWWWWWWWWWXX 1pass 2026-09-29 18:49:13.550237
WWWWWWWWWWWWWWWWWWWWWWWWWWW load_and_match_refcat 2026-09-29 18:49:13.550414
WWWWWWWWWWWWWWWWWWWWWWWWWWW find_good_refcat_matches 2026-09-29 18:49:18.508330
WWWWWWWWWWWWWWWWWWWWWWWWWWW run_align2refcat 2026-09-29 18:49:20.491746
WWWWWWWWWWWWWWWWWWWWWWWWWWW update_phottable_final_wcs 2026-09-29 18:49:33.553234

(2) Aligning with gaia catalog:  29%|██▉       | 19/66 [06:05<19:03, 24.33s/it]WWWWWWWWWWWWWWWWWWWWWWWWWWW apply_distortion_coefficients 2026-09-29 18:49:34.862148
WWWWWWWWWWWWWWWWWWWWWWWWWWW run_phot 2026-09-29 18:49:34.862454
model.meta.resample.pixel_scale_ratio was not found. Assuming the native detector pixel scale (i.e., pixel_scale_ratio = 1)
WWWWWWWWWWWWWWWWWWWWWWWWWWW initial_cut_photcat 2026-09-29 18:49:38.988247
WWWWWWWWWWWWWWWWWWWWWWWWWWWXX 1pass 2026-09-29 18:49:38.991156
WWWWWWWWWWWWWWWWWWWWWWWWWWW load_and_match_refcat 2026-09-29 18:49:38.991341
WWWWWWWWWWWWWWWWWWWWWWWWWWW find_good_refcat_matches 2026-09-29 18:49:43.951167
WWWWWWWWWWWWWWWWWWWWWWWWWWW run_align2refcat 2026-09-29 18:49:46.175358
WWWWWWWWWWWWWWWWWWWWWWWWWWW update_phottable_final_wcs 2026-09-29 18:49:56.755409

(2) Aligning with gaia catalog:  30%|███       | 20/66 [06:28<18:23, 23.99s/it]WWWWWWWWWWWWWWWWWWWWWWWWWWW apply_distortion_coefficients 2026-09-29 18:49:58.315760
WWWWWWWWWWWWWWWWWWWWWWWWWWW run_phot 2026-09-29 18:49:58.316083
model.meta.resample.pixel_scale_ratio was not found. Assuming the native detector pixel scale (i.e., pixel_scale_ratio = 1)
WWWWWWWWWWWWWWWWWWWWWWWWWWW initial_cut_photcat 2026-09-29 18:50:03.907792
WWWWWWWWWWWWWWWWWWWWWWWWWWWXX 1pass 2026-09-29 18:50:03.910749
WWWWWWWWWWWWWWWWWWWWWWWWWWW load_and_match_refcat 2026-09-29 18:50:03.910934
WWWWWWWWWWWWWWWWWWWWWWWWWWW find_good_refcat_matches 2026-09-29 18:50:08.883510
WWWWWWWWWWWWWWWWWWWWWWWWWWW run_align2refcat 2026-09-29 18:50:10.879495
WWWWWWWWWWWWWWWWWWWWWWWWWWW update_phottable_final_wcs 2026-09-29 18:50:21.327703

(2) Aligning with gaia catalog:  32%|███▏      | 21/66 [06:53<18:07, 24.16s/it]WWWWWWWWWWWWWWWWWWWWWWWWWWW apply_distortion_coefficients 2026-09-29 18:50:22.690316
WWWWWWWWWWWWWWWWWWWWWWWWWWW run_phot 2026-09-29 18:50:22.690637
model.meta.resample.pixel_scale_ratio was not found. Assuming the native detector pixel scale (i.e., pixel_scale_ratio = 1)
WWWWWWWWWWWWWWWWWWWWWWWWWWW initial_cut_photcat 2026-09-29 18:50:26.587672
WWWWWWWWWWWWWWWWWWWWWWWWWWWXX 1pass 2026-09-29 18:50:26.590602
WWWWWWWWWWWWWWWWWWWWWWWWWWW load_and_match_refcat 2026-09-29 18:50:26.590785
WWWWWWWWWWWWWWWWWWWWWWWWWWW find_good_refcat_matches 2026-09-29 18:50:32.958048
WWWWWWWWWWWWWWWWWWWWWWWWWWW run_align2refcat 2026-09-29 18:50:34.834308
WWWWWWWWWWWWWWWWWWWWWWWWWWW update_phottable_final_wcs 2026-09-29 18:50:42.167616

(2) Aligning with gaia catalog:  33%|███▎      | 22/66 [07:14<17:07, 23.35s/it]WWWWWWWWWWWWWWWWWWWWWWWWWWW apply_distortion_coefficients 2026-09-29 18:50:44.100404
WWWWWWWWWWWWWWWWWWWWWWWWWWW run_phot 2026-09-29 18:50:44.100716
model.meta.resample.pixel_scale_ratio was not found. Assuming the native detector pixel scale (i.e., pixel_scale_ratio = 1)
WWWWWWWWWWWWWWWWWWWWWWWWWWW initial_cut_photcat 2026-09-29 18:50:48.515337
WWWWWWWWWWWWWWWWWWWWWWWWWWWXX 1pass 2026-09-29 18:50:48.517831
WWWWWWWWWWWWWWWWWWWWWWWWWWW load_and_match_refcat 2026-09-29 18:50:48.518007
WWWWWWWWWWWWWWWWWWWWWWWWWWW find_good_refcat_matches 2026-09-29 18:50:53.631801
WWWWWWWWWWWWWWWWWWWWWWWWWWW run_align2refcat 2026-09-29 18:50:55.426713
WWWWWWWWWWWWWWWWWWWWWWWWWWW update_phottable_final_wcs 2026-09-29 18:51:02.489112

(2) Aligning with gaia catalog:  35%|███▍      | 23/66 [07:34<15:57, 22.26s/it]WWWWWWWWWWWWWWWWWWWWWWWWWWW apply_distortion_coefficients 2026-09-29 18:51:03.894296
WWWWWWWWWWWWWWWWWWWWWWWWWWW run_phot 2026-09-29 18:51:03.894612
model.meta.resample.pixel_scale_ratio was not found. Assuming the native detector pixel scale (i.e., pixel_scale_ratio = 1)
WWWWWWWWWWWWWWWWWWWWWWWWWWW initial_cut_photcat 2026-09-29 18:51:07.815036
WWWWWWWWWWWWWWWWWWWWWWWWWWWXX 1pass 2026-09-29 18:51:07.817945
WWWWWWWWWWWWWWWWWWWWWWWWWWW load_and_match_refcat 2026-09-29 18:51:07.818125
WWWWWWWWWWWWWWWWWWWWWWWWWWW find_good_refcat_matches 2026-09-29 18:51:13.024126
WWWWWWWWWWWWWWWWWWWWWWWWWWW run_align2refcat 2026-09-29 18:51:14.910772
WWWWWWWWWWWWWWWWWWWWWWWWWWW update_phottable_final_wcs 2026-09-29 18:51:19.936945

(2) Aligning with gaia catalog:  36%|███▋      | 24/66 [07:52<14:39, 20.94s/it]WWWWWWWWWWWWWWWWWWWWWWWWWWW apply_distortion_coefficients 2026-09-29 18:51:21.661241
WWWWWWWWWWWWWWWWWWWWWWWWWWW run_phot 2026-09-29 18:51:21.661560
model.meta.resample.pixel_scale_ratio was not found. Assuming the native detector pixel scale (i.e., pixel_scale_ratio = 1)
WWWWWWWWWWWWWWWWWWWWWWWWWWW initial_cut_photcat 2026-09-29 18:51:25.473432
WWWWWWWWWWWWWWWWWWWWWWWWWWWXX 1pass 2026-09-29 18:51:25.476348
WWWWWWWWWWWWWWWWWWWWWWWWWWW load_and_match_refcat 2026-09-29 18:51:25.476528
WWWWWWWWWWWWWWWWWWWWWWWWWWW find_good_refcat_matches 2026-09-29 18:51:30.640918
WWWWWWWWWWWWWWWWWWWWWWWWWWW run_align2refcat 2026-09-29 18:51:32.527704
WWWWWWWWWWWWWWWWWWWWWWWWWWW update_phottable_final_wcs 2026-09-29 18:51:39.932188

(2) Aligning with gaia catalog:  38%|███▊      | 25/66 [08:11<14:01, 20.53s/it]WWWWWWWWWWWWWWWWWWWWWWWWWWW apply_distortion_coefficients 2026-09-29 18:51:41.232436
WWWWWWWWWWWWWWWWWWWWWWWWWWW run_phot 2026-09-29 18:51:41.232771
model.meta.resample.pixel_scale_ratio was not found. Assuming the native detector pixel scale (i.e., pixel_scale_ratio = 1)
WWWWWWWWWWWWWWWWWWWWWWWWWWW initial_cut_photcat 2026-09-29 18:51:45.385591
WWWWWWWWWWWWWWWWWWWWWWWWWWWXX 1pass 2026-09-29 18:51:45.389002
WWWWWWWWWWWWWWWWWWWWWWWWWWW load_and_match_refcat 2026-09-29 18:51:45.389185
WWWWWWWWWWWWWWWWWWWWWWWWWWW find_good_refcat_matches 2026-09-29 18:51:50.730194
WWWWWWWWWWWWWWWWWWWWWWWWWWW run_align2refcat 2026-09-29 18:51:52.698089
WWWWWWWWWWWWWWWWWWWWWWWWWWW update_phottable_final_wcs 2026-09-29 18:51:58.084114

(2) Aligning with gaia catalog:  39%|███▉      | 26/66 [08:30<13:14, 19.87s/it]WWWWWWWWWWWWWWWWWWWWWWWWWWW apply_distortion_coefficients 2026-09-29 18:51:59.560488
WWWWWWWWWWWWWWWWWWWWWWWWWWW run_phot 2026-09-29 18:51:59.560810
model.meta.resample.pixel_scale_ratio was not found. Assuming the native detector pixel scale (i.e., pixel_scale_ratio = 1)
WWWWWWWWWWWWWWWWWWWWWWWWWWW initial_cut_photcat 2026-09-29 18:52:03.614451
WWWWWWWWWWWWWWWWWWWWWWWWWWWXX 1pass 2026-09-29 18:52:03.617191
WWWWWWWWWWWWWWWWWWWWWWWWWWW load_and_match_refcat 2026-09-29 18:52:03.617376
WWWWWWWWWWWWWWWWWWWWWWWWWWW find_good_refcat_matches 2026-09-29 18:52:08.741965
WWWWWWWWWWWWWWWWWWWWWWWWWWW run_align2refcat 2026-09-29 18:52:10.527228
WWWWWWWWWWWWWWWWWWWWWWWWWWW update_phottable_final_wcs 2026-09-29 18:52:17.237911

(2) Aligning with gaia catalog:  41%|████      | 27/66 [08:49<12:47, 19.69s/it]WWWWWWWWWWWWWWWWWWWWWWWWWWW apply_distortion_coefficients 2026-09-29 18:52:18.929021
WWWWWWWWWWWWWWWWWWWWWWWWWWW run_phot 2026-09-29 18:52:18.929332
model.meta.resample.pixel_scale_ratio was not found. Assuming the native detector pixel scale (i.e., pixel_scale_ratio = 1)
WWWWWWWWWWWWWWWWWWWWWWWWWWW initial_cut_photcat 2026-09-29 18:52:23.364223
WWWWWWWWWWWWWWWWWWWWWWWWWWWXX 1pass 2026-09-29 18:52:23.367550
WWWWWWWWWWWWWWWWWWWWWWWWWWW load_and_match_refcat 2026-09-29 18:52:23.367732
WWWWWWWWWWWWWWWWWWWWWWWWWWW find_good_refcat_matches 2026-09-29 18:52:28.305523
WWWWWWWWWWWWWWWWWWWWWWWWWWW run_align2refcat 2026-09-29 18:52:30.277094
WWWWWWWWWWWWWWWWWWWWWWWWWWW update_phottable_final_wcs 2026-09-29 18:52:35.725626

(2) Aligning with gaia catalog:  42%|████▏     | 28/66 [09:07<12:11, 19.24s/it]WWWWWWWWWWWWWWWWWWWWWWWWWWW apply_distortion_coefficients 2026-09-29 18:52:37.031319
WWWWWWWWWWWWWWWWWWWWWWWWWWW run_phot 2026-09-29 18:52:37.031646
model.meta.resample.pixel_scale_ratio was not found. Assuming the native detector pixel scale (i.e., pixel_scale_ratio = 1)
WWWWWWWWWWWWWWWWWWWWWWWWWWW initial_cut_photcat 2026-09-29 18:52:40.484177
WWWWWWWWWWWWWWWWWWWWWWWWWWWXX 1pass 2026-09-29 18:52:40.486914
WWWWWWWWWWWWWWWWWWWWWWWWWWW load_and_match_refcat 2026-09-29 18:52:40.487101
WWWWWWWWWWWWWWWWWWWWWWWWWWW find_good_refcat_matches 2026-09-29 18:52:45.776076
WWWWWWWWWWWWWWWWWWWWWWWWWWW run_align2refcat 2026-09-29 18:52:47.773785
WWWWWWWWWWWWWWWWWWWWWWWWWWW update_phottable_final_wcs 2026-09-29 18:52:55.053761

(2) Aligning with gaia catalog:  44%|████▍     | 29/66 [09:27<11:52, 19.27s/it]WWWWWWWWWWWWWWWWWWWWWWWWWWW apply_distortion_coefficients 2026-09-29 18:52:56.360331
WWWWWWWWWWWWWWWWWWWWWWWWWWW run_phot 2026-09-29 18:52:56.360660
model.meta.resample.pixel_scale_ratio was not found. Assuming the native detector pixel scale (i.e., pixel_scale_ratio = 1)
WWWWWWWWWWWWWWWWWWWWWWWWWWW initial_cut_photcat 2026-09-29 18:53:00.581891
WWWWWWWWWWWWWWWWWWWWWWWWWWWXX 1pass 2026-09-29 18:53:00.585258
WWWWWWWWWWWWWWWWWWWWWWWWWWW load_and_match_refcat 2026-09-29 18:53:00.585444
WWWWWWWWWWWWWWWWWWWWWWWWWWW find_good_refcat_matches 2026-09-29 18:53:05.746466
WWWWWWWWWWWWWWWWWWWWWWWWWWW run_align2refcat 2026-09-29 18:53:07.676988
WWWWWWWWWWWWWWWWWWWWWWWWWWW update_phottable_final_wcs 2026-09-29 18:53:13.198172

(2) Aligning with gaia catalog:  45%|████▌     | 30/66 [09:45<11:25, 19.03s/it]WWWWWWWWWWWWWWWWWWWWWWWWWWW apply_distortion_coefficients 2026-09-29 18:53:14.939025
WWWWWWWWWWWWWWWWWWWWWWWWWWW run_phot 2026-09-29 18:53:14.939328
model.meta.resample.pixel_scale_ratio was not found. Assuming the native detector pixel scale (i.e., pixel_scale_ratio = 1)
WWWWWWWWWWWWWWWWWWWWWWWWWWW initial_cut_photcat 2026-09-29 18:53:18.801618
WWWWWWWWWWWWWWWWWWWWWWWWWWWXX 1pass 2026-09-29 18:53:18.804587
WWWWWWWWWWWWWWWWWWWWWWWWWWW load_and_match_refcat 2026-09-29 18:53:18.804772
WWWWWWWWWWWWWWWWWWWWWWWWWWW find_good_refcat_matches 2026-09-29 18:53:23.884749
WWWWWWWWWWWWWWWWWWWWWWWWWWW run_align2refcat 2026-09-29 18:53:25.600769
WWWWWWWWWWWWWWWWWWWWWWWWWWW update_phottable_final_wcs 2026-09-29 18:53:32.417556

(2) Aligning with gaia catalog:  47%|████▋     | 31/66 [10:04<11:05, 19.03s/it]WWWWWWWWWWWWWWWWWWWWWWWWWWW apply_distortion_coefficients 2026-09-29 18:53:33.972178
WWWWWWWWWWWWWWWWWWWWWWWWWWW run_phot 2026-09-29 18:53:33.972507
model.meta.resample.pixel_scale_ratio was not found. Assuming the native detector pixel scale (i.e., pixel_scale_ratio = 1)
WWWWWWWWWWWWWWWWWWWWWWWWWWW initial_cut_photcat 2026-09-29 18:53:38.114910
WWWWWWWWWWWWWWWWWWWWWWWWWWWXX 1pass 2026-09-29 18:53:38.117868
WWWWWWWWWWWWWWWWWWWWWWWWWWW load_and_match_refcat 2026-09-29 18:53:38.118052
WWWWWWWWWWWWWWWWWWWWWWWWWWW find_good_refcat_matches 2026-09-29 18:53:43.198325
WWWWWWWWWWWWWWWWWWWWWWWWWWW run_align2refcat 2026-09-29 18:53:44.877430
WWWWWWWWWWWWWWWWWWWWWWWWWWW update_phottable_final_wcs 2026-09-29 18:53:52.106177

(2) Aligning with gaia catalog:  48%|████▊     | 32/66 [10:24<10:57, 19.33s/it]WWWWWWWWWWWWWWWWWWWWWWWWWWW apply_distortion_coefficients 2026-09-29 18:53:53.899144
WWWWWWWWWWWWWWWWWWWWWWWWWWW run_phot 2026-09-29 18:53:53.899480
model.meta.resample.pixel_scale_ratio was not found. Assuming the native detector pixel scale (i.e., pixel_scale_ratio = 1)
WWWWWWWWWWWWWWWWWWWWWWWWWWW initial_cut_photcat 2026-09-29 18:53:57.882413
WWWWWWWWWWWWWWWWWWWWWWWWWWWXX 1pass 2026-09-29 18:53:57.885339
WWWWWWWWWWWWWWWWWWWWWWWWWWW load_and_match_refcat 2026-09-29 18:53:57.885524
WWWWWWWWWWWWWWWWWWWWWWWWWWW find_good_refcat_matches 2026-09-29 18:54:02.854121
WWWWWWWWWWWWWWWWWWWWWWWWWWW run_align2refcat 2026-09-29 18:54:04.592463
WWWWWWWWWWWWWWWWWWWWWWWWWWW update_phottable_final_wcs 2026-09-29 18:54:11.000376

(2) Aligning with gaia catalog:  50%|█████     | 33/66 [10:43<10:33, 19.18s/it]WWWWWWWWWWWWWWWWWWWWWWWWWWW apply_distortion_coefficients 2026-09-29 18:54:12.731551
WWWWWWWWWWWWWWWWWWWWWWWWWWW run_phot 2026-09-29 18:54:12.731865
model.meta.resample.pixel_scale_ratio was not found. Assuming the native detector pixel scale (i.e., pixel_scale_ratio = 1)
WWWWWWWWWWWWWWWWWWWWWWWWWWW initial_cut_photcat 2026-09-29 18:54:16.757708
WWWWWWWWWWWWWWWWWWWWWWWWWWWXX 1pass 2026-09-29 18:54:16.760642
WWWWWWWWWWWWWWWWWWWWWWWWWWW load_and_match_refcat 2026-09-29 18:54:16.760833
WWWWWWWWWWWWWWWWWWWWWWWWWWW find_good_refcat_matches 2026-09-29 18:54:21.809248
WWWWWWWWWWWWWWWWWWWWWWWWWWW run_align2refcat 2026-09-29 18:54:23.512435
WWWWWWWWWWWWWWWWWWWWWWWWWWW update_phottable_final_wcs 2026-09-29 18:54:30.258278

(2) Aligning with gaia catalog:  52%|█████▏    | 34/66 [11:02<10:10, 19.08s/it]WWWWWWWWWWWWWWWWWWWWWWWWWWW apply_distortion_coefficients 2026-09-29 18:54:31.561815
WWWWWWWWWWWWWWWWWWWWWWWWWWW run_phot 2026-09-29 18:54:31.562137
model.meta.resample.pixel_scale_ratio was not found. Assuming the native detector pixel scale (i.e., pixel_scale_ratio = 1)
WWWWWWWWWWWWWWWWWWWWWWWWWWW initial_cut_photcat 2026-09-29 18:54:35.589875
WWWWWWWWWWWWWWWWWWWWWWWWWWWXX 1pass 2026-09-29 18:54:35.593032
WWWWWWWWWWWWWWWWWWWWWWWWWWW load_and_match_refcat 2026-09-29 18:54:35.593217
WWWWWWWWWWWWWWWWWWWWWWWWWWW find_good_refcat_matches 2026-09-29 18:54:40.873992
WWWWWWWWWWWWWWWWWWWWWWWWWWW run_align2refcat 2026-09-29 18:54:42.654946
WWWWWWWWWWWWWWWWWWWWWWWWWWW update_phottable_final_wcs 2026-09-29 18:54:47.724004

(2) Aligning with gaia catalog:  53%|█████▎    | 35/66 [11:20<09:38, 18.67s/it]WWWWWWWWWWWWWWWWWWWWWWWWWWW apply_distortion_coefficients 2026-09-29 18:54:49.411953
WWWWWWWWWWWWWWWWWWWWWWWWWWW run_phot 2026-09-29 18:54:49.412264
model.meta.resample.pixel_scale_ratio was not found. Assuming the native detector pixel scale (i.e., pixel_scale_ratio = 1)
WWWWWWWWWWWWWWWWWWWWWWWWWWW initial_cut_photcat 2026-09-29 18:54:52.621885
WWWWWWWWWWWWWWWWWWWWWWWWWWWXX 1pass 2026-09-29 18:54:52.624382
WWWWWWWWWWWWWWWWWWWWWWWWWWW load_and_match_refcat 2026-09-29 18:54:52.624563
WWWWWWWWWWWWWWWWWWWWWWWWWWW find_good_refcat_matches 2026-09-29 18:54:57.581717
WWWWWWWWWWWWWWWWWWWWWWWWWWW run_align2refcat 2026-09-29 18:54:59.400510
WWWWWWWWWWWWWWWWWWWWWWWWWWW update_phottable_final_wcs 2026-09-29 18:55:06.494202

(2) Aligning with gaia catalog:  55%|█████▍    | 36/66 [11:38<09:18, 18.62s/it]WWWWWWWWWWWWWWWWWWWWWWWWWWW apply_distortion_coefficients 2026-09-29 18:55:07.776311
WWWWWWWWWWWWWWWWWWWWWWWWWWW run_phot 2026-09-29 18:55:07.776637
model.meta.resample.pixel_scale_ratio was not found. Assuming the native detector pixel scale (i.e., pixel_scale_ratio = 1)
WWWWWWWWWWWWWWWWWWWWWWWWWWW initial_cut_photcat 2026-09-29 18:55:11.663885
WWWWWWWWWWWWWWWWWWWWWWWWWWWXX 1pass 2026-09-29 18:55:11.667036
WWWWWWWWWWWWWWWWWWWWWWWWWWW load_and_match_refcat 2026-09-29 18:55:11.667218
WWWWWWWWWWWWWWWWWWWWWWWWWWW find_good_refcat_matches 2026-09-29 18:55:16.888409
WWWWWWWWWWWWWWWWWWWWWWWWWWW run_align2refcat 2026-09-29 18:55:18.741165
WWWWWWWWWWWWWWWWWWWWWWWWWWW update_phottable_final_wcs 2026-09-29 18:55:25.860964

(2) Aligning with gaia catalog:  56%|█████▌    | 37/66 [11:57<09:06, 18.85s/it]WWWWWWWWWWWWWWWWWWWWWWWWWWW apply_distortion_coefficients 2026-09-29 18:55:27.176160
WWWWWWWWWWWWWWWWWWWWWWWWWWW run_phot 2026-09-29 18:55:27.176530
model.meta.resample.pixel_scale_ratio was not found. Assuming the native detector pixel scale (i.e., pixel_scale_ratio = 1)
WWWWWWWWWWWWWWWWWWWWWWWWWWW initial_cut_photcat 2026-09-29 18:55:29.950113
WWWWWWWWWWWWWWWWWWWWWWWWWWWXX 1pass 2026-09-29 18:55:29.952685
WWWWWWWWWWWWWWWWWWWWWWWWWWW load_and_match_refcat 2026-09-29 18:55:29.952874
WWWWWWWWWWWWWWWWWWWWWWWWWWW find_good_refcat_matches 2026-09-29 18:55:35.037253
WWWWWWWWWWWWWWWWWWWWWWWWWWW run_align2refcat 2026-09-29 18:55:36.800979
WWWWWWWWWWWWWWWWWWWWWWWWWWW update_phottable_final_wcs 2026-09-29 18:55:43.536588

(2) Aligning with gaia catalog:  58%|█████▊    | 38/66 [12:15<08:41, 18.61s/it]WWWWWWWWWWWWWWWWWWWWWWWWWWW apply_distortion_coefficients 2026-09-29 18:55:45.233585
WWWWWWWWWWWWWWWWWWWWWWWWWWW run_phot 2026-09-29 18:55:45.233907
model.meta.resample.pixel_scale_ratio was not found. Assuming the native detector pixel scale (i.e., pixel_scale_ratio = 1)
WWWWWWWWWWWWWWWWWWWWWWWWWWW initial_cut_photcat 2026-09-29 18:55:49.197234
WWWWWWWWWWWWWWWWWWWWWWWWWWWXX 1pass 2026-09-29 18:55:49.200384
WWWWWWWWWWWWWWWWWWWWWWWWWWW load_and_match_refcat 2026-09-29 18:55:49.200565
WWWWWWWWWWWWWWWWWWWWWWWWWWW find_good_refcat_matches 2026-09-29 18:55:54.253025
WWWWWWWWWWWWWWWWWWWWWWWWWWW run_align2refcat 2026-09-29 18:55:55.994736
WWWWWWWWWWWWWWWWWWWWWWWWWWW update_phottable_final_wcs 2026-09-29 18:56:02.367227

(2) Aligning with gaia catalog:  59%|█████▉    | 39/66 [12:34<08:24, 18.69s/it]WWWWWWWWWWWWWWWWWWWWWWWWWWW apply_distortion_coefficients 2026-09-29 18:56:04.104792
WWWWWWWWWWWWWWWWWWWWWWWWWWW run_phot 2026-09-29 18:56:04.105115
model.meta.resample.pixel_scale_ratio was not found. Assuming the native detector pixel scale (i.e., pixel_scale_ratio = 1)
WWWWWWWWWWWWWWWWWWWWWWWWWWW initial_cut_photcat 2026-09-29 18:56:07.434127
WWWWWWWWWWWWWWWWWWWWWWWWWWWXX 1pass 2026-09-29 18:56:07.436536
WWWWWWWWWWWWWWWWWWWWWWWWWWW load_and_match_refcat 2026-09-29 18:56:07.436715
WWWWWWWWWWWWWWWWWWWWWWWWWWW find_good_refcat_matches 2026-09-29 18:56:12.528750
WWWWWWWWWWWWWWWWWWWWWWWWWWW run_align2refcat 2026-09-29 18:56:14.369721
WWWWWWWWWWWWWWWWWWWWWWWWWWW update_phottable_final_wcs 2026-09-29 18:56:22.327997

(2) Aligning with gaia catalog:  61%|██████    | 40/66 [12:54<08:12, 18.94s/it]WWWWWWWWWWWWWWWWWWWWWWWWWWW apply_distortion_coefficients 2026-09-29 18:56:23.617731
WWWWWWWWWWWWWWWWWWWWWWWWWWW run_phot 2026-09-29 18:56:23.618044
model.meta.resample.pixel_scale_ratio was not found. Assuming the native detector pixel scale (i.e., pixel_scale_ratio = 1)
WWWWWWWWWWWWWWWWWWWWWWWWWWW initial_cut_photcat 2026-09-29 18:56:27.481296
WWWWWWWWWWWWWWWWWWWWWWWWWWWXX 1pass 2026-09-29 18:56:27.484532
WWWWWWWWWWWWWWWWWWWWWWWWWWW load_and_match_refcat 2026-09-29 18:56:27.484720
WWWWWWWWWWWWWWWWWWWWWWWWWWW find_good_refcat_matches 2026-09-29 18:56:32.424460
WWWWWWWWWWWWWWWWWWWWWWWWWWW run_align2refcat 2026-09-29 18:56:34.232393
WWWWWWWWWWWWWWWWWWWWWWWWWWW update_phottable_final_wcs 2026-09-29 18:56:40.107664

(2) Aligning with gaia catalog:  62%|██████▏   | 41/66 [13:12<07:44, 18.59s/it]WWWWWWWWWWWWWWWWWWWWWWWWWWW apply_distortion_coefficients 2026-09-29 18:56:41.397163
WWWWWWWWWWWWWWWWWWWWWWWWWWW run_phot 2026-09-29 18:56:41.397481
model.meta.resample.pixel_scale_ratio was not found. Assuming the native detector pixel scale (i.e., pixel_scale_ratio = 1)
WWWWWWWWWWWWWWWWWWWWWWWWWWW initial_cut_photcat 2026-09-29 18:56:44.173396
WWWWWWWWWWWWWWWWWWWWWWWWWWWXX 1pass 2026-09-29 18:56:44.176090
WWWWWWWWWWWWWWWWWWWWWWWWWWW load_and_match_refcat 2026-09-29 18:56:44.176272
WWWWWWWWWWWWWWWWWWWWWWWWWWW find_good_refcat_matches 2026-09-29 18:56:49.102089
WWWWWWWWWWWWWWWWWWWWWWWWWWW run_align2refcat 2026-09-29 18:56:50.824327
WWWWWWWWWWWWWWWWWWWWWWWWWWW update_phottable_final_wcs 2026-09-29 18:56:56.224586

(2) Aligning with gaia catalog:  64%|██████▎   | 42/66 [13:28<07:08, 17.85s/it]WWWWWWWWWWWWWWWWWWWWWWWWWWW apply_distortion_coefficients 2026-09-29 18:56:57.518502
WWWWWWWWWWWWWWWWWWWWWWWWWWW run_phot 2026-09-29 18:56:57.518838
model.meta.resample.pixel_scale_ratio was not found. Assuming the native detector pixel scale (i.e., pixel_scale_ratio = 1)
WWWWWWWWWWWWWWWWWWWWWWWWWWW initial_cut_photcat 2026-09-29 18:57:01.055987
WWWWWWWWWWWWWWWWWWWWWWWWWWWXX 1pass 2026-09-29 18:57:01.058865
WWWWWWWWWWWWWWWWWWWWWWWWWWW load_and_match_refcat 2026-09-29 18:57:01.059046
WWWWWWWWWWWWWWWWWWWWWWWWWWW find_good_refcat_matches 2026-09-29 18:57:05.996949
WWWWWWWWWWWWWWWWWWWWWWWWWWW run_align2refcat 2026-09-29 18:57:07.708484
WWWWWWWWWWWWWWWWWWWWWWWWWWW update_phottable_final_wcs 2026-09-29 18:57:11.988290

(2) Aligning with gaia catalog:  65%|██████▌   | 43/66 [13:44<06:36, 17.23s/it]WWWWWWWWWWWWWWWWWWWWWWWWWWW apply_distortion_coefficients 2026-09-29 18:57:13.317428
WWWWWWWWWWWWWWWWWWWWWWWWWWW run_phot 2026-09-29 18:57:13.317756
model.meta.resample.pixel_scale_ratio was not found. Assuming the native detector pixel scale (i.e., pixel_scale_ratio = 1)
WWWWWWWWWWWWWWWWWWWWWWWWWWW initial_cut_photcat 2026-09-29 18:57:17.278461
WWWWWWWWWWWWWWWWWWWWWWWWWWWXX 1pass 2026-09-29 18:57:17.281781
WWWWWWWWWWWWWWWWWWWWWWWWWWW load_and_match_refcat 2026-09-29 18:57:17.281976
WWWWWWWWWWWWWWWWWWWWWWWWWWW find_good_refcat_matches 2026-09-29 18:57:22.237632
WWWWWWWWWWWWWWWWWWWWWWWWWWW run_align2refcat 2026-09-29 18:57:24.082144
WWWWWWWWWWWWWWWWWWWWWWWWWWW update_phottable_final_wcs 2026-09-29 18:57:29.440896

(2) Aligning with gaia catalog:  67%|██████▋   | 44/66 [14:01<06:20, 17.29s/it]WWWWWWWWWWWWWWWWWWWWWWWWWWW apply_distortion_coefficients 2026-09-29 18:57:30.747006
WWWWWWWWWWWWWWWWWWWWWWWWWWW run_phot 2026-09-29 18:57:30.747338
model.meta.resample.pixel_scale_ratio was not found. Assuming the native detector pixel scale (i.e., pixel_scale_ratio = 1)
WWWWWWWWWWWWWWWWWWWWWWWWWWW initial_cut_photcat 2026-09-29 18:57:34.247289
WWWWWWWWWWWWWWWWWWWWWWWWWWWXX 1pass 2026-09-29 18:57:34.250201
WWWWWWWWWWWWWWWWWWWWWWWWWWW load_and_match_refcat 2026-09-29 18:57:34.250382
WWWWWWWWWWWWWWWWWWWWWWWWWWW find_good_refcat_matches 2026-09-29 18:57:39.183453
WWWWWWWWWWWWWWWWWWWWWWWWWWW run_align2refcat 2026-09-29 18:57:40.983586
WWWWWWWWWWWWWWWWWWWWWWWWWWW update_phottable_final_wcs 2026-09-29 18:57:46.157310

(2) Aligning with gaia catalog:  68%|██████▊   | 45/66 [14:18<05:59, 17.12s/it]WWWWWWWWWWWWWWWWWWWWWWWWWWW apply_distortion_coefficients 2026-09-29 18:57:47.459841
WWWWWWWWWWWWWWWWWWWWWWWWWWW run_phot 2026-09-29 18:57:47.460184
model.meta.resample.pixel_scale_ratio was not found. Assuming the native detector pixel scale (i.e., pixel_scale_ratio = 1)
WWWWWWWWWWWWWWWWWWWWWWWWWWW initial_cut_photcat 2026-09-29 18:57:51.384321
WWWWWWWWWWWWWWWWWWWWWWWWWWWXX 1pass 2026-09-29 18:57:51.387584
WWWWWWWWWWWWWWWWWWWWWWWWWWW load_and_match_refcat 2026-09-29 18:57:51.387768
WWWWWWWWWWWWWWWWWWWWWWWWWWW find_good_refcat_matches 2026-09-29 18:57:56.317531
WWWWWWWWWWWWWWWWWWWWWWWWWWW run_align2refcat 2026-09-29 18:57:58.187270
WWWWWWWWWWWWWWWWWWWWWWWWWWW update_phottable_final_wcs 2026-09-29 18:58:03.514024

(2) Aligning with gaia catalog:  70%|██████▉   | 46/66 [14:35<05:43, 17.19s/it]WWWWWWWWWWWWWWWWWWWWWWWWWWW apply_distortion_coefficients 2026-09-29 18:58:04.813770
WWWWWWWWWWWWWWWWWWWWWWWWWWW run_phot 2026-09-29 18:58:04.814102
model.meta.resample.pixel_scale_ratio was not found. Assuming the native detector pixel scale (i.e., pixel_scale_ratio = 1)
WWWWWWWWWWWWWWWWWWWWWWWWWWW initial_cut_photcat 2026-09-29 18:58:08.339930
WWWWWWWWWWWWWWWWWWWWWWWWWWWXX 1pass 2026-09-29 18:58:08.342820
WWWWWWWWWWWWWWWWWWWWWWWWWWW load_and_match_refcat 2026-09-29 18:58:08.343005
WWWWWWWWWWWWWWWWWWWWWWWWWWW find_good_refcat_matches 2026-09-29 18:58:13.286858
WWWWWWWWWWWWWWWWWWWWWWWWWWW run_align2refcat 2026-09-29 18:58:15.189775
WWWWWWWWWWWWWWWWWWWWWWWWWWW update_phottable_final_wcs 2026-09-29 18:58:20.409728

(2) Aligning with gaia catalog:  71%|███████   | 47/66 [14:52<05:24, 17.10s/it]WWWWWWWWWWWWWWWWWWWWWWWWWWW apply_distortion_coefficients 2026-09-29 18:58:21.717043
WWWWWWWWWWWWWWWWWWWWWWWWWWW run_phot 2026-09-29 18:58:21.717379
model.meta.resample.pixel_scale_ratio was not found. Assuming the native detector pixel scale (i.e., pixel_scale_ratio = 1)
WWWWWWWWWWWWWWWWWWWWWWWWWWW initial_cut_photcat 2026-09-29 18:58:25.626997
WWWWWWWWWWWWWWWWWWWWWWWWWWWXX 1pass 2026-09-29 18:58:25.630248
WWWWWWWWWWWWWWWWWWWWWWWWWWW load_and_match_refcat 2026-09-29 18:58:25.630433
WWWWWWWWWWWWWWWWWWWWWWWWWWW find_good_refcat_matches 2026-09-29 18:58:30.576398
WWWWWWWWWWWWWWWWWWWWWWWWWWW run_align2refcat 2026-09-29 18:58:32.351336
WWWWWWWWWWWWWWWWWWWWWWWWWWW update_phottable_final_wcs 2026-09-29 18:58:37.711985

(2) Aligning with gaia catalog:  73%|███████▎  | 48/66 [15:09<05:08, 17.16s/it]WWWWWWWWWWWWWWWWWWWWWWWWWWW apply_distortion_coefficients 2026-09-29 18:58:39.013747
WWWWWWWWWWWWWWWWWWWWWWWWWWW run_phot 2026-09-29 18:58:39.014098
model.meta.resample.pixel_scale_ratio was not found. Assuming the native detector pixel scale (i.e., pixel_scale_ratio = 1)
WWWWWWWWWWWWWWWWWWWWWWWWWWW initial_cut_photcat 2026-09-29 18:58:42.549730
WWWWWWWWWWWWWWWWWWWWWWWWWWWXX 1pass 2026-09-29 18:58:42.552599
WWWWWWWWWWWWWWWWWWWWWWWWWWW load_and_match_refcat 2026-09-29 18:58:42.552781
WWWWWWWWWWWWWWWWWWWWWWWWWWW find_good_refcat_matches 2026-09-29 18:58:47.510596
WWWWWWWWWWWWWWWWWWWWWWWWWWW run_align2refcat 2026-09-29 18:58:49.321169
WWWWWWWWWWWWWWWWWWWWWWWWWWW update_phottable_final_wcs 2026-09-29 18:58:54.532849

(2) Aligning with gaia catalog:  74%|███████▍  | 49/66 [15:26<04:50, 17.06s/it]WWWWWWWWWWWWWWWWWWWWWWWWWWW apply_distortion_coefficients 2026-09-29 18:58:55.835420
WWWWWWWWWWWWWWWWWWWWWWWWWWW run_phot 2026-09-29 18:58:55.835747
model.meta.resample.pixel_scale_ratio was not found. Assuming the native detector pixel scale (i.e., pixel_scale_ratio = 1)
WWWWWWWWWWWWWWWWWWWWWWWWWWW initial_cut_photcat 2026-09-29 18:58:59.738088
WWWWWWWWWWWWWWWWWWWWWWWWWWWXX 1pass 2026-09-29 18:58:59.741268
WWWWWWWWWWWWWWWWWWWWWWWWWWW load_and_match_refcat 2026-09-29 18:58:59.741456
WWWWWWWWWWWWWWWWWWWWWWWWWWW find_good_refcat_matches 2026-09-29 18:59:04.669132
WWWWWWWWWWWWWWWWWWWWWWWWWWW run_align2refcat 2026-09-29 18:59:06.512481
WWWWWWWWWWWWWWWWWWWWWWWWWWW update_phottable_final_wcs 2026-09-29 18:59:10.896866

(2) Aligning with gaia catalog:  76%|███████▌  | 50/66 [15:42<04:29, 16.85s/it]WWWWWWWWWWWWWWWWWWWWWWWWWWW apply_distortion_coefficients 2026-09-29 18:59:12.197749
WWWWWWWWWWWWWWWWWWWWWWWWWWW run_phot 2026-09-29 18:59:12.198081
model.meta.resample.pixel_scale_ratio was not found. Assuming the native detector pixel scale (i.e., pixel_scale_ratio = 1)
WWWWWWWWWWWWWWWWWWWWWWWWWWW initial_cut_photcat 2026-09-29 18:59:15.711681
WWWWWWWWWWWWWWWWWWWWWWWWWWWXX 1pass 2026-09-29 18:59:15.714555
WWWWWWWWWWWWWWWWWWWWWWWWWWW load_and_match_refcat 2026-09-29 18:59:15.714739
WWWWWWWWWWWWWWWWWWWWWWWWWWW find_good_refcat_matches 2026-09-29 18:59:20.653534
WWWWWWWWWWWWWWWWWWWWWWWWWWW run_align2refcat 2026-09-29 18:59:22.348999
WWWWWWWWWWWWWWWWWWWWWWWWWWW update_phottable_final_wcs 2026-09-29 18:59:27.539394

(2) Aligning with gaia catalog:  77%|███████▋  | 51/66 [15:59<04:11, 16.79s/it]WWWWWWWWWWWWWWWWWWWWWWWWWWW apply_distortion_coefficients 2026-09-29 18:59:28.840029
WWWWWWWWWWWWWWWWWWWWWWWWWWW run_phot 2026-09-29 18:59:28.840358
model.meta.resample.pixel_scale_ratio was not found. Assuming the native detector pixel scale (i.e., pixel_scale_ratio = 1)
WWWWWWWWWWWWWWWWWWWWWWWWWWW initial_cut_photcat 2026-09-29 18:59:32.759443
WWWWWWWWWWWWWWWWWWWWWWWWWWWXX 1pass 2026-09-29 18:59:32.762690
WWWWWWWWWWWWWWWWWWWWWWWWWWW load_and_match_refcat 2026-09-29 18:59:32.762880
WWWWWWWWWWWWWWWWWWWWWWWWWWW find_good_refcat_matches 2026-09-29 18:59:37.702899
WWWWWWWWWWWWWWWWWWWWWWWWWWW run_align2refcat 2026-09-29 18:59:39.541969
WWWWWWWWWWWWWWWWWWWWWWWWWWW update_phottable_final_wcs 2026-09-29 18:59:44.038740

(2) Aligning with gaia catalog:  79%|███████▉  | 52/66 [16:16<03:53, 16.70s/it]WWWWWWWWWWWWWWWWWWWWWWWWWWW apply_distortion_coefficients 2026-09-29 18:59:45.346246
WWWWWWWWWWWWWWWWWWWWWWWWWWW run_phot 2026-09-29 18:59:45.346585
model.meta.resample.pixel_scale_ratio was not found. Assuming the native detector pixel scale (i.e., pixel_scale_ratio = 1)
WWWWWWWWWWWWWWWWWWWWWWWWWWW initial_cut_photcat 2026-09-29 18:59:48.845893
WWWWWWWWWWWWWWWWWWWWWWWWWWWXX 1pass 2026-09-29 18:59:48.848750
WWWWWWWWWWWWWWWWWWWWWWWWWWW load_and_match_refcat 2026-09-29 18:59:48.848940
WWWWWWWWWWWWWWWWWWWWWWWWWWW find_good_refcat_matches 2026-09-29 18:59:53.763910
WWWWWWWWWWWWWWWWWWWWWWWWWWW run_align2refcat 2026-09-29 18:59:55.580892
WWWWWWWWWWWWWWWWWWWWWWWWWWW update_phottable_final_wcs 2026-09-29 18:59:59.820159

(2) Aligning with gaia catalog:  80%|████████  | 53/66 [16:31<03:33, 16.42s/it]WWWWWWWWWWWWWWWWWWWWWWWWWWW apply_distortion_coefficients 2026-09-29 19:00:01.120978
WWWWWWWWWWWWWWWWWWWWWWWWWWW run_phot 2026-09-29 19:00:01.121308
model.meta.resample.pixel_scale_ratio was not found. Assuming the native detector pixel scale (i.e., pixel_scale_ratio = 1)
WWWWWWWWWWWWWWWWWWWWWWWWWWW initial_cut_photcat 2026-09-29 19:00:04.865540
WWWWWWWWWWWWWWWWWWWWWWWWWWWXX 1pass 2026-09-29 19:00:04.868644
WWWWWWWWWWWWWWWWWWWWWWWWWWW load_and_match_refcat 2026-09-29 19:00:04.868832
WWWWWWWWWWWWWWWWWWWWWWWWWWW find_good_refcat_matches 2026-09-29 19:00:09.802131
WWWWWWWWWWWWWWWWWWWWWWWWWWW run_align2refcat 2026-09-29 19:00:11.582675
WWWWWWWWWWWWWWWWWWWWWWWWWWW update_phottable_final_wcs 2026-09-29 19:00:15.994544

(2) Aligning with gaia catalog:  82%|████████▏ | 54/66 [16:48<03:16, 16.35s/it]WWWWWWWWWWWWWWWWWWWWWWWWWWW apply_distortion_coefficients 2026-09-29 19:00:17.294410
WWWWWWWWWWWWWWWWWWWWWWWWWWW run_phot 2026-09-29 19:00:17.294733
model.meta.resample.pixel_scale_ratio was not found. Assuming the native detector pixel scale (i.e., pixel_scale_ratio = 1)
WWWWWWWWWWWWWWWWWWWWWWWWWWW initial_cut_photcat 2026-09-29 19:00:21.084341
WWWWWWWWWWWWWWWWWWWWWWWWWWWXX 1pass 2026-09-29 19:00:21.087186
WWWWWWWWWWWWWWWWWWWWWWWWWWW load_and_match_refcat 2026-09-29 19:00:21.087372
WWWWWWWWWWWWWWWWWWWWWWWWWWW find_good_refcat_matches 2026-09-29 19:00:26.016683
WWWWWWWWWWWWWWWWWWWWWWWWWWW run_align2refcat 2026-09-29 19:00:27.729715
WWWWWWWWWWWWWWWWWWWWWWWWWWW update_phottable_final_wcs 2026-09-29 19:00:31.972441

(2) Aligning with gaia catalog:  83%|████████▎ | 55/66 [17:03<02:58, 16.24s/it]WWWWWWWWWWWWWWWWWWWWWWWWWWW apply_distortion_coefficients 2026-09-29 19:00:33.271842
WWWWWWWWWWWWWWWWWWWWWWWWWWW run_phot 2026-09-29 19:00:33.272169
model.meta.resample.pixel_scale_ratio was not found. Assuming the native detector pixel scale (i.e., pixel_scale_ratio = 1)
WWWWWWWWWWWWWWWWWWWWWWWWWWW initial_cut_photcat 2026-09-29 19:00:36.966847
WWWWWWWWWWWWWWWWWWWWWWWWWWWXX 1pass 2026-09-29 19:00:36.969787
WWWWWWWWWWWWWWWWWWWWWWWWWWW load_and_match_refcat 2026-09-29 19:00:36.969982
WWWWWWWWWWWWWWWWWWWWWWWWWWW find_good_refcat_matches 2026-09-29 19:00:41.907001
WWWWWWWWWWWWWWWWWWWWWWWWWWW run_align2refcat 2026-09-29 19:00:43.663701
WWWWWWWWWWWWWWWWWWWWWWWWWWW update_phottable_final_wcs 2026-09-29 19:00:48.070362

(2) Aligning with gaia catalog:  85%|████████▍ | 56/66 [17:20<02:41, 16.20s/it]WWWWWWWWWWWWWWWWWWWWWWWWWWW apply_distortion_coefficients 2026-09-29 19:00:49.377468
WWWWWWWWWWWWWWWWWWWWWWWWWWW run_phot 2026-09-29 19:00:49.377812
model.meta.resample.pixel_scale_ratio was not found. Assuming the native detector pixel scale (i.e., pixel_scale_ratio = 1)
WWWWWWWWWWWWWWWWWWWWWWWWWWW initial_cut_photcat 2026-09-29 19:00:53.161006
WWWWWWWWWWWWWWWWWWWWWWWWWWWXX 1pass 2026-09-29 19:00:53.163870
WWWWWWWWWWWWWWWWWWWWWWWWWWW load_and_match_refcat 2026-09-29 19:00:53.164054
WWWWWWWWWWWWWWWWWWWWWWWWWWW find_good_refcat_matches 2026-09-29 19:00:58.158572
WWWWWWWWWWWWWWWWWWWWWWWWWWW run_align2refcat 2026-09-29 19:00:59.899382
WWWWWWWWWWWWWWWWWWWWWWWWWWW update_phottable_final_wcs 2026-09-29 19:01:04.144509

(2) Aligning with gaia catalog:  86%|████████▋ | 57/66 [17:36<02:25, 16.16s/it]WWWWWWWWWWWWWWWWWWWWWWWWWWW apply_distortion_coefficients 2026-09-29 19:01:05.446364
WWWWWWWWWWWWWWWWWWWWWWWWWWW run_phot 2026-09-29 19:01:05.446687
model.meta.resample.pixel_scale_ratio was not found. Assuming the native detector pixel scale (i.e., pixel_scale_ratio = 1)
WWWWWWWWWWWWWWWWWWWWWWWWWWW initial_cut_photcat 2026-09-29 19:01:09.119978
WWWWWWWWWWWWWWWWWWWWWWWWWWWXX 1pass 2026-09-29 19:01:09.122842
WWWWWWWWWWWWWWWWWWWWWWWWWWW load_and_match_refcat 2026-09-29 19:01:09.123023
WWWWWWWWWWWWWWWWWWWWWWWWWWW find_good_refcat_matches 2026-09-29 19:01:14.065384
WWWWWWWWWWWWWWWWWWWWWWWWWWW run_align2refcat 2026-09-29 19:01:15.931323
WWWWWWWWWWWWWWWWWWWWWWWWWWW update_phottable_final_wcs 2026-09-29 19:01:21.276070

(2) Aligning with gaia catalog:  88%|████████▊ | 58/66 [17:53<02:11, 16.45s/it]WWWWWWWWWWWWWWWWWWWWWWWWWWW apply_distortion_coefficients 2026-09-29 19:01:22.579723
WWWWWWWWWWWWWWWWWWWWWWWWWWW run_phot 2026-09-29 19:01:22.580065
model.meta.resample.pixel_scale_ratio was not found. Assuming the native detector pixel scale (i.e., pixel_scale_ratio = 1)
WWWWWWWWWWWWWWWWWWWWWWWWWWW initial_cut_photcat 2026-09-29 19:01:26.367854
WWWWWWWWWWWWWWWWWWWWWWWWWWWXX 1pass 2026-09-29 19:01:26.370714
WWWWWWWWWWWWWWWWWWWWWWWWWWW load_and_match_refcat 2026-09-29 19:01:26.370908
WWWWWWWWWWWWWWWWWWWWWWWWWWW find_good_refcat_matches 2026-09-29 19:01:31.321374
WWWWWWWWWWWWWWWWWWWWWWWWWWW run_align2refcat 2026-09-29 19:01:33.135475
WWWWWWWWWWWWWWWWWWWWWWWWWWW update_phottable_final_wcs 2026-09-29 19:01:38.326512

(2) Aligning with gaia catalog:  89%|████████▉ | 59/66 [18:10<01:56, 16.63s/it]WWWWWWWWWWWWWWWWWWWWWWWWWWW apply_distortion_coefficients 2026-09-29 19:01:39.635079
WWWWWWWWWWWWWWWWWWWWWWWWWWW run_phot 2026-09-29 19:01:39.635412
model.meta.resample.pixel_scale_ratio was not found. Assuming the native detector pixel scale (i.e., pixel_scale_ratio = 1)
WWWWWWWWWWWWWWWWWWWWWWWWWWW initial_cut_photcat 2026-09-29 19:01:43.274471
WWWWWWWWWWWWWWWWWWWWWWWWWWWXX 1pass 2026-09-29 19:01:43.277537
WWWWWWWWWWWWWWWWWWWWWWWWWWW load_and_match_refcat 2026-09-29 19:01:43.277721
WWWWWWWWWWWWWWWWWWWWWWWWWWW find_good_refcat_matches 2026-09-29 19:01:48.205977
WWWWWWWWWWWWWWWWWWWWWWWWWWW run_align2refcat 2026-09-29 19:01:50.050224
WWWWWWWWWWWWWWWWWWWWWWWWWWW update_phottable_final_wcs 2026-09-29 19:01:55.440207

(2) Aligning with gaia catalog:  91%|█████████ | 60/66 [18:27<01:40, 16.78s/it]WWWWWWWWWWWWWWWWWWWWWWWWWWW apply_distortion_coefficients 2026-09-29 19:01:56.742757
WWWWWWWWWWWWWWWWWWWWWWWWWWW run_phot 2026-09-29 19:01:56.743098
model.meta.resample.pixel_scale_ratio was not found. Assuming the native detector pixel scale (i.e., pixel_scale_ratio = 1)
WWWWWWWWWWWWWWWWWWWWWWWWWWW initial_cut_photcat 2026-09-29 19:02:01.527895
WWWWWWWWWWWWWWWWWWWWWWWWWWWXX 1pass 2026-09-29 19:02:01.531810
WWWWWWWWWWWWWWWWWWWWWWWWWWW load_and_match_refcat 2026-09-29 19:02:01.531998
WWWWWWWWWWWWWWWWWWWWWWWWWWW find_good_refcat_matches 2026-09-29 19:02:06.469550
WWWWWWWWWWWWWWWWWWWWWWWWWWW run_align2refcat 2026-09-29 19:02:08.316854
WWWWWWWWWWWWWWWWWWWWWWWWWWW update_phottable_final_wcs 2026-09-29 19:02:13.548686

(2) Aligning with gaia catalog:  92%|█████████▏| 61/66 [18:45<01:25, 17.19s/it]WWWWWWWWWWWWWWWWWWWWWWWWWWW apply_distortion_coefficients 2026-09-29 19:02:14.896353
WWWWWWWWWWWWWWWWWWWWWWWWWWW run_phot 2026-09-29 19:02:14.896690
model.meta.resample.pixel_scale_ratio was not found. Assuming the native detector pixel scale (i.e., pixel_scale_ratio = 1)
WWWWWWWWWWWWWWWWWWWWWWWWWWW initial_cut_photcat 2026-09-29 19:02:20.057803
WWWWWWWWWWWWWWWWWWWWWWWWWWWXX 1pass 2026-09-29 19:02:20.062206
WWWWWWWWWWWWWWWWWWWWWWWWWWW load_and_match_refcat 2026-09-29 19:02:20.062386
WWWWWWWWWWWWWWWWWWWWWWWWWWW find_good_refcat_matches 2026-09-29 19:02:25.054426
WWWWWWWWWWWWWWWWWWWWWWWWWWW run_align2refcat 2026-09-29 19:02:26.749067
WWWWWWWWWWWWWWWWWWWWWWWWWWW update_phottable_final_wcs 2026-09-29 19:02:31.156548

(2) Aligning with gaia catalog:  94%|█████████▍| 62/66 [19:03<01:09, 17.31s/it]WWWWWWWWWWWWWWWWWWWWWWWWWWW apply_distortion_coefficients 2026-09-29 19:02:32.479872
WWWWWWWWWWWWWWWWWWWWWWWWWWW run_phot 2026-09-29 19:02:32.480242
model.meta.resample.pixel_scale_ratio was not found. Assuming the native detector pixel scale (i.e., pixel_scale_ratio = 1)
WWWWWWWWWWWWWWWWWWWWWWWWWWW initial_cut_photcat 2026-09-29 19:02:37.287162
WWWWWWWWWWWWWWWWWWWWWWWWWWWXX 1pass 2026-09-29 19:02:37.291133
WWWWWWWWWWWWWWWWWWWWWWWWWWW load_and_match_refcat 2026-09-29 19:02:37.291334
WWWWWWWWWWWWWWWWWWWWWWWWWWW find_good_refcat_matches 2026-09-29 19:02:42.213707
WWWWWWWWWWWWWWWWWWWWWWWWWWW run_align2refcat 2026-09-29 19:02:44.035420
WWWWWWWWWWWWWWWWWWWWWWWWWWW update_phottable_final_wcs 2026-09-29 19:02:49.259812

(2) Aligning with gaia catalog:  95%|█████████▌| 63/66 [19:21<00:52, 17.55s/it]WWWWWWWWWWWWWWWWWWWWWWWWWWW apply_distortion_coefficients 2026-09-29 19:02:50.591331
WWWWWWWWWWWWWWWWWWWWWWWWWWW run_phot 2026-09-29 19:02:50.591666
model.meta.resample.pixel_scale_ratio was not found. Assuming the native detector pixel scale (i.e., pixel_scale_ratio = 1)
WWWWWWWWWWWWWWWWWWWWWWWWWWW initial_cut_photcat 2026-09-29 19:02:55.567335
WWWWWWWWWWWWWWWWWWWWWWWWWWWXX 1pass 2026-09-29 19:02:55.571443
WWWWWWWWWWWWWWWWWWWWWWWWWWW load_and_match_refcat 2026-09-29 19:02:55.571625
WWWWWWWWWWWWWWWWWWWWWWWWWWW find_good_refcat_matches 2026-09-29 19:03:00.526455
WWWWWWWWWWWWWWWWWWWWWWWWWWW run_align2refcat 2026-09-29 19:03:02.301781
WWWWWWWWWWWWWWWWWWWWWWWWWWW update_phottable_final_wcs 2026-09-29 19:03:07.644414

(2) Aligning with gaia catalog:  97%|█████████▋| 64/66 [19:39<00:35, 17.80s/it]WWWWWWWWWWWWWWWWWWWWWWWWWWW apply_distortion_coefficients 2026-09-29 19:03:08.967767
WWWWWWWWWWWWWWWWWWWWWWWWWWW run_phot 2026-09-29 19:03:08.968133
model.meta.resample.pixel_scale_ratio was not found. Assuming the native detector pixel scale (i.e., pixel_scale_ratio = 1)
WWWWWWWWWWWWWWWWWWWWWWWWWWW initial_cut_photcat 2026-09-29 19:03:13.714169
WWWWWWWWWWWWWWWWWWWWWWWWWWWXX 1pass 2026-09-29 19:03:13.718101
WWWWWWWWWWWWWWWWWWWWWWWWWWW load_and_match_refcat 2026-09-29 19:03:13.718281
WWWWWWWWWWWWWWWWWWWWWWWWWWW find_good_refcat_matches 2026-09-29 19:03:18.702315
WWWWWWWWWWWWWWWWWWWWWWWWWWW run_align2refcat 2026-09-29 19:03:20.443115
WWWWWWWWWWWWWWWWWWWWWWWWWWW update_phottable_final_wcs 2026-09-29 19:03:24.729812

(2) Aligning with gaia catalog:  98%|█████████▊| 65/66 [19:56<00:17, 17.58s/it]WWWWWWWWWWWWWWWWWWWWWWWWWWW apply_distortion_coefficients 2026-09-29 19:03:26.055948
WWWWWWWWWWWWWWWWWWWWWWWWWWW run_phot 2026-09-29 19:03:26.056277
model.meta.resample.pixel_scale_ratio was not found. Assuming the native detector pixel scale (i.e., pixel_scale_ratio = 1)
WWWWWWWWWWWWWWWWWWWWWWWWWWW initial_cut_photcat 2026-09-29 19:03:31.180198
WWWWWWWWWWWWWWWWWWWWWWWWWWWXX 1pass 2026-09-29 19:03:31.184339
WWWWWWWWWWWWWWWWWWWWWWWWWWW load_and_match_refcat 2026-09-29 19:03:31.184518
WWWWWWWWWWWWWWWWWWWWWWWWWWW find_good_refcat_matches 2026-09-29 19:03:36.181738
WWWWWWWWWWWWWWWWWWWWWWWWWWW run_align2refcat 2026-09-29 19:03:37.860563
WWWWWWWWWWWWWWWWWWWWWWWWWWW update_phottable_final_wcs 2026-09-29 19:03:43.295577

(2) Aligning with gaia catalog: 100%|██████████| 66/66 [20:15<00:00, 17.88s/it]
(2) Aligning with gaia catalog: 100%|██████████| 66/66 [20:15<00:00, 18.41s/it]
2026-09-29 21:03:44,754 - CRDS - INFO -  Syncing 1 files
2026-09-29 21:03:44,760 - stpipe.step - INFO - PARS-RESAMPLESTEP parameters found: /home/slagter/crds_cache/references/jwst/nircam/jwst_nircam_pars-resamplestep_0001.asdf
2026-09-29 21:03:44,784 - CRDS - INFO -  Syncing 1 files
2026-09-29 21:03:44,791 - stpipe.step - INFO - Image3Pipeline instance created.
2026-09-29 21:03:44,792 - stpipe.step - INFO - AssignMTWcsStep instance created.
2026-09-29 21:03:44,794 - stpipe.step - INFO - TweakRegStep instance created.
2026-09-29 21:03:44,795 - stpipe.step - INFO - SkyMatchStep instance created.
2026-09-29 21:03:44,795 - stpipe.step - INFO - OutlierDetectionStep instance created.
2026-09-29 21:03:44,796 - stpipe.step - INFO - ResampleStep instance created.
2026-09-29 21:03:44,798 - stpipe.step - INFO - SourceCatalogStep instance created.
2026-09-29 21:03:45,195 - stpipe.step - INFO - Step Image3Pipeline running with args ('/net/vdesk/data2/slagter/JWST_NIRCAM_#1227_level_3mosaic_F444W_final.json',).
2026-09-29 21:03:45,209 - stpipe.step - INFO - Step Image3Pipeline parameters are:
  pre_hooks: []
  post_hooks: []
  output_file: None
  output_dir: /net/vdesk/data2/slagter/JWST_NIRCAM_#1227_level_3
  output_ext: .fits
  output_use_model: False
  output_use_index: True
  save_results: True
  skip: False
  suffix: None
  search_output_file: True
  input_dir: ''
  in_memory: True
  steps:
    assign_mtwcs:
      pre_hooks: []
      post_hooks: []
      output_file: None
      output_dir: None
      output_ext: .fits
      output_use_model: True
      output_use_index: True
      save_results: False
      skip: False
      suffix: assign_mtwcs
      search_output_file: True
      input_dir: ''
    tweakreg:
      pre_hooks: []
      post_hooks: []
      output_file: None
      output_dir: None
      output_ext: .fits
      output_use_model: True
      output_use_index: True
      save_results: False
      skip: True
      suffix: None
      search_output_file: True
      input_dir: ''
      save_catalogs: False
      use_custom_catalogs: False
      catalog_format: ecsv
      catfile: ''
      starfinder: iraf
      snr_threshold: 10.0
      kernel_fwhm: 2.5
      bkg_boxsize: 400
      minsep_fwhm: 0.0
      sigma_radius: 1.5
      sharplo: 0.5
      sharphi: 2.0
      roundlo: 0.0
      roundhi: 0.2
      brightest: 200
      peakmax: None
      npixels: 10
      connectivity: '8'
      nlevels: 32
      contrast: 0.001
      multithresh_mode: exponential
      localbkg_width: 0
      apermask_method: correct
      kron_params: None
      deblend: True
      enforce_user_order: False
      expand_refcat: False
      minobj: 15
      fitgeometry: rshift
      nclip: 3
      sigma: 3.0
      searchrad: 2.0
      use2dhist: True
      separation: 1.0
      tolerance: 0.7
      xoffset: 0.0
      yoffset: 0.0
      abs_refcat: ''
      save_abs_catalog: False
      abs_minobj: 15
      abs_fitgeometry: rshift
      abs_nclip: 3
      abs_sigma: 3.0
      abs_searchrad: 6.0
      abs_use2dhist: True
      abs_separation: 1.0
      abs_tolerance: 0.7
      sip_approx: True
      sip_max_pix_error: 0.01
      sip_degree: None
      sip_max_inv_pix_error: 0.01
      sip_inv_degree: None
      sip_npoints: 12
      in_memory: True
    skymatch:
      pre_hooks: []
      post_hooks: []
      output_file: None
      output_dir: None
      output_ext: .fits
      output_use_model: False
      output_use_index: True
      save_results: False
      skip: False
      suffix: None
      search_output_file: True
      input_dir: ''
      skymethod: match
      match_down: True
      subtract: False
      skylist: None
      stepsize: None
      skystat: mode
      dqbits: ~DO_NOT_USE+NON_SCIENCE
      lower: None
      upper: None
      nclip: 5
      lsigma: 4.0
      usigma: 4.0
      binwidth: 0.1
      in_memory: True
    outlier_detection:
      pre_hooks: []
      post_hooks: []
      output_file: None
      output_dir: None
      output_ext: .fits
      output_use_model: False
      output_use_index: True
      save_results: False
      skip: False
      suffix: None
      search_output_file: False
      input_dir: ''
      weight_type: ivm
      pixfrac: 1.0
      kernel: square
      fillval: NAN
      maskpt: 0.7
      snr: 5.0 4.0
      scale: 1.2 0.7
      backg: 0.0
      kernel_size: 7 7
      threshold_percent: 99.8
      rolling_window_width: 25
      ifu_second_check: False
      save_intermediate_results: False
      resample_data: True
      good_bits: ~DO_NOT_USE
      in_memory: True
      pixmap_stepsize: 1.0
      pixmap_order: 1
    resample:
      pre_hooks: []
      post_hooks: []
      output_file: None
      output_dir: None
      output_ext: .fits
      output_use_model: False
      output_use_index: True
      save_results: False
      skip: False
      suffix: None
      search_output_file: True
      input_dir: ''
      pixfrac: 1.0
      kernel: square
      fillval: NAN
      weight_type: exptime
      output_shape: None
      crpix: None
      crval: None
      rotation: None
      pixel_scale_ratio: 1.0
      pixel_scale: None
      output_wcs: ''
      single: False
      blendheaders: True
      in_memory: True
      enable_ctx: True
      enable_err: True
      report_var: True
      propagate_dq: False
      pixmap_stepsize: 1.0
      pixmap_order: 1
    source_catalog:
      pre_hooks: []
      post_hooks: []
      output_file: None
      output_dir: None
      output_ext: .fits
      output_use_model: False
      output_use_index: True
      save_results: False
      skip: False
      suffix: cat
      search_output_file: True
      input_dir: ''
      aperture_ee1: 30
      aperture_ee2: 50
      aperture_ee3: 70
      ci1_star_threshold: 2.0
      ci2_star_threshold: 1.8
      starfinder: segmentation
      snr_threshold: 3.0
      bkg_boxsize: 1000
      kernel_fwhm: 2.0
      minsep_fwhm: 0.0
      sigma_radius: 1.5
      sharplo: 0.5
      sharphi: 2.0
      roundlo: 0.0
      roundhi: 0.2
      brightest: 200
      peakmax: None
      npixels: 25
      connectivity: '8'
      nlevels: 32
      contrast: 0.001
      multithresh_mode: exponential
      localbkg_width: 0
      apermask_method: correct
      kron_params: None
      deblend: True
2026-09-29 21:03:45,379 - stpipe.pipeline - INFO - Prefetching reference files for dataset: 'JWST_NIRCAM_#1227_level_3mosaic_F444W_final.json' reftypes = ['abvegaoffset', 'apcorr']
2026-09-29 21:03:45,381 - stpipe.pipeline - INFO - Prefetch for ABVEGAOFFSET reference file is '/home/slagter/crds_cache/references/jwst/nircam/jwst_nircam_abvegaoffset_0003.asdf'.
2026-09-29 21:03:45,382 - stpipe.pipeline - INFO - Prefetch for APCORR reference file is '/home/slagter/crds_cache/references/jwst/nircam/jwst_nircam_apcorr_0005.fits'.
2026-09-29 21:03:45,382 - jwst.pipeline.calwebb_image3 - INFO - Starting calwebb_image3 ...
2026-09-29 21:03:48,001 - stpipe.step - INFO - Step tweakreg running with args (<jwst.datamodels.library.ModelLibrary object at 0x7fcfa4e00680>,).
2026-09-29 21:03:48,001 - stpipe.step - INFO - Step skipped.
2026-09-29 21:04:06,645 - stpipe.step - INFO - Step skymatch running with args (<jwst.datamodels.library.ModelLibrary object at 0x7fcfa4e00680>,).
2026-09-29 21:04:08,842 - stcal.skymatch.skymatch - INFO -  
2026-09-29 21:04:08,843 - stcal.skymatch.skymatch - INFO - ***** stcal.skymatch.skymatch.skymatch() started on 2026-09-29 21:04:08.842897
2026-09-29 21:04:08,843 - stcal.skymatch.skymatch - INFO -  
2026-09-29 21:04:08,843 - stcal.skymatch.skymatch - INFO - Sky computation method: 'match'
2026-09-29 21:04:08,843 - stcal.skymatch.skymatch - INFO - Sky matching direction: DOWN
2026-09-29 21:04:08,843 - stcal.skymatch.skymatch - INFO - Sky subtraction from image data: OFF
2026-09-29 21:04:08,843 - stcal.skymatch.skymatch - INFO -  
2026-09-29 21:04:08,844 - stcal.skymatch.skymatch - INFO - ----  Computing differences in sky values in overlapping regions.
2026-09-29 21:06:19,489 - stcal.skymatch.skymatch - INFO -    *  Group ID=0. Sky background of component images:
2026-09-29 21:06:19,489 - stcal.skymatch.skymatch - INFO -       - Image ID=jw01227002001_02105_00001_nrcalong_cal_1overf_jhat.fits. Sky background: 0.0428481
2026-09-29 21:06:19,489 - stcal.skymatch.skymatch - INFO -       - Image ID=jw01227002001_02105_00001_nrcblong_cal_1overf_jhat.fits. Sky background: 0.0428481
2026-09-29 21:06:19,489 - stcal.skymatch.skymatch - INFO -    *  Group ID=1. Sky background of component images:
2026-09-29 21:06:19,490 - stcal.skymatch.skymatch - INFO -       - Image ID=jw01227002001_02105_00002_nrcalong_cal_1overf_jhat.fits. Sky background: 0.0382898
2026-09-29 21:06:19,490 - stcal.skymatch.skymatch - INFO -       - Image ID=jw01227002001_02105_00002_nrcblong_cal_1overf_jhat.fits. Sky background: 0.0382898
2026-09-29 21:06:19,490 - stcal.skymatch.skymatch - INFO -    *  Group ID=2. Sky background of component images:
2026-09-29 21:06:19,490 - stcal.skymatch.skymatch - INFO -       - Image ID=jw01227002001_02105_00003_nrcalong_cal_1overf_jhat.fits. Sky background: 0.0480618
2026-09-29 21:06:19,490 - stcal.skymatch.skymatch - INFO -       - Image ID=jw01227002001_02105_00003_nrcblong_cal_1overf_jhat.fits. Sky background: 0.0480618
2026-09-29 21:06:19,491 - stcal.skymatch.skymatch - INFO -    *  Group ID=3. Sky background of component images:
2026-09-29 21:06:19,491 - stcal.skymatch.skymatch - INFO -       - Image ID=jw01227002001_02105_00004_nrcalong_cal_1overf_jhat.fits. Sky background: 0.0348819
2026-09-29 21:06:19,491 - stcal.skymatch.skymatch - INFO -       - Image ID=jw01227002001_02105_00004_nrcblong_cal_1overf_jhat.fits. Sky background: 0.0348819
2026-09-29 21:06:19,491 - stcal.skymatch.skymatch - INFO -    *  Group ID=4. Sky background of component images:
2026-09-29 21:06:19,491 - stcal.skymatch.skymatch - INFO -       - Image ID=jw01227002002_02105_00001_nrcalong_cal_1overf_jhat.fits. Sky background: 0.0361533
2026-09-29 21:06:19,491 - stcal.skymatch.skymatch - INFO -       - Image ID=jw01227002002_02105_00001_nrcblong_cal_1overf_jhat.fits. Sky background: 0.0361533
2026-09-29 21:06:19,492 - stcal.skymatch.skymatch - INFO -    *  Group ID=5. Sky background of component images:
2026-09-29 21:06:19,492 - stcal.skymatch.skymatch - INFO -       - Image ID=jw01227002002_02105_00002_nrcalong_cal_1overf_jhat.fits. Sky background: 0.0517432
2026-09-29 21:06:19,492 - stcal.skymatch.skymatch - INFO -       - Image ID=jw01227002002_02105_00002_nrcblong_cal_1overf_jhat.fits. Sky background: 0.0517432
2026-09-29 21:06:19,492 - stcal.skymatch.skymatch - INFO -    *  Group ID=6. Sky background of component images:
2026-09-29 21:06:19,492 - stcal.skymatch.skymatch - INFO -       - Image ID=jw01227002002_02105_00003_nrcalong_cal_1overf_jhat.fits. Sky background: 0.0429605
2026-09-29 21:06:19,493 - stcal.skymatch.skymatch - INFO -       - Image ID=jw01227002002_02105_00003_nrcblong_cal_1overf_jhat.fits. Sky background: 0.0429605
2026-09-29 21:06:19,493 - stcal.skymatch.skymatch - INFO -    *  Group ID=7. Sky background of component images:
2026-09-29 21:06:19,493 - stcal.skymatch.skymatch - INFO -       - Image ID=jw01227002002_02105_00004_nrcalong_cal_1overf_jhat.fits. Sky background: 0.0499366
2026-09-29 21:06:19,493 - stcal.skymatch.skymatch - INFO -       - Image ID=jw01227002002_02105_00004_nrcblong_cal_1overf_jhat.fits. Sky background: 0.0499366
2026-09-29 21:06:19,493 - stcal.skymatch.skymatch - INFO -    *  Group ID=8. Sky background of component images:
2026-09-29 21:06:19,494 - stcal.skymatch.skymatch - INFO -       - Image ID=jw01227002003_02105_00001_nrcalong_cal_1overf_jhat.fits. Sky background: 0.057887
2026-09-29 21:06:19,494 - stcal.skymatch.skymatch - INFO -       - Image ID=jw01227002003_02105_00001_nrcblong_cal_1overf_jhat.fits. Sky background: 0.057887
2026-09-29 21:06:19,494 - stcal.skymatch.skymatch - INFO -    *  Group ID=9. Sky background of component images:
2026-09-29 21:06:19,494 - stcal.skymatch.skymatch - INFO -       - Image ID=jw01227002003_02105_00002_nrcalong_cal_1overf_jhat.fits. Sky background: 0.0626931
2026-09-29 21:06:19,494 - stcal.skymatch.skymatch - INFO -       - Image ID=jw01227002003_02105_00002_nrcblong_cal_1overf_jhat.fits. Sky background: 0.0626931
2026-09-29 21:06:19,494 - stcal.skymatch.skymatch - INFO -    *  Group ID=10. Sky background of component images:
2026-09-29 21:06:19,495 - stcal.skymatch.skymatch - INFO -       - Image ID=jw01227002003_02105_00003_nrcalong_cal_1overf_jhat.fits. Sky background: 0.0851492
2026-09-29 21:06:19,495 - stcal.skymatch.skymatch - INFO -       - Image ID=jw01227002003_02105_00003_nrcblong_cal_1overf_jhat.fits. Sky background: 0.0851492
2026-09-29 21:06:19,495 - stcal.skymatch.skymatch - INFO -    *  Group ID=11. Sky background of component images:
2026-09-29 21:06:19,495 - stcal.skymatch.skymatch - INFO -       - Image ID=jw01227002003_02105_00004_nrcalong_cal_1overf_jhat.fits. Sky background: 0.060754
2026-09-29 21:06:19,495 - stcal.skymatch.skymatch - INFO -       - Image ID=jw01227002003_02105_00004_nrcblong_cal_1overf_jhat.fits. Sky background: 0.060754
2026-09-29 21:06:19,496 - stcal.skymatch.skymatch - INFO -    *  Group ID=12. Sky background of component images:
2026-09-29 21:06:19,496 - stcal.skymatch.skymatch - INFO -       - Image ID=jw01227014001_03201_00001_nrcalong_cal_1overf_jhat.fits. Sky background: 0.0984151
2026-09-29 21:06:19,496 - stcal.skymatch.skymatch - INFO -       - Image ID=jw01227014001_03201_00001_nrcblong_cal_1overf_jhat.fits. Sky background: 0.0984151
2026-09-29 21:06:19,496 - stcal.skymatch.skymatch - INFO -    *  Group ID=13. Sky background of component images:
2026-09-29 21:06:19,496 - stcal.skymatch.skymatch - INFO -       - Image ID=jw01227014001_03201_00002_nrcalong_cal_1overf_jhat.fits. Sky background: 0.0876077
2026-09-29 21:06:19,496 - stcal.skymatch.skymatch - INFO -       - Image ID=jw01227014001_03201_00002_nrcblong_cal_1overf_jhat.fits. Sky background: 0.0876077
2026-09-29 21:06:19,497 - stcal.skymatch.skymatch - INFO -    *  Group ID=14. Sky background of component images:
2026-09-29 21:06:19,497 - stcal.skymatch.skymatch - INFO -       - Image ID=jw01227014001_03201_00003_nrcalong_cal_1overf_jhat.fits. Sky background: 0.0555827
2026-09-29 21:06:19,497 - stcal.skymatch.skymatch - INFO -       - Image ID=jw01227014001_03201_00003_nrcblong_cal_1overf_jhat.fits. Sky background: 0.0555827
2026-09-29 21:06:19,497 - stcal.skymatch.skymatch - INFO -    *  Image ID=jw01227017001_08201_00001_nrcblong_cal_1overf_jhat.fits. Sky background: 0.044472
2026-09-29 21:06:19,497 - stcal.skymatch.skymatch - INFO -    *  Image ID=jw01227017001_08201_00002_nrcblong_cal_1overf_jhat.fits. Sky background: 0.0458083
2026-09-29 21:06:19,498 - stcal.skymatch.skymatch - INFO -    *  Image ID=jw01227017001_08201_00003_nrcblong_cal_1overf_jhat.fits. Sky background: 0.0406418
2026-09-29 21:06:19,498 - stcal.skymatch.skymatch - INFO -    *  Image ID=jw01227017001_08201_00004_nrcblong_cal_1overf_jhat.fits. Sky background: 0.0471128
2026-09-29 21:06:19,498 - stcal.skymatch.skymatch - INFO -    *  Group ID=19. Sky background of component images:
2026-09-29 21:06:19,498 - stcal.skymatch.skymatch - INFO -       - Image ID=jw01227025001_06101_00001_nrcalong_cal_1overf_jhat.fits. Sky background: 0.022248
2026-09-29 21:06:19,498 - stcal.skymatch.skymatch - INFO -       - Image ID=jw01227025001_06101_00001_nrcblong_cal_1overf_jhat.fits. Sky background: 0.022248
2026-09-29 21:06:19,498 - stcal.skymatch.skymatch - INFO -    *  Group ID=20. Sky background of component images:
2026-09-29 21:06:19,499 - stcal.skymatch.skymatch - INFO -       - Image ID=jw01227025001_06101_00002_nrcalong_cal_1overf_jhat.fits. Sky background: 0.021974
2026-09-29 21:06:19,499 - stcal.skymatch.skymatch - INFO -       - Image ID=jw01227025001_06101_00002_nrcblong_cal_1overf_jhat.fits. Sky background: 0.021974
2026-09-29 21:06:19,499 - stcal.skymatch.skymatch - INFO -    *  Group ID=21. Sky background of component images:
2026-09-29 21:06:19,499 - stcal.skymatch.skymatch - INFO -       - Image ID=jw01227025001_06101_00003_nrcalong_cal_1overf_jhat.fits. Sky background: 0.0242373
2026-09-29 21:06:19,499 - stcal.skymatch.skymatch - INFO -       - Image ID=jw01227025001_06101_00003_nrcblong_cal_1overf_jhat.fits. Sky background: 0.0242373
2026-09-29 21:06:19,499 - stcal.skymatch.skymatch - INFO -    *  Group ID=22. Sky background of component images:
2026-09-29 21:06:19,500 - stcal.skymatch.skymatch - INFO -       - Image ID=jw01227025001_06101_00004_nrcalong_cal_1overf_jhat.fits. Sky background: 0.0197235
2026-09-29 21:06:19,500 - stcal.skymatch.skymatch - INFO -       - Image ID=jw01227025001_06101_00004_nrcblong_cal_1overf_jhat.fits. Sky background: 0.0197235
2026-09-29 21:06:19,500 - stcal.skymatch.skymatch - INFO -    *  Group ID=23. Sky background of component images:
2026-09-29 21:06:19,500 - stcal.skymatch.skymatch - INFO -       - Image ID=jw01227026001_03201_00001_nrcalong_cal_1overf_jhat.fits. Sky background: 0.0566007
2026-09-29 21:06:19,500 - stcal.skymatch.skymatch - INFO -       - Image ID=jw01227026001_03201_00001_nrcblong_cal_1overf_jhat.fits. Sky background: 0.0566007
2026-09-29 21:06:19,501 - stcal.skymatch.skymatch - INFO -    *  Group ID=24. Sky background of component images:
2026-09-29 21:06:19,501 - stcal.skymatch.skymatch - INFO -       - Image ID=jw01227026001_03201_00002_nrcalong_cal_1overf_jhat.fits. Sky background: 0.0506655
2026-09-29 21:06:19,501 - stcal.skymatch.skymatch - INFO -       - Image ID=jw01227026001_03201_00002_nrcblong_cal_1overf_jhat.fits. Sky background: 0.0506655
2026-09-29 21:06:19,501 - stcal.skymatch.skymatch - INFO -    *  Group ID=25. Sky background of component images:
2026-09-29 21:06:19,501 - stcal.skymatch.skymatch - INFO -       - Image ID=jw01227026001_03201_00003_nrcalong_cal_1overf_jhat.fits. Sky background: 0.061515
2026-09-29 21:06:19,501 - stcal.skymatch.skymatch - INFO -       - Image ID=jw01227026001_03201_00003_nrcblong_cal_1overf_jhat.fits. Sky background: 0.061515
2026-09-29 21:06:19,502 - stcal.skymatch.skymatch - INFO -    *  Group ID=26. Sky background of component images:
2026-09-29 21:06:19,502 - stcal.skymatch.skymatch - INFO -       - Image ID=jw01227026001_05201_00001_nrcalong_cal_1overf_jhat.fits. Sky background: 0.0579066
2026-09-29 21:06:19,502 - stcal.skymatch.skymatch - INFO -       - Image ID=jw01227026001_05201_00001_nrcblong_cal_1overf_jhat.fits. Sky background: 0.0579066
2026-09-29 21:06:19,502 - stcal.skymatch.skymatch - INFO -    *  Group ID=27. Sky background of component images:
2026-09-29 21:06:19,502 - stcal.skymatch.skymatch - INFO -       - Image ID=jw01227026001_05201_00002_nrcalong_cal_1overf_jhat.fits. Sky background: 0.0644296
2026-09-29 21:06:19,503 - stcal.skymatch.skymatch - INFO -       - Image ID=jw01227026001_05201_00002_nrcblong_cal_1overf_jhat.fits. Sky background: 0.0644296
2026-09-29 21:06:19,503 - stcal.skymatch.skymatch - INFO -    *  Group ID=28. Sky background of component images:
2026-09-29 21:06:19,503 - stcal.skymatch.skymatch - INFO -       - Image ID=jw01227026001_05201_00003_nrcalong_cal_1overf_jhat.fits. Sky background: 0.0433066
2026-09-29 21:06:19,503 - stcal.skymatch.skymatch - INFO -       - Image ID=jw01227026001_05201_00003_nrcblong_cal_1overf_jhat.fits. Sky background: 0.0433066
2026-09-29 21:06:19,503 - stcal.skymatch.skymatch - INFO -    *  Group ID=29. Sky background of component images:
2026-09-29 21:06:19,503 - stcal.skymatch.skymatch - INFO -       - Image ID=jw01227026001_07201_00001_nrcalong_cal_1overf_jhat.fits. Sky background: 0.0832502
2026-09-29 21:06:19,504 - stcal.skymatch.skymatch - INFO -       - Image ID=jw01227026001_07201_00001_nrcblong_cal_1overf_jhat.fits. Sky background: 0.0832502
2026-09-29 21:06:19,504 - stcal.skymatch.skymatch - INFO -    *  Group ID=30. Sky background of component images:
2026-09-29 21:06:19,504 - stcal.skymatch.skymatch - INFO -       - Image ID=jw01227026001_07201_00002_nrcalong_cal_1overf_jhat.fits. Sky background: 0.11773
2026-09-29 21:06:19,504 - stcal.skymatch.skymatch - INFO -       - Image ID=jw01227026001_07201_00002_nrcblong_cal_1overf_jhat.fits. Sky background: 0.11773
2026-09-29 21:06:19,504 - stcal.skymatch.skymatch - INFO -    *  Group ID=31. Sky background of component images:
2026-09-29 21:06:19,504 - stcal.skymatch.skymatch - INFO -       - Image ID=jw01227026001_07201_00003_nrcalong_cal_1overf_jhat.fits. Sky background: 0.0786463
2026-09-29 21:06:19,505 - stcal.skymatch.skymatch - INFO -       - Image ID=jw01227026001_07201_00003_nrcblong_cal_1overf_jhat.fits. Sky background: 0.0786463
2026-09-29 21:06:19,505 - stcal.skymatch.skymatch - INFO -    *  Group ID=32. Sky background of component images:
2026-09-29 21:06:19,505 - stcal.skymatch.skymatch - INFO -       - Image ID=jw01227026001_17201_00001_nrcalong_cal_1overf_jhat.fits. Sky background: 0
2026-09-29 21:06:19,505 - stcal.skymatch.skymatch - INFO -       - Image ID=jw01227026001_17201_00001_nrcblong_cal_1overf_jhat.fits. Sky background: 0
2026-09-29 21:06:19,505 - stcal.skymatch.skymatch - INFO -    *  Group ID=33. Sky background of component images:
2026-09-29 21:06:19,505 - stcal.skymatch.skymatch - INFO -       - Image ID=jw01227026001_17201_00002_nrcalong_cal_1overf_jhat.fits. Sky background: 0.000262307
2026-09-29 21:06:19,506 - stcal.skymatch.skymatch - INFO -       - Image ID=jw01227026001_17201_00002_nrcblong_cal_1overf_jhat.fits. Sky background: 0.000262307
2026-09-29 21:06:19,506 - stcal.skymatch.skymatch - INFO -    *  Group ID=34. Sky background of component images:
2026-09-29 21:06:19,506 - stcal.skymatch.skymatch - INFO -       - Image ID=jw01227026001_17201_00003_nrcalong_cal_1overf_jhat.fits. Sky background: 0.000197053
2026-09-29 21:06:19,506 - stcal.skymatch.skymatch - INFO -       - Image ID=jw01227026001_17201_00003_nrcblong_cal_1overf_jhat.fits. Sky background: 0.000197053
2026-09-29 21:06:19,506 - stcal.skymatch.skymatch - INFO -  
2026-09-29 21:06:19,507 - stcal.skymatch.skymatch - INFO - ***** stcal.skymatch.skymatch.skymatch() ended on 2026-09-29 21:06:19.506884
2026-09-29 21:06:19,507 - stcal.skymatch.skymatch - INFO - ***** stcal.skymatch.skymatch.skymatch() TOTAL RUN TIME: 0:02:10.663987
2026-09-29 21:06:19,507 - stcal.skymatch.skymatch - INFO -  
2026-09-29 21:06:19,738 - stpipe.step - INFO - Step skymatch done
2026-09-29 21:06:20,394 - stpipe.step - INFO - Step outlier_detection running with args (<jwst.datamodels.library.ModelLibrary object at 0x7fcfa4e00680>,).
2026-09-29 21:06:20,395 - jwst.outlier_detection.outlier_detection_step - INFO - Outlier Detection mode: imaging
2026-09-29 21:06:20,396 - jwst.outlier_detection.outlier_detection_step - INFO - Outlier Detection asn_id: a3001
2026-09-29 21:06:20,650 - jwst.resample.resample_utils - INFO - Pixel scale ratio (pscale_out/pscale_in): 1.0
2026-09-29 21:06:20,651 - jwst.resample.resample_utils - INFO - Computed output pixel scale: 0.06291160211574871 arcsec.
2026-09-29 21:06:20,738 - stcal.resample.resample - INFO - Output pixel scale: 0.06291160211574871 arcsec.
2026-09-29 21:06:20,738 - stcal.resample.resample - INFO - Driz parameter kernel: square
2026-09-29 21:06:20,738 - stcal.resample.resample - INFO - Driz parameter pixfrac: 1.0
2026-09-29 21:06:20,738 - stcal.resample.resample - INFO - Driz parameter fillval: NAN
2026-09-29 21:06:20,738 - stcal.resample.resample - INFO - Driz parameter weight_type: ivm
2026-09-29 21:06:20,790 - jwst.resample.resample - INFO - 2 exposures to drizzle together
2026-09-29 21:06:23,204 - stcal.resample.resample - INFO - Resampling science and variance data
2026-09-29 21:06:26,575 - stcal.resample.resample - INFO - Resampling science and variance data
2026-09-29 21:06:27,576 - jwst.resample.resample - INFO - Assigning output S_REGION: POLYGON ICRS  15.103683065 -72.171336999 14.992542042 -72.158843065 14.952744776 -72.192587174 14.953042006 -72.192621462 14.952921104 -72.192723776 14.953210889 -72.192757205 14.953087266 -72.192861822 14.973058121 -72.195164264 14.971063599 -72.196853494 14.971356850 -72.196887334 14.971233974 -72.196991392 14.971524012 -72.197024812 14.971401177 -72.197128834 15.079878328 -72.209590157 15.079916802 -72.209559703 15.080006799 -72.209570009 15.110186482 -72.185651525 15.109572770 -72.203006849 15.101001831 -72.210283897 15.101300255 -72.210317714 15.101179403 -72.210420280 15.101470407 -72.210453255 15.101346739 -72.210558211 15.121262304 -72.212813666 15.119248598 -72.214524209 15.119543651 -72.214557602 15.119420611 -72.214662110 15.119711029 -72.214694978 15.119588213 -72.214799293 15.228554174 -72.227093206 15.228557641 -72.227090457 15.228668994 -72.227102982 15.270898317 -72.193557749 15.270600092 -72.193523300 15.270729826 -72.193420042 15.270427527 -72.193385254 15.270556251 -72.193282799 15.250414117 -72.190963370 15.252468870 -72.189329167 15.252170615 -72.189294809 15.252300635 -72.189191392 15.251995157 -72.189156201 15.252122181 -72.189055167 15.229269910 -72.186420895 15.228476559 -72.170494674 15.227167414 -72.170496923 15.227152766 -72.170201997 15.111360887 -72.170366024 15.111348483 -72.170717718 15.110713614 -72.170718431 15.110588726 -72.174258556 15.101916697 -72.173287063 15.104027222 -72.171611260 15.103728821 -72.171577823 15.103860270 -72.171473441 15.103554404 -72.171439167  POLYGON ICRS  14.904051770 -72.113112612 14.904057449 -72.113091711 14.791943024 -72.110413656 14.792227769 -72.109388613 14.791569712 -72.109372701 14.791613224 -72.109216073 14.675213122 -72.106366208 14.675151064 -72.106567539 14.674655883 -72.106555267 14.664087283 -72.140776973 14.663636922 -72.140765807 14.663617673 -72.140828018 14.663575345 -72.140826968 14.659260504 -72.154761381 14.658221607 -72.154735218 14.658161167 -72.154936803 14.657663357 -72.154924265 14.647380763 -72.189153792 14.646596976 -72.189134045 14.645436222 -72.192802618 14.635874559 -72.224501703 14.752913765 -72.228284086 14.752914198 -72.228282735 14.758598978 -72.228464658 14.738107975 -72.261409377 14.854508117 -72.268464797 14.854566005 -72.268366992 14.854921345 -72.268388417 14.854978884 -72.268291197 14.855336652 -72.268312766 14.876420386 -72.232614403 14.856969604 -72.231586170 14.865697332 -72.231860698 14.865704037 -72.231839382 14.865895536 -72.231845401 14.876601104 -72.197747364 14.877338552 -72.197770543 14.877345254 -72.197749153 14.877535501 -72.197755132 14.882042172 -72.183360033 14.882586297 -72.183376865 14.882592072 -72.183355778 14.882784269 -72.183361723 14.888008212 -72.164268617 14.888842677 -72.161595145 14.888774228 -72.161593503 14.888780756 -72.161572585 14.888745214 -72.161571732 14.892117219 -72.149222574 14.894165030 -72.149285927 14.894170793 -72.149264798 14.894360999 -72.149270682 14.904197798 -72.113137340 14.904129458 -72.113135727 14.904135203 -72.113114581  POLYGON ICRS  14.822358876 -72.316228284 14.822539623 -72.316233435 14.822598116 -72.316141389 14.822950434 -72.316162815 14.823012178 -72.316065651 14.823366297 -72.316087185 14.845994348 -72.280404851 14.728832321 -72.274132588 14.728774392 -72.274227006 14.728418009 -72.274207814 14.728359521 -72.274303135 14.728003653 -72.274283970 14.706568523 -72.309149905
2026-09-29 21:06:28,662 - jwst.resample.resample - INFO - 2 exposures to drizzle together
2026-09-29 21:06:31,064 - stcal.resample.resample - INFO - Resampling science and variance data
2026-09-29 21:06:34,417 - stcal.resample.resample - INFO - Resampling science and variance data
2026-09-29 21:06:35,419 - jwst.resample.resample - INFO - Assigning output S_REGION: POLYGON ICRS  15.103683065 -72.171336999 14.992542042 -72.158843065 14.952744776 -72.192587174 14.953042006 -72.192621462 14.952921104 -72.192723776 14.953210889 -72.192757205 14.953087266 -72.192861822 14.973058121 -72.195164264 14.971063599 -72.196853494 14.971356850 -72.196887334 14.971233974 -72.196991392 14.971524012 -72.197024812 14.971401177 -72.197128834 15.079878328 -72.209590157 15.079916802 -72.209559703 15.080006799 -72.209570009 15.110186482 -72.185651525 15.109572770 -72.203006849 15.101001831 -72.210283897 15.101300255 -72.210317714 15.101179403 -72.210420280 15.101470407 -72.210453255 15.101346739 -72.210558211 15.121262304 -72.212813666 15.119248598 -72.214524209 15.119543651 -72.214557602 15.119420611 -72.214662110 15.119711029 -72.214694978 15.119588213 -72.214799293 15.228554174 -72.227093206 15.228557641 -72.227090457 15.228668994 -72.227102982 15.270898317 -72.193557749 15.270600092 -72.193523300 15.270729826 -72.193420042 15.270427527 -72.193385254 15.270556251 -72.193282799 15.250414117 -72.190963370 15.252468870 -72.189329167 15.252170615 -72.189294809 15.252300635 -72.189191392 15.251995157 -72.189156201 15.252122181 -72.189055167 15.229269910 -72.186420895 15.228476559 -72.170494674 15.227167414 -72.170496923 15.227152766 -72.170201997 15.111360887 -72.170366024 15.111348483 -72.170717718 15.110713614 -72.170718431 15.110588726 -72.174258556 15.101916697 -72.173287063 15.104027222 -72.171611260 15.103728821 -72.171577823 15.103860270 -72.171473441 15.103554404 -72.171439167  POLYGON ICRS  14.904051770 -72.113112612 14.904057449 -72.113091711 14.791943024 -72.110413656 14.792227769 -72.109388613 14.791569712 -72.109372701 14.791613224 -72.109216073 14.675213122 -72.106366208 14.675151064 -72.106567539 14.674655883 -72.106555267 14.664087283 -72.140776973 14.663636922 -72.140765807 14.663617673 -72.140828018 14.663575345 -72.140826968 14.659260504 -72.154761381 14.658221607 -72.154735218 14.658161167 -72.154936803 14.657663357 -72.154924265 14.647380763 -72.189153792 14.646596976 -72.189134045 14.645436222 -72.192802618 14.635874559 -72.224501703 14.752913765 -72.228284086 14.752914198 -72.228282735 14.758598978 -72.228464658 14.738107975 -72.261409377 14.854508117 -72.268464797 14.854566005 -72.268366992 14.854921345 -72.268388417 14.854978884 -72.268291197 14.855336652 -72.268312766 14.876420386 -72.232614403 14.856969604 -72.231586170 14.865697332 -72.231860698 14.865704037 -72.231839382 14.865895536 -72.231845401 14.876601104 -72.197747364 14.877338552 -72.197770543 14.877345254 -72.197749153 14.877535501 -72.197755132 14.882042172 -72.183360033 14.882586297 -72.183376865 14.882592072 -72.183355778 14.882784269 -72.183361723 14.888008212 -72.164268617 14.888842677 -72.161595145 14.888774228 -72.161593503 14.888780756 -72.161572585 14.888745214 -72.161571732 14.892117219 -72.149222574 14.894165030 -72.149285927 14.894170793 -72.149264798 14.894360999 -72.149270682 14.904197798 -72.113137340 14.904129458 -72.113135727 14.904135203 -72.113114581  POLYGON ICRS  14.822358876 -72.316228284 14.822539623 -72.316233435 14.822598116 -72.316141389 14.822950434 -72.316162815 14.823012178 -72.316065651 14.823366297 -72.316087185 14.845994348 -72.280404851 14.728832321 -72.274132588 14.728774392 -72.274227006 14.728418009 -72.274207814 14.728359521 -72.274303135 14.728003653 -72.274283970 14.706568523 -72.309149905
2026-09-29 21:06:36,441 - jwst.resample.resample - INFO - 2 exposures to drizzle together
2026-09-29 21:06:38,837 - stcal.resample.resample - INFO - Resampling science and variance data
2026-09-29 21:06:42,189 - stcal.resample.resample - INFO - Resampling science and variance data
2026-09-29 21:06:43,196 - jwst.resample.resample - INFO - Assigning output S_REGION: POLYGON ICRS  15.103683065 -72.171336999 14.992542042 -72.158843065 14.952744776 -72.192587174 14.953042006 -72.192621462 14.952921104 -72.192723776 14.953210889 -72.192757205 14.953087266 -72.192861822 14.973058121 -72.195164264 14.971063599 -72.196853494 14.971356850 -72.196887334 14.971233974 -72.196991392 14.971524012 -72.197024812 14.971401177 -72.197128834 15.079878328 -72.209590157 15.079916802 -72.209559703 15.080006799 -72.209570009 15.110186482 -72.185651525 15.109572770 -72.203006849 15.101001831 -72.210283897 15.101300255 -72.210317714 15.101179403 -72.210420280 15.101470407 -72.210453255 15.101346739 -72.210558211 15.121262304 -72.212813666 15.119248598 -72.214524209 15.119543651 -72.214557602 15.119420611 -72.214662110 15.119711029 -72.214694978 15.119588213 -72.214799293 15.228554174 -72.227093206 15.228557641 -72.227090457 15.228668994 -72.227102982 15.270898317 -72.193557749 15.270600092 -72.193523300 15.270729826 -72.193420042 15.270427527 -72.193385254 15.270556251 -72.193282799 15.250414117 -72.190963370 15.252468870 -72.189329167 15.252170615 -72.189294809 15.252300635 -72.189191392 15.251995157 -72.189156201 15.252122181 -72.189055167 15.229269910 -72.186420895 15.228476559 -72.170494674 15.227167414 -72.170496923 15.227152766 -72.170201997 15.111360887 -72.170366024 15.111348483 -72.170717718 15.110713614 -72.170718431 15.110588726 -72.174258556 15.101916697 -72.173287063 15.104027222 -72.171611260 15.103728821 -72.171577823 15.103860270 -72.171473441 15.103554404 -72.171439167  POLYGON ICRS  14.904051770 -72.113112612 14.904057449 -72.113091711 14.791943024 -72.110413656 14.792227769 -72.109388613 14.791569712 -72.109372701 14.791613224 -72.109216073 14.675213122 -72.106366208 14.675151064 -72.106567539 14.674655883 -72.106555267 14.664087283 -72.140776973 14.663636922 -72.140765807 14.663617673 -72.140828018 14.663575345 -72.140826968 14.659260504 -72.154761381 14.658221607 -72.154735218 14.658161167 -72.154936803 14.657663357 -72.154924265 14.647380763 -72.189153792 14.646596976 -72.189134045 14.645436222 -72.192802618 14.635874559 -72.224501703 14.752913765 -72.228284086 14.752914198 -72.228282735 14.758598978 -72.228464658 14.738107975 -72.261409377 14.854508117 -72.268464797 14.854566005 -72.268366992 14.854921345 -72.268388417 14.854978884 -72.268291197 14.855336652 -72.268312766 14.876420386 -72.232614403 14.856969604 -72.231586170 14.865697332 -72.231860698 14.865704037 -72.231839382 14.865895536 -72.231845401 14.876601104 -72.197747364 14.877338552 -72.197770543 14.877345254 -72.197749153 14.877535501 -72.197755132 14.882042172 -72.183360033 14.882586297 -72.183376865 14.882592072 -72.183355778 14.882784269 -72.183361723 14.888008212 -72.164268617 14.888842677 -72.161595145 14.888774228 -72.161593503 14.888780756 -72.161572585 14.888745214 -72.161571732 14.892117219 -72.149222574 14.894165030 -72.149285927 14.894170793 -72.149264798 14.894360999 -72.149270682 14.904197798 -72.113137340 14.904129458 -72.113135727 14.904135203 -72.113114581  POLYGON ICRS  14.822358876 -72.316228284 14.822539623 -72.316233435 14.822598116 -72.316141389 14.822950434 -72.316162815 14.823012178 -72.316065651 14.823366297 -72.316087185 14.845994348 -72.280404851 14.728832321 -72.274132588 14.728774392 -72.274227006 14.728418009 -72.274207814 14.728359521 -72.274303135 14.728003653 -72.274283970 14.706568523 -72.309149905
2026-09-29 21:06:44,247 - jwst.resample.resample - INFO - 2 exposures to drizzle together
2026-09-29 21:06:46,628 - stcal.resample.resample - INFO - Resampling science and variance data
2026-09-29 21:06:49,977 - stcal.resample.resample - INFO - Resampling science and variance data
2026-09-29 21:06:50,979 - jwst.resample.resample - INFO - Assigning output S_REGION: POLYGON ICRS  15.103683065 -72.171336999 14.992542042 -72.158843065 14.952744776 -72.192587174 14.953042006 -72.192621462 14.952921104 -72.192723776 14.953210889 -72.192757205 14.953087266 -72.192861822 14.973058121 -72.195164264 14.971063599 -72.196853494 14.971356850 -72.196887334 14.971233974 -72.196991392 14.971524012 -72.197024812 14.971401177 -72.197128834 15.079878328 -72.209590157 15.079916802 -72.209559703 15.080006799 -72.209570009 15.110186482 -72.185651525 15.109572770 -72.203006849 15.101001831 -72.210283897 15.101300255 -72.210317714 15.101179403 -72.210420280 15.101470407 -72.210453255 15.101346739 -72.210558211 15.121262304 -72.212813666 15.119248598 -72.214524209 15.119543651 -72.214557602 15.119420611 -72.214662110 15.119711029 -72.214694978 15.119588213 -72.214799293 15.228554174 -72.227093206 15.228557641 -72.227090457 15.228668994 -72.227102982 15.270898317 -72.193557749 15.270600092 -72.193523300 15.270729826 -72.193420042 15.270427527 -72.193385254 15.270556251 -72.193282799 15.250414117 -72.190963370 15.252468870 -72.189329167 15.252170615 -72.189294809 15.252300635 -72.189191392 15.251995157 -72.189156201 15.252122181 -72.189055167 15.229269910 -72.186420895 15.228476559 -72.170494674 15.227167414 -72.170496923 15.227152766 -72.170201997 15.111360887 -72.170366024 15.111348483 -72.170717718 15.110713614 -72.170718431 15.110588726 -72.174258556 15.101916697 -72.173287063 15.104027222 -72.171611260 15.103728821 -72.171577823 15.103860270 -72.171473441 15.103554404 -72.171439167  POLYGON ICRS  14.904051770 -72.113112612 14.904057449 -72.113091711 14.791943024 -72.110413656 14.792227769 -72.109388613 14.791569712 -72.109372701 14.791613224 -72.109216073 14.675213122 -72.106366208 14.675151064 -72.106567539 14.674655883 -72.106555267 14.664087283 -72.140776973 14.663636922 -72.140765807 14.663617673 -72.140828018 14.663575345 -72.140826968 14.659260504 -72.154761381 14.658221607 -72.154735218 14.658161167 -72.154936803 14.657663357 -72.154924265 14.647380763 -72.189153792 14.646596976 -72.189134045 14.645436222 -72.192802618 14.635874559 -72.224501703 14.752913765 -72.228284086 14.752914198 -72.228282735 14.758598978 -72.228464658 14.738107975 -72.261409377 14.854508117 -72.268464797 14.854566005 -72.268366992 14.854921345 -72.268388417 14.854978884 -72.268291197 14.855336652 -72.268312766 14.876420386 -72.232614403 14.856969604 -72.231586170 14.865697332 -72.231860698 14.865704037 -72.231839382 14.865895536 -72.231845401 14.876601104 -72.197747364 14.877338552 -72.197770543 14.877345254 -72.197749153 14.877535501 -72.197755132 14.882042172 -72.183360033 14.882586297 -72.183376865 14.882592072 -72.183355778 14.882784269 -72.183361723 14.888008212 -72.164268617 14.888842677 -72.161595145 14.888774228 -72.161593503 14.888780756 -72.161572585 14.888745214 -72.161571732 14.892117219 -72.149222574 14.894165030 -72.149285927 14.894170793 -72.149264798 14.894360999 -72.149270682 14.904197798 -72.113137340 14.904129458 -72.113135727 14.904135203 -72.113114581  POLYGON ICRS  14.822358876 -72.316228284 14.822539623 -72.316233435 14.822598116 -72.316141389 14.822950434 -72.316162815 14.823012178 -72.316065651 14.823366297 -72.316087185 14.845994348 -72.280404851 14.728832321 -72.274132588 14.728774392 -72.274227006 14.728418009 -72.274207814 14.728359521 -72.274303135 14.728003653 -72.274283970 14.706568523 -72.309149905
2026-09-29 21:06:51,978 - jwst.resample.resample - INFO - 2 exposures to drizzle together
2026-09-29 21:06:54,359 - stcal.resample.resample - INFO - Resampling science and variance data
2026-09-29 21:06:57,716 - stcal.resample.resample - INFO - Resampling science and variance data
2026-09-29 21:06:58,722 - jwst.resample.resample - INFO - Assigning output S_REGION: POLYGON ICRS  15.103683065 -72.171336999 14.992542042 -72.158843065 14.952744776 -72.192587174 14.953042006 -72.192621462 14.952921104 -72.192723776 14.953210889 -72.192757205 14.953087266 -72.192861822 14.973058121 -72.195164264 14.971063599 -72.196853494 14.971356850 -72.196887334 14.971233974 -72.196991392 14.971524012 -72.197024812 14.971401177 -72.197128834 15.079878328 -72.209590157 15.079916802 -72.209559703 15.080006799 -72.209570009 15.110186482 -72.185651525 15.109572770 -72.203006849 15.101001831 -72.210283897 15.101300255 -72.210317714 15.101179403 -72.210420280 15.101470407 -72.210453255 15.101346739 -72.210558211 15.121262304 -72.212813666 15.119248598 -72.214524209 15.119543651 -72.214557602 15.119420611 -72.214662110 15.119711029 -72.214694978 15.119588213 -72.214799293 15.228554174 -72.227093206 15.228557641 -72.227090457 15.228668994 -72.227102982 15.270898317 -72.193557749 15.270600092 -72.193523300 15.270729826 -72.193420042 15.270427527 -72.193385254 15.270556251 -72.193282799 15.250414117 -72.190963370 15.252468870 -72.189329167 15.252170615 -72.189294809 15.252300635 -72.189191392 15.251995157 -72.189156201 15.252122181 -72.189055167 15.229269910 -72.186420895 15.228476559 -72.170494674 15.227167414 -72.170496923 15.227152766 -72.170201997 15.111360887 -72.170366024 15.111348483 -72.170717718 15.110713614 -72.170718431 15.110588726 -72.174258556 15.101916697 -72.173287063 15.104027222 -72.171611260 15.103728821 -72.171577823 15.103860270 -72.171473441 15.103554404 -72.171439167  POLYGON ICRS  14.904051770 -72.113112612 14.904057449 -72.113091711 14.791943024 -72.110413656 14.792227769 -72.109388613 14.791569712 -72.109372701 14.791613224 -72.109216073 14.675213122 -72.106366208 14.675151064 -72.106567539 14.674655883 -72.106555267 14.664087283 -72.140776973 14.663636922 -72.140765807 14.663617673 -72.140828018 14.663575345 -72.140826968 14.659260504 -72.154761381 14.658221607 -72.154735218 14.658161167 -72.154936803 14.657663357 -72.154924265 14.647380763 -72.189153792 14.646596976 -72.189134045 14.645436222 -72.192802618 14.635874559 -72.224501703 14.752913765 -72.228284086 14.752914198 -72.228282735 14.758598978 -72.228464658 14.738107975 -72.261409377 14.854508117 -72.268464797 14.854566005 -72.268366992 14.854921345 -72.268388417 14.854978884 -72.268291197 14.855336652 -72.268312766 14.876420386 -72.232614403 14.856969604 -72.231586170 14.865697332 -72.231860698 14.865704037 -72.231839382 14.865895536 -72.231845401 14.876601104 -72.197747364 14.877338552 -72.197770543 14.877345254 -72.197749153 14.877535501 -72.197755132 14.882042172 -72.183360033 14.882586297 -72.183376865 14.882592072 -72.183355778 14.882784269 -72.183361723 14.888008212 -72.164268617 14.888842677 -72.161595145 14.888774228 -72.161593503 14.888780756 -72.161572585 14.888745214 -72.161571732 14.892117219 -72.149222574 14.894165030 -72.149285927 14.894170793 -72.149264798 14.894360999 -72.149270682 14.904197798 -72.113137340 14.904129458 -72.113135727 14.904135203 -72.113114581  POLYGON ICRS  14.822358876 -72.316228284 14.822539623 -72.316233435 14.822598116 -72.316141389 14.822950434 -72.316162815 14.823012178 -72.316065651 14.823366297 -72.316087185 14.845994348 -72.280404851 14.728832321 -72.274132588 14.728774392 -72.274227006 14.728418009 -72.274207814 14.728359521 -72.274303135 14.728003653 -72.274283970 14.706568523 -72.309149905
2026-09-29 21:06:59,774 - jwst.resample.resample - INFO - 2 exposures to drizzle together
2026-09-29 21:07:02,157 - stcal.resample.resample - INFO - Resampling science and variance data
2026-09-29 21:07:05,514 - stcal.resample.resample - INFO - Resampling science and variance data
2026-09-29 21:07:06,517 - jwst.resample.resample - INFO - Assigning output S_REGION: POLYGON ICRS  15.103683065 -72.171336999 14.992542042 -72.158843065 14.952744776 -72.192587174 14.953042006 -72.192621462 14.952921104 -72.192723776 14.953210889 -72.192757205 14.953087266 -72.192861822 14.973058121 -72.195164264 14.971063599 -72.196853494 14.971356850 -72.196887334 14.971233974 -72.196991392 14.971524012 -72.197024812 14.971401177 -72.197128834 15.079878328 -72.209590157 15.079916802 -72.209559703 15.080006799 -72.209570009 15.110186482 -72.185651525 15.109572770 -72.203006849 15.101001831 -72.210283897 15.101300255 -72.210317714 15.101179403 -72.210420280 15.101470407 -72.210453255 15.101346739 -72.210558211 15.121262304 -72.212813666 15.119248598 -72.214524209 15.119543651 -72.214557602 15.119420611 -72.214662110 15.119711029 -72.214694978 15.119588213 -72.214799293 15.228554174 -72.227093206 15.228557641 -72.227090457 15.228668994 -72.227102982 15.270898317 -72.193557749 15.270600092 -72.193523300 15.270729826 -72.193420042 15.270427527 -72.193385254 15.270556251 -72.193282799 15.250414117 -72.190963370 15.252468870 -72.189329167 15.252170615 -72.189294809 15.252300635 -72.189191392 15.251995157 -72.189156201 15.252122181 -72.189055167 15.229269910 -72.186420895 15.228476559 -72.170494674 15.227167414 -72.170496923 15.227152766 -72.170201997 15.111360887 -72.170366024 15.111348483 -72.170717718 15.110713614 -72.170718431 15.110588726 -72.174258556 15.101916697 -72.173287063 15.104027222 -72.171611260 15.103728821 -72.171577823 15.103860270 -72.171473441 15.103554404 -72.171439167  POLYGON ICRS  14.904051770 -72.113112612 14.904057449 -72.113091711 14.791943024 -72.110413656 14.792227769 -72.109388613 14.791569712 -72.109372701 14.791613224 -72.109216073 14.675213122 -72.106366208 14.675151064 -72.106567539 14.674655883 -72.106555267 14.664087283 -72.140776973 14.663636922 -72.140765807 14.663617673 -72.140828018 14.663575345 -72.140826968 14.659260504 -72.154761381 14.658221607 -72.154735218 14.658161167 -72.154936803 14.657663357 -72.154924265 14.647380763 -72.189153792 14.646596976 -72.189134045 14.645436222 -72.192802618 14.635874559 -72.224501703 14.752913765 -72.228284086 14.752914198 -72.228282735 14.758598978 -72.228464658 14.738107975 -72.261409377 14.854508117 -72.268464797 14.854566005 -72.268366992 14.854921345 -72.268388417 14.854978884 -72.268291197 14.855336652 -72.268312766 14.876420386 -72.232614403 14.856969604 -72.231586170 14.865697332 -72.231860698 14.865704037 -72.231839382 14.865895536 -72.231845401 14.876601104 -72.197747364 14.877338552 -72.197770543 14.877345254 -72.197749153 14.877535501 -72.197755132 14.882042172 -72.183360033 14.882586297 -72.183376865 14.882592072 -72.183355778 14.882784269 -72.183361723 14.888008212 -72.164268617 14.888842677 -72.161595145 14.888774228 -72.161593503 14.888780756 -72.161572585 14.888745214 -72.161571732 14.892117219 -72.149222574 14.894165030 -72.149285927 14.894170793 -72.149264798 14.894360999 -72.149270682 14.904197798 -72.113137340 14.904129458 -72.113135727 14.904135203 -72.113114581  POLYGON ICRS  14.822358876 -72.316228284 14.822539623 -72.316233435 14.822598116 -72.316141389 14.822950434 -72.316162815 14.823012178 -72.316065651 14.823366297 -72.316087185 14.845994348 -72.280404851 14.728832321 -72.274132588 14.728774392 -72.274227006 14.728418009 -72.274207814 14.728359521 -72.274303135 14.728003653 -72.274283970 14.706568523 -72.309149905
2026-09-29 21:07:07,537 - jwst.resample.resample - INFO - 2 exposures to drizzle together
2026-09-29 21:07:09,924 - stcal.resample.resample - INFO - Resampling science and variance data
2026-09-29 21:07:13,290 - stcal.resample.resample - INFO - Resampling science and variance data
2026-09-29 21:07:14,290 - jwst.resample.resample - INFO - Assigning output S_REGION: POLYGON ICRS  15.103683065 -72.171336999 14.992542042 -72.158843065 14.952744776 -72.192587174 14.953042006 -72.192621462 14.952921104 -72.192723776 14.953210889 -72.192757205 14.953087266 -72.192861822 14.973058121 -72.195164264 14.971063599 -72.196853494 14.971356850 -72.196887334 14.971233974 -72.196991392 14.971524012 -72.197024812 14.971401177 -72.197128834 15.079878328 -72.209590157 15.079916802 -72.209559703 15.080006799 -72.209570009 15.110186482 -72.185651525 15.109572770 -72.203006849 15.101001831 -72.210283897 15.101300255 -72.210317714 15.101179403 -72.210420280 15.101470407 -72.210453255 15.101346739 -72.210558211 15.121262304 -72.212813666 15.119248598 -72.214524209 15.119543651 -72.214557602 15.119420611 -72.214662110 15.119711029 -72.214694978 15.119588213 -72.214799293 15.228554174 -72.227093206 15.228557641 -72.227090457 15.228668994 -72.227102982 15.270898317 -72.193557749 15.270600092 -72.193523300 15.270729826 -72.193420042 15.270427527 -72.193385254 15.270556251 -72.193282799 15.250414117 -72.190963370 15.252468870 -72.189329167 15.252170615 -72.189294809 15.252300635 -72.189191392 15.251995157 -72.189156201 15.252122181 -72.189055167 15.229269910 -72.186420895 15.228476559 -72.170494674 15.227167414 -72.170496923 15.227152766 -72.170201997 15.111360887 -72.170366024 15.111348483 -72.170717718 15.110713614 -72.170718431 15.110588726 -72.174258556 15.101916697 -72.173287063 15.104027222 -72.171611260 15.103728821 -72.171577823 15.103860270 -72.171473441 15.103554404 -72.171439167  POLYGON ICRS  14.904051770 -72.113112612 14.904057449 -72.113091711 14.791943024 -72.110413656 14.792227769 -72.109388613 14.791569712 -72.109372701 14.791613224 -72.109216073 14.675213122 -72.106366208 14.675151064 -72.106567539 14.674655883 -72.106555267 14.664087283 -72.140776973 14.663636922 -72.140765807 14.663617673 -72.140828018 14.663575345 -72.140826968 14.659260504 -72.154761381 14.658221607 -72.154735218 14.658161167 -72.154936803 14.657663357 -72.154924265 14.647380763 -72.189153792 14.646596976 -72.189134045 14.645436222 -72.192802618 14.635874559 -72.224501703 14.752913765 -72.228284086 14.752914198 -72.228282735 14.758598978 -72.228464658 14.738107975 -72.261409377 14.854508117 -72.268464797 14.854566005 -72.268366992 14.854921345 -72.268388417 14.854978884 -72.268291197 14.855336652 -72.268312766 14.876420386 -72.232614403 14.856969604 -72.231586170 14.865697332 -72.231860698 14.865704037 -72.231839382 14.865895536 -72.231845401 14.876601104 -72.197747364 14.877338552 -72.197770543 14.877345254 -72.197749153 14.877535501 -72.197755132 14.882042172 -72.183360033 14.882586297 -72.183376865 14.882592072 -72.183355778 14.882784269 -72.183361723 14.888008212 -72.164268617 14.888842677 -72.161595145 14.888774228 -72.161593503 14.888780756 -72.161572585 14.888745214 -72.161571732 14.892117219 -72.149222574 14.894165030 -72.149285927 14.894170793 -72.149264798 14.894360999 -72.149270682 14.904197798 -72.113137340 14.904129458 -72.113135727 14.904135203 -72.113114581  POLYGON ICRS  14.822358876 -72.316228284 14.822539623 -72.316233435 14.822598116 -72.316141389 14.822950434 -72.316162815 14.823012178 -72.316065651 14.823366297 -72.316087185 14.845994348 -72.280404851 14.728832321 -72.274132588 14.728774392 -72.274227006 14.728418009 -72.274207814 14.728359521 -72.274303135 14.728003653 -72.274283970 14.706568523 -72.309149905
2026-09-29 21:07:15,301 - jwst.resample.resample - INFO - 2 exposures to drizzle together
2026-09-29 21:07:17,680 - stcal.resample.resample - INFO - Resampling science and variance data
2026-09-29 21:07:21,016 - stcal.resample.resample - INFO - Resampling science and variance data
2026-09-29 21:07:22,025 - jwst.resample.resample - INFO - Assigning output S_REGION: POLYGON ICRS  15.103683065 -72.171336999 14.992542042 -72.158843065 14.952744776 -72.192587174 14.953042006 -72.192621462 14.952921104 -72.192723776 14.953210889 -72.192757205 14.953087266 -72.192861822 14.973058121 -72.195164264 14.971063599 -72.196853494 14.971356850 -72.196887334 14.971233974 -72.196991392 14.971524012 -72.197024812 14.971401177 -72.197128834 15.079878328 -72.209590157 15.079916802 -72.209559703 15.080006799 -72.209570009 15.110186482 -72.185651525 15.109572770 -72.203006849 15.101001831 -72.210283897 15.101300255 -72.210317714 15.101179403 -72.210420280 15.101470407 -72.210453255 15.101346739 -72.210558211 15.121262304 -72.212813666 15.119248598 -72.214524209 15.119543651 -72.214557602 15.119420611 -72.214662110 15.119711029 -72.214694978 15.119588213 -72.214799293 15.228554174 -72.227093206 15.228557641 -72.227090457 15.228668994 -72.227102982 15.270898317 -72.193557749 15.270600092 -72.193523300 15.270729826 -72.193420042 15.270427527 -72.193385254 15.270556251 -72.193282799 15.250414117 -72.190963370 15.252468870 -72.189329167 15.252170615 -72.189294809 15.252300635 -72.189191392 15.251995157 -72.189156201 15.252122181 -72.189055167 15.229269910 -72.186420895 15.228476559 -72.170494674 15.227167414 -72.170496923 15.227152766 -72.170201997 15.111360887 -72.170366024 15.111348483 -72.170717718 15.110713614 -72.170718431 15.110588726 -72.174258556 15.101916697 -72.173287063 15.104027222 -72.171611260 15.103728821 -72.171577823 15.103860270 -72.171473441 15.103554404 -72.171439167  POLYGON ICRS  14.904051770 -72.113112612 14.904057449 -72.113091711 14.791943024 -72.110413656 14.792227769 -72.109388613 14.791569712 -72.109372701 14.791613224 -72.109216073 14.675213122 -72.106366208 14.675151064 -72.106567539 14.674655883 -72.106555267 14.664087283 -72.140776973 14.663636922 -72.140765807 14.663617673 -72.140828018 14.663575345 -72.140826968 14.659260504 -72.154761381 14.658221607 -72.154735218 14.658161167 -72.154936803 14.657663357 -72.154924265 14.647380763 -72.189153792 14.646596976 -72.189134045 14.645436222 -72.192802618 14.635874559 -72.224501703 14.752913765 -72.228284086 14.752914198 -72.228282735 14.758598978 -72.228464658 14.738107975 -72.261409377 14.854508117 -72.268464797 14.854566005 -72.268366992 14.854921345 -72.268388417 14.854978884 -72.268291197 14.855336652 -72.268312766 14.876420386 -72.232614403 14.856969604 -72.231586170 14.865697332 -72.231860698 14.865704037 -72.231839382 14.865895536 -72.231845401 14.876601104 -72.197747364 14.877338552 -72.197770543 14.877345254 -72.197749153 14.877535501 -72.197755132 14.882042172 -72.183360033 14.882586297 -72.183376865 14.882592072 -72.183355778 14.882784269 -72.183361723 14.888008212 -72.164268617 14.888842677 -72.161595145 14.888774228 -72.161593503 14.888780756 -72.161572585 14.888745214 -72.161571732 14.892117219 -72.149222574 14.894165030 -72.149285927 14.894170793 -72.149264798 14.894360999 -72.149270682 14.904197798 -72.113137340 14.904129458 -72.113135727 14.904135203 -72.113114581  POLYGON ICRS  14.822358876 -72.316228284 14.822539623 -72.316233435 14.822598116 -72.316141389 14.822950434 -72.316162815 14.823012178 -72.316065651 14.823366297 -72.316087185 14.845994348 -72.280404851 14.728832321 -72.274132588 14.728774392 -72.274227006 14.728418009 -72.274207814 14.728359521 -72.274303135 14.728003653 -72.274283970 14.706568523 -72.309149905
2026-09-29 21:07:23,085 - jwst.resample.resample - INFO - 2 exposures to drizzle together
2026-09-29 21:07:25,468 - stcal.resample.resample - INFO - Resampling science and variance data
2026-09-29 21:07:28,824 - stcal.resample.resample - INFO - Resampling science and variance data
2026-09-29 21:07:29,826 - jwst.resample.resample - INFO - Assigning output S_REGION: POLYGON ICRS  15.103683065 -72.171336999 14.992542042 -72.158843065 14.952744776 -72.192587174 14.953042006 -72.192621462 14.952921104 -72.192723776 14.953210889 -72.192757205 14.953087266 -72.192861822 14.973058121 -72.195164264 14.971063599 -72.196853494 14.971356850 -72.196887334 14.971233974 -72.196991392 14.971524012 -72.197024812 14.971401177 -72.197128834 15.079878328 -72.209590157 15.079916802 -72.209559703 15.080006799 -72.209570009 15.110186482 -72.185651525 15.109572770 -72.203006849 15.101001831 -72.210283897 15.101300255 -72.210317714 15.101179403 -72.210420280 15.101470407 -72.210453255 15.101346739 -72.210558211 15.121262304 -72.212813666 15.119248598 -72.214524209 15.119543651 -72.214557602 15.119420611 -72.214662110 15.119711029 -72.214694978 15.119588213 -72.214799293 15.228554174 -72.227093206 15.228557641 -72.227090457 15.228668994 -72.227102982 15.270898317 -72.193557749 15.270600092 -72.193523300 15.270729826 -72.193420042 15.270427527 -72.193385254 15.270556251 -72.193282799 15.250414117 -72.190963370 15.252468870 -72.189329167 15.252170615 -72.189294809 15.252300635 -72.189191392 15.251995157 -72.189156201 15.252122181 -72.189055167 15.229269910 -72.186420895 15.228476559 -72.170494674 15.227167414 -72.170496923 15.227152766 -72.170201997 15.111360887 -72.170366024 15.111348483 -72.170717718 15.110713614 -72.170718431 15.110588726 -72.174258556 15.101916697 -72.173287063 15.104027222 -72.171611260 15.103728821 -72.171577823 15.103860270 -72.171473441 15.103554404 -72.171439167  POLYGON ICRS  14.904051770 -72.113112612 14.904057449 -72.113091711 14.791943024 -72.110413656 14.792227769 -72.109388613 14.791569712 -72.109372701 14.791613224 -72.109216073 14.675213122 -72.106366208 14.675151064 -72.106567539 14.674655883 -72.106555267 14.664087283 -72.140776973 14.663636922 -72.140765807 14.663617673 -72.140828018 14.663575345 -72.140826968 14.659260504 -72.154761381 14.658221607 -72.154735218 14.658161167 -72.154936803 14.657663357 -72.154924265 14.647380763 -72.189153792 14.646596976 -72.189134045 14.645436222 -72.192802618 14.635874559 -72.224501703 14.752913765 -72.228284086 14.752914198 -72.228282735 14.758598978 -72.228464658 14.738107975 -72.261409377 14.854508117 -72.268464797 14.854566005 -72.268366992 14.854921345 -72.268388417 14.854978884 -72.268291197 14.855336652 -72.268312766 14.876420386 -72.232614403 14.856969604 -72.231586170 14.865697332 -72.231860698 14.865704037 -72.231839382 14.865895536 -72.231845401 14.876601104 -72.197747364 14.877338552 -72.197770543 14.877345254 -72.197749153 14.877535501 -72.197755132 14.882042172 -72.183360033 14.882586297 -72.183376865 14.882592072 -72.183355778 14.882784269 -72.183361723 14.888008212 -72.164268617 14.888842677 -72.161595145 14.888774228 -72.161593503 14.888780756 -72.161572585 14.888745214 -72.161571732 14.892117219 -72.149222574 14.894165030 -72.149285927 14.894170793 -72.149264798 14.894360999 -72.149270682 14.904197798 -72.113137340 14.904129458 -72.113135727 14.904135203 -72.113114581  POLYGON ICRS  14.822358876 -72.316228284 14.822539623 -72.316233435 14.822598116 -72.316141389 14.822950434 -72.316162815 14.823012178 -72.316065651 14.823366297 -72.316087185 14.845994348 -72.280404851 14.728832321 -72.274132588 14.728774392 -72.274227006 14.728418009 -72.274207814 14.728359521 -72.274303135 14.728003653 -72.274283970 14.706568523 -72.309149905
2026-09-29 21:07:30,858 - jwst.resample.resample - INFO - 2 exposures to drizzle together
2026-09-29 21:07:33,241 - stcal.resample.resample - INFO - Resampling science and variance data
2026-09-29 21:07:36,590 - stcal.resample.resample - INFO - Resampling science and variance data
2026-09-29 21:07:37,594 - jwst.resample.resample - INFO - Assigning output S_REGION: POLYGON ICRS  15.103683065 -72.171336999 14.992542042 -72.158843065 14.952744776 -72.192587174 14.953042006 -72.192621462 14.952921104 -72.192723776 14.953210889 -72.192757205 14.953087266 -72.192861822 14.973058121 -72.195164264 14.971063599 -72.196853494 14.971356850 -72.196887334 14.971233974 -72.196991392 14.971524012 -72.197024812 14.971401177 -72.197128834 15.079878328 -72.209590157 15.079916802 -72.209559703 15.080006799 -72.209570009 15.110186482 -72.185651525 15.109572770 -72.203006849 15.101001831 -72.210283897 15.101300255 -72.210317714 15.101179403 -72.210420280 15.101470407 -72.210453255 15.101346739 -72.210558211 15.121262304 -72.212813666 15.119248598 -72.214524209 15.119543651 -72.214557602 15.119420611 -72.214662110 15.119711029 -72.214694978 15.119588213 -72.214799293 15.228554174 -72.227093206 15.228557641 -72.227090457 15.228668994 -72.227102982 15.270898317 -72.193557749 15.270600092 -72.193523300 15.270729826 -72.193420042 15.270427527 -72.193385254 15.270556251 -72.193282799 15.250414117 -72.190963370 15.252468870 -72.189329167 15.252170615 -72.189294809 15.252300635 -72.189191392 15.251995157 -72.189156201 15.252122181 -72.189055167 15.229269910 -72.186420895 15.228476559 -72.170494674 15.227167414 -72.170496923 15.227152766 -72.170201997 15.111360887 -72.170366024 15.111348483 -72.170717718 15.110713614 -72.170718431 15.110588726 -72.174258556 15.101916697 -72.173287063 15.104027222 -72.171611260 15.103728821 -72.171577823 15.103860270 -72.171473441 15.103554404 -72.171439167  POLYGON ICRS  14.904051770 -72.113112612 14.904057449 -72.113091711 14.791943024 -72.110413656 14.792227769 -72.109388613 14.791569712 -72.109372701 14.791613224 -72.109216073 14.675213122 -72.106366208 14.675151064 -72.106567539 14.674655883 -72.106555267 14.664087283 -72.140776973 14.663636922 -72.140765807 14.663617673 -72.140828018 14.663575345 -72.140826968 14.659260504 -72.154761381 14.658221607 -72.154735218 14.658161167 -72.154936803 14.657663357 -72.154924265 14.647380763 -72.189153792 14.646596976 -72.189134045 14.645436222 -72.192802618 14.635874559 -72.224501703 14.752913765 -72.228284086 14.752914198 -72.228282735 14.758598978 -72.228464658 14.738107975 -72.261409377 14.854508117 -72.268464797 14.854566005 -72.268366992 14.854921345 -72.268388417 14.854978884 -72.268291197 14.855336652 -72.268312766 14.876420386 -72.232614403 14.856969604 -72.231586170 14.865697332 -72.231860698 14.865704037 -72.231839382 14.865895536 -72.231845401 14.876601104 -72.197747364 14.877338552 -72.197770543 14.877345254 -72.197749153 14.877535501 -72.197755132 14.882042172 -72.183360033 14.882586297 -72.183376865 14.882592072 -72.183355778 14.882784269 -72.183361723 14.888008212 -72.164268617 14.888842677 -72.161595145 14.888774228 -72.161593503 14.888780756 -72.161572585 14.888745214 -72.161571732 14.892117219 -72.149222574 14.894165030 -72.149285927 14.894170793 -72.149264798 14.894360999 -72.149270682 14.904197798 -72.113137340 14.904129458 -72.113135727 14.904135203 -72.113114581  POLYGON ICRS  14.822358876 -72.316228284 14.822539623 -72.316233435 14.822598116 -72.316141389 14.822950434 -72.316162815 14.823012178 -72.316065651 14.823366297 -72.316087185 14.845994348 -72.280404851 14.728832321 -72.274132588 14.728774392 -72.274227006 14.728418009 -72.274207814 14.728359521 -72.274303135 14.728003653 -72.274283970 14.706568523 -72.309149905
2026-09-29 21:07:38,640 - jwst.resample.resample - INFO - 2 exposures to drizzle together
2026-09-29 21:07:40,987 - stcal.resample.resample - INFO - Resampling science and variance data
2026-09-29 21:07:44,299 - stcal.resample.resample - INFO - Resampling science and variance data
2026-09-29 21:07:45,305 - jwst.resample.resample - INFO - Assigning output S_REGION: POLYGON ICRS  15.103683065 -72.171336999 14.992542042 -72.158843065 14.952744776 -72.192587174 14.953042006 -72.192621462 14.952921104 -72.192723776 14.953210889 -72.192757205 14.953087266 -72.192861822 14.973058121 -72.195164264 14.971063599 -72.196853494 14.971356850 -72.196887334 14.971233974 -72.196991392 14.971524012 -72.197024812 14.971401177 -72.197128834 15.079878328 -72.209590157 15.079916802 -72.209559703 15.080006799 -72.209570009 15.110186482 -72.185651525 15.109572770 -72.203006849 15.101001831 -72.210283897 15.101300255 -72.210317714 15.101179403 -72.210420280 15.101470407 -72.210453255 15.101346739 -72.210558211 15.121262304 -72.212813666 15.119248598 -72.214524209 15.119543651 -72.214557602 15.119420611 -72.214662110 15.119711029 -72.214694978 15.119588213 -72.214799293 15.228554174 -72.227093206 15.228557641 -72.227090457 15.228668994 -72.227102982 15.270898317 -72.193557749 15.270600092 -72.193523300 15.270729826 -72.193420042 15.270427527 -72.193385254 15.270556251 -72.193282799 15.250414117 -72.190963370 15.252468870 -72.189329167 15.252170615 -72.189294809 15.252300635 -72.189191392 15.251995157 -72.189156201 15.252122181 -72.189055167 15.229269910 -72.186420895 15.228476559 -72.170494674 15.227167414 -72.170496923 15.227152766 -72.170201997 15.111360887 -72.170366024 15.111348483 -72.170717718 15.110713614 -72.170718431 15.110588726 -72.174258556 15.101916697 -72.173287063 15.104027222 -72.171611260 15.103728821 -72.171577823 15.103860270 -72.171473441 15.103554404 -72.171439167  POLYGON ICRS  14.904051770 -72.113112612 14.904057449 -72.113091711 14.791943024 -72.110413656 14.792227769 -72.109388613 14.791569712 -72.109372701 14.791613224 -72.109216073 14.675213122 -72.106366208 14.675151064 -72.106567539 14.674655883 -72.106555267 14.664087283 -72.140776973 14.663636922 -72.140765807 14.663617673 -72.140828018 14.663575345 -72.140826968 14.659260504 -72.154761381 14.658221607 -72.154735218 14.658161167 -72.154936803 14.657663357 -72.154924265 14.647380763 -72.189153792 14.646596976 -72.189134045 14.645436222 -72.192802618 14.635874559 -72.224501703 14.752913765 -72.228284086 14.752914198 -72.228282735 14.758598978 -72.228464658 14.738107975 -72.261409377 14.854508117 -72.268464797 14.854566005 -72.268366992 14.854921345 -72.268388417 14.854978884 -72.268291197 14.855336652 -72.268312766 14.876420386 -72.232614403 14.856969604 -72.231586170 14.865697332 -72.231860698 14.865704037 -72.231839382 14.865895536 -72.231845401 14.876601104 -72.197747364 14.877338552 -72.197770543 14.877345254 -72.197749153 14.877535501 -72.197755132 14.882042172 -72.183360033 14.882586297 -72.183376865 14.882592072 -72.183355778 14.882784269 -72.183361723 14.888008212 -72.164268617 14.888842677 -72.161595145 14.888774228 -72.161593503 14.888780756 -72.161572585 14.888745214 -72.161571732 14.892117219 -72.149222574 14.894165030 -72.149285927 14.894170793 -72.149264798 14.894360999 -72.149270682 14.904197798 -72.113137340 14.904129458 -72.113135727 14.904135203 -72.113114581  POLYGON ICRS  14.822358876 -72.316228284 14.822539623 -72.316233435 14.822598116 -72.316141389 14.822950434 -72.316162815 14.823012178 -72.316065651 14.823366297 -72.316087185 14.845994348 -72.280404851 14.728832321 -72.274132588 14.728774392 -72.274227006 14.728418009 -72.274207814 14.728359521 -72.274303135 14.728003653 -72.274283970 14.706568523 -72.309149905
2026-09-29 21:07:46,372 - jwst.resample.resample - INFO - 2 exposures to drizzle together
2026-09-29 21:07:48,719 - stcal.resample.resample - INFO - Resampling science and variance data
2026-09-29 21:07:52,032 - stcal.resample.resample - INFO - Resampling science and variance data
2026-09-29 21:07:53,031 - jwst.resample.resample - INFO - Assigning output S_REGION: POLYGON ICRS  15.103683065 -72.171336999 14.992542042 -72.158843065 14.952744776 -72.192587174 14.953042006 -72.192621462 14.952921104 -72.192723776 14.953210889 -72.192757205 14.953087266 -72.192861822 14.973058121 -72.195164264 14.971063599 -72.196853494 14.971356850 -72.196887334 14.971233974 -72.196991392 14.971524012 -72.197024812 14.971401177 -72.197128834 15.079878328 -72.209590157 15.079916802 -72.209559703 15.080006799 -72.209570009 15.110186482 -72.185651525 15.109572770 -72.203006849 15.101001831 -72.210283897 15.101300255 -72.210317714 15.101179403 -72.210420280 15.101470407 -72.210453255 15.101346739 -72.210558211 15.121262304 -72.212813666 15.119248598 -72.214524209 15.119543651 -72.214557602 15.119420611 -72.214662110 15.119711029 -72.214694978 15.119588213 -72.214799293 15.228554174 -72.227093206 15.228557641 -72.227090457 15.228668994 -72.227102982 15.270898317 -72.193557749 15.270600092 -72.193523300 15.270729826 -72.193420042 15.270427527 -72.193385254 15.270556251 -72.193282799 15.250414117 -72.190963370 15.252468870 -72.189329167 15.252170615 -72.189294809 15.252300635 -72.189191392 15.251995157 -72.189156201 15.252122181 -72.189055167 15.229269910 -72.186420895 15.228476559 -72.170494674 15.227167414 -72.170496923 15.227152766 -72.170201997 15.111360887 -72.170366024 15.111348483 -72.170717718 15.110713614 -72.170718431 15.110588726 -72.174258556 15.101916697 -72.173287063 15.104027222 -72.171611260 15.103728821 -72.171577823 15.103860270 -72.171473441 15.103554404 -72.171439167  POLYGON ICRS  14.904051770 -72.113112612 14.904057449 -72.113091711 14.791943024 -72.110413656 14.792227769 -72.109388613 14.791569712 -72.109372701 14.791613224 -72.109216073 14.675213122 -72.106366208 14.675151064 -72.106567539 14.674655883 -72.106555267 14.664087283 -72.140776973 14.663636922 -72.140765807 14.663617673 -72.140828018 14.663575345 -72.140826968 14.659260504 -72.154761381 14.658221607 -72.154735218 14.658161167 -72.154936803 14.657663357 -72.154924265 14.647380763 -72.189153792 14.646596976 -72.189134045 14.645436222 -72.192802618 14.635874559 -72.224501703 14.752913765 -72.228284086 14.752914198 -72.228282735 14.758598978 -72.228464658 14.738107975 -72.261409377 14.854508117 -72.268464797 14.854566005 -72.268366992 14.854921345 -72.268388417 14.854978884 -72.268291197 14.855336652 -72.268312766 14.876420386 -72.232614403 14.856969604 -72.231586170 14.865697332 -72.231860698 14.865704037 -72.231839382 14.865895536 -72.231845401 14.876601104 -72.197747364 14.877338552 -72.197770543 14.877345254 -72.197749153 14.877535501 -72.197755132 14.882042172 -72.183360033 14.882586297 -72.183376865 14.882592072 -72.183355778 14.882784269 -72.183361723 14.888008212 -72.164268617 14.888842677 -72.161595145 14.888774228 -72.161593503 14.888780756 -72.161572585 14.888745214 -72.161571732 14.892117219 -72.149222574 14.894165030 -72.149285927 14.894170793 -72.149264798 14.894360999 -72.149270682 14.904197798 -72.113137340 14.904129458 -72.113135727 14.904135203 -72.113114581  POLYGON ICRS  14.822358876 -72.316228284 14.822539623 -72.316233435 14.822598116 -72.316141389 14.822950434 -72.316162815 14.823012178 -72.316065651 14.823366297 -72.316087185 14.845994348 -72.280404851 14.728832321 -72.274132588 14.728774392 -72.274227006 14.728418009 -72.274207814 14.728359521 -72.274303135 14.728003653 -72.274283970 14.706568523 -72.309149905
2026-09-29 21:07:54,060 - jwst.resample.resample - INFO - 2 exposures to drizzle together
2026-09-29 21:07:56,409 - stcal.resample.resample - INFO - Resampling science and variance data
2026-09-29 21:07:59,778 - stcal.resample.resample - INFO - Resampling science and variance data
2026-09-29 21:08:00,843 - jwst.resample.resample - INFO - Assigning output S_REGION: POLYGON ICRS  15.103683065 -72.171336999 14.992542042 -72.158843065 14.952744776 -72.192587174 14.953042006 -72.192621462 14.952921104 -72.192723776 14.953210889 -72.192757205 14.953087266 -72.192861822 14.973058121 -72.195164264 14.971063599 -72.196853494 14.971356850 -72.196887334 14.971233974 -72.196991392 14.971524012 -72.197024812 14.971401177 -72.197128834 15.079878328 -72.209590157 15.079916802 -72.209559703 15.080006799 -72.209570009 15.110186482 -72.185651525 15.109572770 -72.203006849 15.101001831 -72.210283897 15.101300255 -72.210317714 15.101179403 -72.210420280 15.101470407 -72.210453255 15.101346739 -72.210558211 15.121262304 -72.212813666 15.119248598 -72.214524209 15.119543651 -72.214557602 15.119420611 -72.214662110 15.119711029 -72.214694978 15.119588213 -72.214799293 15.228554174 -72.227093206 15.228557641 -72.227090457 15.228668994 -72.227102982 15.270898317 -72.193557749 15.270600092 -72.193523300 15.270729826 -72.193420042 15.270427527 -72.193385254 15.270556251 -72.193282799 15.250414117 -72.190963370 15.252468870 -72.189329167 15.252170615 -72.189294809 15.252300635 -72.189191392 15.251995157 -72.189156201 15.252122181 -72.189055167 15.229269910 -72.186420895 15.228476559 -72.170494674 15.227167414 -72.170496923 15.227152766 -72.170201997 15.111360887 -72.170366024 15.111348483 -72.170717718 15.110713614 -72.170718431 15.110588726 -72.174258556 15.101916697 -72.173287063 15.104027222 -72.171611260 15.103728821 -72.171577823 15.103860270 -72.171473441 15.103554404 -72.171439167  POLYGON ICRS  14.904051770 -72.113112612 14.904057449 -72.113091711 14.791943024 -72.110413656 14.792227769 -72.109388613 14.791569712 -72.109372701 14.791613224 -72.109216073 14.675213122 -72.106366208 14.675151064 -72.106567539 14.674655883 -72.106555267 14.664087283 -72.140776973 14.663636922 -72.140765807 14.663617673 -72.140828018 14.663575345 -72.140826968 14.659260504 -72.154761381 14.658221607 -72.154735218 14.658161167 -72.154936803 14.657663357 -72.154924265 14.647380763 -72.189153792 14.646596976 -72.189134045 14.645436222 -72.192802618 14.635874559 -72.224501703 14.752913765 -72.228284086 14.752914198 -72.228282735 14.758598978 -72.228464658 14.738107975 -72.261409377 14.854508117 -72.268464797 14.854566005 -72.268366992 14.854921345 -72.268388417 14.854978884 -72.268291197 14.855336652 -72.268312766 14.876420386 -72.232614403 14.856969604 -72.231586170 14.865697332 -72.231860698 14.865704037 -72.231839382 14.865895536 -72.231845401 14.876601104 -72.197747364 14.877338552 -72.197770543 14.877345254 -72.197749153 14.877535501 -72.197755132 14.882042172 -72.183360033 14.882586297 -72.183376865 14.882592072 -72.183355778 14.882784269 -72.183361723 14.888008212 -72.164268617 14.888842677 -72.161595145 14.888774228 -72.161593503 14.888780756 -72.161572585 14.888745214 -72.161571732 14.892117219 -72.149222574 14.894165030 -72.149285927 14.894170793 -72.149264798 14.894360999 -72.149270682 14.904197798 -72.113137340 14.904129458 -72.113135727 14.904135203 -72.113114581  POLYGON ICRS  14.822358876 -72.316228284 14.822539623 -72.316233435 14.822598116 -72.316141389 14.822950434 -72.316162815 14.823012178 -72.316065651 14.823366297 -72.316087185 14.845994348 -72.280404851 14.728832321 -72.274132588 14.728774392 -72.274227006 14.728418009 -72.274207814 14.728359521 -72.274303135 14.728003653 -72.274283970 14.706568523 -72.309149905
2026-09-29 21:08:01,865 - jwst.resample.resample - INFO - 2 exposures to drizzle together
2026-09-29 21:08:04,210 - stcal.resample.resample - INFO - Resampling science and variance data
2026-09-29 21:08:07,582 - stcal.resample.resample - INFO - Resampling science and variance data
2026-09-29 21:08:08,634 - jwst.resample.resample - INFO - Assigning output S_REGION: POLYGON ICRS  15.103683065 -72.171336999 14.992542042 -72.158843065 14.952744776 -72.192587174 14.953042006 -72.192621462 14.952921104 -72.192723776 14.953210889 -72.192757205 14.953087266 -72.192861822 14.973058121 -72.195164264 14.971063599 -72.196853494 14.971356850 -72.196887334 14.971233974 -72.196991392 14.971524012 -72.197024812 14.971401177 -72.197128834 15.079878328 -72.209590157 15.079916802 -72.209559703 15.080006799 -72.209570009 15.110186482 -72.185651525 15.109572770 -72.203006849 15.101001831 -72.210283897 15.101300255 -72.210317714 15.101179403 -72.210420280 15.101470407 -72.210453255 15.101346739 -72.210558211 15.121262304 -72.212813666 15.119248598 -72.214524209 15.119543651 -72.214557602 15.119420611 -72.214662110 15.119711029 -72.214694978 15.119588213 -72.214799293 15.228554174 -72.227093206 15.228557641 -72.227090457 15.228668994 -72.227102982 15.270898317 -72.193557749 15.270600092 -72.193523300 15.270729826 -72.193420042 15.270427527 -72.193385254 15.270556251 -72.193282799 15.250414117 -72.190963370 15.252468870 -72.189329167 15.252170615 -72.189294809 15.252300635 -72.189191392 15.251995157 -72.189156201 15.252122181 -72.189055167 15.229269910 -72.186420895 15.228476559 -72.170494674 15.227167414 -72.170496923 15.227152766 -72.170201997 15.111360887 -72.170366024 15.111348483 -72.170717718 15.110713614 -72.170718431 15.110588726 -72.174258556 15.101916697 -72.173287063 15.104027222 -72.171611260 15.103728821 -72.171577823 15.103860270 -72.171473441 15.103554404 -72.171439167  POLYGON ICRS  14.904051770 -72.113112612 14.904057449 -72.113091711 14.791943024 -72.110413656 14.792227769 -72.109388613 14.791569712 -72.109372701 14.791613224 -72.109216073 14.675213122 -72.106366208 14.675151064 -72.106567539 14.674655883 -72.106555267 14.664087283 -72.140776973 14.663636922 -72.140765807 14.663617673 -72.140828018 14.663575345 -72.140826968 14.659260504 -72.154761381 14.658221607 -72.154735218 14.658161167 -72.154936803 14.657663357 -72.154924265 14.647380763 -72.189153792 14.646596976 -72.189134045 14.645436222 -72.192802618 14.635874559 -72.224501703 14.752913765 -72.228284086 14.752914198 -72.228282735 14.758598978 -72.228464658 14.738107975 -72.261409377 14.854508117 -72.268464797 14.854566005 -72.268366992 14.854921345 -72.268388417 14.854978884 -72.268291197 14.855336652 -72.268312766 14.876420386 -72.232614403 14.856969604 -72.231586170 14.865697332 -72.231860698 14.865704037 -72.231839382 14.865895536 -72.231845401 14.876601104 -72.197747364 14.877338552 -72.197770543 14.877345254 -72.197749153 14.877535501 -72.197755132 14.882042172 -72.183360033 14.882586297 -72.183376865 14.882592072 -72.183355778 14.882784269 -72.183361723 14.888008212 -72.164268617 14.888842677 -72.161595145 14.888774228 -72.161593503 14.888780756 -72.161572585 14.888745214 -72.161571732 14.892117219 -72.149222574 14.894165030 -72.149285927 14.894170793 -72.149264798 14.894360999 -72.149270682 14.904197798 -72.113137340 14.904129458 -72.113135727 14.904135203 -72.113114581  POLYGON ICRS  14.822358876 -72.316228284 14.822539623 -72.316233435 14.822598116 -72.316141389 14.822950434 -72.316162815 14.823012178 -72.316065651 14.823366297 -72.316087185 14.845994348 -72.280404851 14.728832321 -72.274132588 14.728774392 -72.274227006 14.728418009 -72.274207814 14.728359521 -72.274303135 14.728003653 -72.274283970 14.706568523 -72.309149905
2026-09-29 21:08:09,592 - jwst.resample.resample - INFO - 2 exposures to drizzle together
2026-09-29 21:08:11,934 - stcal.resample.resample - INFO - Resampling science and variance data
2026-09-29 21:08:15,302 - stcal.resample.resample - INFO - Resampling science and variance data
2026-09-29 21:08:16,358 - jwst.resample.resample - INFO - Assigning output S_REGION: POLYGON ICRS  15.103683065 -72.171336999 14.992542042 -72.158843065 14.952744776 -72.192587174 14.953042006 -72.192621462 14.952921104 -72.192723776 14.953210889 -72.192757205 14.953087266 -72.192861822 14.973058121 -72.195164264 14.971063599 -72.196853494 14.971356850 -72.196887334 14.971233974 -72.196991392 14.971524012 -72.197024812 14.971401177 -72.197128834 15.079878328 -72.209590157 15.079916802 -72.209559703 15.080006799 -72.209570009 15.110186482 -72.185651525 15.109572770 -72.203006849 15.101001831 -72.210283897 15.101300255 -72.210317714 15.101179403 -72.210420280 15.101470407 -72.210453255 15.101346739 -72.210558211 15.121262304 -72.212813666 15.119248598 -72.214524209 15.119543651 -72.214557602 15.119420611 -72.214662110 15.119711029 -72.214694978 15.119588213 -72.214799293 15.228554174 -72.227093206 15.228557641 -72.227090457 15.228668994 -72.227102982 15.270898317 -72.193557749 15.270600092 -72.193523300 15.270729826 -72.193420042 15.270427527 -72.193385254 15.270556251 -72.193282799 15.250414117 -72.190963370 15.252468870 -72.189329167 15.252170615 -72.189294809 15.252300635 -72.189191392 15.251995157 -72.189156201 15.252122181 -72.189055167 15.229269910 -72.186420895 15.228476559 -72.170494674 15.227167414 -72.170496923 15.227152766 -72.170201997 15.111360887 -72.170366024 15.111348483 -72.170717718 15.110713614 -72.170718431 15.110588726 -72.174258556 15.101916697 -72.173287063 15.104027222 -72.171611260 15.103728821 -72.171577823 15.103860270 -72.171473441 15.103554404 -72.171439167  POLYGON ICRS  14.904051770 -72.113112612 14.904057449 -72.113091711 14.791943024 -72.110413656 14.792227769 -72.109388613 14.791569712 -72.109372701 14.791613224 -72.109216073 14.675213122 -72.106366208 14.675151064 -72.106567539 14.674655883 -72.106555267 14.664087283 -72.140776973 14.663636922 -72.140765807 14.663617673 -72.140828018 14.663575345 -72.140826968 14.659260504 -72.154761381 14.658221607 -72.154735218 14.658161167 -72.154936803 14.657663357 -72.154924265 14.647380763 -72.189153792 14.646596976 -72.189134045 14.645436222 -72.192802618 14.635874559 -72.224501703 14.752913765 -72.228284086 14.752914198 -72.228282735 14.758598978 -72.228464658 14.738107975 -72.261409377 14.854508117 -72.268464797 14.854566005 -72.268366992 14.854921345 -72.268388417 14.854978884 -72.268291197 14.855336652 -72.268312766 14.876420386 -72.232614403 14.856969604 -72.231586170 14.865697332 -72.231860698 14.865704037 -72.231839382 14.865895536 -72.231845401 14.876601104 -72.197747364 14.877338552 -72.197770543 14.877345254 -72.197749153 14.877535501 -72.197755132 14.882042172 -72.183360033 14.882586297 -72.183376865 14.882592072 -72.183355778 14.882784269 -72.183361723 14.888008212 -72.164268617 14.888842677 -72.161595145 14.888774228 -72.161593503 14.888780756 -72.161572585 14.888745214 -72.161571732 14.892117219 -72.149222574 14.894165030 -72.149285927 14.894170793 -72.149264798 14.894360999 -72.149270682 14.904197798 -72.113137340 14.904129458 -72.113135727 14.904135203 -72.113114581  POLYGON ICRS  14.822358876 -72.316228284 14.822539623 -72.316233435 14.822598116 -72.316141389 14.822950434 -72.316162815 14.823012178 -72.316065651 14.823366297 -72.316087185 14.845994348 -72.280404851 14.728832321 -72.274132588 14.728774392 -72.274227006 14.728418009 -72.274207814 14.728359521 -72.274303135 14.728003653 -72.274283970 14.706568523 -72.309149905
2026-09-29 21:08:17,353 - jwst.resample.resample - INFO - 1 exposures to drizzle together
2026-09-29 21:08:19,663 - stcal.resample.resample - INFO - Resampling science and variance data
2026-09-29 21:08:20,870 - jwst.resample.resample - INFO - Assigning output S_REGION: POLYGON ICRS  15.103683065 -72.171336999 14.992542042 -72.158843065 14.952744776 -72.192587174 14.953042006 -72.192621462 14.952921104 -72.192723776 14.953210889 -72.192757205 14.953087266 -72.192861822 14.973058121 -72.195164264 14.971063599 -72.196853494 14.971356850 -72.196887334 14.971233974 -72.196991392 14.971524012 -72.197024812 14.971401177 -72.197128834 15.079878328 -72.209590157 15.079916802 -72.209559703 15.080006799 -72.209570009 15.110186482 -72.185651525 15.109572770 -72.203006849 15.101001831 -72.210283897 15.101300255 -72.210317714 15.101179403 -72.210420280 15.101470407 -72.210453255 15.101346739 -72.210558211 15.121262304 -72.212813666 15.119248598 -72.214524209 15.119543651 -72.214557602 15.119420611 -72.214662110 15.119711029 -72.214694978 15.119588213 -72.214799293 15.228554174 -72.227093206 15.228557641 -72.227090457 15.228668994 -72.227102982 15.270898317 -72.193557749 15.270600092 -72.193523300 15.270729826 -72.193420042 15.270427527 -72.193385254 15.270556251 -72.193282799 15.250414117 -72.190963370 15.252468870 -72.189329167 15.252170615 -72.189294809 15.252300635 -72.189191392 15.251995157 -72.189156201 15.252122181 -72.189055167 15.229269910 -72.186420895 15.228476559 -72.170494674 15.227167414 -72.170496923 15.227152766 -72.170201997 15.111360887 -72.170366024 15.111348483 -72.170717718 15.110713614 -72.170718431 15.110588726 -72.174258556 15.101916697 -72.173287063 15.104027222 -72.171611260 15.103728821 -72.171577823 15.103860270 -72.171473441 15.103554404 -72.171439167  POLYGON ICRS  14.904051770 -72.113112612 14.904057449 -72.113091711 14.791943024 -72.110413656 14.792227769 -72.109388613 14.791569712 -72.109372701 14.791613224 -72.109216073 14.675213122 -72.106366208 14.675151064 -72.106567539 14.674655883 -72.106555267 14.664087283 -72.140776973 14.663636922 -72.140765807 14.663617673 -72.140828018 14.663575345 -72.140826968 14.659260504 -72.154761381 14.658221607 -72.154735218 14.658161167 -72.154936803 14.657663357 -72.154924265 14.647380763 -72.189153792 14.646596976 -72.189134045 14.645436222 -72.192802618 14.635874559 -72.224501703 14.752913765 -72.228284086 14.752914198 -72.228282735 14.758598978 -72.228464658 14.738107975 -72.261409377 14.854508117 -72.268464797 14.854566005 -72.268366992 14.854921345 -72.268388417 14.854978884 -72.268291197 14.855336652 -72.268312766 14.876420386 -72.232614403 14.856969604 -72.231586170 14.865697332 -72.231860698 14.865704037 -72.231839382 14.865895536 -72.231845401 14.876601104 -72.197747364 14.877338552 -72.197770543 14.877345254 -72.197749153 14.877535501 -72.197755132 14.882042172 -72.183360033 14.882586297 -72.183376865 14.882592072 -72.183355778 14.882784269 -72.183361723 14.888008212 -72.164268617 14.888842677 -72.161595145 14.888774228 -72.161593503 14.888780756 -72.161572585 14.888745214 -72.161571732 14.892117219 -72.149222574 14.894165030 -72.149285927 14.894170793 -72.149264798 14.894360999 -72.149270682 14.904197798 -72.113137340 14.904129458 -72.113135727 14.904135203 -72.113114581  POLYGON ICRS  14.822358876 -72.316228284 14.822539623 -72.316233435 14.822598116 -72.316141389 14.822950434 -72.316162815 14.823012178 -72.316065651 14.823366297 -72.316087185 14.845994348 -72.280404851 14.728832321 -72.274132588 14.728774392 -72.274227006 14.728418009 -72.274207814 14.728359521 -72.274303135 14.728003653 -72.274283970 14.706568523 -72.309149905
2026-09-29 21:08:21,552 - jwst.resample.resample - INFO - 1 exposures to drizzle together
2026-09-29 21:08:23,869 - stcal.resample.resample - INFO - Resampling science and variance data
2026-09-29 21:08:25,076 - jwst.resample.resample - INFO - Assigning output S_REGION: POLYGON ICRS  15.103683065 -72.171336999 14.992542042 -72.158843065 14.952744776 -72.192587174 14.953042006 -72.192621462 14.952921104 -72.192723776 14.953210889 -72.192757205 14.953087266 -72.192861822 14.973058121 -72.195164264 14.971063599 -72.196853494 14.971356850 -72.196887334 14.971233974 -72.196991392 14.971524012 -72.197024812 14.971401177 -72.197128834 15.079878328 -72.209590157 15.079916802 -72.209559703 15.080006799 -72.209570009 15.110186482 -72.185651525 15.109572770 -72.203006849 15.101001831 -72.210283897 15.101300255 -72.210317714 15.101179403 -72.210420280 15.101470407 -72.210453255 15.101346739 -72.210558211 15.121262304 -72.212813666 15.119248598 -72.214524209 15.119543651 -72.214557602 15.119420611 -72.214662110 15.119711029 -72.214694978 15.119588213 -72.214799293 15.228554174 -72.227093206 15.228557641 -72.227090457 15.228668994 -72.227102982 15.270898317 -72.193557749 15.270600092 -72.193523300 15.270729826 -72.193420042 15.270427527 -72.193385254 15.270556251 -72.193282799 15.250414117 -72.190963370 15.252468870 -72.189329167 15.252170615 -72.189294809 15.252300635 -72.189191392 15.251995157 -72.189156201 15.252122181 -72.189055167 15.229269910 -72.186420895 15.228476559 -72.170494674 15.227167414 -72.170496923 15.227152766 -72.170201997 15.111360887 -72.170366024 15.111348483 -72.170717718 15.110713614 -72.170718431 15.110588726 -72.174258556 15.101916697 -72.173287063 15.104027222 -72.171611260 15.103728821 -72.171577823 15.103860270 -72.171473441 15.103554404 -72.171439167  POLYGON ICRS  14.904051770 -72.113112612 14.904057449 -72.113091711 14.791943024 -72.110413656 14.792227769 -72.109388613 14.791569712 -72.109372701 14.791613224 -72.109216073 14.675213122 -72.106366208 14.675151064 -72.106567539 14.674655883 -72.106555267 14.664087283 -72.140776973 14.663636922 -72.140765807 14.663617673 -72.140828018 14.663575345 -72.140826968 14.659260504 -72.154761381 14.658221607 -72.154735218 14.658161167 -72.154936803 14.657663357 -72.154924265 14.647380763 -72.189153792 14.646596976 -72.189134045 14.645436222 -72.192802618 14.635874559 -72.224501703 14.752913765 -72.228284086 14.752914198 -72.228282735 14.758598978 -72.228464658 14.738107975 -72.261409377 14.854508117 -72.268464797 14.854566005 -72.268366992 14.854921345 -72.268388417 14.854978884 -72.268291197 14.855336652 -72.268312766 14.876420386 -72.232614403 14.856969604 -72.231586170 14.865697332 -72.231860698 14.865704037 -72.231839382 14.865895536 -72.231845401 14.876601104 -72.197747364 14.877338552 -72.197770543 14.877345254 -72.197749153 14.877535501 -72.197755132 14.882042172 -72.183360033 14.882586297 -72.183376865 14.882592072 -72.183355778 14.882784269 -72.183361723 14.888008212 -72.164268617 14.888842677 -72.161595145 14.888774228 -72.161593503 14.888780756 -72.161572585 14.888745214 -72.161571732 14.892117219 -72.149222574 14.894165030 -72.149285927 14.894170793 -72.149264798 14.894360999 -72.149270682 14.904197798 -72.113137340 14.904129458 -72.113135727 14.904135203 -72.113114581  POLYGON ICRS  14.822358876 -72.316228284 14.822539623 -72.316233435 14.822598116 -72.316141389 14.822950434 -72.316162815 14.823012178 -72.316065651 14.823366297 -72.316087185 14.845994348 -72.280404851 14.728832321 -72.274132588 14.728774392 -72.274227006 14.728418009 -72.274207814 14.728359521 -72.274303135 14.728003653 -72.274283970 14.706568523 -72.309149905
2026-09-29 21:08:25,787 - jwst.resample.resample - INFO - 1 exposures to drizzle together
2026-09-29 21:08:28,077 - stcal.resample.resample - INFO - Resampling science and variance data
2026-09-29 21:08:29,287 - jwst.resample.resample - INFO - Assigning output S_REGION: POLYGON ICRS  15.103683065 -72.171336999 14.992542042 -72.158843065 14.952744776 -72.192587174 14.953042006 -72.192621462 14.952921104 -72.192723776 14.953210889 -72.192757205 14.953087266 -72.192861822 14.973058121 -72.195164264 14.971063599 -72.196853494 14.971356850 -72.196887334 14.971233974 -72.196991392 14.971524012 -72.197024812 14.971401177 -72.197128834 15.079878328 -72.209590157 15.079916802 -72.209559703 15.080006799 -72.209570009 15.110186482 -72.185651525 15.109572770 -72.203006849 15.101001831 -72.210283897 15.101300255 -72.210317714 15.101179403 -72.210420280 15.101470407 -72.210453255 15.101346739 -72.210558211 15.121262304 -72.212813666 15.119248598 -72.214524209 15.119543651 -72.214557602 15.119420611 -72.214662110 15.119711029 -72.214694978 15.119588213 -72.214799293 15.228554174 -72.227093206 15.228557641 -72.227090457 15.228668994 -72.227102982 15.270898317 -72.193557749 15.270600092 -72.193523300 15.270729826 -72.193420042 15.270427527 -72.193385254 15.270556251 -72.193282799 15.250414117 -72.190963370 15.252468870 -72.189329167 15.252170615 -72.189294809 15.252300635 -72.189191392 15.251995157 -72.189156201 15.252122181 -72.189055167 15.229269910 -72.186420895 15.228476559 -72.170494674 15.227167414 -72.170496923 15.227152766 -72.170201997 15.111360887 -72.170366024 15.111348483 -72.170717718 15.110713614 -72.170718431 15.110588726 -72.174258556 15.101916697 -72.173287063 15.104027222 -72.171611260 15.103728821 -72.171577823 15.103860270 -72.171473441 15.103554404 -72.171439167  POLYGON ICRS  14.904051770 -72.113112612 14.904057449 -72.113091711 14.791943024 -72.110413656 14.792227769 -72.109388613 14.791569712 -72.109372701 14.791613224 -72.109216073 14.675213122 -72.106366208 14.675151064 -72.106567539 14.674655883 -72.106555267 14.664087283 -72.140776973 14.663636922 -72.140765807 14.663617673 -72.140828018 14.663575345 -72.140826968 14.659260504 -72.154761381 14.658221607 -72.154735218 14.658161167 -72.154936803 14.657663357 -72.154924265 14.647380763 -72.189153792 14.646596976 -72.189134045 14.645436222 -72.192802618 14.635874559 -72.224501703 14.752913765 -72.228284086 14.752914198 -72.228282735 14.758598978 -72.228464658 14.738107975 -72.261409377 14.854508117 -72.268464797 14.854566005 -72.268366992 14.854921345 -72.268388417 14.854978884 -72.268291197 14.855336652 -72.268312766 14.876420386 -72.232614403 14.856969604 -72.231586170 14.865697332 -72.231860698 14.865704037 -72.231839382 14.865895536 -72.231845401 14.876601104 -72.197747364 14.877338552 -72.197770543 14.877345254 -72.197749153 14.877535501 -72.197755132 14.882042172 -72.183360033 14.882586297 -72.183376865 14.882592072 -72.183355778 14.882784269 -72.183361723 14.888008212 -72.164268617 14.888842677 -72.161595145 14.888774228 -72.161593503 14.888780756 -72.161572585 14.888745214 -72.161571732 14.892117219 -72.149222574 14.894165030 -72.149285927 14.894170793 -72.149264798 14.894360999 -72.149270682 14.904197798 -72.113137340 14.904129458 -72.113135727 14.904135203 -72.113114581  POLYGON ICRS  14.822358876 -72.316228284 14.822539623 -72.316233435 14.822598116 -72.316141389 14.822950434 -72.316162815 14.823012178 -72.316065651 14.823366297 -72.316087185 14.845994348 -72.280404851 14.728832321 -72.274132588 14.728774392 -72.274227006 14.728418009 -72.274207814 14.728359521 -72.274303135 14.728003653 -72.274283970 14.706568523 -72.309149905
2026-09-29 21:08:30,013 - jwst.resample.resample - INFO - 1 exposures to drizzle together
2026-09-29 21:08:32,324 - stcal.resample.resample - INFO - Resampling science and variance data
2026-09-29 21:08:33,532 - jwst.resample.resample - INFO - Assigning output S_REGION: POLYGON ICRS  15.103683065 -72.171336999 14.992542042 -72.158843065 14.952744776 -72.192587174 14.953042006 -72.192621462 14.952921104 -72.192723776 14.953210889 -72.192757205 14.953087266 -72.192861822 14.973058121 -72.195164264 14.971063599 -72.196853494 14.971356850 -72.196887334 14.971233974 -72.196991392 14.971524012 -72.197024812 14.971401177 -72.197128834 15.079878328 -72.209590157 15.079916802 -72.209559703 15.080006799 -72.209570009 15.110186482 -72.185651525 15.109572770 -72.203006849 15.101001831 -72.210283897 15.101300255 -72.210317714 15.101179403 -72.210420280 15.101470407 -72.210453255 15.101346739 -72.210558211 15.121262304 -72.212813666 15.119248598 -72.214524209 15.119543651 -72.214557602 15.119420611 -72.214662110 15.119711029 -72.214694978 15.119588213 -72.214799293 15.228554174 -72.227093206 15.228557641 -72.227090457 15.228668994 -72.227102982 15.270898317 -72.193557749 15.270600092 -72.193523300 15.270729826 -72.193420042 15.270427527 -72.193385254 15.270556251 -72.193282799 15.250414117 -72.190963370 15.252468870 -72.189329167 15.252170615 -72.189294809 15.252300635 -72.189191392 15.251995157 -72.189156201 15.252122181 -72.189055167 15.229269910 -72.186420895 15.228476559 -72.170494674 15.227167414 -72.170496923 15.227152766 -72.170201997 15.111360887 -72.170366024 15.111348483 -72.170717718 15.110713614 -72.170718431 15.110588726 -72.174258556 15.101916697 -72.173287063 15.104027222 -72.171611260 15.103728821 -72.171577823 15.103860270 -72.171473441 15.103554404 -72.171439167  POLYGON ICRS  14.904051770 -72.113112612 14.904057449 -72.113091711 14.791943024 -72.110413656 14.792227769 -72.109388613 14.791569712 -72.109372701 14.791613224 -72.109216073 14.675213122 -72.106366208 14.675151064 -72.106567539 14.674655883 -72.106555267 14.664087283 -72.140776973 14.663636922 -72.140765807 14.663617673 -72.140828018 14.663575345 -72.140826968 14.659260504 -72.154761381 14.658221607 -72.154735218 14.658161167 -72.154936803 14.657663357 -72.154924265 14.647380763 -72.189153792 14.646596976 -72.189134045 14.645436222 -72.192802618 14.635874559 -72.224501703 14.752913765 -72.228284086 14.752914198 -72.228282735 14.758598978 -72.228464658 14.738107975 -72.261409377 14.854508117 -72.268464797 14.854566005 -72.268366992 14.854921345 -72.268388417 14.854978884 -72.268291197 14.855336652 -72.268312766 14.876420386 -72.232614403 14.856969604 -72.231586170 14.865697332 -72.231860698 14.865704037 -72.231839382 14.865895536 -72.231845401 14.876601104 -72.197747364 14.877338552 -72.197770543 14.877345254 -72.197749153 14.877535501 -72.197755132 14.882042172 -72.183360033 14.882586297 -72.183376865 14.882592072 -72.183355778 14.882784269 -72.183361723 14.888008212 -72.164268617 14.888842677 -72.161595145 14.888774228 -72.161593503 14.888780756 -72.161572585 14.888745214 -72.161571732 14.892117219 -72.149222574 14.894165030 -72.149285927 14.894170793 -72.149264798 14.894360999 -72.149270682 14.904197798 -72.113137340 14.904129458 -72.113135727 14.904135203 -72.113114581  POLYGON ICRS  14.822358876 -72.316228284 14.822539623 -72.316233435 14.822598116 -72.316141389 14.822950434 -72.316162815 14.823012178 -72.316065651 14.823366297 -72.316087185 14.845994348 -72.280404851 14.728832321 -72.274132588 14.728774392 -72.274227006 14.728418009 -72.274207814 14.728359521 -72.274303135 14.728003653 -72.274283970 14.706568523 -72.309149905
2026-09-29 21:08:34,246 - jwst.resample.resample - INFO - 2 exposures to drizzle together
2026-09-29 21:08:36,591 - stcal.resample.resample - INFO - Resampling science and variance data
2026-09-29 21:08:39,900 - stcal.resample.resample - INFO - Resampling science and variance data
2026-09-29 21:08:40,901 - jwst.resample.resample - INFO - Assigning output S_REGION: POLYGON ICRS  15.103683065 -72.171336999 14.992542042 -72.158843065 14.952744776 -72.192587174 14.953042006 -72.192621462 14.952921104 -72.192723776 14.953210889 -72.192757205 14.953087266 -72.192861822 14.973058121 -72.195164264 14.971063599 -72.196853494 14.971356850 -72.196887334 14.971233974 -72.196991392 14.971524012 -72.197024812 14.971401177 -72.197128834 15.079878328 -72.209590157 15.079916802 -72.209559703 15.080006799 -72.209570009 15.110186482 -72.185651525 15.109572770 -72.203006849 15.101001831 -72.210283897 15.101300255 -72.210317714 15.101179403 -72.210420280 15.101470407 -72.210453255 15.101346739 -72.210558211 15.121262304 -72.212813666 15.119248598 -72.214524209 15.119543651 -72.214557602 15.119420611 -72.214662110 15.119711029 -72.214694978 15.119588213 -72.214799293 15.228554174 -72.227093206 15.228557641 -72.227090457 15.228668994 -72.227102982 15.270898317 -72.193557749 15.270600092 -72.193523300 15.270729826 -72.193420042 15.270427527 -72.193385254 15.270556251 -72.193282799 15.250414117 -72.190963370 15.252468870 -72.189329167 15.252170615 -72.189294809 15.252300635 -72.189191392 15.251995157 -72.189156201 15.252122181 -72.189055167 15.229269910 -72.186420895 15.228476559 -72.170494674 15.227167414 -72.170496923 15.227152766 -72.170201997 15.111360887 -72.170366024 15.111348483 -72.170717718 15.110713614 -72.170718431 15.110588726 -72.174258556 15.101916697 -72.173287063 15.104027222 -72.171611260 15.103728821 -72.171577823 15.103860270 -72.171473441 15.103554404 -72.171439167  POLYGON ICRS  14.904051770 -72.113112612 14.904057449 -72.113091711 14.791943024 -72.110413656 14.792227769 -72.109388613 14.791569712 -72.109372701 14.791613224 -72.109216073 14.675213122 -72.106366208 14.675151064 -72.106567539 14.674655883 -72.106555267 14.664087283 -72.140776973 14.663636922 -72.140765807 14.663617673 -72.140828018 14.663575345 -72.140826968 14.659260504 -72.154761381 14.658221607 -72.154735218 14.658161167 -72.154936803 14.657663357 -72.154924265 14.647380763 -72.189153792 14.646596976 -72.189134045 14.645436222 -72.192802618 14.635874559 -72.224501703 14.752913765 -72.228284086 14.752914198 -72.228282735 14.758598978 -72.228464658 14.738107975 -72.261409377 14.854508117 -72.268464797 14.854566005 -72.268366992 14.854921345 -72.268388417 14.854978884 -72.268291197 14.855336652 -72.268312766 14.876420386 -72.232614403 14.856969604 -72.231586170 14.865697332 -72.231860698 14.865704037 -72.231839382 14.865895536 -72.231845401 14.876601104 -72.197747364 14.877338552 -72.197770543 14.877345254 -72.197749153 14.877535501 -72.197755132 14.882042172 -72.183360033 14.882586297 -72.183376865 14.882592072 -72.183355778 14.882784269 -72.183361723 14.888008212 -72.164268617 14.888842677 -72.161595145 14.888774228 -72.161593503 14.888780756 -72.161572585 14.888745214 -72.161571732 14.892117219 -72.149222574 14.894165030 -72.149285927 14.894170793 -72.149264798 14.894360999 -72.149270682 14.904197798 -72.113137340 14.904129458 -72.113135727 14.904135203 -72.113114581  POLYGON ICRS  14.822358876 -72.316228284 14.822539623 -72.316233435 14.822598116 -72.316141389 14.822950434 -72.316162815 14.823012178 -72.316065651 14.823366297 -72.316087185 14.845994348 -72.280404851 14.728832321 -72.274132588 14.728774392 -72.274227006 14.728418009 -72.274207814 14.728359521 -72.274303135 14.728003653 -72.274283970 14.706568523 -72.309149905
2026-09-29 21:08:41,882 - jwst.resample.resample - INFO - 2 exposures to drizzle together
2026-09-29 21:08:44,228 - stcal.resample.resample - INFO - Resampling science and variance data
2026-09-29 21:08:47,537 - stcal.resample.resample - INFO - Resampling science and variance data
2026-09-29 21:08:48,542 - jwst.resample.resample - INFO - Assigning output S_REGION: POLYGON ICRS  15.103683065 -72.171336999 14.992542042 -72.158843065 14.952744776 -72.192587174 14.953042006 -72.192621462 14.952921104 -72.192723776 14.953210889 -72.192757205 14.953087266 -72.192861822 14.973058121 -72.195164264 14.971063599 -72.196853494 14.971356850 -72.196887334 14.971233974 -72.196991392 14.971524012 -72.197024812 14.971401177 -72.197128834 15.079878328 -72.209590157 15.079916802 -72.209559703 15.080006799 -72.209570009 15.110186482 -72.185651525 15.109572770 -72.203006849 15.101001831 -72.210283897 15.101300255 -72.210317714 15.101179403 -72.210420280 15.101470407 -72.210453255 15.101346739 -72.210558211 15.121262304 -72.212813666 15.119248598 -72.214524209 15.119543651 -72.214557602 15.119420611 -72.214662110 15.119711029 -72.214694978 15.119588213 -72.214799293 15.228554174 -72.227093206 15.228557641 -72.227090457 15.228668994 -72.227102982 15.270898317 -72.193557749 15.270600092 -72.193523300 15.270729826 -72.193420042 15.270427527 -72.193385254 15.270556251 -72.193282799 15.250414117 -72.190963370 15.252468870 -72.189329167 15.252170615 -72.189294809 15.252300635 -72.189191392 15.251995157 -72.189156201 15.252122181 -72.189055167 15.229269910 -72.186420895 15.228476559 -72.170494674 15.227167414 -72.170496923 15.227152766 -72.170201997 15.111360887 -72.170366024 15.111348483 -72.170717718 15.110713614 -72.170718431 15.110588726 -72.174258556 15.101916697 -72.173287063 15.104027222 -72.171611260 15.103728821 -72.171577823 15.103860270 -72.171473441 15.103554404 -72.171439167  POLYGON ICRS  14.904051770 -72.113112612 14.904057449 -72.113091711 14.791943024 -72.110413656 14.792227769 -72.109388613 14.791569712 -72.109372701 14.791613224 -72.109216073 14.675213122 -72.106366208 14.675151064 -72.106567539 14.674655883 -72.106555267 14.664087283 -72.140776973 14.663636922 -72.140765807 14.663617673 -72.140828018 14.663575345 -72.140826968 14.659260504 -72.154761381 14.658221607 -72.154735218 14.658161167 -72.154936803 14.657663357 -72.154924265 14.647380763 -72.189153792 14.646596976 -72.189134045 14.645436222 -72.192802618 14.635874559 -72.224501703 14.752913765 -72.228284086 14.752914198 -72.228282735 14.758598978 -72.228464658 14.738107975 -72.261409377 14.854508117 -72.268464797 14.854566005 -72.268366992 14.854921345 -72.268388417 14.854978884 -72.268291197 14.855336652 -72.268312766 14.876420386 -72.232614403 14.856969604 -72.231586170 14.865697332 -72.231860698 14.865704037 -72.231839382 14.865895536 -72.231845401 14.876601104 -72.197747364 14.877338552 -72.197770543 14.877345254 -72.197749153 14.877535501 -72.197755132 14.882042172 -72.183360033 14.882586297 -72.183376865 14.882592072 -72.183355778 14.882784269 -72.183361723 14.888008212 -72.164268617 14.888842677 -72.161595145 14.888774228 -72.161593503 14.888780756 -72.161572585 14.888745214 -72.161571732 14.892117219 -72.149222574 14.894165030 -72.149285927 14.894170793 -72.149264798 14.894360999 -72.149270682 14.904197798 -72.113137340 14.904129458 -72.113135727 14.904135203 -72.113114581  POLYGON ICRS  14.822358876 -72.316228284 14.822539623 -72.316233435 14.822598116 -72.316141389 14.822950434 -72.316162815 14.823012178 -72.316065651 14.823366297 -72.316087185 14.845994348 -72.280404851 14.728832321 -72.274132588 14.728774392 -72.274227006 14.728418009 -72.274207814 14.728359521 -72.274303135 14.728003653 -72.274283970 14.706568523 -72.309149905
2026-09-29 21:08:49,594 - jwst.resample.resample - INFO - 2 exposures to drizzle together
2026-09-29 21:08:51,942 - stcal.resample.resample - INFO - Resampling science and variance data
2026-09-29 21:08:55,254 - stcal.resample.resample - INFO - Resampling science and variance data
2026-09-29 21:08:56,263 - jwst.resample.resample - INFO - Assigning output S_REGION: POLYGON ICRS  15.103683065 -72.171336999 14.992542042 -72.158843065 14.952744776 -72.192587174 14.953042006 -72.192621462 14.952921104 -72.192723776 14.953210889 -72.192757205 14.953087266 -72.192861822 14.973058121 -72.195164264 14.971063599 -72.196853494 14.971356850 -72.196887334 14.971233974 -72.196991392 14.971524012 -72.197024812 14.971401177 -72.197128834 15.079878328 -72.209590157 15.079916802 -72.209559703 15.080006799 -72.209570009 15.110186482 -72.185651525 15.109572770 -72.203006849 15.101001831 -72.210283897 15.101300255 -72.210317714 15.101179403 -72.210420280 15.101470407 -72.210453255 15.101346739 -72.210558211 15.121262304 -72.212813666 15.119248598 -72.214524209 15.119543651 -72.214557602 15.119420611 -72.214662110 15.119711029 -72.214694978 15.119588213 -72.214799293 15.228554174 -72.227093206 15.228557641 -72.227090457 15.228668994 -72.227102982 15.270898317 -72.193557749 15.270600092 -72.193523300 15.270729826 -72.193420042 15.270427527 -72.193385254 15.270556251 -72.193282799 15.250414117 -72.190963370 15.252468870 -72.189329167 15.252170615 -72.189294809 15.252300635 -72.189191392 15.251995157 -72.189156201 15.252122181 -72.189055167 15.229269910 -72.186420895 15.228476559 -72.170494674 15.227167414 -72.170496923 15.227152766 -72.170201997 15.111360887 -72.170366024 15.111348483 -72.170717718 15.110713614 -72.170718431 15.110588726 -72.174258556 15.101916697 -72.173287063 15.104027222 -72.171611260 15.103728821 -72.171577823 15.103860270 -72.171473441 15.103554404 -72.171439167  POLYGON ICRS  14.904051770 -72.113112612 14.904057449 -72.113091711 14.791943024 -72.110413656 14.792227769 -72.109388613 14.791569712 -72.109372701 14.791613224 -72.109216073 14.675213122 -72.106366208 14.675151064 -72.106567539 14.674655883 -72.106555267 14.664087283 -72.140776973 14.663636922 -72.140765807 14.663617673 -72.140828018 14.663575345 -72.140826968 14.659260504 -72.154761381 14.658221607 -72.154735218 14.658161167 -72.154936803 14.657663357 -72.154924265 14.647380763 -72.189153792 14.646596976 -72.189134045 14.645436222 -72.192802618 14.635874559 -72.224501703 14.752913765 -72.228284086 14.752914198 -72.228282735 14.758598978 -72.228464658 14.738107975 -72.261409377 14.854508117 -72.268464797 14.854566005 -72.268366992 14.854921345 -72.268388417 14.854978884 -72.268291197 14.855336652 -72.268312766 14.876420386 -72.232614403 14.856969604 -72.231586170 14.865697332 -72.231860698 14.865704037 -72.231839382 14.865895536 -72.231845401 14.876601104 -72.197747364 14.877338552 -72.197770543 14.877345254 -72.197749153 14.877535501 -72.197755132 14.882042172 -72.183360033 14.882586297 -72.183376865 14.882592072 -72.183355778 14.882784269 -72.183361723 14.888008212 -72.164268617 14.888842677 -72.161595145 14.888774228 -72.161593503 14.888780756 -72.161572585 14.888745214 -72.161571732 14.892117219 -72.149222574 14.894165030 -72.149285927 14.894170793 -72.149264798 14.894360999 -72.149270682 14.904197798 -72.113137340 14.904129458 -72.113135727 14.904135203 -72.113114581  POLYGON ICRS  14.822358876 -72.316228284 14.822539623 -72.316233435 14.822598116 -72.316141389 14.822950434 -72.316162815 14.823012178 -72.316065651 14.823366297 -72.316087185 14.845994348 -72.280404851 14.728832321 -72.274132588 14.728774392 -72.274227006 14.728418009 -72.274207814 14.728359521 -72.274303135 14.728003653 -72.274283970 14.706568523 -72.309149905
2026-09-29 21:08:57,294 - jwst.resample.resample - INFO - 2 exposures to drizzle together
2026-09-29 21:08:59,650 - stcal.resample.resample - INFO - Resampling science and variance data
2026-09-29 21:09:02,958 - stcal.resample.resample - INFO - Resampling science and variance data
2026-09-29 21:09:03,971 - jwst.resample.resample - INFO - Assigning output S_REGION: POLYGON ICRS  15.103683065 -72.171336999 14.992542042 -72.158843065 14.952744776 -72.192587174 14.953042006 -72.192621462 14.952921104 -72.192723776 14.953210889 -72.192757205 14.953087266 -72.192861822 14.973058121 -72.195164264 14.971063599 -72.196853494 14.971356850 -72.196887334 14.971233974 -72.196991392 14.971524012 -72.197024812 14.971401177 -72.197128834 15.079878328 -72.209590157 15.079916802 -72.209559703 15.080006799 -72.209570009 15.110186482 -72.185651525 15.109572770 -72.203006849 15.101001831 -72.210283897 15.101300255 -72.210317714 15.101179403 -72.210420280 15.101470407 -72.210453255 15.101346739 -72.210558211 15.121262304 -72.212813666 15.119248598 -72.214524209 15.119543651 -72.214557602 15.119420611 -72.214662110 15.119711029 -72.214694978 15.119588213 -72.214799293 15.228554174 -72.227093206 15.228557641 -72.227090457 15.228668994 -72.227102982 15.270898317 -72.193557749 15.270600092 -72.193523300 15.270729826 -72.193420042 15.270427527 -72.193385254 15.270556251 -72.193282799 15.250414117 -72.190963370 15.252468870 -72.189329167 15.252170615 -72.189294809 15.252300635 -72.189191392 15.251995157 -72.189156201 15.252122181 -72.189055167 15.229269910 -72.186420895 15.228476559 -72.170494674 15.227167414 -72.170496923 15.227152766 -72.170201997 15.111360887 -72.170366024 15.111348483 -72.170717718 15.110713614 -72.170718431 15.110588726 -72.174258556 15.101916697 -72.173287063 15.104027222 -72.171611260 15.103728821 -72.171577823 15.103860270 -72.171473441 15.103554404 -72.171439167  POLYGON ICRS  14.904051770 -72.113112612 14.904057449 -72.113091711 14.791943024 -72.110413656 14.792227769 -72.109388613 14.791569712 -72.109372701 14.791613224 -72.109216073 14.675213122 -72.106366208 14.675151064 -72.106567539 14.674655883 -72.106555267 14.664087283 -72.140776973 14.663636922 -72.140765807 14.663617673 -72.140828018 14.663575345 -72.140826968 14.659260504 -72.154761381 14.658221607 -72.154735218 14.658161167 -72.154936803 14.657663357 -72.154924265 14.647380763 -72.189153792 14.646596976 -72.189134045 14.645436222 -72.192802618 14.635874559 -72.224501703 14.752913765 -72.228284086 14.752914198 -72.228282735 14.758598978 -72.228464658 14.738107975 -72.261409377 14.854508117 -72.268464797 14.854566005 -72.268366992 14.854921345 -72.268388417 14.854978884 -72.268291197 14.855336652 -72.268312766 14.876420386 -72.232614403 14.856969604 -72.231586170 14.865697332 -72.231860698 14.865704037 -72.231839382 14.865895536 -72.231845401 14.876601104 -72.197747364 14.877338552 -72.197770543 14.877345254 -72.197749153 14.877535501 -72.197755132 14.882042172 -72.183360033 14.882586297 -72.183376865 14.882592072 -72.183355778 14.882784269 -72.183361723 14.888008212 -72.164268617 14.888842677 -72.161595145 14.888774228 -72.161593503 14.888780756 -72.161572585 14.888745214 -72.161571732 14.892117219 -72.149222574 14.894165030 -72.149285927 14.894170793 -72.149264798 14.894360999 -72.149270682 14.904197798 -72.113137340 14.904129458 -72.113135727 14.904135203 -72.113114581  POLYGON ICRS  14.822358876 -72.316228284 14.822539623 -72.316233435 14.822598116 -72.316141389 14.822950434 -72.316162815 14.823012178 -72.316065651 14.823366297 -72.316087185 14.845994348 -72.280404851 14.728832321 -72.274132588 14.728774392 -72.274227006 14.728418009 -72.274207814 14.728359521 -72.274303135 14.728003653 -72.274283970 14.706568523 -72.309149905
2026-09-29 21:09:05,009 - jwst.resample.resample - INFO - 2 exposures to drizzle together
2026-09-29 21:09:07,329 - stcal.resample.resample - INFO - Resampling science and variance data
2026-09-29 21:09:10,774 - stcal.resample.resample - INFO - Resampling science and variance data
2026-09-29 21:09:11,953 - jwst.resample.resample - INFO - Assigning output S_REGION: POLYGON ICRS  15.103683065 -72.171336999 14.992542042 -72.158843065 14.952744776 -72.192587174 14.953042006 -72.192621462 14.952921104 -72.192723776 14.953210889 -72.192757205 14.953087266 -72.192861822 14.973058121 -72.195164264 14.971063599 -72.196853494 14.971356850 -72.196887334 14.971233974 -72.196991392 14.971524012 -72.197024812 14.971401177 -72.197128834 15.079878328 -72.209590157 15.079916802 -72.209559703 15.080006799 -72.209570009 15.110186482 -72.185651525 15.109572770 -72.203006849 15.101001831 -72.210283897 15.101300255 -72.210317714 15.101179403 -72.210420280 15.101470407 -72.210453255 15.101346739 -72.210558211 15.121262304 -72.212813666 15.119248598 -72.214524209 15.119543651 -72.214557602 15.119420611 -72.214662110 15.119711029 -72.214694978 15.119588213 -72.214799293 15.228554174 -72.227093206 15.228557641 -72.227090457 15.228668994 -72.227102982 15.270898317 -72.193557749 15.270600092 -72.193523300 15.270729826 -72.193420042 15.270427527 -72.193385254 15.270556251 -72.193282799 15.250414117 -72.190963370 15.252468870 -72.189329167 15.252170615 -72.189294809 15.252300635 -72.189191392 15.251995157 -72.189156201 15.252122181 -72.189055167 15.229269910 -72.186420895 15.228476559 -72.170494674 15.227167414 -72.170496923 15.227152766 -72.170201997 15.111360887 -72.170366024 15.111348483 -72.170717718 15.110713614 -72.170718431 15.110588726 -72.174258556 15.101916697 -72.173287063 15.104027222 -72.171611260 15.103728821 -72.171577823 15.103860270 -72.171473441 15.103554404 -72.171439167  POLYGON ICRS  14.904051770 -72.113112612 14.904057449 -72.113091711 14.791943024 -72.110413656 14.792227769 -72.109388613 14.791569712 -72.109372701 14.791613224 -72.109216073 14.675213122 -72.106366208 14.675151064 -72.106567539 14.674655883 -72.106555267 14.664087283 -72.140776973 14.663636922 -72.140765807 14.663617673 -72.140828018 14.663575345 -72.140826968 14.659260504 -72.154761381 14.658221607 -72.154735218 14.658161167 -72.154936803 14.657663357 -72.154924265 14.647380763 -72.189153792 14.646596976 -72.189134045 14.645436222 -72.192802618 14.635874559 -72.224501703 14.752913765 -72.228284086 14.752914198 -72.228282735 14.758598978 -72.228464658 14.738107975 -72.261409377 14.854508117 -72.268464797 14.854566005 -72.268366992 14.854921345 -72.268388417 14.854978884 -72.268291197 14.855336652 -72.268312766 14.876420386 -72.232614403 14.856969604 -72.231586170 14.865697332 -72.231860698 14.865704037 -72.231839382 14.865895536 -72.231845401 14.876601104 -72.197747364 14.877338552 -72.197770543 14.877345254 -72.197749153 14.877535501 -72.197755132 14.882042172 -72.183360033 14.882586297 -72.183376865 14.882592072 -72.183355778 14.882784269 -72.183361723 14.888008212 -72.164268617 14.888842677 -72.161595145 14.888774228 -72.161593503 14.888780756 -72.161572585 14.888745214 -72.161571732 14.892117219 -72.149222574 14.894165030 -72.149285927 14.894170793 -72.149264798 14.894360999 -72.149270682 14.904197798 -72.113137340 14.904129458 -72.113135727 14.904135203 -72.113114581  POLYGON ICRS  14.822358876 -72.316228284 14.822539623 -72.316233435 14.822598116 -72.316141389 14.822950434 -72.316162815 14.823012178 -72.316065651 14.823366297 -72.316087185 14.845994348 -72.280404851 14.728832321 -72.274132588 14.728774392 -72.274227006 14.728418009 -72.274207814 14.728359521 -72.274303135 14.728003653 -72.274283970 14.706568523 -72.309149905
2026-09-29 21:09:12,999 - jwst.resample.resample - INFO - 2 exposures to drizzle together
2026-09-29 21:09:15,310 - stcal.resample.resample - INFO - Resampling science and variance data
2026-09-29 21:09:18,763 - stcal.resample.resample - INFO - Resampling science and variance data
2026-09-29 21:09:19,949 - jwst.resample.resample - INFO - Assigning output S_REGION: POLYGON ICRS  15.103683065 -72.171336999 14.992542042 -72.158843065 14.952744776 -72.192587174 14.953042006 -72.192621462 14.952921104 -72.192723776 14.953210889 -72.192757205 14.953087266 -72.192861822 14.973058121 -72.195164264 14.971063599 -72.196853494 14.971356850 -72.196887334 14.971233974 -72.196991392 14.971524012 -72.197024812 14.971401177 -72.197128834 15.079878328 -72.209590157 15.079916802 -72.209559703 15.080006799 -72.209570009 15.110186482 -72.185651525 15.109572770 -72.203006849 15.101001831 -72.210283897 15.101300255 -72.210317714 15.101179403 -72.210420280 15.101470407 -72.210453255 15.101346739 -72.210558211 15.121262304 -72.212813666 15.119248598 -72.214524209 15.119543651 -72.214557602 15.119420611 -72.214662110 15.119711029 -72.214694978 15.119588213 -72.214799293 15.228554174 -72.227093206 15.228557641 -72.227090457 15.228668994 -72.227102982 15.270898317 -72.193557749 15.270600092 -72.193523300 15.270729826 -72.193420042 15.270427527 -72.193385254 15.270556251 -72.193282799 15.250414117 -72.190963370 15.252468870 -72.189329167 15.252170615 -72.189294809 15.252300635 -72.189191392 15.251995157 -72.189156201 15.252122181 -72.189055167 15.229269910 -72.186420895 15.228476559 -72.170494674 15.227167414 -72.170496923 15.227152766 -72.170201997 15.111360887 -72.170366024 15.111348483 -72.170717718 15.110713614 -72.170718431 15.110588726 -72.174258556 15.101916697 -72.173287063 15.104027222 -72.171611260 15.103728821 -72.171577823 15.103860270 -72.171473441 15.103554404 -72.171439167  POLYGON ICRS  14.904051770 -72.113112612 14.904057449 -72.113091711 14.791943024 -72.110413656 14.792227769 -72.109388613 14.791569712 -72.109372701 14.791613224 -72.109216073 14.675213122 -72.106366208 14.675151064 -72.106567539 14.674655883 -72.106555267 14.664087283 -72.140776973 14.663636922 -72.140765807 14.663617673 -72.140828018 14.663575345 -72.140826968 14.659260504 -72.154761381 14.658221607 -72.154735218 14.658161167 -72.154936803 14.657663357 -72.154924265 14.647380763 -72.189153792 14.646596976 -72.189134045 14.645436222 -72.192802618 14.635874559 -72.224501703 14.752913765 -72.228284086 14.752914198 -72.228282735 14.758598978 -72.228464658 14.738107975 -72.261409377 14.854508117 -72.268464797 14.854566005 -72.268366992 14.854921345 -72.268388417 14.854978884 -72.268291197 14.855336652 -72.268312766 14.876420386 -72.232614403 14.856969604 -72.231586170 14.865697332 -72.231860698 14.865704037 -72.231839382 14.865895536 -72.231845401 14.876601104 -72.197747364 14.877338552 -72.197770543 14.877345254 -72.197749153 14.877535501 -72.197755132 14.882042172 -72.183360033 14.882586297 -72.183376865 14.882592072 -72.183355778 14.882784269 -72.183361723 14.888008212 -72.164268617 14.888842677 -72.161595145 14.888774228 -72.161593503 14.888780756 -72.161572585 14.888745214 -72.161571732 14.892117219 -72.149222574 14.894165030 -72.149285927 14.894170793 -72.149264798 14.894360999 -72.149270682 14.904197798 -72.113137340 14.904129458 -72.113135727 14.904135203 -72.113114581  POLYGON ICRS  14.822358876 -72.316228284 14.822539623 -72.316233435 14.822598116 -72.316141389 14.822950434 -72.316162815 14.823012178 -72.316065651 14.823366297 -72.316087185 14.845994348 -72.280404851 14.728832321 -72.274132588 14.728774392 -72.274227006 14.728418009 -72.274207814 14.728359521 -72.274303135 14.728003653 -72.274283970 14.706568523 -72.309149905
2026-09-29 21:09:20,945 - jwst.resample.resample - INFO - 2 exposures to drizzle together
2026-09-29 21:09:23,263 - stcal.resample.resample - INFO - Resampling science and variance data
2026-09-29 21:09:26,722 - stcal.resample.resample - INFO - Resampling science and variance data
2026-09-29 21:09:27,907 - jwst.resample.resample - INFO - Assigning output S_REGION: POLYGON ICRS  15.103683065 -72.171336999 14.992542042 -72.158843065 14.952744776 -72.192587174 14.953042006 -72.192621462 14.952921104 -72.192723776 14.953210889 -72.192757205 14.953087266 -72.192861822 14.973058121 -72.195164264 14.971063599 -72.196853494 14.971356850 -72.196887334 14.971233974 -72.196991392 14.971524012 -72.197024812 14.971401177 -72.197128834 15.079878328 -72.209590157 15.079916802 -72.209559703 15.080006799 -72.209570009 15.110186482 -72.185651525 15.109572770 -72.203006849 15.101001831 -72.210283897 15.101300255 -72.210317714 15.101179403 -72.210420280 15.101470407 -72.210453255 15.101346739 -72.210558211 15.121262304 -72.212813666 15.119248598 -72.214524209 15.119543651 -72.214557602 15.119420611 -72.214662110 15.119711029 -72.214694978 15.119588213 -72.214799293 15.228554174 -72.227093206 15.228557641 -72.227090457 15.228668994 -72.227102982 15.270898317 -72.193557749 15.270600092 -72.193523300 15.270729826 -72.193420042 15.270427527 -72.193385254 15.270556251 -72.193282799 15.250414117 -72.190963370 15.252468870 -72.189329167 15.252170615 -72.189294809 15.252300635 -72.189191392 15.251995157 -72.189156201 15.252122181 -72.189055167 15.229269910 -72.186420895 15.228476559 -72.170494674 15.227167414 -72.170496923 15.227152766 -72.170201997 15.111360887 -72.170366024 15.111348483 -72.170717718 15.110713614 -72.170718431 15.110588726 -72.174258556 15.101916697 -72.173287063 15.104027222 -72.171611260 15.103728821 -72.171577823 15.103860270 -72.171473441 15.103554404 -72.171439167  POLYGON ICRS  14.904051770 -72.113112612 14.904057449 -72.113091711 14.791943024 -72.110413656 14.792227769 -72.109388613 14.791569712 -72.109372701 14.791613224 -72.109216073 14.675213122 -72.106366208 14.675151064 -72.106567539 14.674655883 -72.106555267 14.664087283 -72.140776973 14.663636922 -72.140765807 14.663617673 -72.140828018 14.663575345 -72.140826968 14.659260504 -72.154761381 14.658221607 -72.154735218 14.658161167 -72.154936803 14.657663357 -72.154924265 14.647380763 -72.189153792 14.646596976 -72.189134045 14.645436222 -72.192802618 14.635874559 -72.224501703 14.752913765 -72.228284086 14.752914198 -72.228282735 14.758598978 -72.228464658 14.738107975 -72.261409377 14.854508117 -72.268464797 14.854566005 -72.268366992 14.854921345 -72.268388417 14.854978884 -72.268291197 14.855336652 -72.268312766 14.876420386 -72.232614403 14.856969604 -72.231586170 14.865697332 -72.231860698 14.865704037 -72.231839382 14.865895536 -72.231845401 14.876601104 -72.197747364 14.877338552 -72.197770543 14.877345254 -72.197749153 14.877535501 -72.197755132 14.882042172 -72.183360033 14.882586297 -72.183376865 14.882592072 -72.183355778 14.882784269 -72.183361723 14.888008212 -72.164268617 14.888842677 -72.161595145 14.888774228 -72.161593503 14.888780756 -72.161572585 14.888745214 -72.161571732 14.892117219 -72.149222574 14.894165030 -72.149285927 14.894170793 -72.149264798 14.894360999 -72.149270682 14.904197798 -72.113137340 14.904129458 -72.113135727 14.904135203 -72.113114581  POLYGON ICRS  14.822358876 -72.316228284 14.822539623 -72.316233435 14.822598116 -72.316141389 14.822950434 -72.316162815 14.823012178 -72.316065651 14.823366297 -72.316087185 14.845994348 -72.280404851 14.728832321 -72.274132588 14.728774392 -72.274227006 14.728418009 -72.274207814 14.728359521 -72.274303135 14.728003653 -72.274283970 14.706568523 -72.309149905
2026-09-29 21:09:29,020 - jwst.resample.resample - INFO - 2 exposures to drizzle together
2026-09-29 21:09:31,350 - stcal.resample.resample - INFO - Resampling science and variance data
2026-09-29 21:09:34,850 - stcal.resample.resample - INFO - Resampling science and variance data
2026-09-29 21:09:36,037 - jwst.resample.resample - INFO - Assigning output S_REGION: POLYGON ICRS  15.103683065 -72.171336999 14.992542042 -72.158843065 14.952744776 -72.192587174 14.953042006 -72.192621462 14.952921104 -72.192723776 14.953210889 -72.192757205 14.953087266 -72.192861822 14.973058121 -72.195164264 14.971063599 -72.196853494 14.971356850 -72.196887334 14.971233974 -72.196991392 14.971524012 -72.197024812 14.971401177 -72.197128834 15.079878328 -72.209590157 15.079916802 -72.209559703 15.080006799 -72.209570009 15.110186482 -72.185651525 15.109572770 -72.203006849 15.101001831 -72.210283897 15.101300255 -72.210317714 15.101179403 -72.210420280 15.101470407 -72.210453255 15.101346739 -72.210558211 15.121262304 -72.212813666 15.119248598 -72.214524209 15.119543651 -72.214557602 15.119420611 -72.214662110 15.119711029 -72.214694978 15.119588213 -72.214799293 15.228554174 -72.227093206 15.228557641 -72.227090457 15.228668994 -72.227102982 15.270898317 -72.193557749 15.270600092 -72.193523300 15.270729826 -72.193420042 15.270427527 -72.193385254 15.270556251 -72.193282799 15.250414117 -72.190963370 15.252468870 -72.189329167 15.252170615 -72.189294809 15.252300635 -72.189191392 15.251995157 -72.189156201 15.252122181 -72.189055167 15.229269910 -72.186420895 15.228476559 -72.170494674 15.227167414 -72.170496923 15.227152766 -72.170201997 15.111360887 -72.170366024 15.111348483 -72.170717718 15.110713614 -72.170718431 15.110588726 -72.174258556 15.101916697 -72.173287063 15.104027222 -72.171611260 15.103728821 -72.171577823 15.103860270 -72.171473441 15.103554404 -72.171439167  POLYGON ICRS  14.904051770 -72.113112612 14.904057449 -72.113091711 14.791943024 -72.110413656 14.792227769 -72.109388613 14.791569712 -72.109372701 14.791613224 -72.109216073 14.675213122 -72.106366208 14.675151064 -72.106567539 14.674655883 -72.106555267 14.664087283 -72.140776973 14.663636922 -72.140765807 14.663617673 -72.140828018 14.663575345 -72.140826968 14.659260504 -72.154761381 14.658221607 -72.154735218 14.658161167 -72.154936803 14.657663357 -72.154924265 14.647380763 -72.189153792 14.646596976 -72.189134045 14.645436222 -72.192802618 14.635874559 -72.224501703 14.752913765 -72.228284086 14.752914198 -72.228282735 14.758598978 -72.228464658 14.738107975 -72.261409377 14.854508117 -72.268464797 14.854566005 -72.268366992 14.854921345 -72.268388417 14.854978884 -72.268291197 14.855336652 -72.268312766 14.876420386 -72.232614403 14.856969604 -72.231586170 14.865697332 -72.231860698 14.865704037 -72.231839382 14.865895536 -72.231845401 14.876601104 -72.197747364 14.877338552 -72.197770543 14.877345254 -72.197749153 14.877535501 -72.197755132 14.882042172 -72.183360033 14.882586297 -72.183376865 14.882592072 -72.183355778 14.882784269 -72.183361723 14.888008212 -72.164268617 14.888842677 -72.161595145 14.888774228 -72.161593503 14.888780756 -72.161572585 14.888745214 -72.161571732 14.892117219 -72.149222574 14.894165030 -72.149285927 14.894170793 -72.149264798 14.894360999 -72.149270682 14.904197798 -72.113137340 14.904129458 -72.113135727 14.904135203 -72.113114581  POLYGON ICRS  14.822358876 -72.316228284 14.822539623 -72.316233435 14.822598116 -72.316141389 14.822950434 -72.316162815 14.823012178 -72.316065651 14.823366297 -72.316087185 14.845994348 -72.280404851 14.728832321 -72.274132588 14.728774392 -72.274227006 14.728418009 -72.274207814 14.728359521 -72.274303135 14.728003653 -72.274283970 14.706568523 -72.309149905
2026-09-29 21:09:37,075 - jwst.resample.resample - INFO - 2 exposures to drizzle together
2026-09-29 21:09:39,395 - stcal.resample.resample - INFO - Resampling science and variance data
2026-09-29 21:09:42,838 - stcal.resample.resample - INFO - Resampling science and variance data
2026-09-29 21:09:44,023 - jwst.resample.resample - INFO - Assigning output S_REGION: POLYGON ICRS  15.103683065 -72.171336999 14.992542042 -72.158843065 14.952744776 -72.192587174 14.953042006 -72.192621462 14.952921104 -72.192723776 14.953210889 -72.192757205 14.953087266 -72.192861822 14.973058121 -72.195164264 14.971063599 -72.196853494 14.971356850 -72.196887334 14.971233974 -72.196991392 14.971524012 -72.197024812 14.971401177 -72.197128834 15.079878328 -72.209590157 15.079916802 -72.209559703 15.080006799 -72.209570009 15.110186482 -72.185651525 15.109572770 -72.203006849 15.101001831 -72.210283897 15.101300255 -72.210317714 15.101179403 -72.210420280 15.101470407 -72.210453255 15.101346739 -72.210558211 15.121262304 -72.212813666 15.119248598 -72.214524209 15.119543651 -72.214557602 15.119420611 -72.214662110 15.119711029 -72.214694978 15.119588213 -72.214799293 15.228554174 -72.227093206 15.228557641 -72.227090457 15.228668994 -72.227102982 15.270898317 -72.193557749 15.270600092 -72.193523300 15.270729826 -72.193420042 15.270427527 -72.193385254 15.270556251 -72.193282799 15.250414117 -72.190963370 15.252468870 -72.189329167 15.252170615 -72.189294809 15.252300635 -72.189191392 15.251995157 -72.189156201 15.252122181 -72.189055167 15.229269910 -72.186420895 15.228476559 -72.170494674 15.227167414 -72.170496923 15.227152766 -72.170201997 15.111360887 -72.170366024 15.111348483 -72.170717718 15.110713614 -72.170718431 15.110588726 -72.174258556 15.101916697 -72.173287063 15.104027222 -72.171611260 15.103728821 -72.171577823 15.103860270 -72.171473441 15.103554404 -72.171439167  POLYGON ICRS  14.904051770 -72.113112612 14.904057449 -72.113091711 14.791943024 -72.110413656 14.792227769 -72.109388613 14.791569712 -72.109372701 14.791613224 -72.109216073 14.675213122 -72.106366208 14.675151064 -72.106567539 14.674655883 -72.106555267 14.664087283 -72.140776973 14.663636922 -72.140765807 14.663617673 -72.140828018 14.663575345 -72.140826968 14.659260504 -72.154761381 14.658221607 -72.154735218 14.658161167 -72.154936803 14.657663357 -72.154924265 14.647380763 -72.189153792 14.646596976 -72.189134045 14.645436222 -72.192802618 14.635874559 -72.224501703 14.752913765 -72.228284086 14.752914198 -72.228282735 14.758598978 -72.228464658 14.738107975 -72.261409377 14.854508117 -72.268464797 14.854566005 -72.268366992 14.854921345 -72.268388417 14.854978884 -72.268291197 14.855336652 -72.268312766 14.876420386 -72.232614403 14.856969604 -72.231586170 14.865697332 -72.231860698 14.865704037 -72.231839382 14.865895536 -72.231845401 14.876601104 -72.197747364 14.877338552 -72.197770543 14.877345254 -72.197749153 14.877535501 -72.197755132 14.882042172 -72.183360033 14.882586297 -72.183376865 14.882592072 -72.183355778 14.882784269 -72.183361723 14.888008212 -72.164268617 14.888842677 -72.161595145 14.888774228 -72.161593503 14.888780756 -72.161572585 14.888745214 -72.161571732 14.892117219 -72.149222574 14.894165030 -72.149285927 14.894170793 -72.149264798 14.894360999 -72.149270682 14.904197798 -72.113137340 14.904129458 -72.113135727 14.904135203 -72.113114581  POLYGON ICRS  14.822358876 -72.316228284 14.822539623 -72.316233435 14.822598116 -72.316141389 14.822950434 -72.316162815 14.823012178 -72.316065651 14.823366297 -72.316087185 14.845994348 -72.280404851 14.728832321 -72.274132588 14.728774392 -72.274227006 14.728418009 -72.274207814 14.728359521 -72.274303135 14.728003653 -72.274283970 14.706568523 -72.309149905
2026-09-29 21:09:45,054 - jwst.resample.resample - INFO - 2 exposures to drizzle together
2026-09-29 21:09:47,373 - stcal.resample.resample - INFO - Resampling science and variance data
2026-09-29 21:09:50,833 - stcal.resample.resample - INFO - Resampling science and variance data
2026-09-29 21:09:52,024 - jwst.resample.resample - INFO - Assigning output S_REGION: POLYGON ICRS  15.103683065 -72.171336999 14.992542042 -72.158843065 14.952744776 -72.192587174 14.953042006 -72.192621462 14.952921104 -72.192723776 14.953210889 -72.192757205 14.953087266 -72.192861822 14.973058121 -72.195164264 14.971063599 -72.196853494 14.971356850 -72.196887334 14.971233974 -72.196991392 14.971524012 -72.197024812 14.971401177 -72.197128834 15.079878328 -72.209590157 15.079916802 -72.209559703 15.080006799 -72.209570009 15.110186482 -72.185651525 15.109572770 -72.203006849 15.101001831 -72.210283897 15.101300255 -72.210317714 15.101179403 -72.210420280 15.101470407 -72.210453255 15.101346739 -72.210558211 15.121262304 -72.212813666 15.119248598 -72.214524209 15.119543651 -72.214557602 15.119420611 -72.214662110 15.119711029 -72.214694978 15.119588213 -72.214799293 15.228554174 -72.227093206 15.228557641 -72.227090457 15.228668994 -72.227102982 15.270898317 -72.193557749 15.270600092 -72.193523300 15.270729826 -72.193420042 15.270427527 -72.193385254 15.270556251 -72.193282799 15.250414117 -72.190963370 15.252468870 -72.189329167 15.252170615 -72.189294809 15.252300635 -72.189191392 15.251995157 -72.189156201 15.252122181 -72.189055167 15.229269910 -72.186420895 15.228476559 -72.170494674 15.227167414 -72.170496923 15.227152766 -72.170201997 15.111360887 -72.170366024 15.111348483 -72.170717718 15.110713614 -72.170718431 15.110588726 -72.174258556 15.101916697 -72.173287063 15.104027222 -72.171611260 15.103728821 -72.171577823 15.103860270 -72.171473441 15.103554404 -72.171439167  POLYGON ICRS  14.904051770 -72.113112612 14.904057449 -72.113091711 14.791943024 -72.110413656 14.792227769 -72.109388613 14.791569712 -72.109372701 14.791613224 -72.109216073 14.675213122 -72.106366208 14.675151064 -72.106567539 14.674655883 -72.106555267 14.664087283 -72.140776973 14.663636922 -72.140765807 14.663617673 -72.140828018 14.663575345 -72.140826968 14.659260504 -72.154761381 14.658221607 -72.154735218 14.658161167 -72.154936803 14.657663357 -72.154924265 14.647380763 -72.189153792 14.646596976 -72.189134045 14.645436222 -72.192802618 14.635874559 -72.224501703 14.752913765 -72.228284086 14.752914198 -72.228282735 14.758598978 -72.228464658 14.738107975 -72.261409377 14.854508117 -72.268464797 14.854566005 -72.268366992 14.854921345 -72.268388417 14.854978884 -72.268291197 14.855336652 -72.268312766 14.876420386 -72.232614403 14.856969604 -72.231586170 14.865697332 -72.231860698 14.865704037 -72.231839382 14.865895536 -72.231845401 14.876601104 -72.197747364 14.877338552 -72.197770543 14.877345254 -72.197749153 14.877535501 -72.197755132 14.882042172 -72.183360033 14.882586297 -72.183376865 14.882592072 -72.183355778 14.882784269 -72.183361723 14.888008212 -72.164268617 14.888842677 -72.161595145 14.888774228 -72.161593503 14.888780756 -72.161572585 14.888745214 -72.161571732 14.892117219 -72.149222574 14.894165030 -72.149285927 14.894170793 -72.149264798 14.894360999 -72.149270682 14.904197798 -72.113137340 14.904129458 -72.113135727 14.904135203 -72.113114581  POLYGON ICRS  14.822358876 -72.316228284 14.822539623 -72.316233435 14.822598116 -72.316141389 14.822950434 -72.316162815 14.823012178 -72.316065651 14.823366297 -72.316087185 14.845994348 -72.280404851 14.728832321 -72.274132588 14.728774392 -72.274227006 14.728418009 -72.274207814 14.728359521 -72.274303135 14.728003653 -72.274283970 14.706568523 -72.309149905
2026-09-29 21:09:53,122 - jwst.resample.resample - INFO - 2 exposures to drizzle together
2026-09-29 21:09:55,449 - stcal.resample.resample - INFO - Resampling science and variance data
2026-09-29 21:09:58,900 - stcal.resample.resample - INFO - Resampling science and variance data
2026-09-29 21:10:00,085 - jwst.resample.resample - INFO - Assigning output S_REGION: POLYGON ICRS  15.103683065 -72.171336999 14.992542042 -72.158843065 14.952744776 -72.192587174 14.953042006 -72.192621462 14.952921104 -72.192723776 14.953210889 -72.192757205 14.953087266 -72.192861822 14.973058121 -72.195164264 14.971063599 -72.196853494 14.971356850 -72.196887334 14.971233974 -72.196991392 14.971524012 -72.197024812 14.971401177 -72.197128834 15.079878328 -72.209590157 15.079916802 -72.209559703 15.080006799 -72.209570009 15.110186482 -72.185651525 15.109572770 -72.203006849 15.101001831 -72.210283897 15.101300255 -72.210317714 15.101179403 -72.210420280 15.101470407 -72.210453255 15.101346739 -72.210558211 15.121262304 -72.212813666 15.119248598 -72.214524209 15.119543651 -72.214557602 15.119420611 -72.214662110 15.119711029 -72.214694978 15.119588213 -72.214799293 15.228554174 -72.227093206 15.228557641 -72.227090457 15.228668994 -72.227102982 15.270898317 -72.193557749 15.270600092 -72.193523300 15.270729826 -72.193420042 15.270427527 -72.193385254 15.270556251 -72.193282799 15.250414117 -72.190963370 15.252468870 -72.189329167 15.252170615 -72.189294809 15.252300635 -72.189191392 15.251995157 -72.189156201 15.252122181 -72.189055167 15.229269910 -72.186420895 15.228476559 -72.170494674 15.227167414 -72.170496923 15.227152766 -72.170201997 15.111360887 -72.170366024 15.111348483 -72.170717718 15.110713614 -72.170718431 15.110588726 -72.174258556 15.101916697 -72.173287063 15.104027222 -72.171611260 15.103728821 -72.171577823 15.103860270 -72.171473441 15.103554404 -72.171439167  POLYGON ICRS  14.904051770 -72.113112612 14.904057449 -72.113091711 14.791943024 -72.110413656 14.792227769 -72.109388613 14.791569712 -72.109372701 14.791613224 -72.109216073 14.675213122 -72.106366208 14.675151064 -72.106567539 14.674655883 -72.106555267 14.664087283 -72.140776973 14.663636922 -72.140765807 14.663617673 -72.140828018 14.663575345 -72.140826968 14.659260504 -72.154761381 14.658221607 -72.154735218 14.658161167 -72.154936803 14.657663357 -72.154924265 14.647380763 -72.189153792 14.646596976 -72.189134045 14.645436222 -72.192802618 14.635874559 -72.224501703 14.752913765 -72.228284086 14.752914198 -72.228282735 14.758598978 -72.228464658 14.738107975 -72.261409377 14.854508117 -72.268464797 14.854566005 -72.268366992 14.854921345 -72.268388417 14.854978884 -72.268291197 14.855336652 -72.268312766 14.876420386 -72.232614403 14.856969604 -72.231586170 14.865697332 -72.231860698 14.865704037 -72.231839382 14.865895536 -72.231845401 14.876601104 -72.197747364 14.877338552 -72.197770543 14.877345254 -72.197749153 14.877535501 -72.197755132 14.882042172 -72.183360033 14.882586297 -72.183376865 14.882592072 -72.183355778 14.882784269 -72.183361723 14.888008212 -72.164268617 14.888842677 -72.161595145 14.888774228 -72.161593503 14.888780756 -72.161572585 14.888745214 -72.161571732 14.892117219 -72.149222574 14.894165030 -72.149285927 14.894170793 -72.149264798 14.894360999 -72.149270682 14.904197798 -72.113137340 14.904129458 -72.113135727 14.904135203 -72.113114581  POLYGON ICRS  14.822358876 -72.316228284 14.822539623 -72.316233435 14.822598116 -72.316141389 14.822950434 -72.316162815 14.823012178 -72.316065651 14.823366297 -72.316087185 14.845994348 -72.280404851 14.728832321 -72.274132588 14.728774392 -72.274227006 14.728418009 -72.274207814 14.728359521 -72.274303135 14.728003653 -72.274283970 14.706568523 -72.309149905
2026-09-29 21:10:01,102 - jwst.resample.resample - INFO - 2 exposures to drizzle together
2026-09-29 21:10:03,999 - stcal.resample.resample - INFO - Resampling science and variance data
2026-09-29 21:10:07,388 - stcal.resample.resample - INFO - Resampling science and variance data
2026-09-29 21:10:08,575 - jwst.resample.resample - INFO - Assigning output S_REGION: POLYGON ICRS  15.103683065 -72.171336999 14.992542042 -72.158843065 14.952744776 -72.192587174 14.953042006 -72.192621462 14.952921104 -72.192723776 14.953210889 -72.192757205 14.953087266 -72.192861822 14.973058121 -72.195164264 14.971063599 -72.196853494 14.971356850 -72.196887334 14.971233974 -72.196991392 14.971524012 -72.197024812 14.971401177 -72.197128834 15.079878328 -72.209590157 15.079916802 -72.209559703 15.080006799 -72.209570009 15.110186482 -72.185651525 15.109572770 -72.203006849 15.101001831 -72.210283897 15.101300255 -72.210317714 15.101179403 -72.210420280 15.101470407 -72.210453255 15.101346739 -72.210558211 15.121262304 -72.212813666 15.119248598 -72.214524209 15.119543651 -72.214557602 15.119420611 -72.214662110 15.119711029 -72.214694978 15.119588213 -72.214799293 15.228554174 -72.227093206 15.228557641 -72.227090457 15.228668994 -72.227102982 15.270898317 -72.193557749 15.270600092 -72.193523300 15.270729826 -72.193420042 15.270427527 -72.193385254 15.270556251 -72.193282799 15.250414117 -72.190963370 15.252468870 -72.189329167 15.252170615 -72.189294809 15.252300635 -72.189191392 15.251995157 -72.189156201 15.252122181 -72.189055167 15.229269910 -72.186420895 15.228476559 -72.170494674 15.227167414 -72.170496923 15.227152766 -72.170201997 15.111360887 -72.170366024 15.111348483 -72.170717718 15.110713614 -72.170718431 15.110588726 -72.174258556 15.101916697 -72.173287063 15.104027222 -72.171611260 15.103728821 -72.171577823 15.103860270 -72.171473441 15.103554404 -72.171439167  POLYGON ICRS  14.904051770 -72.113112612 14.904057449 -72.113091711 14.791943024 -72.110413656 14.792227769 -72.109388613 14.791569712 -72.109372701 14.791613224 -72.109216073 14.675213122 -72.106366208 14.675151064 -72.106567539 14.674655883 -72.106555267 14.664087283 -72.140776973 14.663636922 -72.140765807 14.663617673 -72.140828018 14.663575345 -72.140826968 14.659260504 -72.154761381 14.658221607 -72.154735218 14.658161167 -72.154936803 14.657663357 -72.154924265 14.647380763 -72.189153792 14.646596976 -72.189134045 14.645436222 -72.192802618 14.635874559 -72.224501703 14.752913765 -72.228284086 14.752914198 -72.228282735 14.758598978 -72.228464658 14.738107975 -72.261409377 14.854508117 -72.268464797 14.854566005 -72.268366992 14.854921345 -72.268388417 14.854978884 -72.268291197 14.855336652 -72.268312766 14.876420386 -72.232614403 14.856969604 -72.231586170 14.865697332 -72.231860698 14.865704037 -72.231839382 14.865895536 -72.231845401 14.876601104 -72.197747364 14.877338552 -72.197770543 14.877345254 -72.197749153 14.877535501 -72.197755132 14.882042172 -72.183360033 14.882586297 -72.183376865 14.882592072 -72.183355778 14.882784269 -72.183361723 14.888008212 -72.164268617 14.888842677 -72.161595145 14.888774228 -72.161593503 14.888780756 -72.161572585 14.888745214 -72.161571732 14.892117219 -72.149222574 14.894165030 -72.149285927 14.894170793 -72.149264798 14.894360999 -72.149270682 14.904197798 -72.113137340 14.904129458 -72.113135727 14.904135203 -72.113114581  POLYGON ICRS  14.822358876 -72.316228284 14.822539623 -72.316233435 14.822598116 -72.316141389 14.822950434 -72.316162815 14.823012178 -72.316065651 14.823366297 -72.316087185 14.845994348 -72.280404851 14.728832321 -72.274132588 14.728774392 -72.274227006 14.728418009 -72.274207814 14.728359521 -72.274303135 14.728003653 -72.274283970 14.706568523 -72.309149905
2026-09-29 21:10:09,597 - jwst.resample.resample - INFO - 2 exposures to drizzle together
2026-09-29 21:10:11,854 - stcal.resample.resample - INFO - Resampling science and variance data
2026-09-29 21:10:15,259 - stcal.resample.resample - INFO - Resampling science and variance data
2026-09-29 21:10:16,443 - jwst.resample.resample - INFO - Assigning output S_REGION: POLYGON ICRS  15.103683065 -72.171336999 14.992542042 -72.158843065 14.952744776 -72.192587174 14.953042006 -72.192621462 14.952921104 -72.192723776 14.953210889 -72.192757205 14.953087266 -72.192861822 14.973058121 -72.195164264 14.971063599 -72.196853494 14.971356850 -72.196887334 14.971233974 -72.196991392 14.971524012 -72.197024812 14.971401177 -72.197128834 15.079878328 -72.209590157 15.079916802 -72.209559703 15.080006799 -72.209570009 15.110186482 -72.185651525 15.109572770 -72.203006849 15.101001831 -72.210283897 15.101300255 -72.210317714 15.101179403 -72.210420280 15.101470407 -72.210453255 15.101346739 -72.210558211 15.121262304 -72.212813666 15.119248598 -72.214524209 15.119543651 -72.214557602 15.119420611 -72.214662110 15.119711029 -72.214694978 15.119588213 -72.214799293 15.228554174 -72.227093206 15.228557641 -72.227090457 15.228668994 -72.227102982 15.270898317 -72.193557749 15.270600092 -72.193523300 15.270729826 -72.193420042 15.270427527 -72.193385254 15.270556251 -72.193282799 15.250414117 -72.190963370 15.252468870 -72.189329167 15.252170615 -72.189294809 15.252300635 -72.189191392 15.251995157 -72.189156201 15.252122181 -72.189055167 15.229269910 -72.186420895 15.228476559 -72.170494674 15.227167414 -72.170496923 15.227152766 -72.170201997 15.111360887 -72.170366024 15.111348483 -72.170717718 15.110713614 -72.170718431 15.110588726 -72.174258556 15.101916697 -72.173287063 15.104027222 -72.171611260 15.103728821 -72.171577823 15.103860270 -72.171473441 15.103554404 -72.171439167  POLYGON ICRS  14.904051770 -72.113112612 14.904057449 -72.113091711 14.791943024 -72.110413656 14.792227769 -72.109388613 14.791569712 -72.109372701 14.791613224 -72.109216073 14.675213122 -72.106366208 14.675151064 -72.106567539 14.674655883 -72.106555267 14.664087283 -72.140776973 14.663636922 -72.140765807 14.663617673 -72.140828018 14.663575345 -72.140826968 14.659260504 -72.154761381 14.658221607 -72.154735218 14.658161167 -72.154936803 14.657663357 -72.154924265 14.647380763 -72.189153792 14.646596976 -72.189134045 14.645436222 -72.192802618 14.635874559 -72.224501703 14.752913765 -72.228284086 14.752914198 -72.228282735 14.758598978 -72.228464658 14.738107975 -72.261409377 14.854508117 -72.268464797 14.854566005 -72.268366992 14.854921345 -72.268388417 14.854978884 -72.268291197 14.855336652 -72.268312766 14.876420386 -72.232614403 14.856969604 -72.231586170 14.865697332 -72.231860698 14.865704037 -72.231839382 14.865895536 -72.231845401 14.876601104 -72.197747364 14.877338552 -72.197770543 14.877345254 -72.197749153 14.877535501 -72.197755132 14.882042172 -72.183360033 14.882586297 -72.183376865 14.882592072 -72.183355778 14.882784269 -72.183361723 14.888008212 -72.164268617 14.888842677 -72.161595145 14.888774228 -72.161593503 14.888780756 -72.161572585 14.888745214 -72.161571732 14.892117219 -72.149222574 14.894165030 -72.149285927 14.894170793 -72.149264798 14.894360999 -72.149270682 14.904197798 -72.113137340 14.904129458 -72.113135727 14.904135203 -72.113114581  POLYGON ICRS  14.822358876 -72.316228284 14.822539623 -72.316233435 14.822598116 -72.316141389 14.822950434 -72.316162815 14.823012178 -72.316065651 14.823366297 -72.316087185 14.845994348 -72.280404851 14.728832321 -72.274132588 14.728774392 -72.274227006 14.728418009 -72.274207814 14.728359521 -72.274303135 14.728003653 -72.274283970 14.706568523 -72.309149905
2026-09-29 21:10:17,506 - jwst.resample.resample - INFO - 2 exposures to drizzle together
2026-09-29 21:10:19,763 - stcal.resample.resample - INFO - Resampling science and variance data
2026-09-29 21:10:23,159 - stcal.resample.resample - INFO - Resampling science and variance data
2026-09-29 21:10:24,342 - jwst.resample.resample - INFO - Assigning output S_REGION: POLYGON ICRS  15.103683065 -72.171336999 14.992542042 -72.158843065 14.952744776 -72.192587174 14.953042006 -72.192621462 14.952921104 -72.192723776 14.953210889 -72.192757205 14.953087266 -72.192861822 14.973058121 -72.195164264 14.971063599 -72.196853494 14.971356850 -72.196887334 14.971233974 -72.196991392 14.971524012 -72.197024812 14.971401177 -72.197128834 15.079878328 -72.209590157 15.079916802 -72.209559703 15.080006799 -72.209570009 15.110186482 -72.185651525 15.109572770 -72.203006849 15.101001831 -72.210283897 15.101300255 -72.210317714 15.101179403 -72.210420280 15.101470407 -72.210453255 15.101346739 -72.210558211 15.121262304 -72.212813666 15.119248598 -72.214524209 15.119543651 -72.214557602 15.119420611 -72.214662110 15.119711029 -72.214694978 15.119588213 -72.214799293 15.228554174 -72.227093206 15.228557641 -72.227090457 15.228668994 -72.227102982 15.270898317 -72.193557749 15.270600092 -72.193523300 15.270729826 -72.193420042 15.270427527 -72.193385254 15.270556251 -72.193282799 15.250414117 -72.190963370 15.252468870 -72.189329167 15.252170615 -72.189294809 15.252300635 -72.189191392 15.251995157 -72.189156201 15.252122181 -72.189055167 15.229269910 -72.186420895 15.228476559 -72.170494674 15.227167414 -72.170496923 15.227152766 -72.170201997 15.111360887 -72.170366024 15.111348483 -72.170717718 15.110713614 -72.170718431 15.110588726 -72.174258556 15.101916697 -72.173287063 15.104027222 -72.171611260 15.103728821 -72.171577823 15.103860270 -72.171473441 15.103554404 -72.171439167  POLYGON ICRS  14.904051770 -72.113112612 14.904057449 -72.113091711 14.791943024 -72.110413656 14.792227769 -72.109388613 14.791569712 -72.109372701 14.791613224 -72.109216073 14.675213122 -72.106366208 14.675151064 -72.106567539 14.674655883 -72.106555267 14.664087283 -72.140776973 14.663636922 -72.140765807 14.663617673 -72.140828018 14.663575345 -72.140826968 14.659260504 -72.154761381 14.658221607 -72.154735218 14.658161167 -72.154936803 14.657663357 -72.154924265 14.647380763 -72.189153792 14.646596976 -72.189134045 14.645436222 -72.192802618 14.635874559 -72.224501703 14.752913765 -72.228284086 14.752914198 -72.228282735 14.758598978 -72.228464658 14.738107975 -72.261409377 14.854508117 -72.268464797 14.854566005 -72.268366992 14.854921345 -72.268388417 14.854978884 -72.268291197 14.855336652 -72.268312766 14.876420386 -72.232614403 14.856969604 -72.231586170 14.865697332 -72.231860698 14.865704037 -72.231839382 14.865895536 -72.231845401 14.876601104 -72.197747364 14.877338552 -72.197770543 14.877345254 -72.197749153 14.877535501 -72.197755132 14.882042172 -72.183360033 14.882586297 -72.183376865 14.882592072 -72.183355778 14.882784269 -72.183361723 14.888008212 -72.164268617 14.888842677 -72.161595145 14.888774228 -72.161593503 14.888780756 -72.161572585 14.888745214 -72.161571732 14.892117219 -72.149222574 14.894165030 -72.149285927 14.894170793 -72.149264798 14.894360999 -72.149270682 14.904197798 -72.113137340 14.904129458 -72.113135727 14.904135203 -72.113114581  POLYGON ICRS  14.822358876 -72.316228284 14.822539623 -72.316233435 14.822598116 -72.316141389 14.822950434 -72.316162815 14.823012178 -72.316065651 14.823366297 -72.316087185 14.845994348 -72.280404851 14.728832321 -72.274132588 14.728774392 -72.274227006 14.728418009 -72.274207814 14.728359521 -72.274303135 14.728003653 -72.274283970 14.706568523 -72.309149905
2026-09-29 21:10:25,414 - jwst.resample.resample - INFO - 2 exposures to drizzle together
2026-09-29 21:10:27,682 - stcal.resample.resample - INFO - Resampling science and variance data
2026-09-29 21:10:31,078 - stcal.resample.resample - INFO - Resampling science and variance data
2026-09-29 21:10:32,264 - jwst.resample.resample - INFO - Assigning output S_REGION: POLYGON ICRS  15.103683065 -72.171336999 14.992542042 -72.158843065 14.952744776 -72.192587174 14.953042006 -72.192621462 14.952921104 -72.192723776 14.953210889 -72.192757205 14.953087266 -72.192861822 14.973058121 -72.195164264 14.971063599 -72.196853494 14.971356850 -72.196887334 14.971233974 -72.196991392 14.971524012 -72.197024812 14.971401177 -72.197128834 15.079878328 -72.209590157 15.079916802 -72.209559703 15.080006799 -72.209570009 15.110186482 -72.185651525 15.109572770 -72.203006849 15.101001831 -72.210283897 15.101300255 -72.210317714 15.101179403 -72.210420280 15.101470407 -72.210453255 15.101346739 -72.210558211 15.121262304 -72.212813666 15.119248598 -72.214524209 15.119543651 -72.214557602 15.119420611 -72.214662110 15.119711029 -72.214694978 15.119588213 -72.214799293 15.228554174 -72.227093206 15.228557641 -72.227090457 15.228668994 -72.227102982 15.270898317 -72.193557749 15.270600092 -72.193523300 15.270729826 -72.193420042 15.270427527 -72.193385254 15.270556251 -72.193282799 15.250414117 -72.190963370 15.252468870 -72.189329167 15.252170615 -72.189294809 15.252300635 -72.189191392 15.251995157 -72.189156201 15.252122181 -72.189055167 15.229269910 -72.186420895 15.228476559 -72.170494674 15.227167414 -72.170496923 15.227152766 -72.170201997 15.111360887 -72.170366024 15.111348483 -72.170717718 15.110713614 -72.170718431 15.110588726 -72.174258556 15.101916697 -72.173287063 15.104027222 -72.171611260 15.103728821 -72.171577823 15.103860270 -72.171473441 15.103554404 -72.171439167  POLYGON ICRS  14.904051770 -72.113112612 14.904057449 -72.113091711 14.791943024 -72.110413656 14.792227769 -72.109388613 14.791569712 -72.109372701 14.791613224 -72.109216073 14.675213122 -72.106366208 14.675151064 -72.106567539 14.674655883 -72.106555267 14.664087283 -72.140776973 14.663636922 -72.140765807 14.663617673 -72.140828018 14.663575345 -72.140826968 14.659260504 -72.154761381 14.658221607 -72.154735218 14.658161167 -72.154936803 14.657663357 -72.154924265 14.647380763 -72.189153792 14.646596976 -72.189134045 14.645436222 -72.192802618 14.635874559 -72.224501703 14.752913765 -72.228284086 14.752914198 -72.228282735 14.758598978 -72.228464658 14.738107975 -72.261409377 14.854508117 -72.268464797 14.854566005 -72.268366992 14.854921345 -72.268388417 14.854978884 -72.268291197 14.855336652 -72.268312766 14.876420386 -72.232614403 14.856969604 -72.231586170 14.865697332 -72.231860698 14.865704037 -72.231839382 14.865895536 -72.231845401 14.876601104 -72.197747364 14.877338552 -72.197770543 14.877345254 -72.197749153 14.877535501 -72.197755132 14.882042172 -72.183360033 14.882586297 -72.183376865 14.882592072 -72.183355778 14.882784269 -72.183361723 14.888008212 -72.164268617 14.888842677 -72.161595145 14.888774228 -72.161593503 14.888780756 -72.161572585 14.888745214 -72.161571732 14.892117219 -72.149222574 14.894165030 -72.149285927 14.894170793 -72.149264798 14.894360999 -72.149270682 14.904197798 -72.113137340 14.904129458 -72.113135727 14.904135203 -72.113114581  POLYGON ICRS  14.822358876 -72.316228284 14.822539623 -72.316233435 14.822598116 -72.316141389 14.822950434 -72.316162815 14.823012178 -72.316065651 14.823366297 -72.316087185 14.845994348 -72.280404851 14.728832321 -72.274132588 14.728774392 -72.274227006 14.728418009 -72.274207814 14.728359521 -72.274303135 14.728003653 -72.274283970 14.706568523 -72.309149905
2026-09-29 21:10:33,303 - jwst.resample.resample - INFO - 2 exposures to drizzle together
2026-09-29 21:10:35,570 - stcal.resample.resample - INFO - Resampling science and variance data
2026-09-29 21:10:38,980 - stcal.resample.resample - INFO - Resampling science and variance data
2026-09-29 21:10:40,179 - jwst.resample.resample - INFO - Assigning output S_REGION: POLYGON ICRS  15.103683065 -72.171336999 14.992542042 -72.158843065 14.952744776 -72.192587174 14.953042006 -72.192621462 14.952921104 -72.192723776 14.953210889 -72.192757205 14.953087266 -72.192861822 14.973058121 -72.195164264 14.971063599 -72.196853494 14.971356850 -72.196887334 14.971233974 -72.196991392 14.971524012 -72.197024812 14.971401177 -72.197128834 15.079878328 -72.209590157 15.079916802 -72.209559703 15.080006799 -72.209570009 15.110186482 -72.185651525 15.109572770 -72.203006849 15.101001831 -72.210283897 15.101300255 -72.210317714 15.101179403 -72.210420280 15.101470407 -72.210453255 15.101346739 -72.210558211 15.121262304 -72.212813666 15.119248598 -72.214524209 15.119543651 -72.214557602 15.119420611 -72.214662110 15.119711029 -72.214694978 15.119588213 -72.214799293 15.228554174 -72.227093206 15.228557641 -72.227090457 15.228668994 -72.227102982 15.270898317 -72.193557749 15.270600092 -72.193523300 15.270729826 -72.193420042 15.270427527 -72.193385254 15.270556251 -72.193282799 15.250414117 -72.190963370 15.252468870 -72.189329167 15.252170615 -72.189294809 15.252300635 -72.189191392 15.251995157 -72.189156201 15.252122181 -72.189055167 15.229269910 -72.186420895 15.228476559 -72.170494674 15.227167414 -72.170496923 15.227152766 -72.170201997 15.111360887 -72.170366024 15.111348483 -72.170717718 15.110713614 -72.170718431 15.110588726 -72.174258556 15.101916697 -72.173287063 15.104027222 -72.171611260 15.103728821 -72.171577823 15.103860270 -72.171473441 15.103554404 -72.171439167  POLYGON ICRS  14.904051770 -72.113112612 14.904057449 -72.113091711 14.791943024 -72.110413656 14.792227769 -72.109388613 14.791569712 -72.109372701 14.791613224 -72.109216073 14.675213122 -72.106366208 14.675151064 -72.106567539 14.674655883 -72.106555267 14.664087283 -72.140776973 14.663636922 -72.140765807 14.663617673 -72.140828018 14.663575345 -72.140826968 14.659260504 -72.154761381 14.658221607 -72.154735218 14.658161167 -72.154936803 14.657663357 -72.154924265 14.647380763 -72.189153792 14.646596976 -72.189134045 14.645436222 -72.192802618 14.635874559 -72.224501703 14.752913765 -72.228284086 14.752914198 -72.228282735 14.758598978 -72.228464658 14.738107975 -72.261409377 14.854508117 -72.268464797 14.854566005 -72.268366992 14.854921345 -72.268388417 14.854978884 -72.268291197 14.855336652 -72.268312766 14.876420386 -72.232614403 14.856969604 -72.231586170 14.865697332 -72.231860698 14.865704037 -72.231839382 14.865895536 -72.231845401 14.876601104 -72.197747364 14.877338552 -72.197770543 14.877345254 -72.197749153 14.877535501 -72.197755132 14.882042172 -72.183360033 14.882586297 -72.183376865 14.882592072 -72.183355778 14.882784269 -72.183361723 14.888008212 -72.164268617 14.888842677 -72.161595145 14.888774228 -72.161593503 14.888780756 -72.161572585 14.888745214 -72.161571732 14.892117219 -72.149222574 14.894165030 -72.149285927 14.894170793 -72.149264798 14.894360999 -72.149270682 14.904197798 -72.113137340 14.904129458 -72.113135727 14.904135203 -72.113114581  POLYGON ICRS  14.822358876 -72.316228284 14.822539623 -72.316233435 14.822598116 -72.316141389 14.822950434 -72.316162815 14.823012178 -72.316065651 14.823366297 -72.316087185 14.845994348 -72.280404851 14.728832321 -72.274132588 14.728774392 -72.274227006 14.728418009 -72.274207814 14.728359521 -72.274303135 14.728003653 -72.274283970 14.706568523 -72.309149905
2026-09-29 21:13:53,571 - stcal.outlier_detection.utils - INFO - Blotting (2048, 2048) <-- (10904, 11744)
2026-09-29 21:13:53,802 - jwst.outlier_detection.utils - INFO - 10412 pixels marked as outliers
2026-09-29 21:13:56,158 - stcal.outlier_detection.utils - INFO - Blotting (2048, 2048) <-- (10904, 11744)
2026-09-29 21:13:56,397 - jwst.outlier_detection.utils - INFO - 11024 pixels marked as outliers
2026-09-29 21:13:58,961 - stcal.outlier_detection.utils - INFO - Blotting (2048, 2048) <-- (10904, 11744)
2026-09-29 21:13:59,214 - jwst.outlier_detection.utils - INFO - 9693 pixels marked as outliers
2026-09-29 21:14:01,766 - stcal.outlier_detection.utils - INFO - Blotting (2048, 2048) <-- (10904, 11744)
2026-09-29 21:14:01,992 - jwst.outlier_detection.utils - INFO - 11227 pixels marked as outliers
2026-09-29 21:14:04,373 - stcal.outlier_detection.utils - INFO - Blotting (2048, 2048) <-- (10904, 11744)
2026-09-29 21:14:04,600 - jwst.outlier_detection.utils - INFO - 9006 pixels marked as outliers
2026-09-29 21:14:06,975 - stcal.outlier_detection.utils - INFO - Blotting (2048, 2048) <-- (10904, 11744)
2026-09-29 21:14:07,202 - jwst.outlier_detection.utils - INFO - 11337 pixels marked as outliers
2026-09-29 21:14:09,579 - stcal.outlier_detection.utils - INFO - Blotting (2048, 2048) <-- (10904, 11744)
2026-09-29 21:14:09,806 - jwst.outlier_detection.utils - INFO - 10187 pixels marked as outliers
2026-09-29 21:14:12,179 - stcal.outlier_detection.utils - INFO - Blotting (2048, 2048) <-- (10904, 11744)
2026-09-29 21:14:12,404 - jwst.outlier_detection.utils - INFO - 11915 pixels marked as outliers
2026-09-29 21:14:14,785 - stcal.outlier_detection.utils - INFO - Blotting (2048, 2048) <-- (10904, 11744)
2026-09-29 21:14:15,010 - jwst.outlier_detection.utils - INFO - 10268 pixels marked as outliers
2026-09-29 21:14:17,388 - stcal.outlier_detection.utils - INFO - Blotting (2048, 2048) <-- (10904, 11744)
2026-09-29 21:14:17,615 - jwst.outlier_detection.utils - INFO - 11029 pixels marked as outliers
2026-09-29 21:14:20,003 - stcal.outlier_detection.utils - INFO - Blotting (2048, 2048) <-- (10904, 11744)
2026-09-29 21:14:20,228 - jwst.outlier_detection.utils - INFO - 9574 pixels marked as outliers
2026-09-29 21:14:22,611 - stcal.outlier_detection.utils - INFO - Blotting (2048, 2048) <-- (10904, 11744)
2026-09-29 21:14:22,837 - jwst.outlier_detection.utils - INFO - 10599 pixels marked as outliers
2026-09-29 21:14:25,210 - stcal.outlier_detection.utils - INFO - Blotting (2048, 2048) <-- (10904, 11744)
2026-09-29 21:14:25,437 - jwst.outlier_detection.utils - INFO - 9655 pixels marked as outliers
2026-09-29 21:14:27,824 - stcal.outlier_detection.utils - INFO - Blotting (2048, 2048) <-- (10904, 11744)
2026-09-29 21:14:28,051 - jwst.outlier_detection.utils - INFO - 11199 pixels marked as outliers
2026-09-29 21:14:30,445 - stcal.outlier_detection.utils - INFO - Blotting (2048, 2048) <-- (10904, 11744)
2026-09-29 21:14:30,670 - jwst.outlier_detection.utils - INFO - 9118 pixels marked as outliers
2026-09-29 21:14:33,052 - stcal.outlier_detection.utils - INFO - Blotting (2048, 2048) <-- (10904, 11744)
2026-09-29 21:14:33,279 - jwst.outlier_detection.utils - INFO - 11694 pixels marked as outliers
2026-09-29 21:14:35,657 - stcal.outlier_detection.utils - INFO - Blotting (2048, 2048) <-- (10904, 11744)
2026-09-29 21:14:35,882 - jwst.outlier_detection.utils - INFO - 9620 pixels marked as outliers
2026-09-29 21:14:38,269 - stcal.outlier_detection.utils - INFO - Blotting (2048, 2048) <-- (10904, 11744)
2026-09-29 21:14:38,493 - jwst.outlier_detection.utils - INFO - 10036 pixels marked as outliers
2026-09-29 21:14:40,877 - stcal.outlier_detection.utils - INFO - Blotting (2048, 2048) <-- (10904, 11744)
2026-09-29 21:14:41,103 - jwst.outlier_detection.utils - INFO - 8945 pixels marked as outliers
2026-09-29 21:14:43,496 - stcal.outlier_detection.utils - INFO - Blotting (2048, 2048) <-- (10904, 11744)
2026-09-29 21:14:43,722 - jwst.outlier_detection.utils - INFO - 11776 pixels marked as outliers
2026-09-29 21:14:46,106 - stcal.outlier_detection.utils - INFO - Blotting (2048, 2048) <-- (10904, 11744)
2026-09-29 21:14:46,331 - jwst.outlier_detection.utils - INFO - 9886 pixels marked as outliers
2026-09-29 21:14:48,715 - stcal.outlier_detection.utils - INFO - Blotting (2048, 2048) <-- (10904, 11744)
2026-09-29 21:14:48,943 - jwst.outlier_detection.utils - INFO - 11349 pixels marked as outliers
2026-09-29 21:14:51,318 - stcal.outlier_detection.utils - INFO - Blotting (2048, 2048) <-- (10904, 11744)
2026-09-29 21:14:51,544 - jwst.outlier_detection.utils - INFO - 9756 pixels marked as outliers
2026-09-29 21:14:53,932 - stcal.outlier_detection.utils - INFO - Blotting (2048, 2048) <-- (10904, 11744)
2026-09-29 21:14:54,161 - jwst.outlier_detection.utils - INFO - 10447 pixels marked as outliers
2026-09-29 21:14:56,548 - stcal.outlier_detection.utils - INFO - Blotting (2048, 2048) <-- (10904, 11744)
2026-09-29 21:14:56,780 - jwst.outlier_detection.utils - INFO - 1355 pixels marked as outliers
2026-09-29 21:14:59,177 - stcal.outlier_detection.utils - INFO - Blotting (2048, 2048) <-- (10904, 11744)
2026-09-29 21:14:59,404 - jwst.outlier_detection.utils - INFO - 6034 pixels marked as outliers
2026-09-29 21:15:01,783 - stcal.outlier_detection.utils - INFO - Blotting (2048, 2048) <-- (10904, 11744)
2026-09-29 21:15:02,016 - jwst.outlier_detection.utils - INFO - 1490 pixels marked as outliers
2026-09-29 21:15:04,404 - stcal.outlier_detection.utils - INFO - Blotting (2048, 2048) <-- (10904, 11744)
2026-09-29 21:15:04,633 - jwst.outlier_detection.utils - INFO - 6023 pixels marked as outliers
2026-09-29 21:15:07,020 - stcal.outlier_detection.utils - INFO - Blotting (2048, 2048) <-- (10904, 11744)
2026-09-29 21:15:07,254 - jwst.outlier_detection.utils - INFO - 1701 pixels marked as outliers
2026-09-29 21:15:09,651 - stcal.outlier_detection.utils - INFO - Blotting (2048, 2048) <-- (10904, 11744)
2026-09-29 21:15:09,881 - jwst.outlier_detection.utils - INFO - 6304 pixels marked as outliers
2026-09-29 21:15:12,220 - stcal.outlier_detection.utils - INFO - Blotting (2048, 2048) <-- (10904, 11744)
2026-09-29 21:15:12,461 - jwst.outlier_detection.utils - INFO - 13575 pixels marked as outliers
2026-09-29 21:15:14,814 - stcal.outlier_detection.utils - INFO - Blotting (2048, 2048) <-- (10904, 11744)
2026-09-29 21:15:15,055 - jwst.outlier_detection.utils - INFO - 12416 pixels marked as outliers
2026-09-29 21:15:17,411 - stcal.outlier_detection.utils - INFO - Blotting (2048, 2048) <-- (10904, 11744)
2026-09-29 21:15:17,650 - jwst.outlier_detection.utils - INFO - 11876 pixels marked as outliers
2026-09-29 21:15:19,998 - stcal.outlier_detection.utils - INFO - Blotting (2048, 2048) <-- (10904, 11744)
2026-09-29 21:15:20,238 - jwst.outlier_detection.utils - INFO - 12198 pixels marked as outliers
2026-09-29 21:15:22,632 - stcal.outlier_detection.utils - INFO - Blotting (2048, 2048) <-- (10904, 11744)
2026-09-29 21:15:22,864 - jwst.outlier_detection.utils - INFO - 1295 pixels marked as outliers
2026-09-29 21:15:25,256 - stcal.outlier_detection.utils - INFO - Blotting (2048, 2048) <-- (10904, 11744)
2026-09-29 21:15:25,618 - jwst.outlier_detection.utils - INFO - 1466 pixels marked as outliers
2026-09-29 21:15:27,956 - stcal.outlier_detection.utils - INFO - Blotting (2048, 2048) <-- (10904, 11744)
2026-09-29 21:15:28,182 - jwst.outlier_detection.utils - INFO - 1155 pixels marked as outliers
2026-09-29 21:15:30,543 - stcal.outlier_detection.utils - INFO - Blotting (2048, 2048) <-- (10904, 11744)
2026-09-29 21:15:30,769 - jwst.outlier_detection.utils - INFO - 1413 pixels marked as outliers
2026-09-29 21:15:33,136 - stcal.outlier_detection.utils - INFO - Blotting (2048, 2048) <-- (10904, 11744)
2026-09-29 21:15:33,362 - jwst.outlier_detection.utils - INFO - 734 pixels marked as outliers
2026-09-29 21:15:35,740 - stcal.outlier_detection.utils - INFO - Blotting (2048, 2048) <-- (10904, 11744)
2026-09-29 21:15:35,968 - jwst.outlier_detection.utils - INFO - 1315 pixels marked as outliers
2026-09-29 21:15:38,338 - stcal.outlier_detection.utils - INFO - Blotting (2048, 2048) <-- (10904, 11744)
2026-09-29 21:15:38,565 - jwst.outlier_detection.utils - INFO - 1111 pixels marked as outliers
2026-09-29 21:15:40,947 - stcal.outlier_detection.utils - INFO - Blotting (2048, 2048) <-- (10904, 11744)
2026-09-29 21:15:41,172 - jwst.outlier_detection.utils - INFO - 1196 pixels marked as outliers
2026-09-29 21:15:43,496 - stcal.outlier_detection.utils - INFO - Blotting (2048, 2048) <-- (10904, 11744)
2026-09-29 21:15:43,725 - jwst.outlier_detection.utils - INFO - 22603 pixels marked as outliers
2026-09-29 21:15:46,068 - stcal.outlier_detection.utils - INFO - Blotting (2048, 2048) <-- (10904, 11744)
2026-09-29 21:15:46,296 - jwst.outlier_detection.utils - INFO - 74556 pixels marked as outliers
2026-09-29 21:15:48,646 - stcal.outlier_detection.utils - INFO - Blotting (2048, 2048) <-- (10904, 11744)
2026-09-29 21:15:48,876 - jwst.outlier_detection.utils - INFO - 24278 pixels marked as outliers
2026-09-29 21:15:51,211 - stcal.outlier_detection.utils - INFO - Blotting (2048, 2048) <-- (10904, 11744)
2026-09-29 21:15:51,441 - jwst.outlier_detection.utils - INFO - 46590 pixels marked as outliers
2026-09-29 21:15:53,781 - stcal.outlier_detection.utils - INFO - Blotting (2048, 2048) <-- (10904, 11744)
2026-09-29 21:15:54,011 - jwst.outlier_detection.utils - INFO - 28244 pixels marked as outliers
2026-09-29 21:15:56,343 - stcal.outlier_detection.utils - INFO - Blotting (2048, 2048) <-- (10904, 11744)
2026-09-29 21:15:56,574 - jwst.outlier_detection.utils - INFO - 42213 pixels marked as outliers
2026-09-29 21:15:58,914 - stcal.outlier_detection.utils - INFO - Blotting (2048, 2048) <-- (10904, 11744)
2026-09-29 21:15:59,143 - jwst.outlier_detection.utils - INFO - 12826 pixels marked as outliers
2026-09-29 21:16:01,481 - stcal.outlier_detection.utils - INFO - Blotting (2048, 2048) <-- (10904, 11744)
2026-09-29 21:16:01,709 - jwst.outlier_detection.utils - INFO - 56616 pixels marked as outliers
2026-09-29 21:16:04,050 - stcal.outlier_detection.utils - INFO - Blotting (2048, 2048) <-- (10904, 11744)
2026-09-29 21:16:04,279 - jwst.outlier_detection.utils - INFO - 8533 pixels marked as outliers
2026-09-29 21:16:06,612 - stcal.outlier_detection.utils - INFO - Blotting (2048, 2048) <-- (10904, 11744)
2026-09-29 21:16:06,840 - jwst.outlier_detection.utils - INFO - 87740 pixels marked as outliers
2026-09-29 21:16:09,191 - stcal.outlier_detection.utils - INFO - Blotting (2048, 2048) <-- (10904, 11744)
2026-09-29 21:16:09,420 - jwst.outlier_detection.utils - INFO - 16026 pixels marked as outliers
2026-09-29 21:16:11,754 - stcal.outlier_detection.utils - INFO - Blotting (2048, 2048) <-- (10904, 11744)
2026-09-29 21:16:11,982 - jwst.outlier_detection.utils - INFO - 43547 pixels marked as outliers
2026-09-29 21:16:14,322 - stcal.outlier_detection.utils - INFO - Blotting (2048, 2048) <-- (10904, 11744)
2026-09-29 21:16:14,550 - jwst.outlier_detection.utils - INFO - 51291 pixels marked as outliers
2026-09-29 21:16:16,884 - stcal.outlier_detection.utils - INFO - Blotting (2048, 2048) <-- (10904, 11744)
2026-09-29 21:16:17,112 - jwst.outlier_detection.utils - INFO - 32149 pixels marked as outliers
2026-09-29 21:16:19,460 - stcal.outlier_detection.utils - INFO - Blotting (2048, 2048) <-- (10904, 11744)
2026-09-29 21:16:19,689 - jwst.outlier_detection.utils - INFO - 58879 pixels marked as outliers
2026-09-29 21:16:22,023 - stcal.outlier_detection.utils - INFO - Blotting (2048, 2048) <-- (10904, 11744)
2026-09-29 21:16:22,269 - jwst.outlier_detection.utils - INFO - 22899 pixels marked as outliers
2026-09-29 21:16:24,608 - stcal.outlier_detection.utils - INFO - Blotting (2048, 2048) <-- (10904, 11744)
2026-09-29 21:16:24,837 - jwst.outlier_detection.utils - INFO - 65594 pixels marked as outliers
2026-09-29 21:16:27,173 - stcal.outlier_detection.utils - INFO - Blotting (2048, 2048) <-- (10904, 11744)
2026-09-29 21:16:27,403 - jwst.outlier_detection.utils - INFO - 26789 pixels marked as outliers
2026-09-29 21:16:29,755 - stcal.outlier_detection.utils - INFO - Blotting (2048, 2048) <-- (10904, 11744)
2026-09-29 21:16:29,983 - jwst.outlier_detection.utils - INFO - 234011 pixels marked as outliers
2026-09-29 21:16:32,337 - stcal.outlier_detection.utils - INFO - Blotting (2048, 2048) <-- (10904, 11744)
2026-09-29 21:16:32,568 - jwst.outlier_detection.utils - INFO - 258954 pixels marked as outliers
2026-09-29 21:16:34,935 - stcal.outlier_detection.utils - INFO - Blotting (2048, 2048) <-- (10904, 11744)
2026-09-29 21:16:35,166 - jwst.outlier_detection.utils - INFO - 234939 pixels marked as outliers
2026-09-29 21:16:37,514 - stcal.outlier_detection.utils - INFO - Blotting (2048, 2048) <-- (10904, 11744)
2026-09-29 21:16:37,743 - jwst.outlier_detection.utils - INFO - 261701 pixels marked as outliers
2026-09-29 21:16:40,104 - stcal.outlier_detection.utils - INFO - Blotting (2048, 2048) <-- (10904, 11744)
2026-09-29 21:16:40,336 - jwst.outlier_detection.utils - INFO - 223616 pixels marked as outliers
2026-09-29 21:16:42,679 - stcal.outlier_detection.utils - INFO - Blotting (2048, 2048) <-- (10904, 11744)
2026-09-29 21:16:42,911 - jwst.outlier_detection.utils - INFO - 252332 pixels marked as outliers
2026-09-29 21:16:45,147 - stpipe.step - INFO - Saved model in /net/vdesk/data2/slagter/JWST_NIRCAM_#1227_level_3/jw01227002001_02105_00001_nrcalong_cal_1overf_jhat_a3001_crf.fits
2026-09-29 21:16:46,480 - stpipe.step - INFO - Saved model in /net/vdesk/data2/slagter/JWST_NIRCAM_#1227_level_3/jw01227002001_02105_00001_nrcblong_cal_1overf_jhat_a3001_crf.fits
2026-09-29 21:16:47,865 - stpipe.step - INFO - Saved model in /net/vdesk/data2/slagter/JWST_NIRCAM_#1227_level_3/jw01227002001_02105_00002_nrcalong_cal_1overf_jhat_a3001_crf.fits
2026-09-29 21:16:49,198 - stpipe.step - INFO - Saved model in /net/vdesk/data2/slagter/JWST_NIRCAM_#1227_level_3/jw01227002001_02105_00002_nrcblong_cal_1overf_jhat_a3001_crf.fits
2026-09-29 21:16:50,531 - stpipe.step - INFO - Saved model in /net/vdesk/data2/slagter/JWST_NIRCAM_#1227_level_3/jw01227002001_02105_00003_nrcalong_cal_1overf_jhat_a3001_crf.fits
2026-09-29 21:16:51,866 - stpipe.step - INFO - Saved model in /net/vdesk/data2/slagter/JWST_NIRCAM_#1227_level_3/jw01227002001_02105_00003_nrcblong_cal_1overf_jhat_a3001_crf.fits
2026-09-29 21:16:53,210 - stpipe.step - INFO - Saved model in /net/vdesk/data2/slagter/JWST_NIRCAM_#1227_level_3/jw01227002001_02105_00004_nrcalong_cal_1overf_jhat_a3001_crf.fits
2026-09-29 21:16:54,603 - stpipe.step - INFO - Saved model in /net/vdesk/data2/slagter/JWST_NIRCAM_#1227_level_3/jw01227002001_02105_00004_nrcblong_cal_1overf_jhat_a3001_crf.fits
2026-09-29 21:16:55,935 - stpipe.step - INFO - Saved model in /net/vdesk/data2/slagter/JWST_NIRCAM_#1227_level_3/jw01227002002_02105_00001_nrcalong_cal_1overf_jhat_a3001_crf.fits
2026-09-29 21:16:57,832 - stpipe.step - INFO - Saved model in /net/vdesk/data2/slagter/JWST_NIRCAM_#1227_level_3/jw01227002002_02105_00001_nrcblong_cal_1overf_jhat_a3001_crf.fits
2026-09-29 21:16:59,164 - stpipe.step - INFO - Saved model in /net/vdesk/data2/slagter/JWST_NIRCAM_#1227_level_3/jw01227002002_02105_00002_nrcalong_cal_1overf_jhat_a3001_crf.fits
2026-09-29 21:17:00,705 - stpipe.step - INFO - Saved model in /net/vdesk/data2/slagter/JWST_NIRCAM_#1227_level_3/jw01227002002_02105_00002_nrcblong_cal_1overf_jhat_a3001_crf.fits
2026-09-29 21:17:02,033 - stpipe.step - INFO - Saved model in /net/vdesk/data2/slagter/JWST_NIRCAM_#1227_level_3/jw01227002002_02105_00003_nrcalong_cal_1overf_jhat_a3001_crf.fits
2026-09-29 21:17:03,373 - stpipe.step - INFO - Saved model in /net/vdesk/data2/slagter/JWST_NIRCAM_#1227_level_3/jw01227002002_02105_00003_nrcblong_cal_1overf_jhat_a3001_crf.fits
2026-09-29 21:17:04,725 - stpipe.step - INFO - Saved model in /net/vdesk/data2/slagter/JWST_NIRCAM_#1227_level_3/jw01227002002_02105_00004_nrcalong_cal_1overf_jhat_a3001_crf.fits
2026-09-29 21:17:06,053 - stpipe.step - INFO - Saved model in /net/vdesk/data2/slagter/JWST_NIRCAM_#1227_level_3/jw01227002002_02105_00004_nrcblong_cal_1overf_jhat_a3001_crf.fits
2026-09-29 21:17:07,522 - stpipe.step - INFO - Saved model in /net/vdesk/data2/slagter/JWST_NIRCAM_#1227_level_3/jw01227002003_02105_00001_nrcalong_cal_1overf_jhat_a3001_crf.fits
2026-09-29 21:17:08,866 - stpipe.step - INFO - Saved model in /net/vdesk/data2/slagter/JWST_NIRCAM_#1227_level_3/jw01227002003_02105_00001_nrcblong_cal_1overf_jhat_a3001_crf.fits
2026-09-29 21:17:10,195 - stpipe.step - INFO - Saved model in /net/vdesk/data2/slagter/JWST_NIRCAM_#1227_level_3/jw01227002003_02105_00002_nrcalong_cal_1overf_jhat_a3001_crf.fits
2026-09-29 21:17:11,582 - stpipe.step - INFO - Saved model in /net/vdesk/data2/slagter/JWST_NIRCAM_#1227_level_3/jw01227002003_02105_00002_nrcblong_cal_1overf_jhat_a3001_crf.fits
2026-09-29 21:17:12,913 - stpipe.step - INFO - Saved model in /net/vdesk/data2/slagter/JWST_NIRCAM_#1227_level_3/jw01227002003_02105_00003_nrcalong_cal_1overf_jhat_a3001_crf.fits
2026-09-29 21:17:14,241 - stpipe.step - INFO - Saved model in /net/vdesk/data2/slagter/JWST_NIRCAM_#1227_level_3/jw01227002003_02105_00003_nrcblong_cal_1overf_jhat_a3001_crf.fits
2026-09-29 21:17:15,569 - stpipe.step - INFO - Saved model in /net/vdesk/data2/slagter/JWST_NIRCAM_#1227_level_3/jw01227002003_02105_00004_nrcalong_cal_1overf_jhat_a3001_crf.fits
2026-09-29 21:17:16,897 - stpipe.step - INFO - Saved model in /net/vdesk/data2/slagter/JWST_NIRCAM_#1227_level_3/jw01227002003_02105_00004_nrcblong_cal_1overf_jhat_a3001_crf.fits
2026-09-29 21:17:18,227 - stpipe.step - INFO - Saved model in /net/vdesk/data2/slagter/JWST_NIRCAM_#1227_level_3/jw01227014001_03201_00001_nrcalong_cal_1overf_jhat_a3001_crf.fits
2026-09-29 21:17:19,574 - stpipe.step - INFO - Saved model in /net/vdesk/data2/slagter/JWST_NIRCAM_#1227_level_3/jw01227014001_03201_00001_nrcblong_cal_1overf_jhat_a3001_crf.fits
2026-09-29 21:17:20,931 - stpipe.step - INFO - Saved model in /net/vdesk/data2/slagter/JWST_NIRCAM_#1227_level_3/jw01227014001_03201_00002_nrcalong_cal_1overf_jhat_a3001_crf.fits
2026-09-29 21:17:22,254 - stpipe.step - INFO - Saved model in /net/vdesk/data2/slagter/JWST_NIRCAM_#1227_level_3/jw01227014001_03201_00002_nrcblong_cal_1overf_jhat_a3001_crf.fits
2026-09-29 21:17:23,580 - stpipe.step - INFO - Saved model in /net/vdesk/data2/slagter/JWST_NIRCAM_#1227_level_3/jw01227014001_03201_00003_nrcalong_cal_1overf_jhat_a3001_crf.fits
2026-09-29 21:17:24,947 - stpipe.step - INFO - Saved model in /net/vdesk/data2/slagter/JWST_NIRCAM_#1227_level_3/jw01227014001_03201_00003_nrcblong_cal_1overf_jhat_a3001_crf.fits
2026-09-29 21:17:26,272 - stpipe.step - INFO - Saved model in /net/vdesk/data2/slagter/JWST_NIRCAM_#1227_level_3/jw01227017001_08201_00001_nrcblong_cal_1overf_jhat_a3001_crf.fits
2026-09-29 21:17:27,599 - stpipe.step - INFO - Saved model in /net/vdesk/data2/slagter/JWST_NIRCAM_#1227_level_3/jw01227017001_08201_00002_nrcblong_cal_1overf_jhat_a3001_crf.fits
2026-09-29 21:17:28,921 - stpipe.step - INFO - Saved model in /net/vdesk/data2/slagter/JWST_NIRCAM_#1227_level_3/jw01227017001_08201_00003_nrcblong_cal_1overf_jhat_a3001_crf.fits
2026-09-29 21:17:30,251 - stpipe.step - INFO - Saved model in /net/vdesk/data2/slagter/JWST_NIRCAM_#1227_level_3/jw01227017001_08201_00004_nrcblong_cal_1overf_jhat_a3001_crf.fits
2026-09-29 21:17:31,579 - stpipe.step - INFO - Saved model in /net/vdesk/data2/slagter/JWST_NIRCAM_#1227_level_3/jw01227025001_06101_00001_nrcalong_cal_1overf_jhat_a3001_crf.fits
2026-09-29 21:17:32,914 - stpipe.step - INFO - Saved model in /net/vdesk/data2/slagter/JWST_NIRCAM_#1227_level_3/jw01227025001_06101_00001_nrcblong_cal_1overf_jhat_a3001_crf.fits
2026-09-29 21:17:34,411 - stpipe.step - INFO - Saved model in /net/vdesk/data2/slagter/JWST_NIRCAM_#1227_level_3/jw01227025001_06101_00002_nrcalong_cal_1overf_jhat_a3001_crf.fits
2026-09-29 21:17:35,740 - stpipe.step - INFO - Saved model in /net/vdesk/data2/slagter/JWST_NIRCAM_#1227_level_3/jw01227025001_06101_00002_nrcblong_cal_1overf_jhat_a3001_crf.fits
2026-09-29 21:17:37,071 - stpipe.step - INFO - Saved model in /net/vdesk/data2/slagter/JWST_NIRCAM_#1227_level_3/jw01227025001_06101_00003_nrcalong_cal_1overf_jhat_a3001_crf.fits
2026-09-29 21:17:38,401 - stpipe.step - INFO - Saved model in /net/vdesk/data2/slagter/JWST_NIRCAM_#1227_level_3/jw01227025001_06101_00003_nrcblong_cal_1overf_jhat_a3001_crf.fits
2026-09-29 21:17:39,730 - stpipe.step - INFO - Saved model in /net/vdesk/data2/slagter/JWST_NIRCAM_#1227_level_3/jw01227025001_06101_00004_nrcalong_cal_1overf_jhat_a3001_crf.fits
2026-09-29 21:17:41,062 - stpipe.step - INFO - Saved model in /net/vdesk/data2/slagter/JWST_NIRCAM_#1227_level_3/jw01227025001_06101_00004_nrcblong_cal_1overf_jhat_a3001_crf.fits
2026-09-29 21:17:42,389 - stpipe.step - INFO - Saved model in /net/vdesk/data2/slagter/JWST_NIRCAM_#1227_level_3/jw01227026001_03201_00001_nrcalong_cal_1overf_jhat_a3001_crf.fits
2026-09-29 21:17:43,719 - stpipe.step - INFO - Saved model in /net/vdesk/data2/slagter/JWST_NIRCAM_#1227_level_3/jw01227026001_03201_00001_nrcblong_cal_1overf_jhat_a3001_crf.fits
2026-09-29 21:17:45,092 - stpipe.step - INFO - Saved model in /net/vdesk/data2/slagter/JWST_NIRCAM_#1227_level_3/jw01227026001_03201_00002_nrcalong_cal_1overf_jhat_a3001_crf.fits
2026-09-29 21:17:46,484 - stpipe.step - INFO - Saved model in /net/vdesk/data2/slagter/JWST_NIRCAM_#1227_level_3/jw01227026001_03201_00002_nrcblong_cal_1overf_jhat_a3001_crf.fits
2026-09-29 21:17:47,811 - stpipe.step - INFO - Saved model in /net/vdesk/data2/slagter/JWST_NIRCAM_#1227_level_3/jw01227026001_03201_00003_nrcalong_cal_1overf_jhat_a3001_crf.fits
2026-09-29 21:17:49,140 - stpipe.step - INFO - Saved model in /net/vdesk/data2/slagter/JWST_NIRCAM_#1227_level_3/jw01227026001_03201_00003_nrcblong_cal_1overf_jhat_a3001_crf.fits
2026-09-29 21:17:50,738 - stpipe.step - INFO - Saved model in /net/vdesk/data2/slagter/JWST_NIRCAM_#1227_level_3/jw01227026001_05201_00001_nrcalong_cal_1overf_jhat_a3001_crf.fits
2026-09-29 21:17:52,064 - stpipe.step - INFO - Saved model in /net/vdesk/data2/slagter/JWST_NIRCAM_#1227_level_3/jw01227026001_05201_00001_nrcblong_cal_1overf_jhat_a3001_crf.fits
2026-09-29 21:17:53,396 - stpipe.step - INFO - Saved model in /net/vdesk/data2/slagter/JWST_NIRCAM_#1227_level_3/jw01227026001_05201_00002_nrcalong_cal_1overf_jhat_a3001_crf.fits
2026-09-29 21:17:54,726 - stpipe.step - INFO - Saved model in /net/vdesk/data2/slagter/JWST_NIRCAM_#1227_level_3/jw01227026001_05201_00002_nrcblong_cal_1overf_jhat_a3001_crf.fits
2026-09-29 21:17:56,063 - stpipe.step - INFO - Saved model in /net/vdesk/data2/slagter/JWST_NIRCAM_#1227_level_3/jw01227026001_05201_00003_nrcalong_cal_1overf_jhat_a3001_crf.fits
2026-09-29 21:17:57,423 - stpipe.step - INFO - Saved model in /net/vdesk/data2/slagter/JWST_NIRCAM_#1227_level_3/jw01227026001_05201_00003_nrcblong_cal_1overf_jhat_a3001_crf.fits
2026-09-29 21:17:58,760 - stpipe.step - INFO - Saved model in /net/vdesk/data2/slagter/JWST_NIRCAM_#1227_level_3/jw01227026001_07201_00001_nrcalong_cal_1overf_jhat_a3001_crf.fits
2026-09-29 21:18:00,088 - stpipe.step - INFO - Saved model in /net/vdesk/data2/slagter/JWST_NIRCAM_#1227_level_3/jw01227026001_07201_00001_nrcblong_cal_1overf_jhat_a3001_crf.fits
2026-09-29 21:18:01,417 - stpipe.step - INFO - Saved model in /net/vdesk/data2/slagter/JWST_NIRCAM_#1227_level_3/jw01227026001_07201_00002_nrcalong_cal_1overf_jhat_a3001_crf.fits
2026-09-29 21:18:02,836 - stpipe.step - INFO - Saved model in /net/vdesk/data2/slagter/JWST_NIRCAM_#1227_level_3/jw01227026001_07201_00002_nrcblong_cal_1overf_jhat_a3001_crf.fits
2026-09-29 21:18:04,166 - stpipe.step - INFO - Saved model in /net/vdesk/data2/slagter/JWST_NIRCAM_#1227_level_3/jw01227026001_07201_00003_nrcalong_cal_1overf_jhat_a3001_crf.fits
2026-09-29 21:18:05,495 - stpipe.step - INFO - Saved model in /net/vdesk/data2/slagter/JWST_NIRCAM_#1227_level_3/jw01227026001_07201_00003_nrcblong_cal_1overf_jhat_a3001_crf.fits
2026-09-29 21:18:06,817 - stpipe.step - INFO - Saved model in /net/vdesk/data2/slagter/JWST_NIRCAM_#1227_level_3/jw01227026001_17201_00001_nrcalong_cal_1overf_jhat_a3001_crf.fits
2026-09-29 21:18:08,197 - stpipe.step - INFO - Saved model in /net/vdesk/data2/slagter/JWST_NIRCAM_#1227_level_3/jw01227026001_17201_00001_nrcblong_cal_1overf_jhat_a3001_crf.fits
2026-09-29 21:18:09,525 - stpipe.step - INFO - Saved model in /net/vdesk/data2/slagter/JWST_NIRCAM_#1227_level_3/jw01227026001_17201_00002_nrcalong_cal_1overf_jhat_a3001_crf.fits
2026-09-29 21:18:10,854 - stpipe.step - INFO - Saved model in /net/vdesk/data2/slagter/JWST_NIRCAM_#1227_level_3/jw01227026001_17201_00002_nrcblong_cal_1overf_jhat_a3001_crf.fits
2026-09-29 21:18:12,183 - stpipe.step - INFO - Saved model in /net/vdesk/data2/slagter/JWST_NIRCAM_#1227_level_3/jw01227026001_17201_00003_nrcalong_cal_1overf_jhat_a3001_crf.fits
2026-09-29 21:18:13,509 - stpipe.step - INFO - Saved model in /net/vdesk/data2/slagter/JWST_NIRCAM_#1227_level_3/jw01227026001_17201_00003_nrcblong_cal_1overf_jhat_a3001_crf.fits
2026-09-29 21:18:13,509 - stpipe.step - INFO - Step outlier_detection done
2026-09-29 21:18:14,151 - stpipe.step - INFO - Step resample running with args (<jwst.datamodels.library.ModelLibrary object at 0x7fcfa4e00680>,).
2026-09-29 21:18:17,100 - jwst.resample.resample_utils - INFO - Pixel scale ratio (pscale_out/pscale_in): 1.0
2026-09-29 21:18:17,100 - jwst.resample.resample_utils - INFO - Computed output pixel scale: 0.06291160211574871 arcsec.
2026-09-29 21:18:17,185 - stcal.resample.resample - INFO - Output pixel scale: 0.06291160211574871 arcsec.
2026-09-29 21:18:17,185 - stcal.resample.resample - INFO - Driz parameter kernel: square
2026-09-29 21:18:17,186 - stcal.resample.resample - INFO - Driz parameter pixfrac: 1.0
2026-09-29 21:18:17,186 - stcal.resample.resample - INFO - Driz parameter fillval: NAN
2026-09-29 21:18:17,186 - stcal.resample.resample - INFO - Driz parameter weight_type: exptime
2026-09-29 21:18:17,405 - jwst.resample.resample - INFO - Resampling science and variance data
2026-09-29 21:18:19,766 - stcal.resample.resample - INFO - Resampling science and variance data
2026-09-29 21:18:20,725 - stcal.resample.resample - INFO - Drizzling (2048, 2048) --> (10904, 11744)
2026-09-29 21:18:21,714 - stcal.resample.resample - INFO - Drizzling (2048, 2048) --> (10904, 11744)
2026-09-29 21:18:22,690 - stcal.resample.resample - INFO - Drizzling (2048, 2048) --> (10904, 11744)
2026-09-29 21:18:28,400 - stcal.resample.resample - INFO - Resampling science and variance data
2026-09-29 21:18:29,349 - stcal.resample.resample - INFO - Drizzling (2048, 2048) --> (10904, 11744)
2026-09-29 21:18:30,327 - stcal.resample.resample - INFO - Drizzling (2048, 2048) --> (10904, 11744)
2026-09-29 21:18:31,292 - stcal.resample.resample - INFO - Drizzling (2048, 2048) --> (10904, 11744)
2026-09-29 21:18:36,684 - stcal.resample.resample - INFO - Resampling science and variance data
2026-09-29 21:18:37,604 - stcal.resample.resample - INFO - Drizzling (2048, 2048) --> (10904, 11744)
2026-09-29 21:18:38,589 - stcal.resample.resample - INFO - Drizzling (2048, 2048) --> (10904, 11744)
2026-09-29 21:18:39,554 - stcal.resample.resample - INFO - Drizzling (2048, 2048) --> (10904, 11744)
2026-09-29 21:18:44,773 - stcal.resample.resample - INFO - Resampling science and variance data
2026-09-29 21:18:45,680 - stcal.resample.resample - INFO - Drizzling (2048, 2048) --> (10904, 11744)
2026-09-29 21:18:46,658 - stcal.resample.resample - INFO - Drizzling (2048, 2048) --> (10904, 11744)
2026-09-29 21:18:47,630 - stcal.resample.resample - INFO - Drizzling (2048, 2048) --> (10904, 11744)
2026-09-29 21:18:52,853 - stcal.resample.resample - INFO - Resampling science and variance data
2026-09-29 21:18:53,761 - stcal.resample.resample - INFO - Drizzling (2048, 2048) --> (10904, 11744)
2026-09-29 21:18:54,743 - stcal.resample.resample - INFO - Drizzling (2048, 2048) --> (10904, 11744)
2026-09-29 21:18:55,710 - stcal.resample.resample - INFO - Drizzling (2048, 2048) --> (10904, 11744)
2026-09-29 21:19:00,878 - stcal.resample.resample - INFO - Resampling science and variance data
2026-09-29 21:19:01,795 - stcal.resample.resample - INFO - Drizzling (2048, 2048) --> (10904, 11744)
2026-09-29 21:19:02,799 - stcal.resample.resample - INFO - Drizzling (2048, 2048) --> (10904, 11744)
2026-09-29 21:19:03,778 - stcal.resample.resample - INFO - Drizzling (2048, 2048) --> (10904, 11744)
2026-09-29 21:19:09,225 - stcal.resample.resample - INFO - Resampling science and variance data
2026-09-29 21:19:10,142 - stcal.resample.resample - INFO - Drizzling (2048, 2048) --> (10904, 11744)
2026-09-29 21:19:11,136 - stcal.resample.resample - INFO - Drizzling (2048, 2048) --> (10904, 11744)
2026-09-29 21:19:12,118 - stcal.resample.resample - INFO - Drizzling (2048, 2048) --> (10904, 11744)
2026-09-29 21:19:17,517 - stcal.resample.resample - INFO - Resampling science and variance data
2026-09-29 21:19:18,448 - stcal.resample.resample - INFO - Drizzling (2048, 2048) --> (10904, 11744)
2026-09-29 21:19:19,445 - stcal.resample.resample - INFO - Drizzling (2048, 2048) --> (10904, 11744)
2026-09-29 21:19:20,430 - stcal.resample.resample - INFO - Drizzling (2048, 2048) --> (10904, 11744)
2026-09-29 21:19:25,816 - stcal.resample.resample - INFO - Resampling science and variance data
2026-09-29 21:19:26,760 - stcal.resample.resample - INFO - Drizzling (2048, 2048) --> (10904, 11744)
2026-09-29 21:19:27,754 - stcal.resample.resample - INFO - Drizzling (2048, 2048) --> (10904, 11744)
2026-09-29 21:19:28,734 - stcal.resample.resample - INFO - Drizzling (2048, 2048) --> (10904, 11744)
2026-09-29 21:19:34,165 - stcal.resample.resample - INFO - Resampling science and variance data
2026-09-29 21:19:35,099 - stcal.resample.resample - INFO - Drizzling (2048, 2048) --> (10904, 11744)
2026-09-29 21:19:36,090 - stcal.resample.resample - INFO - Drizzling (2048, 2048) --> (10904, 11744)
2026-09-29 21:19:37,071 - stcal.resample.resample - INFO - Drizzling (2048, 2048) --> (10904, 11744)
2026-09-29 21:19:42,497 - stcal.resample.resample - INFO - Resampling science and variance data
2026-09-29 21:19:43,402 - stcal.resample.resample - INFO - Drizzling (2048, 2048) --> (10904, 11744)
2026-09-29 21:19:44,399 - stcal.resample.resample - INFO - Drizzling (2048, 2048) --> (10904, 11744)
2026-09-29 21:19:45,381 - stcal.resample.resample - INFO - Drizzling (2048, 2048) --> (10904, 11744)
2026-09-29 21:19:50,780 - stcal.resample.resample - INFO - Resampling science and variance data
2026-09-29 21:19:51,685 - stcal.resample.resample - INFO - Drizzling (2048, 2048) --> (10904, 11744)
2026-09-29 21:19:52,676 - stcal.resample.resample - INFO - Drizzling (2048, 2048) --> (10904, 11744)
2026-09-29 21:19:53,656 - stcal.resample.resample - INFO - Drizzling (2048, 2048) --> (10904, 11744)
2026-09-29 21:19:59,041 - stcal.resample.resample - INFO - Resampling science and variance data
2026-09-29 21:19:59,948 - stcal.resample.resample - INFO - Drizzling (2048, 2048) --> (10904, 11744)
2026-09-29 21:20:00,943 - stcal.resample.resample - INFO - Drizzling (2048, 2048) --> (10904, 11744)
2026-09-29 21:20:01,925 - stcal.resample.resample - INFO - Drizzling (2048, 2048) --> (10904, 11744)
2026-09-29 21:20:07,307 - stcal.resample.resample - INFO - Resampling science and variance data
2026-09-29 21:20:08,193 - stcal.resample.resample - INFO - Drizzling (2048, 2048) --> (10904, 11744)
2026-09-29 21:20:09,167 - stcal.resample.resample - INFO - Drizzling (2048, 2048) --> (10904, 11744)
2026-09-29 21:20:10,128 - stcal.resample.resample - INFO - Drizzling (2048, 2048) --> (10904, 11744)
2026-09-29 21:20:15,322 - stcal.resample.resample - INFO - Resampling science and variance data
2026-09-29 21:20:16,222 - stcal.resample.resample - INFO - Drizzling (2048, 2048) --> (10904, 11744)
2026-09-29 21:20:17,214 - stcal.resample.resample - INFO - Drizzling (2048, 2048) --> (10904, 11744)
2026-09-29 21:20:18,193 - stcal.resample.resample - INFO - Drizzling (2048, 2048) --> (10904, 11744)
2026-09-29 21:20:23,589 - stcal.resample.resample - INFO - Resampling science and variance data
2026-09-29 21:20:24,493 - stcal.resample.resample - INFO - Drizzling (2048, 2048) --> (10904, 11744)
2026-09-29 21:20:25,485 - stcal.resample.resample - INFO - Drizzling (2048, 2048) --> (10904, 11744)
2026-09-29 21:20:26,463 - stcal.resample.resample - INFO - Drizzling (2048, 2048) --> (10904, 11744)
2026-09-29 21:20:31,863 - stcal.resample.resample - INFO - Resampling science and variance data
2026-09-29 21:20:32,785 - stcal.resample.resample - INFO - Drizzling (2048, 2048) --> (10904, 11744)
2026-09-29 21:20:33,777 - stcal.resample.resample - INFO - Drizzling (2048, 2048) --> (10904, 11744)
2026-09-29 21:20:34,756 - stcal.resample.resample - INFO - Drizzling (2048, 2048) --> (10904, 11744)
2026-09-29 21:20:40,180 - stcal.resample.resample - INFO - Resampling science and variance data
2026-09-29 21:20:41,078 - stcal.resample.resample - INFO - Drizzling (2048, 2048) --> (10904, 11744)
2026-09-29 21:20:42,075 - stcal.resample.resample - INFO - Drizzling (2048, 2048) --> (10904, 11744)
2026-09-29 21:20:43,055 - stcal.resample.resample - INFO - Drizzling (2048, 2048) --> (10904, 11744)
2026-09-29 21:20:48,446 - stcal.resample.resample - INFO - Resampling science and variance data
2026-09-29 21:20:49,345 - stcal.resample.resample - INFO - Drizzling (2048, 2048) --> (10904, 11744)
2026-09-29 21:20:50,340 - stcal.resample.resample - INFO - Drizzling (2048, 2048) --> (10904, 11744)
2026-09-29 21:20:51,318 - stcal.resample.resample - INFO - Drizzling (2048, 2048) --> (10904, 11744)
2026-09-29 21:20:56,716 - stcal.resample.resample - INFO - Resampling science and variance data
2026-09-29 21:20:57,616 - stcal.resample.resample - INFO - Drizzling (2048, 2048) --> (10904, 11744)
2026-09-29 21:20:58,610 - stcal.resample.resample - INFO - Drizzling (2048, 2048) --> (10904, 11744)
2026-09-29 21:20:59,590 - stcal.resample.resample - INFO - Drizzling (2048, 2048) --> (10904, 11744)
2026-09-29 21:21:04,993 - stcal.resample.resample - INFO - Resampling science and variance data
2026-09-29 21:21:05,892 - stcal.resample.resample - INFO - Drizzling (2048, 2048) --> (10904, 11744)
2026-09-29 21:21:06,885 - stcal.resample.resample - INFO - Drizzling (2048, 2048) --> (10904, 11744)
2026-09-29 21:21:07,862 - stcal.resample.resample - INFO - Drizzling (2048, 2048) --> (10904, 11744)
2026-09-29 21:21:13,258 - stcal.resample.resample - INFO - Resampling science and variance data
2026-09-29 21:21:14,158 - stcal.resample.resample - INFO - Drizzling (2048, 2048) --> (10904, 11744)
2026-09-29 21:21:15,153 - stcal.resample.resample - INFO - Drizzling (2048, 2048) --> (10904, 11744)
2026-09-29 21:21:16,131 - stcal.resample.resample - INFO - Drizzling (2048, 2048) --> (10904, 11744)
2026-09-29 21:21:21,520 - stcal.resample.resample - INFO - Resampling science and variance data
2026-09-29 21:21:22,421 - stcal.resample.resample - INFO - Drizzling (2048, 2048) --> (10904, 11744)
2026-09-29 21:21:23,413 - stcal.resample.resample - INFO - Drizzling (2048, 2048) --> (10904, 11744)
2026-09-29 21:21:24,393 - stcal.resample.resample - INFO - Drizzling (2048, 2048) --> (10904, 11744)
2026-09-29 21:21:29,797 - stcal.resample.resample - INFO - Resampling science and variance data
2026-09-29 21:21:30,696 - stcal.resample.resample - INFO - Drizzling (2048, 2048) --> (10904, 11744)
2026-09-29 21:21:31,687 - stcal.resample.resample - INFO - Drizzling (2048, 2048) --> (10904, 11744)
2026-09-29 21:21:32,666 - stcal.resample.resample - INFO - Drizzling (2048, 2048) --> (10904, 11744)
2026-09-29 21:21:38,057 - stcal.resample.resample - INFO - Resampling science and variance data
2026-09-29 21:21:39,040 - stcal.resample.resample - INFO - Drizzling (2048, 2048) --> (10904, 11744)
2026-09-29 21:21:40,088 - stcal.resample.resample - INFO - Drizzling (2048, 2048) --> (10904, 11744)
2026-09-29 21:21:41,123 - stcal.resample.resample - INFO - Drizzling (2048, 2048) --> (10904, 11744)
2026-09-29 21:21:46,576 - stcal.resample.resample - INFO - Resampling science and variance data
2026-09-29 21:21:47,554 - stcal.resample.resample - INFO - Drizzling (2048, 2048) --> (10904, 11744)
2026-09-29 21:21:48,605 - stcal.resample.resample - INFO - Drizzling (2048, 2048) --> (10904, 11744)
2026-09-29 21:21:49,642 - stcal.resample.resample - INFO - Drizzling (2048, 2048) --> (10904, 11744)
2026-09-29 21:21:55,094 - stcal.resample.resample - INFO - Resampling science and variance data
2026-09-29 21:21:56,018 - stcal.resample.resample - INFO - Drizzling (2048, 2048) --> (10904, 11744)
2026-09-29 21:21:57,068 - stcal.resample.resample - INFO - Drizzling (2048, 2048) --> (10904, 11744)
2026-09-29 21:21:58,101 - stcal.resample.resample - INFO - Drizzling (2048, 2048) --> (10904, 11744)
2026-09-29 21:22:03,532 - stcal.resample.resample - INFO - Resampling science and variance data
2026-09-29 21:22:04,466 - stcal.resample.resample - INFO - Drizzling (2048, 2048) --> (10904, 11744)
2026-09-29 21:22:05,518 - stcal.resample.resample - INFO - Drizzling (2048, 2048) --> (10904, 11744)
2026-09-29 21:22:06,555 - stcal.resample.resample - INFO - Drizzling (2048, 2048) --> (10904, 11744)
2026-09-29 21:22:11,983 - stcal.resample.resample - INFO - Resampling science and variance data
2026-09-29 21:22:12,946 - stcal.resample.resample - INFO - Drizzling (2048, 2048) --> (10904, 11744)
2026-09-29 21:22:13,984 - stcal.resample.resample - INFO - Drizzling (2048, 2048) --> (10904, 11744)
2026-09-29 21:22:15,023 - stcal.resample.resample - INFO - Drizzling (2048, 2048) --> (10904, 11744)
2026-09-29 21:22:20,447 - stcal.resample.resample - INFO - Resampling science and variance data
2026-09-29 21:22:21,380 - stcal.resample.resample - INFO - Drizzling (2048, 2048) --> (10904, 11744)
2026-09-29 21:22:22,426 - stcal.resample.resample - INFO - Drizzling (2048, 2048) --> (10904, 11744)
2026-09-29 21:22:23,468 - stcal.resample.resample - INFO - Drizzling (2048, 2048) --> (10904, 11744)
2026-09-29 21:22:28,916 - stcal.resample.resample - INFO - Resampling science and variance data
2026-09-29 21:22:29,992 - stcal.resample.resample - INFO - Drizzling (2048, 2048) --> (10904, 11744)
2026-09-29 21:22:31,097 - stcal.resample.resample - INFO - Drizzling (2048, 2048) --> (10904, 11744)
2026-09-29 21:22:32,184 - stcal.resample.resample - INFO - Drizzling (2048, 2048) --> (10904, 11744)
2026-09-29 21:22:37,763 - stcal.resample.resample - INFO - Resampling science and variance data
2026-09-29 21:22:38,770 - stcal.resample.resample - INFO - Drizzling (2048, 2048) --> (10904, 11744)
2026-09-29 21:22:39,880 - stcal.resample.resample - INFO - Drizzling (2048, 2048) --> (10904, 11744)
2026-09-29 21:22:40,970 - stcal.resample.resample - INFO - Drizzling (2048, 2048) --> (10904, 11744)
2026-09-29 21:22:46,476 - stcal.resample.resample - INFO - Resampling science and variance data
2026-09-29 21:22:47,490 - stcal.resample.resample - INFO - Drizzling (2048, 2048) --> (10904, 11744)
2026-09-29 21:22:48,596 - stcal.resample.resample - INFO - Drizzling (2048, 2048) --> (10904, 11744)
2026-09-29 21:22:49,681 - stcal.resample.resample - INFO - Drizzling (2048, 2048) --> (10904, 11744)
2026-09-29 21:22:55,167 - stcal.resample.resample - INFO - Resampling science and variance data
2026-09-29 21:22:56,173 - stcal.resample.resample - INFO - Drizzling (2048, 2048) --> (10904, 11744)
2026-09-29 21:22:57,277 - stcal.resample.resample - INFO - Drizzling (2048, 2048) --> (10904, 11744)
2026-09-29 21:22:58,366 - stcal.resample.resample - INFO - Drizzling (2048, 2048) --> (10904, 11744)
2026-09-29 21:23:03,913 - stcal.resample.resample - INFO - Resampling science and variance data
2026-09-29 21:23:04,798 - stcal.resample.resample - INFO - Drizzling (2048, 2048) --> (10904, 11744)
2026-09-29 21:23:05,800 - stcal.resample.resample - INFO - Drizzling (2048, 2048) --> (10904, 11744)
2026-09-29 21:23:06,776 - stcal.resample.resample - INFO - Drizzling (2048, 2048) --> (10904, 11744)
2026-09-29 21:23:12,278 - stcal.resample.resample - INFO - Resampling science and variance data
2026-09-29 21:23:13,153 - stcal.resample.resample - INFO - Drizzling (2048, 2048) --> (10904, 11744)
2026-09-29 21:23:14,146 - stcal.resample.resample - INFO - Drizzling (2048, 2048) --> (10904, 11744)
2026-09-29 21:23:15,127 - stcal.resample.resample - INFO - Drizzling (2048, 2048) --> (10904, 11744)
2026-09-29 21:23:20,481 - stcal.resample.resample - INFO - Resampling science and variance data
2026-09-29 21:23:21,350 - stcal.resample.resample - INFO - Drizzling (2048, 2048) --> (10904, 11744)
2026-09-29 21:23:22,346 - stcal.resample.resample - INFO - Drizzling (2048, 2048) --> (10904, 11744)
2026-09-29 21:23:23,323 - stcal.resample.resample - INFO - Drizzling (2048, 2048) --> (10904, 11744)
2026-09-29 21:23:28,719 - stcal.resample.resample - INFO - Resampling science and variance data
2026-09-29 21:23:29,580 - stcal.resample.resample - INFO - Drizzling (2048, 2048) --> (10904, 11744)
2026-09-29 21:23:30,581 - stcal.resample.resample - INFO - Drizzling (2048, 2048) --> (10904, 11744)
2026-09-29 21:23:31,558 - stcal.resample.resample - INFO - Drizzling (2048, 2048) --> (10904, 11744)
2026-09-29 21:23:36,899 - stcal.resample.resample - INFO - Resampling science and variance data
2026-09-29 21:23:37,769 - stcal.resample.resample - INFO - Drizzling (2048, 2048) --> (10904, 11744)
2026-09-29 21:23:38,761 - stcal.resample.resample - INFO - Drizzling (2048, 2048) --> (10904, 11744)
2026-09-29 21:23:39,746 - stcal.resample.resample - INFO - Drizzling (2048, 2048) --> (10904, 11744)
2026-09-29 21:23:45,092 - stcal.resample.resample - INFO - Resampling science and variance data
2026-09-29 21:23:45,953 - stcal.resample.resample - INFO - Drizzling (2048, 2048) --> (10904, 11744)
2026-09-29 21:23:46,956 - stcal.resample.resample - INFO - Drizzling (2048, 2048) --> (10904, 11744)
2026-09-29 21:23:47,934 - stcal.resample.resample - INFO - Drizzling (2048, 2048) --> (10904, 11744)
2026-09-29 21:23:53,268 - stcal.resample.resample - INFO - Resampling science and variance data
2026-09-29 21:23:54,138 - stcal.resample.resample - INFO - Drizzling (2048, 2048) --> (10904, 11744)
2026-09-29 21:23:55,134 - stcal.resample.resample - INFO - Drizzling (2048, 2048) --> (10904, 11744)
2026-09-29 21:23:56,115 - stcal.resample.resample - INFO - Drizzling (2048, 2048) --> (10904, 11744)
2026-09-29 21:24:01,483 - stcal.resample.resample - INFO - Resampling science and variance data
2026-09-29 21:24:02,339 - stcal.resample.resample - INFO - Drizzling (2048, 2048) --> (10904, 11744)
2026-09-29 21:24:03,340 - stcal.resample.resample - INFO - Drizzling (2048, 2048) --> (10904, 11744)
2026-09-29 21:24:04,317 - stcal.resample.resample - INFO - Drizzling (2048, 2048) --> (10904, 11744)
2026-09-29 21:24:09,631 - stcal.resample.resample - INFO - Resampling science and variance data
2026-09-29 21:24:10,718 - stcal.resample.resample - INFO - Drizzling (2048, 2048) --> (10904, 11744)
2026-09-29 21:24:11,872 - stcal.resample.resample - INFO - Drizzling (2048, 2048) --> (10904, 11744)
2026-09-29 21:24:13,000 - stcal.resample.resample - INFO - Drizzling (2048, 2048) --> (10904, 11744)
2026-09-29 21:24:18,528 - stcal.resample.resample - INFO - Resampling science and variance data
2026-09-29 21:24:19,583 - stcal.resample.resample - INFO - Drizzling (2048, 2048) --> (10904, 11744)
2026-09-29 21:24:20,728 - stcal.resample.resample - INFO - Drizzling (2048, 2048) --> (10904, 11744)
2026-09-29 21:24:21,858 - stcal.resample.resample - INFO - Drizzling (2048, 2048) --> (10904, 11744)
2026-09-29 21:24:27,382 - stcal.resample.resample - INFO - Resampling science and variance data
2026-09-29 21:24:28,399 - stcal.resample.resample - INFO - Drizzling (2048, 2048) --> (10904, 11744)
2026-09-29 21:24:29,552 - stcal.resample.resample - INFO - Drizzling (2048, 2048) --> (10904, 11744)
2026-09-29 21:24:30,679 - stcal.resample.resample - INFO - Drizzling (2048, 2048) --> (10904, 11744)
2026-09-29 21:24:36,146 - stcal.resample.resample - INFO - Resampling science and variance data
2026-09-29 21:24:37,159 - stcal.resample.resample - INFO - Drizzling (2048, 2048) --> (10904, 11744)
2026-09-29 21:24:38,314 - stcal.resample.resample - INFO - Drizzling (2048, 2048) --> (10904, 11744)
2026-09-29 21:24:39,445 - stcal.resample.resample - INFO - Drizzling (2048, 2048) --> (10904, 11744)
2026-09-29 21:24:44,917 - stcal.resample.resample - INFO - Resampling science and variance data
2026-09-29 21:24:45,930 - stcal.resample.resample - INFO - Drizzling (2048, 2048) --> (10904, 11744)
2026-09-29 21:24:47,086 - stcal.resample.resample - INFO - Drizzling (2048, 2048) --> (10904, 11744)
2026-09-29 21:24:48,210 - stcal.resample.resample - INFO - Drizzling (2048, 2048) --> (10904, 11744)
2026-09-29 21:24:53,678 - stcal.resample.resample - INFO - Resampling science and variance data
2026-09-29 21:24:54,698 - stcal.resample.resample - INFO - Drizzling (2048, 2048) --> (10904, 11744)
2026-09-29 21:24:55,853 - stcal.resample.resample - INFO - Drizzling (2048, 2048) --> (10904, 11744)
2026-09-29 21:24:56,976 - stcal.resample.resample - INFO - Drizzling (2048, 2048) --> (10904, 11744)
2026-09-29 21:25:02,397 - stcal.resample.resample - INFO - Resampling science and variance data
2026-09-29 21:25:03,411 - stcal.resample.resample - INFO - Drizzling (2048, 2048) --> (10904, 11744)
2026-09-29 21:25:04,563 - stcal.resample.resample - INFO - Drizzling (2048, 2048) --> (10904, 11744)
2026-09-29 21:25:05,688 - stcal.resample.resample - INFO - Drizzling (2048, 2048) --> (10904, 11744)
2026-09-29 21:25:11,138 - stcal.resample.resample - INFO - Resampling science and variance data
2026-09-29 21:25:12,157 - stcal.resample.resample - INFO - Drizzling (2048, 2048) --> (10904, 11744)
2026-09-29 21:25:13,302 - stcal.resample.resample - INFO - Drizzling (2048, 2048) --> (10904, 11744)
2026-09-29 21:25:14,426 - stcal.resample.resample - INFO - Drizzling (2048, 2048) --> (10904, 11744)
2026-09-29 21:25:19,826 - stcal.resample.resample - INFO - Resampling science and variance data
2026-09-29 21:25:20,844 - stcal.resample.resample - INFO - Drizzling (2048, 2048) --> (10904, 11744)
2026-09-29 21:25:21,995 - stcal.resample.resample - INFO - Drizzling (2048, 2048) --> (10904, 11744)
2026-09-29 21:25:23,122 - stcal.resample.resample - INFO - Drizzling (2048, 2048) --> (10904, 11744)
2026-09-29 21:25:28,518 - stcal.resample.resample - INFO - Resampling science and variance data
2026-09-29 21:25:29,539 - stcal.resample.resample - INFO - Drizzling (2048, 2048) --> (10904, 11744)
2026-09-29 21:25:30,688 - stcal.resample.resample - INFO - Drizzling (2048, 2048) --> (10904, 11744)
2026-09-29 21:25:31,815 - stcal.resample.resample - INFO - Drizzling (2048, 2048) --> (10904, 11744)
2026-09-29 21:25:37,203 - stcal.resample.resample - INFO - Resampling science and variance data
2026-09-29 21:25:38,222 - stcal.resample.resample - INFO - Drizzling (2048, 2048) --> (10904, 11744)
2026-09-29 21:25:39,362 - stcal.resample.resample - INFO - Drizzling (2048, 2048) --> (10904, 11744)
2026-09-29 21:25:40,483 - stcal.resample.resample - INFO - Drizzling (2048, 2048) --> (10904, 11744)
2026-09-29 21:25:45,915 - stcal.resample.resample - INFO - Resampling science and variance data
2026-09-29 21:25:46,948 - stcal.resample.resample - INFO - Drizzling (2048, 2048) --> (10904, 11744)
2026-09-29 21:25:48,113 - stcal.resample.resample - INFO - Drizzling (2048, 2048) --> (10904, 11744)
2026-09-29 21:25:49,250 - stcal.resample.resample - INFO - Drizzling (2048, 2048) --> (10904, 11744)
2026-09-29 21:25:54,870 - stcal.resample.resample - INFO - Resampling science and variance data
2026-09-29 21:25:55,904 - stcal.resample.resample - INFO - Drizzling (2048, 2048) --> (10904, 11744)
2026-09-29 21:25:57,046 - stcal.resample.resample - INFO - Drizzling (2048, 2048) --> (10904, 11744)
2026-09-29 21:25:58,172 - stcal.resample.resample - INFO - Drizzling (2048, 2048) --> (10904, 11744)
2026-09-29 21:26:03,812 - stcal.resample.resample - INFO - Resampling science and variance data
2026-09-29 21:26:04,848 - stcal.resample.resample - INFO - Drizzling (2048, 2048) --> (10904, 11744)
2026-09-29 21:26:06,009 - stcal.resample.resample - INFO - Drizzling (2048, 2048) --> (10904, 11744)
2026-09-29 21:26:07,127 - stcal.resample.resample - INFO - Drizzling (2048, 2048) --> (10904, 11744)
2026-09-29 21:26:12,712 - stcal.resample.resample - INFO - Resampling science and variance data
2026-09-29 21:26:13,764 - stcal.resample.resample - INFO - Drizzling (2048, 2048) --> (10904, 11744)
2026-09-29 21:26:14,900 - stcal.resample.resample - INFO - Drizzling (2048, 2048) --> (10904, 11744)
2026-09-29 21:26:16,026 - stcal.resample.resample - INFO - Drizzling (2048, 2048) --> (10904, 11744)
2026-09-29 21:26:21,612 - stcal.resample.resample - INFO - Resampling science and variance data
2026-09-29 21:26:22,653 - stcal.resample.resample - INFO - Drizzling (2048, 2048) --> (10904, 11744)
2026-09-29 21:26:23,795 - stcal.resample.resample - INFO - Drizzling (2048, 2048) --> (10904, 11744)
2026-09-29 21:26:24,913 - stcal.resample.resample - INFO - Drizzling (2048, 2048) --> (10904, 11744)
2026-09-29 21:26:30,525 - stcal.resample.resample - INFO - Resampling science and variance data
2026-09-29 21:26:31,566 - stcal.resample.resample - INFO - Drizzling (2048, 2048) --> (10904, 11744)
2026-09-29 21:26:32,712 - stcal.resample.resample - INFO - Drizzling (2048, 2048) --> (10904, 11744)
2026-09-29 21:26:33,835 - stcal.resample.resample - INFO - Drizzling (2048, 2048) --> (10904, 11744)
2026-09-29 21:26:39,456 - stcal.resample.resample - INFO - Resampling science and variance data
2026-09-29 21:26:40,502 - stcal.resample.resample - INFO - Drizzling (2048, 2048) --> (10904, 11744)
2026-09-29 21:26:41,642 - stcal.resample.resample - INFO - Drizzling (2048, 2048) --> (10904, 11744)
2026-09-29 21:26:42,761 - stcal.resample.resample - INFO - Drizzling (2048, 2048) --> (10904, 11744)
2026-09-29 21:26:48,341 - stcal.resample.resample - INFO - Resampling science and variance data
2026-09-29 21:26:49,399 - stcal.resample.resample - INFO - Drizzling (2048, 2048) --> (10904, 11744)
2026-09-29 21:26:50,538 - stcal.resample.resample - INFO - Drizzling (2048, 2048) --> (10904, 11744)
2026-09-29 21:26:51,660 - stcal.resample.resample - INFO - Drizzling (2048, 2048) --> (10904, 11744)
2026-09-29 21:26:57,303 - stcal.resample.resample - INFO - Resampling science and variance data
2026-09-29 21:26:58,351 - stcal.resample.resample - INFO - Drizzling (2048, 2048) --> (10904, 11744)
2026-09-29 21:26:59,489 - stcal.resample.resample - INFO - Drizzling (2048, 2048) --> (10904, 11744)
2026-09-29 21:27:00,613 - stcal.resample.resample - INFO - Drizzling (2048, 2048) --> (10904, 11744)
2026-09-29 21:27:06,326 - stcal.resample.resample - INFO - Resampling science and variance data
2026-09-29 21:27:07,369 - stcal.resample.resample - INFO - Drizzling (2048, 2048) --> (10904, 11744)
2026-09-29 21:27:08,503 - stcal.resample.resample - INFO - Drizzling (2048, 2048) --> (10904, 11744)
2026-09-29 21:27:09,626 - stcal.resample.resample - INFO - Drizzling (2048, 2048) --> (10904, 11744)
2026-09-29 21:27:15,289 - stcal.resample.resample - INFO - Resampling science and variance data
2026-09-29 21:27:16,338 - stcal.resample.resample - INFO - Drizzling (2048, 2048) --> (10904, 11744)
2026-09-29 21:27:17,475 - stcal.resample.resample - INFO - Drizzling (2048, 2048) --> (10904, 11744)
2026-09-29 21:27:18,599 - stcal.resample.resample - INFO - Drizzling (2048, 2048) --> (10904, 11744)
2026-09-29 21:27:24,287 - stcal.resample.resample - INFO - Resampling science and variance data
2026-09-29 21:27:25,341 - stcal.resample.resample - INFO - Drizzling (2048, 2048) --> (10904, 11744)
2026-09-29 21:27:26,478 - stcal.resample.resample - INFO - Drizzling (2048, 2048) --> (10904, 11744)
2026-09-29 21:27:27,604 - stcal.resample.resample - INFO - Drizzling (2048, 2048) --> (10904, 11744)
2026-09-29 21:27:33,233 - stcal.resample.resample - INFO - Resampling science and variance data
2026-09-29 21:27:34,288 - stcal.resample.resample - INFO - Drizzling (2048, 2048) --> (10904, 11744)
2026-09-29 21:27:35,429 - stcal.resample.resample - INFO - Drizzling (2048, 2048) --> (10904, 11744)
2026-09-29 21:27:36,560 - stcal.resample.resample - INFO - Drizzling (2048, 2048) --> (10904, 11744)
2026-09-29 21:27:42,608 - jwst.resample.resample - INFO - Assigning output S_REGION: POLYGON ICRS  15.103683065 -72.171336999 14.992542042 -72.158843065 14.952744776 -72.192587174 14.953042006 -72.192621462 14.952921104 -72.192723776 14.953210889 -72.192757205 14.953087266 -72.192861822 14.973058121 -72.195164264 14.971063599 -72.196853494 14.971356850 -72.196887334 14.971233974 -72.196991392 14.971524012 -72.197024812 14.971401177 -72.197128834 15.079878328 -72.209590157 15.079916802 -72.209559703 15.080006799 -72.209570009 15.110186482 -72.185651525 15.109572770 -72.203006849 15.101001831 -72.210283897 15.101300255 -72.210317714 15.101179403 -72.210420280 15.101470407 -72.210453255 15.101346739 -72.210558211 15.121262304 -72.212813666 15.119248598 -72.214524209 15.119543651 -72.214557602 15.119420611 -72.214662110 15.119711029 -72.214694978 15.119588213 -72.214799293 15.228554174 -72.227093206 15.228557641 -72.227090457 15.228668994 -72.227102982 15.270898317 -72.193557749 15.270600092 -72.193523300 15.270729826 -72.193420042 15.270427527 -72.193385254 15.270556251 -72.193282799 15.250414117 -72.190963370 15.252468870 -72.189329167 15.252170615 -72.189294809 15.252300635 -72.189191392 15.251995157 -72.189156201 15.252122181 -72.189055167 15.229269910 -72.186420895 15.228476559 -72.170494674 15.227167414 -72.170496923 15.227152766 -72.170201997 15.111360887 -72.170366024 15.111348483 -72.170717718 15.110713614 -72.170718431 15.110588726 -72.174258556 15.101916697 -72.173287063 15.104027222 -72.171611260 15.103728821 -72.171577823 15.103860270 -72.171473441 15.103554404 -72.171439167  POLYGON ICRS  14.904051770 -72.113112612 14.904057449 -72.113091711 14.791943024 -72.110413656 14.792227769 -72.109388613 14.791569712 -72.109372701 14.791613224 -72.109216073 14.675213122 -72.106366208 14.675151064 -72.106567539 14.674655883 -72.106555267 14.664087283 -72.140776973 14.663636922 -72.140765807 14.663617673 -72.140828018 14.663575345 -72.140826968 14.659260504 -72.154761381 14.658221607 -72.154735218 14.658161167 -72.154936803 14.657663357 -72.154924265 14.647380763 -72.189153792 14.646596976 -72.189134045 14.645436222 -72.192802618 14.635874559 -72.224501703 14.752913765 -72.228284086 14.752914198 -72.228282735 14.758598978 -72.228464658 14.738107975 -72.261409377 14.854508117 -72.268464797 14.854566005 -72.268366992 14.854921345 -72.268388417 14.854978884 -72.268291197 14.855336652 -72.268312766 14.876420386 -72.232614403 14.856969604 -72.231586170 14.865697332 -72.231860698 14.865704037 -72.231839382 14.865895536 -72.231845401 14.876601104 -72.197747364 14.877338552 -72.197770543 14.877345254 -72.197749153 14.877535501 -72.197755132 14.882042172 -72.183360033 14.882586297 -72.183376865 14.882592072 -72.183355778 14.882784269 -72.183361723 14.888008212 -72.164268617 14.888842677 -72.161595145 14.888774228 -72.161593503 14.888780756 -72.161572585 14.888745214 -72.161571732 14.892117219 -72.149222574 14.894165030 -72.149285927 14.894170793 -72.149264798 14.894360999 -72.149270682 14.904197798 -72.113137340 14.904129458 -72.113135727 14.904135203 -72.113114581  POLYGON ICRS  14.822358876 -72.316228284 14.822539623 -72.316233435 14.822598116 -72.316141389 14.822950434 -72.316162815 14.823012178 -72.316065651 14.823366297 -72.316087185 14.845994348 -72.280404851 14.728832321 -72.274132588 14.728774392 -72.274227006 14.728418009 -72.274207814 14.728359521 -72.274303135 14.728003653 -72.274283970 14.706568523 -72.309149905
2026-09-29 21:28:40,363 - stpipe.step - INFO - Saved model in /net/vdesk/data2/slagter/JWST_NIRCAM_#1227_level_3/mosaic_F444W_final_i2d.fits
2026-09-29 21:28:40,363 - stpipe.step - INFO - Step resample done
2026-09-29 21:28:41,102 - stpipe.step - INFO - Step source_catalog running with args (<ImageModel(10904, 11744) from mosaic_F444W_final_i2d.fits>,).
2026-09-29 21:28:41,536 - jwst.source_catalog.source_catalog_step - INFO - Using APCORR reference file: /home/slagter/crds_cache/references/jwst/nircam/jwst_nircam_apcorr_0005.fits
2026-09-29 21:28:41,543 - jwst.source_catalog.source_catalog_step - INFO - Using ABVEGAOFFSET reference file: /home/slagter/crds_cache/references/jwst/nircam/jwst_nircam_abvegaoffset_0003.asdf
2026-09-29 21:28:41,543 - jwst.source_catalog.reference_data - INFO - Instrument: NIRCAM
2026-09-29 21:28:41,543 - jwst.source_catalog.reference_data - INFO - Detector: MULTIPLE
2026-09-29 21:28:41,543 - jwst.source_catalog.reference_data - INFO - Filter: F444W
2026-09-29 21:28:41,544 - jwst.source_catalog.reference_data - INFO - Pupil: CLEAR
2026-09-29 21:28:41,544 - jwst.source_catalog.reference_data - INFO - Subarray: FULL
2026-09-29 21:28:41,852 - jwst.source_catalog.reference_data - INFO - AB to Vega magnitude offset 3.23691
2026-09-29 21:30:13,616 - jwst.source_catalog.source_catalog_step - INFO - Wrote source catalog: /net/vdesk/data2/slagter/JWST_NIRCAM_#1227_level_3/mosaic_F444W_final_cat.ecsv
2026-09-29 21:30:21,323 - stpipe.step - INFO - Saved model in /net/vdesk/data2/slagter/JWST_NIRCAM_#1227_level_3/mosaic_F444W_final_segm.fits
2026-09-29 21:30:21,324 - jwst.source_catalog.source_catalog_step - INFO - Wrote segmentation map: mosaic_F444W_final_segm.fits
2026-09-29 21:30:21,328 - stpipe.step - INFO - Step source_catalog done
2026-09-29 21:30:21,455 - stpipe.step - INFO - Step Image3Pipeline done
2026-09-29 21:30:21,455 - jwst.stpipe.core - INFO - Results used jwst version: 3.0.0
0 ./jw01227002001_02105_00001_nrcalong_cal_1overf.phot.txt
find_stars
dmag 0.2172
DDD NIRCAM F444W CLEAR ggg None
####### coron None
dmag 1.0
sharpness 0.9
mag 24
x 2008
y 2008
Saving refcat file into ./jw01227002001_02105_00001_nrcalong_cal_1overf.refcat.txt
reffile_d2d 0.5
    slope  intercept     maxval  index  d_bestguess  fwhm  multimax
-0.000098        0.1 427.055644   5848    -0.156694  0.54     False
d_rot_tmp 0.6433057331427137
Keeping 481 out of 481, skippin 0 because of null values in columns d_rot_tmp
median: -0.143415
75.000000 percentile cut: max residual for cut: 0.080218
__tmp_residuals 0.08021839513057838
median: -0.142134
i:00 mean:-0.142134(0.002012) stdev:0.038115(0.001420) X2norm:1.00 Nchanged:0 Ngood:360 Nclip:121

mean: -0.143077
i:01 mean:-0.143077(0.002379) stdev:0.047404(0.001680) X2norm:1.00 Nchanged:38 Ngood:398 Nclip:83

mean: -0.143280
i:02 mean:-0.143280(0.002588) stdev:0.052525(0.001828) X2norm:1.00 Nchanged:15 Ngood:413 Nclip:68

mean: -0.143274
i:03 mean:-0.143274(0.002663) stdev:0.054305(0.001880) X2norm:1.00 Nchanged:4 Ngood:417 Nclip:64

mean: -0.143656
i:04 mean:-0.143656(0.002683) stdev:0.054798(0.001895) X2norm:1.00 Nchanged:1 Ngood:418 Nclip:63

mean: -0.144045
i:05 mean:-0.144045(0.002705) stdev:0.055310(0.001911) X2norm:1.00 Nchanged:1 Ngood:419 Nclip:62

mean: -0.144440
i:06 mean:-0.144440(0.002728) stdev:0.055832(0.001926) X2norm:1.00 Nchanged:1 Ngood:420 Nclip:61

mean: -0.144044
i:07 mean:-0.144044(0.002750) stdev:0.056353(0.001942) X2norm:1.00 Nchanged:1 Ngood:421 Nclip:60

mean: -0.144044
i:08 mean:-0.144044(0.002750) stdev:0.056353(0.001942) X2norm:1.00 Nchanged:0 Ngood:421 Nclip:60
   slope  intercept     maxval  index  d_bestguess  fwhm  multimax
0.000098       -0.1 383.717158   1242     -0.10961  0.52     False
d_rot_tmp 0.6903901370052872
Keeping 413 out of 413, skippin 0 because of null values in columns d_rot_tmp
median: -0.102188
75.000000 percentile cut: max residual for cut: 0.070372
__tmp_residuals 0.07037237306850662
median: -0.100628
i:00 mean:-0.100628(0.001932) stdev:0.033911(0.001364) X2norm:1.00 Nchanged:0 Ngood:309 Nclip:104

mean: -0.104205
i:01 mean:-0.104205(0.002330) stdev:0.043961(0.001645) X2norm:1.00 Nchanged:48 Ngood:357 Nclip:56

mean: -0.105844
i:02 mean:-0.105844(0.002566) stdev:0.049620(0.001812) X2norm:1.00 Nchanged:18 Ngood:375 Nclip:38

mean: -0.106931
i:03 mean:-0.106931(0.002659) stdev:0.051757(0.001877) X2norm:1.00 Nchanged:5 Ngood:380 Nclip:33

mean: -0.107312
i:04 mean:-0.107312(0.002725) stdev:0.053251(0.001924) X2norm:1.00 Nchanged:3 Ngood:383 Nclip:30

mean: -0.106487
i:05 mean:-0.106487(0.002772) stdev:0.054329(0.001958) X2norm:1.00 Nchanged:2 Ngood:385 Nclip:28

mean: -0.106067
i:06 mean:-0.106067(0.002797) stdev:0.054882(0.001975) X2norm:1.00 Nchanged:1 Ngood:386 Nclip:27

mean: -0.106067
i:07 mean:-0.106067(0.002797) stdev:0.054882(0.001975) X2norm:1.00 Nchanged:0 Ngood:386 Nclip:27
replacing SIP ./jw01227002001_02105_00001_nrcalong_cal_1overf_jhat.fits
./jw01227002001_02105_00001_nrcalong_cal_1overf_jhat.fits
0 ./jw01227002001_02105_00001_nrcblong_cal_1overf.phot.txt
find_stars
dmag 0.2172
DDD NIRCAM F444W CLEAR ggg None
####### coron None
dmag 1.0
sharpness 0.9
mag 24
x 2008
y 2008
Saving refcat file into ./jw01227002001_02105_00001_nrcblong_cal_1overf.refcat.txt
reffile_d2d 0.5
        slope    intercept     maxval  index  d_bestguess  fwhm  multimax
-1.734723e-17 1.776357e-14 513.040844   6429    -0.132486  0.52     False
d_rot_tmp 0.6675143697733177
Keeping 553 out of 553, skippin 0 because of null values in columns d_rot_tmp
median: -0.138887
75.000000 percentile cut: max residual for cut: 0.063097
__tmp_residuals 0.06309746307125347
median: -0.138872
i:00 mean:-0.138872(0.001484) stdev:0.030155(0.001048) X2norm:1.00 Nchanged:0 Ngood:414 Nclip:139

mean: -0.140432
i:01 mean:-0.140432(0.001786) stdev:0.038751(0.001261) X2norm:1.00 Nchanged:58 Ngood:472 Nclip:81

mean: -0.138948
i:02 mean:-0.138948(0.001966) stdev:0.043694(0.001389) X2norm:1.00 Nchanged:23 Ngood:495 Nclip:58

mean: -0.138908
i:03 mean:-0.138908(0.002078) stdev:0.046654(0.001468) X2norm:1.00 Nchanged:10 Ngood:505 Nclip:48

mean: -0.138371
i:04 mean:-0.138371(0.002104) stdev:0.047339(0.001487) X2norm:1.00 Nchanged:2 Ngood:507 Nclip:46

mean: -0.138371
i:05 mean:-0.138371(0.002104) stdev:0.047339(0.001487) X2norm:1.00 Nchanged:0 Ngood:507 Nclip:46
        slope    intercept     maxval  index  d_bestguess  fwhm  multimax
-1.734723e-17 1.776357e-14 475.662812    990     0.050654  0.52     False
d_rot_tmp 0.850653691460159
Keeping 502 out of 502, skippin 0 because of null values in columns d_rot_tmp
median: 0.043556
75.000000 percentile cut: max residual for cut: 0.065197
__tmp_residuals 0.06519738505072317
median: 0.042088
i:00 mean:0.042088(0.001626) stdev:0.031496(0.001149) X2norm:1.00 Nchanged:0 Ngood:376 Nclip:126

mean: 0.041512
i:01 mean:0.041512(0.001992) stdev:0.041875(0.001407) X2norm:1.00 Nchanged:67 Ngood:443 Nclip:59

mean: 0.044224
i:02 mean:0.044224(0.002163) stdev:0.046492(0.001528) X2norm:1.00 Nchanged:20 Ngood:463 Nclip:39

mean: 0.045802
i:03 mean:0.045802(0.002313) stdev:0.050359(0.001634) X2norm:1.00 Nchanged:12 Ngood:475 Nclip:27

mean: 0.046395
i:04 mean:0.046395(0.002405) stdev:0.052695(0.001699) X2norm:1.00 Nchanged:6 Ngood:481 Nclip:21

mean: 0.046723
i:05 mean:0.046723(0.002422) stdev:0.053129(0.001711) X2norm:1.00 Nchanged:1 Ngood:482 Nclip:20

mean: 0.046723
i:06 mean:0.046723(0.002422) stdev:0.053129(0.001711) X2norm:1.00 Nchanged:0 Ngood:482 Nclip:20
replacing SIP ./jw01227002001_02105_00001_nrcblong_cal_1overf_jhat.fits
./jw01227002001_02105_00001_nrcblong_cal_1overf_jhat.fits
0 ./jw01227002001_02105_00002_nrcalong_cal_1overf.phot.txt
find_stars
dmag 0.2172
DDD NIRCAM F444W CLEAR ggg None
####### coron None
dmag 1.0
sharpness 0.9
mag 24
x 2008
y 2008
Saving refcat file into ./jw01227002001_02105_00002_nrcalong_cal_1overf.refcat.txt
reffile_d2d 0.5
    slope  intercept     maxval  index  d_bestguess  fwhm  multimax
-0.000098        0.1 452.994702   4604    -0.129164  0.52     False
d_rot_tmp 0.6708357678554109
Keeping 502 out of 502, skippin 0 because of null values in columns d_rot_tmp
median: -0.126800
75.000000 percentile cut: max residual for cut: 0.073942
__tmp_residuals 0.07394181055715582
median: -0.125889
i:00 mean:-0.125889(0.001803) stdev:0.034921(0.001273) X2norm:1.00 Nchanged:0 Ngood:376 Nclip:126

mean: -0.127930
i:01 mean:-0.127930(0.002128) stdev:0.043514(0.001503) X2norm:1.00 Nchanged:43 Ngood:419 Nclip:83

mean: -0.127287
i:02 mean:-0.127287(0.002319) stdev:0.048317(0.001638) X2norm:1.00 Nchanged:16 Ngood:435 Nclip:67

mean: -0.126640
i:03 mean:-0.126640(0.002417) stdev:0.050706(0.001707) X2norm:1.00 Nchanged:6 Ngood:441 Nclip:61

mean: -0.126974
i:04 mean:-0.126974(0.002435) stdev:0.051133(0.001720) X2norm:1.00 Nchanged:1 Ngood:442 Nclip:60

mean: -0.126628
i:05 mean:-0.126628(0.002454) stdev:0.051590(0.001733) X2norm:1.00 Nchanged:1 Ngood:443 Nclip:59

mean: -0.126280
i:06 mean:-0.126280(0.002473) stdev:0.052051(0.001747) X2norm:1.00 Nchanged:1 Ngood:444 Nclip:58

mean: -0.126280
i:07 mean:-0.126280(0.002473) stdev:0.052051(0.001747) X2norm:1.00 Nchanged:0 Ngood:444 Nclip:58
   slope  intercept     maxval  index  d_bestguess  fwhm  multimax
0.000049      -0.05 403.590188   1253    -0.098239  0.52     False
d_rot_tmp 0.7017612259056414
Keeping 432 out of 432, skippin 0 because of null values in columns d_rot_tmp
median: -0.091013
75.000000 percentile cut: max residual for cut: 0.070419
__tmp_residuals 0.07041908565223878
median: -0.089238
i:00 mean:-0.089238(0.001856) stdev:0.033348(0.001310) X2norm:1.00 Nchanged:0 Ngood:324 Nclip:108

mean: -0.091821
i:01 mean:-0.091821(0.002238) stdev:0.043110(0.001581) X2norm:1.00 Nchanged:48 Ngood:372 Nclip:60

mean: -0.092977
i:02 mean:-0.092977(0.002441) stdev:0.048020(0.001724) X2norm:1.00 Nchanged:16 Ngood:388 Nclip:44

mean: -0.092606
i:03 mean:-0.092606(0.002534) stdev:0.050169(0.001789) X2norm:1.00 Nchanged:5 Ngood:393 Nclip:39

mean: -0.091887
i:04 mean:-0.091887(0.002652) stdev:0.052905(0.001873) X2norm:1.00 Nchanged:6 Ngood:399 Nclip:33

mean: -0.090355
i:05 mean:-0.090355(0.002811) stdev:0.056631(0.001985) X2norm:1.00 Nchanged:8 Ngood:407 Nclip:25

mean: -0.089932
i:06 mean:-0.089932(0.002877) stdev:0.058179(0.002032) X2norm:1.00 Nchanged:3 Ngood:410 Nclip:22

mean: -0.091181
i:07 mean:-0.091181(0.002945) stdev:0.059783(0.002080) X2norm:1.00 Nchanged:3 Ngood:413 Nclip:19

mean: -0.091601
i:08 mean:-0.091601(0.002968) stdev:0.060319(0.002096) X2norm:1.00 Nchanged:1 Ngood:414 Nclip:18

mean: -0.091601
i:09 mean:-0.091601(0.002968) stdev:0.060319(0.002096) X2norm:1.00 Nchanged:0 Ngood:414 Nclip:18
replacing SIP ./jw01227002001_02105_00002_nrcalong_cal_1overf_jhat.fits
./jw01227002001_02105_00002_nrcalong_cal_1overf_jhat.fits
0 ./jw01227002001_02105_00002_nrcblong_cal_1overf.phot.txt
find_stars
dmag 0.2172
DDD NIRCAM F444W CLEAR ggg None
####### coron None
dmag 1.0
sharpness 0.9
mag 24
x 2008
y 2008
Saving refcat file into ./jw01227002001_02105_00002_nrcblong_cal_1overf.refcat.txt
reffile_d2d 0.5
        slope    intercept     maxval  index  d_bestguess  fwhm  multimax
-1.734723e-17 1.776357e-14 527.790268   6207     -0.12819  0.52     False
d_rot_tmp 0.6718096908615963
Keeping 566 out of 566, skippin 0 because of null values in columns d_rot_tmp
median: -0.125561
75.000000 percentile cut: max residual for cut: 0.062927
__tmp_residuals 0.06292723221237864
median: -0.125287
i:00 mean:-0.125287(0.001430) stdev:0.029401(0.001010) X2norm:1.00 Nchanged:0 Ngood:424 Nclip:142

mean: -0.124532
i:01 mean:-0.124532(0.001744) stdev:0.038445(0.001232) X2norm:1.00 Nchanged:63 Ngood:487 Nclip:79

mean: -0.124977
i:02 mean:-0.124977(0.001912) stdev:0.043101(0.001351) X2norm:1.00 Nchanged:22 Ngood:509 Nclip:57

mean: -0.123813
i:03 mean:-0.123813(0.002006) stdev:0.045605(0.001417) X2norm:1.00 Nchanged:9 Ngood:518 Nclip:48

mean: -0.124338
i:04 mean:-0.124338(0.002032) stdev:0.046296(0.001436) X2norm:1.00 Nchanged:2 Ngood:520 Nclip:46

mean: -0.124338
i:05 mean:-0.124338(0.002032) stdev:0.046296(0.001436) X2norm:1.00 Nchanged:0 Ngood:520 Nclip:46
        slope    intercept     maxval  index  d_bestguess  fwhm  multimax
-1.734723e-17 1.776357e-14 490.264318     88     0.069118  0.52     False
d_rot_tmp 0.8691180036039154
Keeping 519 out of 519, skippin 0 because of null values in columns d_rot_tmp
median: 0.058714
75.000000 percentile cut: max residual for cut: 0.067205
__tmp_residuals 0.0672049967118401
median: 0.057936
i:00 mean:0.057936(0.001579) stdev:0.031103(0.001115) X2norm:1.00 Nchanged:0 Ngood:389 Nclip:130

mean: 0.058862
i:01 mean:0.058862(0.001892) stdev:0.039697(0.001337) X2norm:1.00 Nchanged:52 Ngood:441 Nclip:78

mean: 0.057958
i:02 mean:0.057958(0.002172) stdev:0.047194(0.001534) X2norm:1.00 Nchanged:32 Ngood:473 Nclip:46

mean: 0.058484
i:03 mean:0.058484(0.002358) stdev:0.052087(0.001666) X2norm:1.00 Nchanged:16 Ngood:489 Nclip:30

mean: 0.059663
i:04 mean:0.059663(0.002473) stdev:0.055069(0.001747) X2norm:1.00 Nchanged:8 Ngood:497 Nclip:22

mean: 0.059988
i:05 mean:0.059988(0.002522) stdev:0.056327(0.001781) X2norm:1.00 Nchanged:3 Ngood:500 Nclip:19

mean: 0.060314
i:06 mean:0.060314(0.002572) stdev:0.057624(0.001817) X2norm:1.00 Nchanged:3 Ngood:503 Nclip:16

mean: 0.059978
i:07 mean:0.059978(0.002622) stdev:0.058918(0.001852) X2norm:1.00 Nchanged:3 Ngood:506 Nclip:13

mean: 0.059978
i:08 mean:0.059978(0.002622) stdev:0.058918(0.001852) X2norm:1.00 Nchanged:0 Ngood:506 Nclip:13
replacing SIP ./jw01227002001_02105_00002_nrcblong_cal_1overf_jhat.fits
./jw01227002001_02105_00002_nrcblong_cal_1overf_jhat.fits
0 ./jw01227002001_02105_00003_nrcalong_cal_1overf.phot.txt
find_stars
dmag 0.2172
DDD NIRCAM F444W CLEAR ggg None
####### coron None
dmag 1.0
sharpness 0.9
mag 24
x 2008
y 2008
Saving refcat file into ./jw01227002001_02105_00003_nrcalong_cal_1overf.refcat.txt
reffile_d2d 0.5
    slope  intercept     maxval  index  d_bestguess  fwhm  multimax
-0.000098        0.1 455.207648   3836    -0.121693  0.52     False
d_rot_tmp 0.678306937387535
Keeping 503 out of 503, skippin 0 because of null values in columns d_rot_tmp
median: -0.113089
75.000000 percentile cut: max residual for cut: 0.076297
__tmp_residuals 0.07629721820258312
median: -0.111893
i:00 mean:-0.111893(0.001875) stdev:0.036366(0.001324) X2norm:1.00 Nchanged:0 Ngood:377 Nclip:126

mean: -0.114020
i:01 mean:-0.114020(0.002158) stdev:0.043759(0.001524) X2norm:1.00 Nchanged:35 Ngood:412 Nclip:91

mean: -0.113980
i:02 mean:-0.113980(0.002465) stdev:0.051531(0.001741) X2norm:1.00 Nchanged:26 Ngood:438 Nclip:65

mean: -0.113575
i:03 mean:-0.113575(0.002619) stdev:0.055438(0.001850) X2norm:1.00 Nchanged:11 Ngood:449 Nclip:54

mean: -0.113581
i:04 mean:-0.113581(0.002727) stdev:0.058101(0.001926) X2norm:1.00 Nchanged:6 Ngood:455 Nclip:48

mean: -0.114681
i:05 mean:-0.114681(0.002782) stdev:0.059478(0.001965) X2norm:1.00 Nchanged:3 Ngood:458 Nclip:45

mean: -0.114676
i:06 mean:-0.114676(0.002822) stdev:0.060466(0.001994) X2norm:1.00 Nchanged:2 Ngood:460 Nclip:43

mean: -0.114676
i:07 mean:-0.114676(0.002822) stdev:0.060466(0.001994) X2norm:1.00 Nchanged:0 Ngood:460 Nclip:43
   slope  intercept     maxval  index  d_bestguess  fwhm  multimax
0.000098       -0.1 410.809754   1249    -0.093431  0.52     False
d_rot_tmp 0.7065685447853085
Keeping 448 out of 448, skippin 0 because of null values in columns d_rot_tmp
median: -0.092901
75.000000 percentile cut: max residual for cut: 0.074720
__tmp_residuals 0.07472046164197738
median: -0.093192
i:00 mean:-0.093192(0.001815) stdev:0.033214(0.001281) X2norm:1.00 Nchanged:0 Ngood:336 Nclip:112

mean: -0.090782
i:01 mean:-0.090782(0.002076) stdev:0.039436(0.001466) X2norm:1.00 Nchanged:26 Ngood:362 Nclip:86

mean: -0.091069
i:02 mean:-0.091069(0.002323) stdev:0.045166(0.001640) X2norm:1.00 Nchanged:17 Ngood:379 Nclip:69

mean: -0.091352
i:03 mean:-0.091352(0.002565) stdev:0.050846(0.001811) X2norm:1.00 Nchanged:15 Ngood:394 Nclip:54

mean: -0.092788
i:04 mean:-0.092788(0.002755) stdev:0.055298(0.001945) X2norm:1.00 Nchanged:10 Ngood:404 Nclip:44

mean: -0.092407
i:05 mean:-0.092407(0.002899) stdev:0.058704(0.002048) X2norm:1.00 Nchanged:7 Ngood:411 Nclip:37

mean: -0.092006
i:06 mean:-0.092006(0.002967) stdev:0.060301(0.002096) X2norm:1.00 Nchanged:3 Ngood:414 Nclip:34

mean: -0.091580
i:07 mean:-0.091580(0.003038) stdev:0.061959(0.002145) X2norm:1.00 Nchanged:3 Ngood:417 Nclip:31

mean: -0.092016
i:08 mean:-0.092016(0.003062) stdev:0.062522(0.002162) X2norm:1.00 Nchanged:1 Ngood:418 Nclip:30

mean: -0.092016
i:09 mean:-0.092016(0.003062) stdev:0.062522(0.002162) X2norm:1.00 Nchanged:0 Ngood:418 Nclip:30
replacing SIP ./jw01227002001_02105_00003_nrcalong_cal_1overf_jhat.fits
./jw01227002001_02105_00003_nrcalong_cal_1overf_jhat.fits
0 ./jw01227002001_02105_00003_nrcblong_cal_1overf.phot.txt
find_stars
dmag 0.2172
DDD NIRCAM F444W CLEAR ggg None
####### coron None
dmag 1.0
sharpness 0.9
mag 24
x 2008
y 2008
Saving refcat file into ./jw01227002001_02105_00003_nrcblong_cal_1overf.refcat.txt
reffile_d2d 0.5
        slope    intercept     maxval  index  d_bestguess  fwhm  multimax
-1.734723e-17 1.776357e-14 533.144071   6002    -0.118143  0.52     False
d_rot_tmp 0.6818567585657889
Keeping 569 out of 569, skippin 0 because of null values in columns d_rot_tmp
median: -0.118652
75.000000 percentile cut: max residual for cut: 0.061843
__tmp_residuals 0.061842502045263335
median: -0.119790
i:00 mean:-0.119790(0.001457) stdev:0.030038(0.001029) X2norm:1.00 Nchanged:0 Ngood:426 Nclip:143

mean: -0.118797
i:01 mean:-0.118797(0.001710) stdev:0.037396(0.001208) X2norm:1.00 Nchanged:53 Ngood:479 Nclip:90

mean: -0.118623
i:02 mean:-0.118623(0.001966) stdev:0.044437(0.001389) X2norm:1.00 Nchanged:33 Ngood:512 Nclip:57

mean: -0.118358
i:03 mean:-0.118358(0.002097) stdev:0.048006(0.001481) X2norm:1.00 Nchanged:13 Ngood:525 Nclip:44

mean: -0.118083
i:04 mean:-0.118083(0.002135) stdev:0.049021(0.001509) X2norm:1.00 Nchanged:3 Ngood:528 Nclip:41

mean: -0.118087
i:05 mean:-0.118087(0.002162) stdev:0.049733(0.001528) X2norm:1.00 Nchanged:2 Ngood:530 Nclip:39

mean: -0.117253
i:06 mean:-0.117253(0.002203) stdev:0.050818(0.001556) X2norm:1.00 Nchanged:3 Ngood:533 Nclip:36

mean: -0.116975
i:07 mean:-0.116975(0.002217) stdev:0.051175(0.001566) X2norm:1.00 Nchanged:1 Ngood:534 Nclip:35

mean: -0.116975
i:08 mean:-0.116975(0.002217) stdev:0.051175(0.001566) X2norm:1.00 Nchanged:0 Ngood:534 Nclip:35
        slope    intercept     maxval  index  d_bestguess  fwhm  multimax
-1.734723e-17 1.776357e-14 502.275744     89     0.065138  0.52     False
d_rot_tmp 0.8651377148628294
Keeping 531 out of 531, skippin 0 because of null values in columns d_rot_tmp
median: 0.063991
75.000000 percentile cut: max residual for cut: 0.063359
__tmp_residuals 0.06335917919893216
median: 0.063496
i:00 mean:0.063496(0.001513) stdev:0.030155(0.001069) X2norm:1.00 Nchanged:0 Ngood:398 Nclip:133

mean: 0.062202
i:01 mean:0.062202(0.001854) stdev:0.039711(0.001309) X2norm:1.00 Nchanged:62 Ngood:460 Nclip:71

mean: 0.065227
i:02 mean:0.065227(0.002068) stdev:0.045628(0.001461) X2norm:1.00 Nchanged:28 Ngood:488 Nclip:43

mean: 0.066254
i:03 mean:0.066254(0.002139) stdev:0.047493(0.001511) X2norm:1.00 Nchanged:6 Ngood:494 Nclip:37

mean: 0.066249
i:04 mean:0.066249(0.002168) stdev:0.048236(0.001532) X2norm:1.00 Nchanged:2 Ngood:496 Nclip:35

mean: 0.065962
i:05 mean:0.065962(0.002183) stdev:0.048612(0.001542) X2norm:1.00 Nchanged:1 Ngood:497 Nclip:34

mean: 0.066253
i:06 mean:0.066253(0.002198) stdev:0.048997(0.001553) X2norm:1.00 Nchanged:1 Ngood:498 Nclip:33

mean: 0.065961
i:07 mean:0.065961(0.002243) stdev:0.050151(0.001584) X2norm:1.00 Nchanged:3 Ngood:501 Nclip:30

mean: 0.066258
i:08 mean:0.066258(0.002287) stdev:0.051294(0.001616) X2norm:1.00 Nchanged:3 Ngood:504 Nclip:27

mean: 0.066258
i:09 mean:0.066258(0.002287) stdev:0.051294(0.001616) X2norm:1.00 Nchanged:0 Ngood:504 Nclip:27
replacing SIP ./jw01227002001_02105_00003_nrcblong_cal_1overf_jhat.fits
./jw01227002001_02105_00003_nrcblong_cal_1overf_jhat.fits
0 ./jw01227002001_02105_00004_nrcalong_cal_1overf.phot.txt
find_stars
dmag 0.2172
DDD NIRCAM F444W CLEAR ggg None
####### coron None
dmag 1.0
sharpness 0.9
mag 24
x 2008
y 2008
Saving refcat file into ./jw01227002001_02105_00004_nrcalong_cal_1overf.refcat.txt
reffile_d2d 0.5
    slope  intercept     maxval  index  d_bestguess  fwhm  multimax
-0.000098        0.1 424.319681   6659    -0.128751  0.52     False
d_rot_tmp 0.6712494932961477
Keeping 471 out of 471, skippin 0 because of null values in columns d_rot_tmp
median: -0.123807
75.000000 percentile cut: max residual for cut: 0.080811
__tmp_residuals 0.08081077570021586
median: -0.122261
i:00 mean:-0.122261(0.002060) stdev:0.038657(0.001455) X2norm:1.00 Nchanged:0 Ngood:353 Nclip:118

mean: -0.125281
i:01 mean:-0.125281(0.002440) stdev:0.048687(0.001723) X2norm:1.00 Nchanged:46 Ngood:399 Nclip:72

mean: -0.124462
i:02 mean:-0.124462(0.002670) stdev:0.054383(0.001885) X2norm:1.00 Nchanged:17 Ngood:416 Nclip:55

mean: -0.124804
i:03 mean:-0.124804(0.002764) stdev:0.056650(0.001952) X2norm:1.00 Nchanged:5 Ngood:421 Nclip:50

mean: -0.124022
i:04 mean:-0.124022(0.002889) stdev:0.059630(0.002040) X2norm:1.00 Nchanged:6 Ngood:427 Nclip:44

mean: -0.125241
i:05 mean:-0.125241(0.002954) stdev:0.061178(0.002086) X2norm:1.00 Nchanged:3 Ngood:430 Nclip:41

mean: -0.125659
i:06 mean:-0.125659(0.002976) stdev:0.061721(0.002102) X2norm:1.00 Nchanged:1 Ngood:431 Nclip:40

mean: -0.125659
i:07 mean:-0.125659(0.002976) stdev:0.061721(0.002102) X2norm:1.00 Nchanged:0 Ngood:431 Nclip:40
   slope  intercept     maxval  index  d_bestguess  fwhm  multimax
0.000098       -0.1 392.532761   1253    -0.135106  0.52     False
d_rot_tmp 0.6648935457896947
Keeping 421 out of 421, skippin 0 because of null values in columns d_rot_tmp
median: -0.140048
75.000000 percentile cut: max residual for cut: 0.077670
__tmp_residuals 0.07766950565726069
median: -0.139857
i:00 mean:-0.139857(0.001934) stdev:0.034265(0.001365) X2norm:1.00 Nchanged:0 Ngood:315 Nclip:106

mean: -0.141325
i:01 mean:-0.141325(0.002358) stdev:0.044560(0.001665) X2norm:1.00 Nchanged:43 Ngood:358 Nclip:63

mean: -0.139992
i:02 mean:-0.139992(0.002643) stdev:0.051461(0.001867) X2norm:1.00 Nchanged:22 Ngood:380 Nclip:41

mean: -0.138923
i:03 mean:-0.138923(0.002844) stdev:0.056166(0.002009) X2norm:1.00 Nchanged:11 Ngood:391 Nclip:30

mean: -0.138098
i:04 mean:-0.138098(0.002936) stdev:0.058271(0.002073) X2norm:1.00 Nchanged:4 Ngood:395 Nclip:26

mean: -0.138524
i:05 mean:-0.138524(0.003009) stdev:0.059954(0.002125) X2norm:1.00 Nchanged:3 Ngood:398 Nclip:23

mean: -0.138524
i:06 mean:-0.138524(0.003009) stdev:0.059954(0.002125) X2norm:1.00 Nchanged:0 Ngood:398 Nclip:23
replacing SIP ./jw01227002001_02105_00004_nrcalong_cal_1overf_jhat.fits
./jw01227002001_02105_00004_nrcalong_cal_1overf_jhat.fits
0 ./jw01227002001_02105_00004_nrcblong_cal_1overf.phot.txt
find_stars
dmag 0.2172
DDD NIRCAM F444W CLEAR ggg None
####### coron None
dmag 1.0
sharpness 0.9
mag 24
x 2008
y 2008
Saving refcat file into ./jw01227002001_02105_00004_nrcblong_cal_1overf.refcat.txt
reffile_d2d 0.5
        slope    intercept    maxval  index  d_bestguess  fwhm  multimax
-1.734723e-17 1.776357e-14 525.55931   6208    -0.124626  0.52     False
d_rot_tmp 0.6753741596207334
Keeping 570 out of 570, skippin 0 because of null values in columns d_rot_tmp
median: -0.124576
75.000000 percentile cut: max residual for cut: 0.069149
__tmp_residuals 0.06914894139181606
median: -0.123613
i:00 mean:-0.123613(0.001686) stdev:0.034795(0.001191) X2norm:1.00 Nchanged:0 Ngood:427 Nclip:143

mean: -0.122210
i:01 mean:-0.122210(0.002036) stdev:0.045391(0.001438) X2norm:1.00 Nchanged:71 Ngood:498 Nclip:72

mean: -0.123384
i:02 mean:-0.123384(0.002246) stdev:0.051314(0.001587) X2norm:1.00 Nchanged:25 Ngood:523 Nclip:47

mean: -0.122563
i:03 mean:-0.122563(0.002306) stdev:0.052928(0.001629) X2norm:1.00 Nchanged:5 Ngood:528 Nclip:42

mean: -0.122563
i:04 mean:-0.122563(0.002306) stdev:0.052928(0.001629) X2norm:1.00 Nchanged:0 Ngood:528 Nclip:42
        slope    intercept     maxval  index  d_bestguess  fwhm  multimax
-1.734723e-17 1.776357e-14 499.219966     89     0.000324   0.5     False
d_rot_tmp 0.8003243079060562
Keeping 525 out of 525, skippin 0 because of null values in columns d_rot_tmp
median: 0.006132
75.000000 percentile cut: max residual for cut: 0.061254
__tmp_residuals 0.06125399634642222
median: 0.004754
i:00 mean:0.004754(0.001549) stdev:0.030666(0.001094) X2norm:1.00 Nchanged:0 Ngood:393 Nclip:132

mean: 0.003843
i:01 mean:0.003843(0.001845) stdev:0.039003(0.001303) X2norm:1.00 Nchanged:55 Ngood:448 Nclip:77

mean: 0.005218
i:02 mean:0.005218(0.002107) stdev:0.046214(0.001488) X2norm:1.00 Nchanged:34 Ngood:482 Nclip:43

mean: 0.006976
i:03 mean:0.006976(0.002285) stdev:0.050986(0.001614) X2norm:1.00 Nchanged:17 Ngood:499 Nclip:26

mean: 0.007862
i:04 mean:0.007862(0.002377) stdev:0.053424(0.001679) X2norm:1.00 Nchanged:7 Ngood:506 Nclip:19

mean: 0.007859
i:05 mean:0.007859(0.002407) stdev:0.054192(0.001700) X2norm:1.00 Nchanged:2 Ngood:508 Nclip:17

mean: 0.007859
i:06 mean:0.007859(0.002407) stdev:0.054192(0.001700) X2norm:1.00 Nchanged:0 Ngood:508 Nclip:17
replacing SIP ./jw01227002001_02105_00004_nrcblong_cal_1overf_jhat.fits
./jw01227002001_02105_00004_nrcblong_cal_1overf_jhat.fits
0 ./jw01227002002_02105_00001_nrcalong_cal_1overf.phot.txt
find_stars
dmag 0.2172
DDD NIRCAM F444W CLEAR ggg None
####### coron None
dmag 1.0
sharpness 0.9
mag 24
x 2008
y 2008
Saving refcat file into ./jw01227002002_02105_00001_nrcalong_cal_1overf.refcat.txt
reffile_d2d 0.5
    slope  intercept    maxval  index  d_bestguess  fwhm  multimax
-0.000049       0.05 406.07231   4258    -0.186275  0.52     False
d_rot_tmp 0.6137248177206687
Keeping 460 out of 460, skippin 0 because of null values in columns d_rot_tmp
median: -0.190148
75.000000 percentile cut: max residual for cut: 0.079745
__tmp_residuals 0.07974530296729317
median: -0.189844
i:00 mean:-0.189844(0.002105) stdev:0.039049(0.001487) X2norm:1.00 Nchanged:0 Ngood:345 Nclip:115

mean: -0.190071
i:01 mean:-0.190071(0.002479) stdev:0.048885(0.001750) X2norm:1.00 Nchanged:45 Ngood:390 Nclip:70

mean: -0.188916
i:02 mean:-0.188916(0.002619) stdev:0.052305(0.001849) X2norm:1.00 Nchanged:10 Ngood:400 Nclip:60

mean: -0.189290
i:03 mean:-0.189290(0.002679) stdev:0.053719(0.001892) X2norm:1.00 Nchanged:3 Ngood:403 Nclip:57

mean: -0.189292
i:04 mean:-0.189292(0.002723) stdev:0.054726(0.001923) X2norm:1.00 Nchanged:2 Ngood:405 Nclip:55

mean: -0.189292
i:05 mean:-0.189292(0.002723) stdev:0.054726(0.001923) X2norm:1.00 Nchanged:0 Ngood:405 Nclip:55
   slope  intercept    maxval  index  d_bestguess  fwhm  multimax
0.000098       -0.1 375.21899   1152     0.193994  0.52     False
d_rot_tmp 0.9939940039863793
Keeping 402 out of 402, skippin 0 because of null values in columns d_rot_tmp
median: 0.187690
75.000000 percentile cut: max residual for cut: 0.065616
__tmp_residuals 0.06561589971241495
median: 0.188077
i:00 mean:0.188077(0.001963) stdev:0.033996(0.001386) X2norm:1.00 Nchanged:0 Ngood:301 Nclip:101

mean: 0.186261
i:01 mean:0.186261(0.002328) stdev:0.043185(0.001644) X2norm:1.00 Nchanged:44 Ngood:345 Nclip:57

mean: 0.187402
i:02 mean:0.187402(0.002645) stdev:0.050670(0.001868) X2norm:1.00 Nchanged:23 Ngood:368 Nclip:34

mean: 0.187428
i:03 mean:0.187428(0.002762) stdev:0.053338(0.001950) X2norm:1.00 Nchanged:6 Ngood:374 Nclip:28

mean: 0.187425
i:04 mean:0.187425(0.002851) stdev:0.055360(0.002013) X2norm:1.00 Nchanged:4 Ngood:378 Nclip:24

mean: 0.187858
i:05 mean:0.187858(0.002876) stdev:0.055925(0.002031) X2norm:1.00 Nchanged:1 Ngood:379 Nclip:23

mean: 0.187858
i:06 mean:0.187858(0.002876) stdev:0.055925(0.002031) X2norm:1.00 Nchanged:0 Ngood:379 Nclip:23
replacing SIP ./jw01227002002_02105_00001_nrcalong_cal_1overf_jhat.fits
./jw01227002002_02105_00001_nrcalong_cal_1overf_jhat.fits
0 ./jw01227002002_02105_00001_nrcblong_cal_1overf.phot.txt
find_stars
dmag 0.2172
DDD NIRCAM F444W CLEAR ggg None
####### coron None
dmag 1.0
sharpness 0.9
mag 24
x 2008
y 2008
Saving refcat file into ./jw01227002002_02105_00001_nrcblong_cal_1overf.refcat.txt
reffile_d2d 0.5
    slope  intercept    maxval  index  d_bestguess  fwhm  multimax
-0.000049       0.05 595.35132   5579    -0.174484  0.52     False
d_rot_tmp 0.6255163736536276
Keeping 644 out of 644, skippin 0 because of null values in columns d_rot_tmp
median: -0.179085
75.000000 percentile cut: max residual for cut: 0.075431
__tmp_residuals 0.07543072659927856
median: -0.182727
i:00 mean:-0.182727(0.001649) stdev:0.036193(0.001165) X2norm:1.00 Nchanged:0 Ngood:483 Nclip:161

mean: -0.182960
i:01 mean:-0.182960(0.001980) stdev:0.046390(0.001399) X2norm:1.00 Nchanged:67 Ngood:550 Nclip:94

mean: -0.183592
i:02 mean:-0.183592(0.002231) stdev:0.053820(0.001576) X2norm:1.00 Nchanged:33 Ngood:583 Nclip:61

mean: -0.182860
i:03 mean:-0.182860(0.002379) stdev:0.058134(0.001681) X2norm:1.00 Nchanged:15 Ngood:598 Nclip:46

mean: -0.181751
i:04 mean:-0.181751(0.002451) stdev:0.060178(0.001731) X2norm:1.00 Nchanged:6 Ngood:604 Nclip:40

mean: -0.181756
i:05 mean:-0.181756(0.002504) stdev:0.061694(0.001769) X2norm:1.00 Nchanged:4 Ngood:608 Nclip:36

mean: -0.181154
i:06 mean:-0.181154(0.002559) stdev:0.063251(0.001808) X2norm:1.00 Nchanged:4 Ngood:612 Nclip:32

mean: -0.181154
i:07 mean:-0.181154(0.002559) stdev:0.063251(0.001808) X2norm:1.00 Nchanged:0 Ngood:612 Nclip:32
   slope  intercept     maxval  index  d_bestguess  fwhm  multimax
0.000049      -0.05 563.145777   3336     0.348184  0.52     False
d_rot_tmp 1.148184255561833
Keeping 605 out of 605, skippin 0 because of null values in columns d_rot_tmp
median: 0.347512
75.000000 percentile cut: max residual for cut: 0.071960
__tmp_residuals 0.07195963374554698
median: 0.346792
i:00 mean:0.346792(0.001623) stdev:0.034515(0.001147) X2norm:1.00 Nchanged:0 Ngood:453 Nclip:152

mean: 0.348746
i:01 mean:0.348746(0.001990) stdev:0.045693(0.001406) X2norm:1.00 Nchanged:75 Ngood:528 Nclip:77

mean: 0.346508
i:02 mean:0.346508(0.002229) stdev:0.052643(0.001574) X2norm:1.00 Nchanged:31 Ngood:559 Nclip:46

mean: 0.345972
i:03 mean:0.345972(0.002338) stdev:0.055729(0.001652) X2norm:1.00 Nchanged:10 Ngood:569 Nclip:36

mean: 0.346254
i:04 mean:0.346254(0.002351) stdev:0.056085(0.001661) X2norm:1.00 Nchanged:1 Ngood:570 Nclip:35

mean: 0.346254
i:05 mean:0.346254(0.002351) stdev:0.056085(0.001661) X2norm:1.00 Nchanged:0 Ngood:570 Nclip:35
replacing SIP ./jw01227002002_02105_00001_nrcblong_cal_1overf_jhat.fits
./jw01227002002_02105_00001_nrcblong_cal_1overf_jhat.fits
0 ./jw01227002002_02105_00002_nrcalong_cal_1overf.phot.txt
find_stars
dmag 0.2172
DDD NIRCAM F444W CLEAR ggg None
####### coron None
dmag 1.0
sharpness 0.9
mag 24
x 2008
y 2008
Saving refcat file into ./jw01227002002_02105_00002_nrcalong_cal_1overf.refcat.txt
reffile_d2d 0.5
    slope  intercept    maxval  index  d_bestguess  fwhm  multimax
-0.000049       0.05 405.38922   4457    -0.105099  0.54     False
d_rot_tmp 0.6949008136550561
Keeping 458 out of 458, skippin 0 because of null values in columns d_rot_tmp
median: -0.102645
75.000000 percentile cut: max residual for cut: 0.089330
__tmp_residuals 0.08932957549477191
median: -0.103715
i:00 mean:-0.103715(0.002231) stdev:0.041264(0.001575) X2norm:1.00 Nchanged:0 Ngood:343 Nclip:115

mean: -0.103173
i:01 mean:-0.103173(0.002694) stdev:0.053064(0.001902) X2norm:1.00 Nchanged:46 Ngood:389 Nclip:69

mean: -0.101420
i:02 mean:-0.101420(0.002977) stdev:0.060050(0.002102) X2norm:1.00 Nchanged:19 Ngood:408 Nclip:50

mean: -0.101857
i:03 mean:-0.101857(0.003086) stdev:0.062643(0.002180) X2norm:1.00 Nchanged:5 Ngood:413 Nclip:45

mean: -0.101857
i:04 mean:-0.101857(0.003086) stdev:0.062643(0.002180) X2norm:1.00 Nchanged:0 Ngood:413 Nclip:45
   slope  intercept     maxval  index  d_bestguess  fwhm  multimax
0.000098       -0.1 374.851993   2197      0.13554  0.54     False
d_rot_tmp 0.9355399802019051
Keeping 407 out of 407, skippin 0 because of null values in columns d_rot_tmp
median: 0.145559
75.000000 percentile cut: max residual for cut: 0.072889
__tmp_residuals 0.07288915301513586
median: 0.147490
i:00 mean:0.147490(0.001998) stdev:0.034828(0.001410) X2norm:1.00 Nchanged:0 Ngood:305 Nclip:102

mean: 0.145632
i:01 mean:0.145632(0.002386) stdev:0.044182(0.001684) X2norm:1.00 Nchanged:39 Ngood:344 Nclip:63

mean: 0.146009
i:02 mean:0.146009(0.002600) stdev:0.049197(0.001836) X2norm:1.00 Nchanged:15 Ngood:359 Nclip:48

mean: 0.144113
i:03 mean:0.144113(0.002775) stdev:0.053169(0.001960) X2norm:1.00 Nchanged:9 Ngood:368 Nclip:39

mean: 0.143289
i:04 mean:0.143289(0.002821) stdev:0.054193(0.001992) X2norm:1.00 Nchanged:2 Ngood:370 Nclip:37

mean: 0.143289
i:05 mean:0.143289(0.002821) stdev:0.054193(0.001992) X2norm:1.00 Nchanged:0 Ngood:370 Nclip:37
replacing SIP ./jw01227002002_02105_00002_nrcalong_cal_1overf_jhat.fits
./jw01227002002_02105_00002_nrcalong_cal_1overf_jhat.fits
0 ./jw01227002002_02105_00002_nrcblong_cal_1overf.phot.txt
find_stars
dmag 0.2172
DDD NIRCAM F444W CLEAR ggg None
####### coron None
dmag 1.0
sharpness 0.9
mag 24
x 2008
y 2008
Saving refcat file into ./jw01227002002_02105_00002_nrcblong_cal_1overf.refcat.txt
reffile_d2d 0.5
    slope  intercept     maxval  index  d_bestguess  fwhm  multimax
-0.000049       0.05 615.696268   6570    -0.106311  0.52     False
d_rot_tmp 0.6936888289764795
Keeping 666 out of 666, skippin 0 because of null values in columns d_rot_tmp
median: -0.098585
75.000000 percentile cut: max residual for cut: 0.073005
__tmp_residuals 0.0730050844859108
median: -0.097454
i:00 mean:-0.097454(0.001608) stdev:0.035877(0.001136) X2norm:1.00 Nchanged:0 Ngood:499 Nclip:167

mean: -0.099630
i:01 mean:-0.099630(0.001910) stdev:0.045594(0.001349) X2norm:1.00 Nchanged:72 Ngood:571 Nclip:95

mean: -0.100599
i:02 mean:-0.100599(0.002121) stdev:0.051906(0.001498) X2norm:1.00 Nchanged:29 Ngood:600 Nclip:66

mean: -0.101340
i:03 mean:-0.101340(0.002241) stdev:0.055441(0.001583) X2norm:1.00 Nchanged:13 Ngood:613 Nclip:53

mean: -0.102900
i:04 mean:-0.102900(0.002371) stdev:0.059238(0.001676) X2norm:1.00 Nchanged:12 Ngood:625 Nclip:41

mean: -0.102070
i:05 mean:-0.102070(0.002452) stdev:0.061593(0.001732) X2norm:1.00 Nchanged:7 Ngood:632 Nclip:34

mean: -0.101787
i:06 mean:-0.101787(0.002464) stdev:0.061954(0.001741) X2norm:1.00 Nchanged:1 Ngood:633 Nclip:33

mean: -0.101495
i:07 mean:-0.101495(0.002478) stdev:0.062340(0.001751) X2norm:1.00 Nchanged:1 Ngood:634 Nclip:32

mean: -0.101495
i:08 mean:-0.101495(0.002478) stdev:0.062340(0.001751) X2norm:1.00 Nchanged:0 Ngood:634 Nclip:32
        slope    intercept     maxval  index  d_bestguess  fwhm  multimax
-1.734723e-17 1.776357e-14 578.648956   3339     0.293542  0.52     False
d_rot_tmp 1.093541605720563
Keeping 624 out of 624, skippin 0 because of null values in columns d_rot_tmp
median: 0.298969
75.000000 percentile cut: max residual for cut: 0.072448
__tmp_residuals 0.07244797993055263
median: 0.297911
i:00 mean:0.297911(0.001608) stdev:0.034747(0.001136) X2norm:1.00 Nchanged:0 Ngood:468 Nclip:156

mean: 0.301442
i:01 mean:0.301442(0.001919) stdev:0.044302(0.001356) X2norm:1.00 Nchanged:66 Ngood:534 Nclip:90

mean: 0.303178
i:02 mean:0.303178(0.002128) stdev:0.050353(0.001503) X2norm:1.00 Nchanged:27 Ngood:561 Nclip:63

mean: 0.303202
i:03 mean:0.303202(0.002274) stdev:0.054489(0.001607) X2norm:1.00 Nchanged:14 Ngood:575 Nclip:49

mean: 0.302381
i:04 mean:0.302381(0.002381) stdev:0.057487(0.001682) X2norm:1.00 Nchanged:9 Ngood:584 Nclip:40

mean: 0.301813
i:05 mean:0.301813(0.002456) stdev:0.059610(0.001735) X2norm:1.00 Nchanged:6 Ngood:590 Nclip:34

mean: 0.301513
i:06 mean:0.301513(0.002524) stdev:0.061526(0.001784) X2norm:1.00 Nchanged:5 Ngood:595 Nclip:29

mean: 0.301207
i:07 mean:0.301207(0.002539) stdev:0.061926(0.001794) X2norm:1.00 Nchanged:1 Ngood:596 Nclip:28

mean: 0.300898
i:08 mean:0.300898(0.002553) stdev:0.062334(0.001804) X2norm:1.00 Nchanged:1 Ngood:597 Nclip:27

mean: 0.301209
i:09 mean:0.301209(0.002568) stdev:0.062745(0.001814) X2norm:1.00 Nchanged:1 Ngood:598 Nclip:26

replacing SIP ./jw01227002002_02105_00002_nrcblong_cal_1overf_jhat.fits
./jw01227002002_02105_00002_nrcblong_cal_1overf_jhat.fits
0 ./jw01227002002_02105_00003_nrcalong_cal_1overf.phot.txt
find_stars
dmag 0.2172
DDD NIRCAM F444W CLEAR ggg None
####### coron None
dmag 1.0
sharpness 0.9
mag 24
x 2008
y 2008
Saving refcat file into ./jw01227002002_02105_00003_nrcalong_cal_1overf.refcat.txt
reffile_d2d 0.5
    slope  intercept     maxval  index  d_bestguess  fwhm  multimax
-0.000098        0.1 408.311502   4461    -0.157798  0.52     False
d_rot_tmp 0.6422024261570158
Keeping 459 out of 459, skippin 0 because of null values in columns d_rot_tmp
median: -0.155077
75.000000 percentile cut: max residual for cut: 0.084527
__tmp_residuals 0.08452712143055668
median: -0.155245
i:00 mean:-0.155245(0.002165) stdev:0.040094(0.001529) X2norm:1.00 Nchanged:0 Ngood:344 Nclip:115

mean: -0.159072
i:01 mean:-0.159072(0.002518) stdev:0.049478(0.001778) X2norm:1.00 Nchanged:43 Ngood:387 Nclip:72

mean: -0.158994
i:02 mean:-0.158994(0.002847) stdev:0.057506(0.002011) X2norm:1.00 Nchanged:22 Ngood:409 Nclip:50

mean: -0.158606
i:03 mean:-0.158606(0.002948) stdev:0.059901(0.002082) X2norm:1.00 Nchanged:5 Ngood:414 Nclip:45

mean: -0.158186
i:04 mean:-0.158186(0.002970) stdev:0.060438(0.002098) X2norm:1.00 Nchanged:1 Ngood:415 Nclip:44

mean: -0.158186
i:05 mean:-0.158186(0.002970) stdev:0.060438(0.002098) X2norm:1.00 Nchanged:0 Ngood:415 Nclip:44
   slope  intercept     maxval  index  d_bestguess  fwhm  multimax
0.000098       -0.1 379.358063    705     0.151074  0.52     False
d_rot_tmp 0.9510740882145854
Keeping 411 out of 411, skippin 0 because of null values in columns d_rot_tmp
median: 0.158645
75.000000 percentile cut: max residual for cut: 0.066744
__tmp_residuals 0.06674411532497386
median: 0.159194
i:00 mean:0.159194(0.001943) stdev:0.034049(0.001372) X2norm:1.00 Nchanged:0 Ngood:308 Nclip:103

mean: 0.157336
i:01 mean:0.157336(0.002265) stdev:0.042074(0.001599) X2norm:1.00 Nchanged:38 Ngood:346 Nclip:65

mean: 0.156772
i:02 mean:0.156772(0.002473) stdev:0.046865(0.001747) X2norm:1.00 Nchanged:14 Ngood:360 Nclip:51

mean: 0.156041
i:03 mean:0.156041(0.002596) stdev:0.049589(0.001833) X2norm:1.00 Nchanged:6 Ngood:366 Nclip:45

mean: 0.156437
i:04 mean:0.156437(0.002706) stdev:0.052046(0.001911) X2norm:1.00 Nchanged:5 Ngood:371 Nclip:40

mean: 0.155217
i:05 mean:0.155217(0.002775) stdev:0.053588(0.001959) X2norm:1.00 Nchanged:3 Ngood:374 Nclip:37

mean: 0.155638
i:06 mean:0.155638(0.002799) stdev:0.054133(0.001977) X2norm:1.00 Nchanged:1 Ngood:375 Nclip:36

mean: 0.156068
i:07 mean:0.156068(0.002825) stdev:0.054701(0.001995) X2norm:1.00 Nchanged:1 Ngood:376 Nclip:35

mean: 0.156068
i:08 mean:0.156068(0.002825) stdev:0.054701(0.001995) X2norm:1.00 Nchanged:0 Ngood:376 Nclip:35
replacing SIP ./jw01227002002_02105_00003_nrcalong_cal_1overf_jhat.fits
./jw01227002002_02105_00003_nrcalong_cal_1overf_jhat.fits
0 ./jw01227002002_02105_00003_nrcblong_cal_1overf.phot.txt
find_stars
dmag 0.2172
DDD NIRCAM F444W CLEAR ggg None
####### coron None
dmag 1.0
sharpness 0.9
mag 24
x 2008
y 2008
Saving refcat file into ./jw01227002002_02105_00003_nrcblong_cal_1overf.refcat.txt
reffile_d2d 0.5
    slope  intercept    maxval  index  d_bestguess  fwhm  multimax
-0.000049       0.05 600.79387   6571    -0.152773  0.52     False
d_rot_tmp 0.6472266623278131
Keeping 659 out of 659, skippin 0 because of null values in columns d_rot_tmp
median: -0.158289
75.000000 percentile cut: max residual for cut: 0.075767
__tmp_residuals 0.07576688897380386
median: -0.157329
i:00 mean:-0.157329(0.001588) stdev:0.035260(0.001122) X2norm:1.00 Nchanged:0 Ngood:494 Nclip:165

mean: -0.158009
i:01 mean:-0.158009(0.001899) stdev:0.044663(0.001342) X2norm:1.00 Nchanged:60 Ngood:554 Nclip:105

mean: -0.159717
i:02 mean:-0.159717(0.002140) stdev:0.051841(0.001512) X2norm:1.00 Nchanged:34 Ngood:588 Nclip:71

mean: -0.160664
i:03 mean:-0.160664(0.002261) stdev:0.055347(0.001598) X2norm:1.00 Nchanged:12 Ngood:600 Nclip:59

mean: -0.160394
i:04 mean:-0.160394(0.002299) stdev:0.056402(0.001624) X2norm:1.00 Nchanged:3 Ngood:603 Nclip:56

mean: -0.160394
i:05 mean:-0.160394(0.002299) stdev:0.056402(0.001624) X2norm:1.00 Nchanged:0 Ngood:603 Nclip:56
        slope    intercept     maxval  index  d_bestguess  fwhm  multimax
-1.734723e-17 1.776357e-14 557.751364   1084     0.342902  0.52     False
d_rot_tmp 1.142902114932084
Keeping 596 out of 596, skippin 0 because of null values in columns d_rot_tmp
median: 0.335642
75.000000 percentile cut: max residual for cut: 0.070504
__tmp_residuals 0.07050428390103142
median: 0.335401
i:00 mean:0.335401(0.001635) stdev:0.034539(0.001155) X2norm:1.00 Nchanged:0 Ngood:447 Nclip:149

mean: 0.335136
i:01 mean:0.335136(0.001985) stdev:0.045222(0.001402) X2norm:1.00 Nchanged:73 Ngood:520 Nclip:76

mean: 0.335516
i:02 mean:0.335516(0.002254) stdev:0.052998(0.001592) X2norm:1.00 Nchanged:34 Ngood:554 Nclip:42

mean: 0.337545
i:03 mean:0.337545(0.002370) stdev:0.056323(0.001674) X2norm:1.00 Nchanged:12 Ngood:566 Nclip:30

mean: 0.338122
i:04 mean:0.338122(0.002448) stdev:0.058490(0.001729) X2norm:1.00 Nchanged:6 Ngood:572 Nclip:24

mean: 0.338721
i:05 mean:0.338721(0.002476) stdev:0.059262(0.001749) X2norm:1.00 Nchanged:2 Ngood:574 Nclip:22

mean: 0.339030
i:06 mean:0.339030(0.002491) stdev:0.059672(0.001760) X2norm:1.00 Nchanged:1 Ngood:575 Nclip:21

mean: 0.339030
i:07 mean:0.339030(0.002491) stdev:0.059672(0.001760) X2norm:1.00 Nchanged:0 Ngood:575 Nclip:21
replacing SIP ./jw01227002002_02105_00003_nrcblong_cal_1overf_jhat.fits
./jw01227002002_02105_00003_nrcblong_cal_1overf_jhat.fits
0 ./jw01227002002_02105_00004_nrcalong_cal_1overf.phot.txt
find_stars
dmag 0.2172
DDD NIRCAM F444W CLEAR ggg None
####### coron None
dmag 1.0
sharpness 0.9
mag 24
x 2008
y 2008
Saving refcat file into ./jw01227002002_02105_00004_nrcalong_cal_1overf.refcat.txt
reffile_d2d 0.5
    slope  intercept     maxval  index  d_bestguess  fwhm  multimax
-0.000049       0.05 425.528567   4458    -0.122322  0.52     False
d_rot_tmp 0.6776776644256046
Keeping 478 out of 478, skippin 0 because of null values in columns d_rot_tmp
median: -0.120713
75.000000 percentile cut: max residual for cut: 0.076142
__tmp_residuals 0.07614176512068303
median: -0.123656
i:00 mean:-0.123656(0.001853) stdev:0.035020(0.001309) X2norm:1.00 Nchanged:0 Ngood:358 Nclip:120

mean: -0.124098
i:01 mean:-0.124098(0.002171) stdev:0.042920(0.001533) X2norm:1.00 Nchanged:34 Ngood:392 Nclip:86

mean: -0.123268
i:02 mean:-0.123268(0.002368) stdev:0.047707(0.001672) X2norm:1.00 Nchanged:15 Ngood:407 Nclip:71

mean: -0.122936
i:03 mean:-0.122936(0.002421) stdev:0.048963(0.001710) X2norm:1.00 Nchanged:3 Ngood:410 Nclip:68

mean: -0.122932
i:04 mean:-0.122932(0.002461) stdev:0.049884(0.001738) X2norm:1.00 Nchanged:2 Ngood:412 Nclip:66

mean: -0.122932
i:05 mean:-0.122932(0.002501) stdev:0.050828(0.001766) X2norm:1.00 Nchanged:2 Ngood:414 Nclip:64

mean: -0.123293
i:06 mean:-0.123293(0.002560) stdev:0.052223(0.001808) X2norm:1.00 Nchanged:3 Ngood:417 Nclip:61

mean: -0.122925
i:07 mean:-0.122925(0.002581) stdev:0.052699(0.001823) X2norm:1.00 Nchanged:1 Ngood:418 Nclip:60

mean: -0.123301
i:08 mean:-0.123301(0.002602) stdev:0.053196(0.001838) X2norm:1.00 Nchanged:1 Ngood:419 Nclip:59

mean: -0.123300
i:09 mean:-0.123300(0.002644) stdev:0.054190(0.001868) X2norm:1.00 Nchanged:2 Ngood:421 Nclip:57

   slope  intercept     maxval  index  d_bestguess  fwhm  multimax
0.000098       -0.1 386.830632   4656     0.186666  0.54     False
d_rot_tmp 0.9866664014444837
Keeping 414 out of 414, skippin 0 because of null values in columns d_rot_tmp
median: 0.194680
75.000000 percentile cut: max residual for cut: 0.073402
__tmp_residuals 0.07340176780456031
median: 0.193802
i:00 mean:0.193802(0.001857) stdev:0.032640(0.001311) X2norm:1.00 Nchanged:0 Ngood:310 Nclip:104

mean: 0.196404
i:01 mean:0.196404(0.002270) stdev:0.042581(0.001603) X2norm:1.00 Nchanged:43 Ngood:353 Nclip:61

mean: 0.197189
i:02 mean:0.197189(0.002546) stdev:0.049168(0.001798) X2norm:1.00 Nchanged:21 Ngood:374 Nclip:40

mean: 0.197876
i:03 mean:0.197876(0.002716) stdev:0.053152(0.001918) X2norm:1.00 Nchanged:10 Ngood:384 Nclip:30

mean: 0.197483
i:04 mean:0.197483(0.002826) stdev:0.055670(0.001996) X2norm:1.00 Nchanged:5 Ngood:389 Nclip:25

mean: 0.197060
i:05 mean:0.197060(0.002897) stdev:0.057293(0.002046) X2norm:1.00 Nchanged:3 Ngood:392 Nclip:22

mean: 0.196207
i:06 mean:0.196207(0.002945) stdev:0.058386(0.002080) X2norm:1.00 Nchanged:2 Ngood:394 Nclip:20

mean: 0.196207
i:07 mean:0.196207(0.002945) stdev:0.058386(0.002080) X2norm:1.00 Nchanged:0 Ngood:394 Nclip:20
replacing SIP ./jw01227002002_02105_00004_nrcalong_cal_1overf_jhat.fits
./jw01227002002_02105_00004_nrcalong_cal_1overf_jhat.fits
0 ./jw01227002002_02105_00004_nrcblong_cal_1overf.phot.txt
find_stars
dmag 0.2172
DDD NIRCAM F444W CLEAR ggg None
####### coron None
dmag 1.0
sharpness 0.9
mag 24
x 2008
y 2008
Saving refcat file into ./jw01227002002_02105_00004_nrcblong_cal_1overf.refcat.txt
reffile_d2d 0.5
        slope    intercept     maxval  index  d_bestguess  fwhm  multimax
-1.734723e-17 1.776357e-14 627.378512   5582     -0.12026  0.52     False
d_rot_tmp 0.6797402390208476
Keeping 678 out of 678, skippin 0 because of null values in columns d_rot_tmp
median: -0.111870
75.000000 percentile cut: max residual for cut: 0.066185
__tmp_residuals 0.06618485076682347
median: -0.112187
i:00 mean:-0.112187(0.001398) stdev:0.031486(0.000988) X2norm:1.00 Nchanged:0 Ngood:508 Nclip:170

mean: -0.113532
i:01 mean:-0.113532(0.001665) stdev:0.039797(0.001177) X2norm:1.00 Nchanged:64 Ngood:572 Nclip:106

mean: -0.113584
i:02 mean:-0.113584(0.001862) stdev:0.045686(0.001316) X2norm:1.00 Nchanged:31 Ngood:603 Nclip:75

mean: -0.112989
i:03 mean:-0.112989(0.001973) stdev:0.048930(0.001394) X2norm:1.00 Nchanged:13 Ngood:616 Nclip:62

mean: -0.112998
i:04 mean:-0.112998(0.002069) stdev:0.051715(0.001462) X2norm:1.00 Nchanged:10 Ngood:626 Nclip:52

mean: -0.112763
i:05 mean:-0.112763(0.002119) stdev:0.053184(0.001497) X2norm:1.00 Nchanged:5 Ngood:631 Nclip:47

mean: -0.112761
i:06 mean:-0.112761(0.002141) stdev:0.053833(0.001513) X2norm:1.00 Nchanged:2 Ngood:633 Nclip:45

mean: -0.112761
i:07 mean:-0.112761(0.002141) stdev:0.053833(0.001513) X2norm:1.00 Nchanged:0 Ngood:633 Nclip:45
   slope  intercept     maxval  index  d_bestguess  fwhm  multimax
0.000049      -0.05 584.833213   3343     0.377384  0.52     False
d_rot_tmp 1.177383856467617
Keeping 626 out of 626, skippin 0 because of null values in columns d_rot_tmp
median: 0.370140
75.000000 percentile cut: max residual for cut: 0.065821
__tmp_residuals 0.0658211477207255
median: 0.368917
i:00 mean:0.368917(0.001548) stdev:0.033490(0.001093) X2norm:1.00 Nchanged:0 Ngood:469 Nclip:157

mean: 0.369050
i:01 mean:0.369050(0.001866) stdev:0.043523(0.001318) X2norm:1.00 Nchanged:76 Ngood:545 Nclip:81

mean: 0.368910
i:02 mean:0.368910(0.002061) stdev:0.049245(0.001456) X2norm:1.00 Nchanged:27 Ngood:572 Nclip:54

mean: 0.368439
i:03 mean:0.368439(0.002200) stdev:0.053203(0.001554) X2norm:1.00 Nchanged:14 Ngood:586 Nclip:40

mean: 0.368972
i:04 mean:0.368972(0.002224) stdev:0.053889(0.001571) X2norm:1.00 Nchanged:2 Ngood:588 Nclip:38

mean: 0.369514
i:05 mean:0.369514(0.002275) stdev:0.055305(0.001607) X2norm:1.00 Nchanged:4 Ngood:592 Nclip:34

mean: 0.369516
i:06 mean:0.369516(0.002301) stdev:0.056022(0.001625) X2norm:1.00 Nchanged:2 Ngood:594 Nclip:32

mean: 0.369796
i:07 mean:0.369796(0.002314) stdev:0.056387(0.001635) X2norm:1.00 Nchanged:1 Ngood:595 Nclip:31

mean: 0.369796
i:08 mean:0.369796(0.002314) stdev:0.056387(0.001635) X2norm:1.00 Nchanged:0 Ngood:595 Nclip:31
replacing SIP ./jw01227002002_02105_00004_nrcblong_cal_1overf_jhat.fits
./jw01227002002_02105_00004_nrcblong_cal_1overf_jhat.fits
0 ./jw01227002003_02105_00001_nrcalong_cal_1overf.phot.txt
find_stars
dmag 0.2172
DDD NIRCAM F444W CLEAR ggg None
####### coron None
dmag 1.0
sharpness 0.9
mag 24
x 2008
y 2008
Saving refcat file into ./jw01227002003_02105_00001_nrcalong_cal_1overf.refcat.txt
reffile_d2d 0.5
    slope  intercept     maxval  index  d_bestguess  fwhm  multimax
-0.000049       0.05 270.979359   4256    -0.314768  0.52     False
d_rot_tmp 0.48523208133173346
Keeping 296 out of 296, skippin 0 because of null values in columns d_rot_tmp
median: -0.319370
75.000000 percentile cut: max residual for cut: 0.076321
__tmp_residuals 0.0763214845979915
median: -0.321124
i:00 mean:-0.321124(0.002361) stdev:0.035100(0.001666) X2norm:1.00 Nchanged:0 Ngood:222 Nclip:74

mean: -0.319152
i:01 mean:-0.319152(0.002809) stdev:0.044242(0.001983) X2norm:1.00 Nchanged:27 Ngood:249 Nclip:47

mean: -0.318418
i:02 mean:-0.318418(0.003184) stdev:0.051727(0.002247) X2norm:1.00 Nchanged:16 Ngood:265 Nclip:31

mean: -0.319531
i:03 mean:-0.319531(0.003314) stdev:0.054258(0.002339) X2norm:1.00 Nchanged:4 Ngood:269 Nclip:27

mean: -0.318933
i:04 mean:-0.318933(0.003356) stdev:0.055040(0.002369) X2norm:1.00 Nchanged:1 Ngood:270 Nclip:26

mean: -0.318933
i:05 mean:-0.318933(0.003356) stdev:0.055040(0.002369) X2norm:1.00 Nchanged:0 Ngood:270 Nclip:26
   slope  intercept   maxval  index  d_bestguess  fwhm  multimax
0.000098       -0.1 249.6954   2308     0.166172  0.52     False
d_rot_tmp 0.9661723708046168
Keeping 266 out of 266, skippin 0 because of null values in columns d_rot_tmp
median: 0.173400
75.000000 percentile cut: max residual for cut: 0.070703
__tmp_residuals 0.07070319277650394
median: 0.173519
i:00 mean:0.173519(0.002386) stdev:0.033575(0.001683) X2norm:1.00 Nchanged:0 Ngood:199 Nclip:67

mean: 0.170655
i:01 mean:0.170655(0.002926) stdev:0.044280(0.002065) X2norm:1.00 Nchanged:31 Ngood:230 Nclip:36

mean: 0.169135
i:02 mean:0.169135(0.003283) stdev:0.051068(0.002316) X2norm:1.00 Nchanged:13 Ngood:243 Nclip:23

mean: 0.169640
i:03 mean:0.169640(0.003519) stdev:0.055525(0.002483) X2norm:1.00 Nchanged:7 Ngood:250 Nclip:16

mean: 0.169621
i:04 mean:0.169621(0.003600) stdev:0.057042(0.002541) X2norm:1.00 Nchanged:2 Ngood:252 Nclip:14

mean: 0.170282
i:05 mean:0.170282(0.003647) stdev:0.057893(0.002574) X2norm:1.00 Nchanged:1 Ngood:253 Nclip:13

mean: 0.171636
i:06 mean:0.171636(0.003743) stdev:0.059647(0.002641) X2norm:1.00 Nchanged:2 Ngood:255 Nclip:11

mean: 0.172332
i:07 mean:0.172332(0.003793) stdev:0.060565(0.002677) X2norm:1.00 Nchanged:1 Ngood:256 Nclip:10

mean: 0.172332
i:08 mean:0.172332(0.003793) stdev:0.060565(0.002677) X2norm:1.00 Nchanged:0 Ngood:256 Nclip:10
replacing SIP ./jw01227002003_02105_00001_nrcalong_cal_1overf_jhat.fits
./jw01227002003_02105_00001_nrcalong_cal_1overf_jhat.fits
0 ./jw01227002003_02105_00001_nrcblong_cal_1overf.phot.txt
find_stars
dmag 0.2172
DDD NIRCAM F444W CLEAR ggg None
####### coron None
dmag 1.0
sharpness 0.9
mag 24
x 2008
y 2008
Saving refcat file into ./jw01227002003_02105_00001_nrcblong_cal_1overf.refcat.txt
reffile_d2d 0.5
    slope  intercept     maxval  index  d_bestguess  fwhm  multimax
-0.000049       0.05 725.670767   4650    -0.308222  0.52     False
d_rot_tmp 0.4917776086450403
Keeping 815 out of 815, skippin 0 because of null values in columns d_rot_tmp
median: -0.310121
75.000000 percentile cut: max residual for cut: 0.078967
__tmp_residuals 0.07896686448312262
median: -0.309593
i:00 mean:-0.309593(0.001499) stdev:0.037030(0.001059) X2norm:1.00 Nchanged:0 Ngood:611 Nclip:204

mean: -0.309893
i:01 mean:-0.309893(0.001750) stdev:0.045424(0.001236) X2norm:1.00 Nchanged:64 Ngood:675 Nclip:140

mean: -0.312581
i:02 mean:-0.312581(0.001943) stdev:0.051693(0.001373) X2norm:1.00 Nchanged:34 Ngood:709 Nclip:106

mean: -0.311761
i:03 mean:-0.311761(0.002022) stdev:0.054169(0.001428) X2norm:1.00 Nchanged:10 Ngood:719 Nclip:96

mean: -0.311325
i:04 mean:-0.311325(0.002075) stdev:0.055832(0.001466) X2norm:1.00 Nchanged:6 Ngood:725 Nclip:90

mean: -0.311328
i:05 mean:-0.311328(0.002094) stdev:0.056428(0.001480) X2norm:1.00 Nchanged:2 Ngood:727 Nclip:88

mean: -0.311558
i:06 mean:-0.311558(0.002104) stdev:0.056730(0.001487) X2norm:1.00 Nchanged:1 Ngood:728 Nclip:87

mean: -0.311558
i:07 mean:-0.311558(0.002104) stdev:0.056730(0.001487) X2norm:1.00 Nchanged:0 Ngood:728 Nclip:87
        slope    intercept     maxval  index  d_bestguess  fwhm  multimax
-1.734723e-17 1.776357e-14 666.669772    713     0.319356  0.54     False
d_rot_tmp 1.119355833700291
Keeping 723 out of 723, skippin 0 because of null values in columns d_rot_tmp
median: 0.324495
75.000000 percentile cut: max residual for cut: 0.076373
__tmp_residuals 0.07637270330736465
median: 0.321515
i:00 mean:0.321515(0.001577) stdev:0.036669(0.001114) X2norm:1.00 Nchanged:0 Ngood:542 Nclip:181

mean: 0.325124
i:01 mean:0.325124(0.001860) stdev:0.045907(0.001314) X2norm:1.00 Nchanged:68 Ngood:610 Nclip:113

mean: 0.325830
i:02 mean:0.325830(0.002108) stdev:0.053616(0.001489) X2norm:1.00 Nchanged:38 Ngood:648 Nclip:75

mean: 0.325977
i:03 mean:0.325977(0.002261) stdev:0.058356(0.001598) X2norm:1.00 Nchanged:19 Ngood:667 Nclip:56

mean: 0.326259
i:04 mean:0.326259(0.002372) stdev:0.061707(0.001676) X2norm:1.00 Nchanged:11 Ngood:678 Nclip:45

mean: 0.326256
i:05 mean:0.326256(0.002395) stdev:0.062412(0.001692) X2norm:1.00 Nchanged:2 Ngood:680 Nclip:43

mean: 0.326527
i:06 mean:0.326527(0.002454) stdev:0.064182(0.001734) X2norm:1.00 Nchanged:5 Ngood:685 Nclip:38

mean: 0.326806
i:07 mean:0.326806(0.002466) stdev:0.064550(0.001743) X2norm:1.00 Nchanged:1 Ngood:686 Nclip:37

mean: 0.327087
i:08 mean:0.327087(0.002479) stdev:0.064922(0.001751) X2norm:1.00 Nchanged:1 Ngood:687 Nclip:36

mean: 0.326804
i:09 mean:0.326804(0.002491) stdev:0.065298(0.001760) X2norm:1.00 Nchanged:1 Ngood:688 Nclip:35

replacing SIP ./jw01227002003_02105_00001_nrcblong_cal_1overf_jhat.fits
./jw01227002003_02105_00001_nrcblong_cal_1overf_jhat.fits
0 ./jw01227002003_02105_00002_nrcalong_cal_1overf.phot.txt
find_stars
dmag 0.2172
DDD NIRCAM F444W CLEAR ggg None
####### coron None
dmag 1.0
sharpness 0.9
mag 24
x 2008
y 2008
Saving refcat file into ./jw01227002003_02105_00002_nrcalong_cal_1overf.refcat.txt
reffile_d2d 0.5
    slope  intercept     maxval  index  d_bestguess  fwhm  multimax
-0.000098        0.1 262.157619   6263    -0.295721  0.54     False
d_rot_tmp 0.5042788865755228
Keeping 289 out of 289, skippin 0 because of null values in columns d_rot_tmp
median: -0.287583
75.000000 percentile cut: max residual for cut: 0.077886
__tmp_residuals 0.07788631083431558
median: -0.286029
i:00 mean:-0.286029(0.002504) stdev:0.036720(0.001767) X2norm:1.00 Nchanged:0 Ngood:216 Nclip:73

mean: -0.287303
i:01 mean:-0.287303(0.002981) stdev:0.046282(0.002104) X2norm:1.00 Nchanged:26 Ngood:242 Nclip:47

mean: -0.291331
i:02 mean:-0.291331(0.003430) stdev:0.055309(0.002421) X2norm:1.00 Nchanged:19 Ngood:261 Nclip:28

mean: -0.291302
i:03 mean:-0.291302(0.003497) stdev:0.056606(0.002468) X2norm:1.00 Nchanged:2 Ngood:263 Nclip:26

mean: -0.290664
i:04 mean:-0.290664(0.003542) stdev:0.057440(0.002500) X2norm:1.00 Nchanged:1 Ngood:264 Nclip:25

mean: -0.290664
i:05 mean:-0.290664(0.003633) stdev:0.059145(0.002564) X2norm:1.00 Nchanged:2 Ngood:266 Nclip:23

mean: -0.290664
i:06 mean:-0.290664(0.003726) stdev:0.060875(0.002629) X2norm:1.00 Nchanged:2 Ngood:268 Nclip:21

mean: -0.290664
i:07 mean:-0.290664(0.003726) stdev:0.060875(0.002629) X2norm:1.00 Nchanged:0 Ngood:268 Nclip:21
   slope  intercept     maxval  index  d_bestguess  fwhm  multimax
0.000049      -0.05 248.723086     48     0.183983  0.52     False
d_rot_tmp 0.9839825374532776
Keeping 266 out of 266, skippin 0 because of null values in columns d_rot_tmp
median: 0.181574
75.000000 percentile cut: max residual for cut: 0.068491
__tmp_residuals 0.06849092890095021
median: 0.182368
i:00 mean:0.182368(0.002321) stdev:0.032665(0.001637) X2norm:1.00 Nchanged:0 Ngood:199 Nclip:67

mean: 0.181421
i:01 mean:0.181421(0.002797) stdev:0.041864(0.001973) X2norm:1.00 Nchanged:26 Ngood:225 Nclip:41

mean: 0.180130
i:02 mean:0.180130(0.003138) stdev:0.048314(0.002214) X2norm:1.00 Nchanged:13 Ngood:238 Nclip:28

mean: 0.180125
i:03 mean:0.180125(0.003425) stdev:0.053612(0.002417) X2norm:1.00 Nchanged:8 Ngood:246 Nclip:20

mean: 0.181346
i:04 mean:0.181346(0.003583) stdev:0.056538(0.002528) X2norm:1.00 Nchanged:4 Ngood:250 Nclip:16

mean: 0.182017
i:05 mean:0.182017(0.003631) stdev:0.057418(0.002563) X2norm:1.00 Nchanged:1 Ngood:251 Nclip:15

mean: 0.180664
i:06 mean:0.180664(0.003727) stdev:0.059170(0.002630) X2norm:1.00 Nchanged:2 Ngood:253 Nclip:13

mean: 0.180661
i:07 mean:0.180661(0.003824) stdev:0.060939(0.002698) X2norm:1.00 Nchanged:2 Ngood:255 Nclip:11

mean: 0.181372
i:08 mean:0.181372(0.003875) stdev:0.061876(0.002735) X2norm:1.00 Nchanged:1 Ngood:256 Nclip:10

mean: 0.180653
i:09 mean:0.180653(0.003926) stdev:0.062821(0.002771) X2norm:1.00 Nchanged:1 Ngood:257 Nclip:9

replacing SIP ./jw01227002003_02105_00002_nrcalong_cal_1overf_jhat.fits
./jw01227002003_02105_00002_nrcalong_cal_1overf_jhat.fits
0 ./jw01227002003_02105_00002_nrcblong_cal_1overf.phot.txt
find_stars
dmag 0.2172
DDD NIRCAM F444W CLEAR ggg None
####### coron None
dmag 1.0
sharpness 0.9
mag 24
x 2008
y 2008
Saving refcat file into ./jw01227002003_02105_00002_nrcblong_cal_1overf.refcat.txt
reffile_d2d 0.5
    slope  intercept     maxval  index  d_bestguess  fwhm  multimax
-0.000049       0.05 729.190089   5031    -0.293646  0.54     False
d_rot_tmp 0.5063540058284446
Keeping 813 out of 813, skippin 0 because of null values in columns d_rot_tmp
median: -0.287602
75.000000 percentile cut: max residual for cut: 0.080665
__tmp_residuals 0.08066521739171056
median: -0.287853
i:00 mean:-0.287853(0.001568) stdev:0.038655(0.001108) X2norm:1.00 Nchanged:0 Ngood:609 Nclip:204

mean: -0.288711
i:01 mean:-0.288711(0.001880) stdev:0.049551(0.001328) X2norm:1.00 Nchanged:87 Ngood:696 Nclip:117

mean: -0.289662
i:02 mean:-0.289662(0.002045) stdev:0.055039(0.001445) X2norm:1.00 Nchanged:29 Ngood:725 Nclip:88

mean: -0.288578
i:03 mean:-0.288578(0.002165) stdev:0.058844(0.001530) X2norm:1.00 Nchanged:15 Ngood:740 Nclip:73

mean: -0.288356
i:04 mean:-0.288356(0.002193) stdev:0.059738(0.001550) X2norm:1.00 Nchanged:3 Ngood:743 Nclip:70

mean: -0.287882
i:05 mean:-0.287882(0.002213) stdev:0.060355(0.001564) X2norm:1.00 Nchanged:2 Ngood:745 Nclip:68

mean: -0.287882
i:06 mean:-0.287882(0.002213) stdev:0.060355(0.001564) X2norm:1.00 Nchanged:0 Ngood:745 Nclip:68
        slope    intercept     maxval  index  d_bestguess  fwhm  multimax
-1.734723e-17 1.776357e-14 681.949245   2941     0.341096  0.52     False
d_rot_tmp 1.141095858061017
Keeping 735 out of 735, skippin 0 because of null values in columns d_rot_tmp
median: 0.337345
75.000000 percentile cut: max residual for cut: 0.075422
__tmp_residuals 0.0754224844360607
median: 0.337233
i:00 mean:0.337233(0.001560) stdev:0.036594(0.001102) X2norm:1.00 Nchanged:0 Ngood:551 Nclip:184

mean: 0.336129
i:01 mean:0.336129(0.001868) stdev:0.046739(0.001320) X2norm:1.00 Nchanged:76 Ngood:627 Nclip:108

mean: 0.334927
i:02 mean:0.334927(0.002106) stdev:0.054315(0.001488) X2norm:1.00 Nchanged:39 Ngood:666 Nclip:69

mean: 0.334509
i:03 mean:0.334509(0.002247) stdev:0.058631(0.001588) X2norm:1.00 Nchanged:16 Ngood:682 Nclip:53

mean: 0.335736
i:04 mean:0.335736(0.002355) stdev:0.061962(0.001664) X2norm:1.00 Nchanged:11 Ngood:693 Nclip:42

mean: 0.335976
i:05 mean:0.335976(0.002408) stdev:0.063571(0.001701) X2norm:1.00 Nchanged:5 Ngood:698 Nclip:37

mean: 0.336243
i:06 mean:0.336243(0.002419) stdev:0.063915(0.001709) X2norm:1.00 Nchanged:1 Ngood:699 Nclip:36

mean: 0.336515
i:07 mean:0.336515(0.002431) stdev:0.064274(0.001718) X2norm:1.00 Nchanged:1 Ngood:700 Nclip:35

mean: 0.336515
i:08 mean:0.336515(0.002431) stdev:0.064274(0.001718) X2norm:1.00 Nchanged:0 Ngood:700 Nclip:35
replacing SIP ./jw01227002003_02105_00002_nrcblong_cal_1overf_jhat.fits
./jw01227002003_02105_00002_nrcblong_cal_1overf_jhat.fits
0 ./jw01227002003_02105_00003_nrcalong_cal_1overf.phot.txt
find_stars
dmag 0.2172
DDD NIRCAM F444W CLEAR ggg None
####### coron None
dmag 1.0
sharpness 0.9
mag 24
x 2008
y 2008
Saving refcat file into ./jw01227002003_02105_00003_nrcalong_cal_1overf.refcat.txt
reffile_d2d 0.5
    slope  intercept     maxval  index  d_bestguess  fwhm  multimax
-0.000098        0.1 270.479928   4743    -0.299956  0.52     False
d_rot_tmp 0.5000436539353814
Keeping 295 out of 295, skippin 0 because of null values in columns d_rot_tmp
median: -0.307902
75.000000 percentile cut: max residual for cut: 0.067193
__tmp_residuals 0.06719310914730495
median: -0.307811
i:00 mean:-0.307811(0.002283) stdev:0.033869(0.001611) X2norm:1.00 Nchanged:0 Ngood:221 Nclip:74

mean: -0.307428
i:01 mean:-0.307428(0.002725) stdev:0.043348(0.001923) X2norm:1.00 Nchanged:33 Ngood:254 Nclip:41

mean: -0.309999
i:02 mean:-0.309999(0.002980) stdev:0.048505(0.002103) X2norm:1.00 Nchanged:12 Ngood:266 Nclip:29

mean: -0.311009
i:03 mean:-0.311009(0.003042) stdev:0.049713(0.002147) X2norm:1.00 Nchanged:2 Ngood:268 Nclip:27

mean: -0.310999
i:04 mean:-0.310999(0.003116) stdev:0.051110(0.002199) X2norm:1.00 Nchanged:2 Ngood:270 Nclip:25

mean: -0.310999
i:05 mean:-0.310999(0.003116) stdev:0.051110(0.002199) X2norm:1.00 Nchanged:0 Ngood:270 Nclip:25
   slope  intercept     maxval  index  d_bestguess  fwhm  multimax
0.000098       -0.1 251.540584     44     0.169224  0.52     False
d_rot_tmp 0.969224453553093
Keeping 268 out of 268, skippin 0 because of null values in columns d_rot_tmp
median: 0.168504
75.000000 percentile cut: max residual for cut: 0.065572
__tmp_residuals 0.06557217128135892
median: 0.167015
i:00 mean:0.167015(0.002455) stdev:0.034719(0.001732) X2norm:1.00 Nchanged:0 Ngood:201 Nclip:67

mean: 0.170632
i:01 mean:0.170632(0.002918) stdev:0.044444(0.002059) X2norm:1.00 Nchanged:32 Ngood:233 Nclip:35

mean: 0.172563
i:02 mean:0.172563(0.003303) stdev:0.051806(0.002331) X2norm:1.00 Nchanged:14 Ngood:247 Nclip:21

mean: 0.173171
i:03 mean:0.173171(0.003488) stdev:0.055259(0.002461) X2norm:1.00 Nchanged:5 Ngood:252 Nclip:16

mean: 0.171896
i:04 mean:0.171896(0.003576) stdev:0.056880(0.002524) X2norm:1.00 Nchanged:2 Ngood:254 Nclip:14

mean: 0.171249
i:05 mean:0.171249(0.003620) stdev:0.057699(0.002555) X2norm:1.00 Nchanged:1 Ngood:255 Nclip:13

mean: 0.171249
i:06 mean:0.171249(0.003620) stdev:0.057699(0.002555) X2norm:1.00 Nchanged:0 Ngood:255 Nclip:13
replacing SIP ./jw01227002003_02105_00003_nrcalong_cal_1overf_jhat.fits
./jw01227002003_02105_00003_nrcalong_cal_1overf_jhat.fits
0 ./jw01227002003_02105_00003_nrcblong_cal_1overf.phot.txt
find_stars
dmag 0.2172
DDD NIRCAM F444W CLEAR ggg None
####### coron None
dmag 1.0
sharpness 0.9
mag 24
x 2008
y 2008
Saving refcat file into ./jw01227002003_02105_00003_nrcblong_cal_1overf.refcat.txt
reffile_d2d 0.5
        slope    intercept     maxval  index  d_bestguess  fwhm  multimax
-1.734723e-17 1.776357e-14 726.709272   4481    -0.316263  0.52     False
d_rot_tmp 0.48373714466477513
Keeping 811 out of 811, skippin 0 because of null values in columns d_rot_tmp
median: -0.310925
75.000000 percentile cut: max residual for cut: 0.079031
__tmp_residuals 0.07903082704648602
median: -0.310900
i:00 mean:-0.310900(0.001519) stdev:0.037413(0.001073) X2norm:1.00 Nchanged:0 Ngood:608 Nclip:203

mean: -0.311951
i:01 mean:-0.311951(0.001779) stdev:0.046297(0.001257) X2norm:1.00 Nchanged:70 Ngood:678 Nclip:133

mean: -0.313672
i:02 mean:-0.313672(0.001949) stdev:0.051827(0.001377) X2norm:1.00 Nchanged:30 Ngood:708 Nclip:103

mean: -0.314257
i:03 mean:-0.314257(0.002078) stdev:0.055904(0.001468) X2norm:1.00 Nchanged:17 Ngood:725 Nclip:86

mean: -0.314009
i:04 mean:-0.314009(0.002138) stdev:0.057813(0.001511) X2norm:1.00 Nchanged:7 Ngood:732 Nclip:79

mean: -0.313774
i:05 mean:-0.313774(0.002148) stdev:0.058121(0.001518) X2norm:1.00 Nchanged:1 Ngood:733 Nclip:78

mean: -0.314011
i:06 mean:-0.314011(0.002158) stdev:0.058435(0.001525) X2norm:1.00 Nchanged:1 Ngood:734 Nclip:77

mean: -0.314011
i:07 mean:-0.314011(0.002158) stdev:0.058435(0.001525) X2norm:1.00 Nchanged:0 Ngood:734 Nclip:77
        slope    intercept     maxval  index  d_bestguess  fwhm  multimax
-1.734723e-17 1.776357e-14 673.845277   1587     0.336909  0.52     False
d_rot_tmp 1.136909085307191
Keeping 726 out of 726, skippin 0 because of null values in columns d_rot_tmp
median: 0.334237
75.000000 percentile cut: max residual for cut: 0.075295
__tmp_residuals 0.07529505536012801
median: 0.333060
i:00 mean:0.333060(0.001600) stdev:0.037282(0.001130) X2norm:1.00 Nchanged:0 Ngood:544 Nclip:182

mean: 0.336064
i:01 mean:0.336064(0.001914) stdev:0.047764(0.001352) X2norm:1.00 Nchanged:80 Ngood:624 Nclip:102

mean: 0.335055
i:02 mean:0.335055(0.002206) stdev:0.057107(0.001559) X2norm:1.00 Nchanged:47 Ngood:671 Nclip:55

mean: 0.334114
i:03 mean:0.334114(0.002349) stdev:0.061524(0.001660) X2norm:1.00 Nchanged:16 Ngood:687 Nclip:39

mean: 0.335405
i:04 mean:0.335405(0.002402) stdev:0.063144(0.001697) X2norm:1.00 Nchanged:5 Ngood:692 Nclip:34

mean: 0.335670
i:05 mean:0.335670(0.002437) stdev:0.064197(0.001722) X2norm:1.00 Nchanged:3 Ngood:695 Nclip:31

mean: 0.335943
i:06 mean:0.335943(0.002449) stdev:0.064556(0.001730) X2norm:1.00 Nchanged:1 Ngood:696 Nclip:30

mean: 0.336219
i:07 mean:0.336219(0.002461) stdev:0.064920(0.001739) X2norm:1.00 Nchanged:1 Ngood:697 Nclip:29

mean: 0.336219
i:08 mean:0.336219(0.002461) stdev:0.064920(0.001739) X2norm:1.00 Nchanged:0 Ngood:697 Nclip:29
replacing SIP ./jw01227002003_02105_00003_nrcblong_cal_1overf_jhat.fits
./jw01227002003_02105_00003_nrcblong_cal_1overf_jhat.fits
0 ./jw01227002003_02105_00004_nrcalong_cal_1overf.phot.txt
find_stars
dmag 0.2172
DDD NIRCAM F444W CLEAR ggg None
####### coron None
dmag 1.0
sharpness 0.9
mag 24
x 2008
y 2008
Saving refcat file into ./jw01227002003_02105_00004_nrcalong_cal_1overf.refcat.txt
reffile_d2d 0.5
    slope  intercept     maxval  index  d_bestguess  fwhm  multimax
-0.000098        0.1 268.520268   6262    -0.265785  0.52     False
d_rot_tmp 0.5342145829485532
Keeping 294 out of 294, skippin 0 because of null values in columns d_rot_tmp
median: -0.272652
75.000000 percentile cut: max residual for cut: 0.073226
__tmp_residuals 0.073226022074198
median: -0.270994
i:00 mean:-0.270994(0.002397) stdev:0.035477(0.001691) X2norm:1.00 Nchanged:0 Ngood:220 Nclip:74

mean: -0.275362
i:01 mean:-0.275362(0.002885) stdev:0.045623(0.002036) X2norm:1.00 Nchanged:31 Ngood:251 Nclip:43

mean: -0.278723
i:02 mean:-0.278723(0.003203) stdev:0.052037(0.002260) X2norm:1.00 Nchanged:14 Ngood:265 Nclip:29

mean: -0.278177
i:03 mean:-0.278177(0.003498) stdev:0.057796(0.002469) X2norm:1.00 Nchanged:9 Ngood:274 Nclip:20

mean: -0.277570
i:04 mean:-0.277570(0.003538) stdev:0.058561(0.002497) X2norm:1.00 Nchanged:1 Ngood:275 Nclip:19

mean: -0.277570
i:05 mean:-0.277570(0.003538) stdev:0.058561(0.002497) X2norm:1.00 Nchanged:0 Ngood:275 Nclip:19
   slope  intercept     maxval  index  d_bestguess  fwhm  multimax
0.000049      -0.05 251.228719     41     0.229234   0.5     False
d_rot_tmp 1.0292338591351748
Keeping 270 out of 270, skippin 0 because of null values in columns d_rot_tmp
median: 0.220945
75.000000 percentile cut: max residual for cut: 0.078291
__tmp_residuals 0.07829114050619024
median: 0.219301
i:00 mean:0.219301(0.002778) stdev:0.039392(0.001960) X2norm:1.00 Nchanged:0 Ngood:202 Nclip:68

mean: 0.220769
i:01 mean:0.220769(0.003424) stdev:0.052933(0.002416) X2norm:1.00 Nchanged:38 Ngood:240 Nclip:30

mean: 0.218677
i:02 mean:0.218677(0.003864) stdev:0.061709(0.002727) X2norm:1.00 Nchanged:16 Ngood:256 Nclip:14

mean: 0.219412
i:03 mean:0.219412(0.004062) stdev:0.065502(0.002867) X2norm:1.00 Nchanged:5 Ngood:261 Nclip:9

mean: 0.219418
i:04 mean:0.219418(0.004155) stdev:0.067258(0.002933) X2norm:1.00 Nchanged:2 Ngood:263 Nclip:7

mean: 0.218659
i:05 mean:0.218659(0.004209) stdev:0.068251(0.002970) X2norm:1.00 Nchanged:1 Ngood:264 Nclip:6

mean: 0.218659
i:06 mean:0.218659(0.004209) stdev:0.068251(0.002970) X2norm:1.00 Nchanged:0 Ngood:264 Nclip:6
replacing SIP ./jw01227002003_02105_00004_nrcalong_cal_1overf_jhat.fits
./jw01227002003_02105_00004_nrcalong_cal_1overf_jhat.fits
0 ./jw01227002003_02105_00004_nrcblong_cal_1overf.phot.txt
find_stars
dmag 0.2172
DDD NIRCAM F444W CLEAR ggg None
####### coron None
dmag 1.0
sharpness 0.9
mag 24
x 2008
y 2008
Saving refcat file into ./jw01227002003_02105_00004_nrcblong_cal_1overf.refcat.txt
reffile_d2d 0.5
        slope    intercept     maxval  index  d_bestguess  fwhm  multimax
-1.734723e-17 1.776357e-14 717.359522   6197    -0.269732  0.52     False
d_rot_tmp 0.5302683175166323
Keeping 806 out of 806, skippin 0 because of null values in columns d_rot_tmp
median: -0.273802
75.000000 percentile cut: max residual for cut: 0.080928
__tmp_residuals 0.08092834091850583
median: -0.274608
i:00 mean:-0.274608(0.001527) stdev:0.037495(0.001079) X2norm:1.00 Nchanged:0 Ngood:604 Nclip:202

mean: -0.274354
i:01 mean:-0.274354(0.001809) stdev:0.046887(0.001278) X2norm:1.00 Nchanged:69 Ngood:673 Nclip:133

mean: -0.275205
i:02 mean:-0.275205(0.002034) stdev:0.054236(0.001437) X2norm:1.00 Nchanged:39 Ngood:712 Nclip:94

mean: -0.276242
i:03 mean:-0.276242(0.002091) stdev:0.056042(0.001478) X2norm:1.00 Nchanged:7 Ngood:719 Nclip:87

mean: -0.275781
i:04 mean:-0.275781(0.002111) stdev:0.056643(0.001492) X2norm:1.00 Nchanged:2 Ngood:721 Nclip:85

mean: -0.275547
i:05 mean:-0.275547(0.002121) stdev:0.056954(0.001499) X2norm:1.00 Nchanged:1 Ngood:722 Nclip:84

mean: -0.275547
i:06 mean:-0.275547(0.002121) stdev:0.056954(0.001499) X2norm:1.00 Nchanged:0 Ngood:722 Nclip:84
        slope    intercept     maxval  index  d_bestguess  fwhm  multimax
-1.734723e-17 1.776357e-14 667.395774   1583     0.384216  0.52     False
d_rot_tmp 1.1842159458700323
Keeping 714 out of 714, skippin 0 because of null values in columns d_rot_tmp
median: 0.372318
75.000000 percentile cut: max residual for cut: 0.064958
__tmp_residuals 0.06495754670705074
median: 0.371679
i:00 mean:0.371679(0.001372) stdev:0.031694(0.000969) X2norm:1.00 Nchanged:0 Ngood:535 Nclip:179

mean: 0.373453
i:01 mean:0.373453(0.001597) stdev:0.038928(0.001128) X2norm:1.00 Nchanged:60 Ngood:595 Nclip:119

mean: 0.371638
i:02 mean:0.371638(0.001797) stdev:0.045025(0.001269) X2norm:1.00 Nchanged:34 Ngood:629 Nclip:85

mean: 0.371873
i:03 mean:0.371873(0.001919) stdev:0.048742(0.001356) X2norm:1.00 Nchanged:17 Ngood:646 Nclip:68

mean: 0.373176
i:04 mean:0.373176(0.001993) stdev:0.050931(0.001408) X2norm:1.00 Nchanged:8 Ngood:654 Nclip:60

mean: 0.374073
i:05 mean:0.374073(0.002051) stdev:0.052658(0.001449) X2norm:1.00 Nchanged:6 Ngood:660 Nclip:54

mean: 0.374538
i:06 mean:0.374538(0.002071) stdev:0.053254(0.001464) X2norm:1.00 Nchanged:2 Ngood:662 Nclip:52

mean: 0.374537
i:07 mean:0.374537(0.002093) stdev:0.053886(0.001479) X2norm:1.00 Nchanged:2 Ngood:664 Nclip:50

mean: 0.374537
i:08 mean:0.374537(0.002093) stdev:0.053886(0.001479) X2norm:1.00 Nchanged:0 Ngood:664 Nclip:50
replacing SIP ./jw01227002003_02105_00004_nrcblong_cal_1overf_jhat.fits
./jw01227002003_02105_00004_nrcblong_cal_1overf_jhat.fits
0 ./jw01227014001_03201_00001_nrcalong_cal_1overf.phot.txt
find_stars
dmag 0.2172
DDD NIRCAM F444W F405N ggg None
####### coron None
dmag 1.0
sharpness 0.9
mag 24
x 2008
y 2008
Saving refcat file into ./jw01227014001_03201_00001_nrcalong_cal_1overf.refcat.txt
reffile_d2d 0.5
    slope  intercept     maxval  index  d_bestguess  fwhm  multimax
-0.000049       0.05 336.743518   6528    -0.146359  0.52     False
d_rot_tmp 0.6536411566435334
Keeping 372 out of 372, skippin 0 because of null values in columns d_rot_tmp
median: -0.146928
75.000000 percentile cut: max residual for cut: 0.088460
__tmp_residuals 0.08845969492544228
median: -0.147887
i:00 mean:-0.147887(0.002528) stdev:0.042149(0.001784) X2norm:1.00 Nchanged:0 Ngood:279 Nclip:93

mean: -0.148344
i:01 mean:-0.148344(0.002993) stdev:0.053039(0.002113) X2norm:1.00 Nchanged:36 Ngood:315 Nclip:57

mean: -0.144516
i:02 mean:-0.144516(0.003457) stdev:0.063456(0.002441) X2norm:1.00 Nchanged:23 Ngood:338 Nclip:34

mean: -0.142017
i:03 mean:-0.142017(0.003727) stdev:0.069518(0.002631) X2norm:1.00 Nchanged:11 Ngood:349 Nclip:23

mean: -0.144824
i:04 mean:-0.144824(0.003881) stdev:0.072911(0.002740) X2norm:1.00 Nchanged:5 Ngood:354 Nclip:18

mean: -0.146005
i:05 mean:-0.146005(0.003948) stdev:0.074390(0.002788) X2norm:1.00 Nchanged:2 Ngood:356 Nclip:16

mean: -0.146617
i:06 mean:-0.146617(0.003984) stdev:0.075178(0.002813) X2norm:1.00 Nchanged:1 Ngood:357 Nclip:15

mean: -0.147243
i:07 mean:-0.147243(0.004022) stdev:0.076003(0.002840) X2norm:1.00 Nchanged:1 Ngood:358 Nclip:14

mean: -0.147243
i:08 mean:-0.147243(0.004022) stdev:0.076003(0.002840) X2norm:1.00 Nchanged:0 Ngood:358 Nclip:14
   slope  intercept     maxval  index  d_bestguess  fwhm  multimax
0.000049      -0.05 328.760564   2216    -0.274672  0.52     False
d_rot_tmp 0.5253284872622743
Keeping 351 out of 351, skippin 0 because of null values in columns d_rot_tmp
median: -0.272760
75.000000 percentile cut: max residual for cut: 0.069705
__tmp_residuals 0.06970519631200828
median: -0.270748
i:00 mean:-0.270748(0.002088) stdev:0.033805(0.001474) X2norm:1.00 Nchanged:0 Ngood:263 Nclip:88

mean: -0.272499
i:01 mean:-0.272499(0.002549) stdev:0.044080(0.001800) X2norm:1.00 Nchanged:37 Ngood:300 Nclip:51

mean: -0.274622
i:02 mean:-0.274622(0.002878) stdev:0.051399(0.002032) X2norm:1.00 Nchanged:20 Ngood:320 Nclip:31

mean: -0.272513
i:03 mean:-0.272513(0.003120) stdev:0.056685(0.002203) X2norm:1.00 Nchanged:11 Ngood:331 Nclip:20

mean: -0.272027
i:04 mean:-0.272027(0.003208) stdev:0.058534(0.002265) X2norm:1.00 Nchanged:3 Ngood:334 Nclip:17

mean: -0.272027
i:05 mean:-0.272027(0.003208) stdev:0.058534(0.002265) X2norm:1.00 Nchanged:0 Ngood:334 Nclip:17
replacing SIP ./jw01227014001_03201_00001_nrcalong_cal_1overf_jhat.fits
./jw01227014001_03201_00001_nrcalong_cal_1overf_jhat.fits
0 ./jw01227014001_03201_00001_nrcblong_cal_1overf.phot.txt
find_stars
dmag 0.2172
DDD NIRCAM F444W F405N ggg None
####### coron None
dmag 1.0
sharpness 0.9
mag 24
x 2008
y 2008
Saving refcat file into ./jw01227014001_03201_00001_nrcblong_cal_1overf.refcat.txt
reffile_d2d 0.5
        slope    intercept     maxval  index  d_bestguess  fwhm  multimax
-1.734723e-17 1.776357e-14 639.956025   3967    -0.168936  0.52     False
d_rot_tmp 0.6310638511568272
Keeping 700 out of 700, skippin 0 because of null values in columns d_rot_tmp
median: -0.168061
75.000000 percentile cut: max residual for cut: 0.075365
__tmp_residuals 0.07536518718390268
median: -0.166937
i:00 mean:-0.166937(0.001639) stdev:0.037513(0.001158) X2norm:1.00 Nchanged:0 Ngood:525 Nclip:175

mean: -0.167683
i:01 mean:-0.167683(0.001970) stdev:0.048457(0.001392) X2norm:1.00 Nchanged:81 Ngood:606 Nclip:94

mean: -0.169877
i:02 mean:-0.169877(0.002207) stdev:0.055837(0.001559) X2norm:1.00 Nchanged:35 Ngood:641 Nclip:59

mean: -0.170078
i:03 mean:-0.170078(0.002270) stdev:0.057747(0.001604) X2norm:1.00 Nchanged:7 Ngood:648 Nclip:52

mean: -0.170079
i:04 mean:-0.170079(0.002293) stdev:0.058420(0.001620) X2norm:1.00 Nchanged:2 Ngood:650 Nclip:50

mean: -0.169812
i:05 mean:-0.169812(0.002305) stdev:0.058771(0.001629) X2norm:1.00 Nchanged:1 Ngood:651 Nclip:49

mean: -0.169812
i:06 mean:-0.169812(0.002305) stdev:0.058771(0.001629) X2norm:1.00 Nchanged:0 Ngood:651 Nclip:49
        slope    intercept     maxval  index  d_bestguess  fwhm  multimax
-1.734723e-17 1.776357e-14 603.510602   2010    -0.141919  0.52     False
d_rot_tmp 0.6580811041538184
Keeping 642 out of 642, skippin 0 because of null values in columns d_rot_tmp
median: -0.152060
75.000000 percentile cut: max residual for cut: 0.067085
__tmp_residuals 0.0670845633202943
median: -0.152569
i:00 mean:-0.152569(0.001520) stdev:0.033302(0.001074) X2norm:1.00 Nchanged:0 Ngood:481 Nclip:161

mean: -0.153915
i:01 mean:-0.153915(0.001856) stdev:0.043836(0.001311) X2norm:1.00 Nchanged:78 Ngood:559 Nclip:83

mean: -0.153551
i:02 mean:-0.153551(0.002048) stdev:0.049655(0.001447) X2norm:1.00 Nchanged:30 Ngood:589 Nclip:53

mean: -0.152654
i:03 mean:-0.152654(0.002163) stdev:0.052983(0.001528) X2norm:1.00 Nchanged:12 Ngood:601 Nclip:41

mean: -0.152150
i:04 mean:-0.152150(0.002249) stdev:0.055467(0.001589) X2norm:1.00 Nchanged:8 Ngood:609 Nclip:33

mean: -0.152948
i:05 mean:-0.152948(0.002309) stdev:0.057171(0.001631) X2norm:1.00 Nchanged:5 Ngood:614 Nclip:28

mean: -0.152403
i:06 mean:-0.152403(0.002334) stdev:0.057873(0.001649) X2norm:1.00 Nchanged:2 Ngood:616 Nclip:26

mean: -0.151843
i:07 mean:-0.151843(0.002360) stdev:0.058610(0.001667) X2norm:1.00 Nchanged:2 Ngood:618 Nclip:24

mean: -0.151843
i:08 mean:-0.151843(0.002360) stdev:0.058610(0.001667) X2norm:1.00 Nchanged:0 Ngood:618 Nclip:24
replacing SIP ./jw01227014001_03201_00001_nrcblong_cal_1overf_jhat.fits
./jw01227014001_03201_00001_nrcblong_cal_1overf_jhat.fits
0 ./jw01227014001_03201_00002_nrcalong_cal_1overf.phot.txt
find_stars
dmag 0.2172
DDD NIRCAM F444W F405N ggg None
####### coron None
dmag 1.0
sharpness 0.9
mag 24
x 2008
y 2008
Saving refcat file into ./jw01227014001_03201_00002_nrcalong_cal_1overf.refcat.txt
reffile_d2d 0.5
    slope  intercept     maxval  index  d_bestguess  fwhm  multimax
-0.000049       0.05 335.259366   4949    -0.164119  0.52     False
d_rot_tmp 0.6358806866278741
Keeping 371 out of 371, skippin 0 because of null values in columns d_rot_tmp
median: -0.159675
75.000000 percentile cut: max residual for cut: 0.092432
__tmp_residuals 0.09243215331757759
median: -0.159847
i:00 mean:-0.159847(0.002454) stdev:0.040843(0.001732) X2norm:1.00 Nchanged:0 Ngood:278 Nclip:93

mean: -0.158169
i:01 mean:-0.158169(0.002995) stdev:0.052983(0.002114) X2norm:1.00 Nchanged:36 Ngood:314 Nclip:57

mean: -0.159074
i:02 mean:-0.159074(0.003389) stdev:0.061844(0.002393) X2norm:1.00 Nchanged:20 Ngood:334 Nclip:37

mean: -0.161152
i:03 mean:-0.161152(0.003653) stdev:0.067648(0.002579) X2norm:1.00 Nchanged:10 Ngood:344 Nclip:27

mean: -0.158983
i:04 mean:-0.158983(0.003830) stdev:0.071552(0.002704) X2norm:1.00 Nchanged:6 Ngood:350 Nclip:21

mean: -0.158970
i:05 mean:-0.158970(0.003899) stdev:0.073046(0.002753) X2norm:1.00 Nchanged:2 Ngood:352 Nclip:19

mean: -0.159589
i:06 mean:-0.159589(0.003937) stdev:0.073864(0.002780) X2norm:1.00 Nchanged:1 Ngood:353 Nclip:18

mean: -0.158967
i:07 mean:-0.158967(0.003975) stdev:0.074681(0.002807) X2norm:1.00 Nchanged:1 Ngood:354 Nclip:17

mean: -0.158967
i:08 mean:-0.158967(0.003975) stdev:0.074681(0.002807) X2norm:1.00 Nchanged:0 Ngood:354 Nclip:17
   slope  intercept     maxval  index  d_bestguess  fwhm  multimax
0.000049      -0.05 324.800715   2114    -0.283634  0.52     False
d_rot_tmp 0.516366257099736
Keeping 349 out of 349, skippin 0 because of null values in columns d_rot_tmp
median: -0.280128
75.000000 percentile cut: max residual for cut: 0.084901
__tmp_residuals 0.0849007286740513
median: -0.280017
i:00 mean:-0.280017(0.002499) stdev:0.040287(0.001763) X2norm:1.00 Nchanged:0 Ngood:261 Nclip:88

mean: -0.280726
i:01 mean:-0.280726(0.003011) stdev:0.052155(0.002126) X2norm:1.00 Nchanged:40 Ngood:301 Nclip:48

mean: -0.284878
i:02 mean:-0.284878(0.003483) stdev:0.062894(0.002459) X2norm:1.00 Nchanged:26 Ngood:327 Nclip:22

mean: -0.281353
i:03 mean:-0.281353(0.003762) stdev:0.069058(0.002656) X2norm:1.00 Nchanged:11 Ngood:338 Nclip:11

mean: -0.280268
i:04 mean:-0.280268(0.003885) stdev:0.071744(0.002743) X2norm:1.00 Nchanged:4 Ngood:342 Nclip:7

mean: -0.279658
i:05 mean:-0.279658(0.003997) stdev:0.074137(0.002822) X2norm:1.00 Nchanged:3 Ngood:345 Nclip:4

mean: -0.279658
i:06 mean:-0.279658(0.003997) stdev:0.074137(0.002822) X2norm:1.00 Nchanged:0 Ngood:345 Nclip:4
replacing SIP ./jw01227014001_03201_00002_nrcalong_cal_1overf_jhat.fits
./jw01227014001_03201_00002_nrcalong_cal_1overf_jhat.fits
0 ./jw01227014001_03201_00002_nrcblong_cal_1overf.phot.txt
find_stars
dmag 0.2172
DDD NIRCAM F444W F405N ggg None
####### coron None
dmag 1.0
sharpness 0.9
mag 24
x 2008
y 2008
Saving refcat file into ./jw01227014001_03201_00002_nrcblong_cal_1overf.refcat.txt
reffile_d2d 0.5
        slope    intercept     maxval  index  d_bestguess  fwhm  multimax
-1.734723e-17 1.776357e-14 640.105348   4953    -0.184294  0.52     False
d_rot_tmp 0.6157059289465139
Keeping 702 out of 702, skippin 0 because of null values in columns d_rot_tmp
median: -0.190289
75.000000 percentile cut: max residual for cut: 0.079255
__tmp_residuals 0.07925513854867294
median: -0.190439
i:00 mean:-0.190439(0.001590) stdev:0.036428(0.001123) X2norm:1.00 Nchanged:0 Ngood:526 Nclip:176

mean: -0.188172
i:01 mean:-0.188172(0.001885) stdev:0.045909(0.001332) X2norm:1.00 Nchanged:68 Ngood:594 Nclip:108

mean: -0.185982
i:02 mean:-0.185982(0.002104) stdev:0.052593(0.001486) X2norm:1.00 Nchanged:32 Ngood:626 Nclip:76

mean: -0.186231
i:03 mean:-0.186231(0.002220) stdev:0.056076(0.001569) X2norm:1.00 Nchanged:13 Ngood:639 Nclip:63

mean: -0.187006
i:04 mean:-0.187006(0.002275) stdev:0.057685(0.001607) X2norm:1.00 Nchanged:5 Ngood:644 Nclip:58

mean: -0.188051
i:05 mean:-0.188051(0.002320) stdev:0.059018(0.001639) X2norm:1.00 Nchanged:4 Ngood:648 Nclip:54

mean: -0.188050
i:06 mean:-0.188050(0.002344) stdev:0.059725(0.001656) X2norm:1.00 Nchanged:2 Ngood:650 Nclip:52

mean: -0.187502
i:07 mean:-0.187502(0.002369) stdev:0.060445(0.001674) X2norm:1.00 Nchanged:2 Ngood:652 Nclip:50

mean: -0.187502
i:08 mean:-0.187502(0.002369) stdev:0.060445(0.001674) X2norm:1.00 Nchanged:0 Ngood:652 Nclip:50
        slope    intercept     maxval  index  d_bestguess  fwhm  multimax
-1.734723e-17 1.776357e-14 595.630572   2000     -0.14275  0.52     False
d_rot_tmp 0.6572503008808852
Keeping 639 out of 639, skippin 0 because of null values in columns d_rot_tmp
median: -0.149606
75.000000 percentile cut: max residual for cut: 0.077470
__tmp_residuals 0.07747049666194539
median: -0.150453
i:00 mean:-0.150453(0.001782) stdev:0.038950(0.001258) X2norm:1.00 Nchanged:0 Ngood:479 Nclip:160

mean: -0.148573
i:01 mean:-0.148573(0.002186) stdev:0.052091(0.001544) X2norm:1.00 Nchanged:90 Ngood:569 Nclip:70

mean: -0.149942
i:02 mean:-0.149942(0.002453) stdev:0.060176(0.001733) X2norm:1.00 Nchanged:34 Ngood:603 Nclip:36

mean: -0.149098
i:03 mean:-0.149098(0.002536) stdev:0.062577(0.001792) X2norm:1.00 Nchanged:7 Ngood:610 Nclip:29

mean: -0.147905
i:04 mean:-0.147905(0.002589) stdev:0.064094(0.001829) X2norm:1.00 Nchanged:4 Ngood:614 Nclip:25

mean: -0.147905
i:05 mean:-0.147905(0.002589) stdev:0.064094(0.001829) X2norm:1.00 Nchanged:0 Ngood:614 Nclip:25
replacing SIP ./jw01227014001_03201_00002_nrcblong_cal_1overf_jhat.fits
./jw01227014001_03201_00002_nrcblong_cal_1overf_jhat.fits
0 ./jw01227014001_03201_00003_nrcalong_cal_1overf.phot.txt
find_stars
dmag 0.2172
DDD NIRCAM F444W F405N ggg None
####### coron None
dmag 1.0
sharpness 0.9
mag 24
x 2008
y 2008
Saving refcat file into ./jw01227014001_03201_00003_nrcalong_cal_1overf.refcat.txt
reffile_d2d 0.5
    slope  intercept     maxval  index  d_bestguess  fwhm  multimax
-0.000049       0.05 341.192551   6521     -0.09597  0.54     False
d_rot_tmp 0.7040302132416685
Keeping 377 out of 377, skippin 0 because of null values in columns d_rot_tmp
median: -0.087836
75.000000 percentile cut: max residual for cut: 0.091649
__tmp_residuals 0.09164865550400163
median: -0.088227
i:00 mean:-0.088227(0.002524) stdev:0.042312(0.001782) X2norm:1.00 Nchanged:0 Ngood:282 Nclip:95

mean: -0.089116
i:01 mean:-0.089116(0.003053) stdev:0.054782(0.002155) X2norm:1.00 Nchanged:41 Ngood:323 Nclip:54

mean: -0.090726
i:02 mean:-0.090726(0.003449) stdev:0.063776(0.002435) X2norm:1.00 Nchanged:20 Ngood:343 Nclip:34

mean: -0.091261
i:03 mean:-0.091261(0.003680) stdev:0.068938(0.002598) X2norm:1.00 Nchanged:9 Ngood:352 Nclip:25

mean: -0.094102
i:04 mean:-0.094102(0.003842) stdev:0.072495(0.002713) X2norm:1.00 Nchanged:5 Ngood:357 Nclip:20

mean: -0.093511
i:05 mean:-0.093511(0.003877) stdev:0.073252(0.002738) X2norm:1.00 Nchanged:1 Ngood:358 Nclip:19

mean: -0.093511
i:06 mean:-0.093511(0.003877) stdev:0.073252(0.002738) X2norm:1.00 Nchanged:0 Ngood:358 Nclip:19
   slope  intercept     maxval  index  d_bestguess  fwhm  multimax
0.000098       -0.1 322.949067    963    -0.305537  0.52     False
d_rot_tmp 0.4944630088267197
Keeping 352 out of 352, skippin 0 because of null values in columns d_rot_tmp
median: -0.298862
75.000000 percentile cut: max residual for cut: 0.086300
__tmp_residuals 0.08630038826622882
median: -0.297457
i:00 mean:-0.297457(0.002611) stdev:0.042338(0.001843) X2norm:1.00 Nchanged:0 Ngood:264 Nclip:88

mean: -0.300606
i:01 mean:-0.300606(0.003187) stdev:0.056026(0.002250) X2norm:1.00 Nchanged:46 Ngood:310 Nclip:42

mean: -0.303910
i:02 mean:-0.303910(0.003593) stdev:0.065373(0.002537) X2norm:1.00 Nchanged:22 Ngood:332 Nclip:20

mean: -0.303927
i:03 mean:-0.303927(0.003651) stdev:0.066624(0.002578) X2norm:1.00 Nchanged:2 Ngood:334 Nclip:18

mean: -0.303927
i:04 mean:-0.303927(0.003651) stdev:0.066624(0.002578) X2norm:1.00 Nchanged:0 Ngood:334 Nclip:18
replacing SIP ./jw01227014001_03201_00003_nrcalong_cal_1overf_jhat.fits
./jw01227014001_03201_00003_nrcalong_cal_1overf_jhat.fits
0 ./jw01227014001_03201_00003_nrcblong_cal_1overf.phot.txt
find_stars
dmag 0.2172
DDD NIRCAM F444W F405N ggg None
####### coron None
dmag 1.0
sharpness 0.9
mag 24
x 2008
y 2008
Saving refcat file into ./jw01227014001_03201_00003_nrcblong_cal_1overf.refcat.txt
reffile_d2d 0.5
        slope    intercept     maxval  index  d_bestguess  fwhm  multimax
-1.734723e-17 1.776357e-14 628.530291   5712    -0.127339  0.52     False
d_rot_tmp 0.6726607250763437
Keeping 693 out of 693, skippin 0 because of null values in columns d_rot_tmp
median: -0.117149
75.000000 percentile cut: max residual for cut: 0.074560
__tmp_residuals 0.07456045893106414
median: -0.114724
i:00 mean:-0.114724(0.001552) stdev:0.035325(0.001096) X2norm:1.00 Nchanged:0 Ngood:519 Nclip:174

mean: -0.116270
i:01 mean:-0.116270(0.001835) stdev:0.044125(0.001297) X2norm:1.00 Nchanged:60 Ngood:579 Nclip:114

mean: -0.118585
i:02 mean:-0.118585(0.002028) stdev:0.049976(0.001433) X2norm:1.00 Nchanged:29 Ngood:608 Nclip:85

mean: -0.119005
i:03 mean:-0.119005(0.002158) stdev:0.053770(0.001525) X2norm:1.00 Nchanged:14 Ngood:622 Nclip:71

mean: -0.119015
i:04 mean:-0.119015(0.002242) stdev:0.056229(0.001584) X2norm:1.00 Nchanged:8 Ngood:630 Nclip:63

mean: -0.119275
i:05 mean:-0.119275(0.002254) stdev:0.056563(0.001592) X2norm:1.00 Nchanged:1 Ngood:631 Nclip:62

mean: -0.119275
i:06 mean:-0.119275(0.002254) stdev:0.056563(0.001592) X2norm:1.00 Nchanged:0 Ngood:631 Nclip:62
        slope    intercept     maxval  index  d_bestguess  fwhm  multimax
-1.734723e-17 1.776357e-14 584.133208    875    -0.171842  0.52     False
d_rot_tmp 0.6281576741098533
Keeping 624 out of 624, skippin 0 because of null values in columns d_rot_tmp
median: -0.175494
75.000000 percentile cut: max residual for cut: 0.071165
__tmp_residuals 0.07116524574636243
median: -0.175713
i:00 mean:-0.175713(0.001615) stdev:0.034896(0.001141) X2norm:1.00 Nchanged:0 Ngood:468 Nclip:156

mean: -0.175373
i:01 mean:-0.175373(0.001988) stdev:0.046572(0.001404) X2norm:1.00 Nchanged:82 Ngood:550 Nclip:74

mean: -0.175003
i:02 mean:-0.175003(0.002188) stdev:0.052563(0.001546) X2norm:1.00 Nchanged:28 Ngood:578 Nclip:46

mean: -0.174490
i:03 mean:-0.174490(0.002330) stdev:0.056655(0.001647) X2norm:1.00 Nchanged:14 Ngood:592 Nclip:32

mean: -0.175575
i:04 mean:-0.175575(0.002377) stdev:0.057990(0.001680) X2norm:1.00 Nchanged:4 Ngood:596 Nclip:28

mean: -0.175859
i:05 mean:-0.175859(0.002390) stdev:0.058356(0.001689) X2norm:1.00 Nchanged:1 Ngood:597 Nclip:27

mean: -0.175859
i:06 mean:-0.175859(0.002390) stdev:0.058356(0.001689) X2norm:1.00 Nchanged:0 Ngood:597 Nclip:27
replacing SIP ./jw01227014001_03201_00003_nrcblong_cal_1overf_jhat.fits
./jw01227014001_03201_00003_nrcblong_cal_1overf_jhat.fits
0 ./jw01227017001_08201_00001_nrcblong_cal_1overf.phot.txt
find_stars
dmag 0.2172
DDD NIRCAM F444W CLEAR ggg None
####### coron None
dmag 1.0
sharpness 0.9
mag 24
x 2008
y 2008
Saving refcat file into ./jw01227017001_08201_00001_nrcblong_cal_1overf.refcat.txt
reffile_d2d 0.5
    slope  intercept     maxval  index  d_bestguess  fwhm  multimax
-0.000049       0.05 269.615387   4811    -0.184627  0.52     False
d_rot_tmp 0.6153729064349165
Keeping 287 out of 287, skippin 0 because of null values in columns d_rot_tmp
median: -0.176975
75.000000 percentile cut: max residual for cut: 0.065293
__tmp_residuals 0.06529343160758841
median: -0.175753
i:00 mean:-0.175753(0.002121) stdev:0.031026(0.001496) X2norm:1.00 Nchanged:0 Ngood:215 Nclip:72

mean: -0.177913
i:01 mean:-0.177913(0.002632) stdev:0.041540(0.001858) X2norm:1.00 Nchanged:35 Ngood:250 Nclip:37

mean: -0.178517
i:02 mean:-0.178517(0.002944) stdev:0.047929(0.002078) X2norm:1.00 Nchanged:16 Ngood:266 Nclip:21

mean: -0.177510
i:03 mean:-0.177510(0.003074) stdev:0.050422(0.002170) X2norm:1.00 Nchanged:4 Ngood:270 Nclip:17

mean: -0.177510
i:04 mean:-0.177510(0.003074) stdev:0.050422(0.002170) X2norm:1.00 Nchanged:0 Ngood:270 Nclip:17
   slope  intercept     maxval  index  d_bestguess  fwhm  multimax
0.000049      -0.05 258.431526    973     0.146355   0.5     False
d_rot_tmp 0.9463552830404105
Keeping 267 out of 267, skippin 0 because of null values in columns d_rot_tmp
median: 0.155074
75.000000 percentile cut: max residual for cut: 0.055121
__tmp_residuals 0.055121357962775154
median: 0.155764
i:00 mean:0.155764(0.001856) stdev:0.026181(0.001309) X2norm:1.00 Nchanged:0 Ngood:200 Nclip:67

mean: 0.155357
i:01 mean:0.155357(0.002321) stdev:0.035802(0.001638) X2norm:1.00 Nchanged:39 Ngood:239 Nclip:28

mean: 0.154217
i:02 mean:0.154217(0.002492) stdev:0.039321(0.001759) X2norm:1.00 Nchanged:11 Ngood:250 Nclip:17

mean: 0.154188
i:03 mean:0.154188(0.002668) stdev:0.042602(0.001883) X2norm:1.00 Nchanged:6 Ngood:256 Nclip:11

mean: 0.153706
i:04 mean:0.153706(0.002760) stdev:0.044327(0.001948) X2norm:1.00 Nchanged:3 Ngood:259 Nclip:8

mean: 0.153706
i:05 mean:0.153706(0.002760) stdev:0.044327(0.001948) X2norm:1.00 Nchanged:0 Ngood:259 Nclip:8
replacing SIP ./jw01227017001_08201_00001_nrcblong_cal_1overf_jhat.fits
./jw01227017001_08201_00001_nrcblong_cal_1overf_jhat.fits
0 ./jw01227017001_08201_00002_nrcblong_cal_1overf.phot.txt
find_stars
dmag 0.2172
DDD NIRCAM F444W CLEAR ggg None
####### coron None
dmag 1.0
sharpness 0.9
mag 24
x 2008
y 2008
Saving refcat file into ./jw01227017001_08201_00002_nrcblong_cal_1overf.refcat.txt
reffile_d2d 0.5
    slope  intercept     maxval  index  d_bestguess  fwhm  multimax
-0.000049       0.05 275.660237   3684    -0.168425  0.52     False
d_rot_tmp 0.6315750110066773
Keeping 295 out of 295, skippin 0 because of null values in columns d_rot_tmp
median: -0.163362
75.000000 percentile cut: max residual for cut: 0.068587
__tmp_residuals 0.0685873950792796
median: -0.164865
i:00 mean:-0.164865(0.002197) stdev:0.032581(0.001550) X2norm:1.00 Nchanged:0 Ngood:221 Nclip:74

mean: -0.165002
i:01 mean:-0.165002(0.002744) stdev:0.044323(0.001936) X2norm:1.00 Nchanged:41 Ngood:262 Nclip:33

mean: -0.163298
i:02 mean:-0.163298(0.003014) stdev:0.049795(0.002127) X2norm:1.00 Nchanged:12 Ngood:274 Nclip:21

mean: -0.162800
i:03 mean:-0.162800(0.003044) stdev:0.050384(0.002148) X2norm:1.00 Nchanged:1 Ngood:275 Nclip:20

mean: -0.162800
i:04 mean:-0.162800(0.003044) stdev:0.050384(0.002148) X2norm:1.00 Nchanged:0 Ngood:275 Nclip:20
   slope  intercept     maxval  index  d_bestguess  fwhm  multimax
0.000049      -0.05 262.843618    975     0.138989   0.5     False
d_rot_tmp 0.9389893121833197
Keeping 273 out of 273, skippin 0 because of null values in columns d_rot_tmp
median: 0.140148
75.000000 percentile cut: max residual for cut: 0.051239
__tmp_residuals 0.051239332374867635
median: 0.138147
i:00 mean:0.138147(0.001749) stdev:0.024922(0.001234) X2norm:1.00 Nchanged:0 Ngood:204 Nclip:69

mean: 0.139696
i:01 mean:0.139696(0.002129) stdev:0.032571(0.001502) X2norm:1.00 Nchanged:31 Ngood:235 Nclip:38

mean: 0.141977
i:02 mean:0.141977(0.002439) stdev:0.038790(0.001721) X2norm:1.00 Nchanged:19 Ngood:254 Nclip:19

mean: 0.142329
i:03 mean:0.142329(0.002562) stdev:0.041144(0.001808) X2norm:1.00 Nchanged:5 Ngood:259 Nclip:14

mean: 0.142339
i:04 mean:0.142339(0.002625) stdev:0.042334(0.001853) X2norm:1.00 Nchanged:2 Ngood:261 Nclip:12

mean: 0.142339
i:05 mean:0.142339(0.002625) stdev:0.042334(0.001853) X2norm:1.00 Nchanged:0 Ngood:261 Nclip:12
replacing SIP ./jw01227017001_08201_00002_nrcblong_cal_1overf_jhat.fits
./jw01227017001_08201_00002_nrcblong_cal_1overf_jhat.fits
0 ./jw01227017001_08201_00003_nrcblong_cal_1overf.phot.txt
find_stars
dmag 0.2172
DDD NIRCAM F444W CLEAR ggg None
####### coron None
dmag 1.0
sharpness 0.9
mag 24
x 2008
y 2008
Saving refcat file into ./jw01227017001_08201_00003_nrcblong_cal_1overf.refcat.txt
reffile_d2d 0.5
    slope  intercept     maxval  index  d_bestguess  fwhm  multimax
-0.000049       0.05 292.703347   4515    -0.188144  0.52     False
d_rot_tmp 0.611856488427523
Keeping 311 out of 311, skippin 0 because of null values in columns d_rot_tmp
median: -0.183020
75.000000 percentile cut: max residual for cut: 0.057640
__tmp_residuals 0.05764007212128554
median: -0.183020
i:00 mean:-0.183020(0.001979) stdev:0.030136(0.001396) X2norm:1.00 Nchanged:0 Ngood:233 Nclip:78

mean: -0.183383
i:01 mean:-0.183383(0.002380) stdev:0.039330(0.001680) X2norm:1.00 Nchanged:41 Ngood:274 Nclip:37

mean: -0.184241
i:02 mean:-0.184241(0.002570) stdev:0.043232(0.001814) X2norm:1.00 Nchanged:10 Ngood:284 Nclip:27

mean: -0.184236
i:03 mean:-0.184236(0.002714) stdev:0.046145(0.001916) X2norm:1.00 Nchanged:6 Ngood:290 Nclip:21

mean: -0.184236
i:04 mean:-0.184236(0.002714) stdev:0.046145(0.001916) X2norm:1.00 Nchanged:0 Ngood:290 Nclip:21
   slope  intercept     maxval  index  d_bestguess  fwhm  multimax
0.000049      -0.05 277.361859   1860     0.176065   0.5     False
d_rot_tmp 0.9760648856919716
Keeping 287 out of 287, skippin 0 because of null values in columns d_rot_tmp
median: 0.180769
75.000000 percentile cut: max residual for cut: 0.051368
__tmp_residuals 0.05136767560842924
median: 0.180653
i:00 mean:0.180653(0.001784) stdev:0.026105(0.001259) X2norm:1.00 Nchanged:0 Ngood:215 Nclip:72

mean: 0.181138
i:01 mean:0.181138(0.002215) stdev:0.035091(0.001563) X2norm:1.00 Nchanged:37 Ngood:252 Nclip:35

mean: 0.182757
i:02 mean:0.182757(0.002526) stdev:0.041502(0.001783) X2norm:1.00 Nchanged:19 Ngood:271 Nclip:16

mean: 0.184018
i:03 mean:0.184018(0.002696) stdev:0.044868(0.001903) X2norm:1.00 Nchanged:7 Ngood:278 Nclip:9

mean: 0.183070
i:04 mean:0.183070(0.002816) stdev:0.047212(0.001988) X2norm:1.00 Nchanged:4 Ngood:282 Nclip:5

mean: 0.183570
i:05 mean:0.183570(0.002851) stdev:0.047872(0.002012) X2norm:1.00 Nchanged:1 Ngood:283 Nclip:4

mean: 0.183570
i:06 mean:0.183570(0.002851) stdev:0.047872(0.002012) X2norm:1.00 Nchanged:0 Ngood:283 Nclip:4
replacing SIP ./jw01227017001_08201_00003_nrcblong_cal_1overf_jhat.fits
./jw01227017001_08201_00003_nrcblong_cal_1overf_jhat.fits
0 ./jw01227017001_08201_00004_nrcblong_cal_1overf.phot.txt
find_stars
dmag 0.2172
DDD NIRCAM F444W CLEAR ggg None
####### coron None
dmag 1.0
sharpness 0.9
mag 24
x 2008
y 2008
Saving refcat file into ./jw01227017001_08201_00004_nrcblong_cal_1overf.refcat.txt
reffile_d2d 0.5
        slope    intercept     maxval  index  d_bestguess  fwhm  multimax
-1.734723e-17 1.776357e-14 277.606738   4214    -0.181076  0.52     False
d_rot_tmp 0.6189241639179273
Keeping 296 out of 296, skippin 0 because of null values in columns d_rot_tmp
median: -0.188700
75.000000 percentile cut: max residual for cut: 0.069013
__tmp_residuals 0.06901329247811286
median: -0.189481
i:00 mean:-0.189481(0.002115) stdev:0.031443(0.001492) X2norm:1.00 Nchanged:0 Ngood:222 Nclip:74

mean: -0.191649
i:01 mean:-0.191649(0.002574) stdev:0.040860(0.001816) X2norm:1.00 Nchanged:31 Ngood:253 Nclip:43

mean: -0.189302
i:02 mean:-0.189302(0.002926) stdev:0.048259(0.002065) X2norm:1.00 Nchanged:20 Ngood:273 Nclip:23

mean: -0.190229
i:03 mean:-0.190229(0.003045) stdev:0.050587(0.002149) X2norm:1.00 Nchanged:4 Ngood:277 Nclip:19

mean: -0.190245
i:04 mean:-0.190245(0.003116) stdev:0.051951(0.002199) X2norm:1.00 Nchanged:2 Ngood:279 Nclip:17

mean: -0.190245
i:05 mean:-0.190245(0.003116) stdev:0.051951(0.002199) X2norm:1.00 Nchanged:0 Ngood:279 Nclip:17
   slope  intercept     maxval  index  d_bestguess  fwhm  multimax
0.000049      -0.05 266.160522   1852     0.228179   0.5     False
d_rot_tmp 1.0281788718093197
Keeping 278 out of 278, skippin 0 because of null values in columns d_rot_tmp
median: 0.218108
75.000000 percentile cut: max residual for cut: 0.057272
__tmp_residuals 0.05727181205781222
median: 0.216836
i:00 mean:0.216836(0.002006) stdev:0.028857(0.001415) X2norm:1.00 Nchanged:0 Ngood:208 Nclip:70

mean: 0.221206
i:01 mean:0.221206(0.002401) stdev:0.037887(0.001694) X2norm:1.00 Nchanged:42 Ngood:250 Nclip:28

mean: 0.221398
i:02 mean:0.221398(0.002620) stdev:0.042254(0.001849) X2norm:1.00 Nchanged:11 Ngood:261 Nclip:17

mean: 0.220512
i:03 mean:0.220512(0.002675) stdev:0.043297(0.001888) X2norm:1.00 Nchanged:2 Ngood:263 Nclip:15

mean: 0.220512
i:04 mean:0.220512(0.002675) stdev:0.043297(0.001888) X2norm:1.00 Nchanged:0 Ngood:263 Nclip:15
replacing SIP ./jw01227017001_08201_00004_nrcblong_cal_1overf_jhat.fits
./jw01227017001_08201_00004_nrcblong_cal_1overf_jhat.fits
0 ./jw01227025001_06101_00001_nrcalong_cal_1overf.phot.txt
find_stars
dmag 0.2172
DDD NIRCAM F444W CLEAR ggg None
####### coron None
dmag 1.0
sharpness 0.9
mag 24
x 2008
y 2008
Saving refcat file into ./jw01227025001_06101_00001_nrcalong_cal_1overf.refcat.txt
reffile_d2d 0.5
    slope  intercept     maxval  index  d_bestguess  fwhm  multimax
-0.000098        0.1 247.096324   6438    -0.122477  0.52     False
d_rot_tmp 0.6775231501703332
Keeping 268 out of 268, skippin 0 because of null values in columns d_rot_tmp
median: -0.128876
75.000000 percentile cut: max residual for cut: 0.057618
__tmp_residuals 0.05761823971042611
median: -0.129540
i:00 mean:-0.129540(0.001860) stdev:0.026311(0.001312) X2norm:1.00 Nchanged:0 Ngood:201 Nclip:67

mean: -0.130948
i:01 mean:-0.130948(0.002248) stdev:0.033723(0.001586) X2norm:1.00 Nchanged:25 Ngood:226 Nclip:42

mean: -0.129841
i:02 mean:-0.129841(0.002525) stdev:0.038960(0.001782) X2norm:1.00 Nchanged:13 Ngood:239 Nclip:29

mean: -0.129894
i:03 mean:-0.129894(0.002584) stdev:0.040031(0.001823) X2norm:1.00 Nchanged:2 Ngood:241 Nclip:27

mean: -0.129894
i:04 mean:-0.129894(0.002584) stdev:0.040031(0.001823) X2norm:1.00 Nchanged:0 Ngood:241 Nclip:27
   slope  intercept     maxval  index  d_bestguess  fwhm  multimax
0.000098       -0.1 230.017836    228     0.188366  0.52     False
d_rot_tmp 0.9883661748384169
Keeping 239 out of 239, skippin 0 because of null values in columns d_rot_tmp
median: 0.186031
75.000000 percentile cut: max residual for cut: 0.055621
__tmp_residuals 0.05562066613024967
median: 0.186295
i:00 mean:0.186295(0.001907) stdev:0.025449(0.001345) X2norm:1.00 Nchanged:0 Ngood:179 Nclip:60

mean: 0.186807
i:01 mean:0.186807(0.002298) stdev:0.032743(0.001621) X2norm:1.00 Nchanged:25 Ngood:204 Nclip:35

mean: 0.186783
i:02 mean:0.186783(0.002675) stdev:0.039764(0.001887) X2norm:1.00 Nchanged:18 Ngood:222 Nclip:17

mean: 0.185406
i:03 mean:0.185406(0.002912) stdev:0.044159(0.002054) X2norm:1.00 Nchanged:9 Ngood:231 Nclip:8

mean: 0.184905
i:04 mean:0.184905(0.003022) stdev:0.046135(0.002133) X2norm:1.00 Nchanged:3 Ngood:234 Nclip:5

mean: 0.184905
i:05 mean:0.184905(0.003022) stdev:0.046135(0.002133) X2norm:1.00 Nchanged:0 Ngood:234 Nclip:5
replacing SIP ./jw01227025001_06101_00001_nrcalong_cal_1overf_jhat.fits
./jw01227025001_06101_00001_nrcalong_cal_1overf_jhat.fits
0 ./jw01227025001_06101_00001_nrcblong_cal_1overf.phot.txt
find_stars
dmag 0.2172
DDD NIRCAM F444W CLEAR ggg None
####### coron None
dmag 1.0
sharpness 0.9
mag 24
x 2008
y 2008
Saving refcat file into ./jw01227025001_06101_00001_nrcblong_cal_1overf.refcat.txt
reffile_d2d 0.5
    slope  intercept     maxval  index  d_bestguess  fwhm  multimax
-0.000049       0.05 695.145257   5044    -0.125984  0.52     False
d_rot_tmp 0.6740156291408284
Keeping 748 out of 748, skippin 0 because of null values in columns d_rot_tmp
median: -0.132064
75.000000 percentile cut: max residual for cut: 0.059091
__tmp_residuals 0.059090508618469914
median: -0.131890
i:00 mean:-0.131890(0.001181) stdev:0.027948(0.000834) X2norm:1.00 Nchanged:0 Ngood:561 Nclip:187

mean: -0.132212
i:01 mean:-0.132212(0.001416) stdev:0.035745(0.001001) X2norm:1.00 Nchanged:77 Ngood:638 Nclip:110

mean: -0.132648
i:02 mean:-0.132648(0.001564) stdev:0.040351(0.001105) X2norm:1.00 Nchanged:29 Ngood:667 Nclip:81

mean: -0.133133
i:03 mean:-0.133133(0.001649) stdev:0.042966(0.001165) X2norm:1.00 Nchanged:13 Ngood:680 Nclip:68

mean: -0.132589
i:04 mean:-0.132589(0.001687) stdev:0.044127(0.001192) X2norm:1.00 Nchanged:5 Ngood:685 Nclip:63

mean: -0.132589
i:05 mean:-0.132589(0.001687) stdev:0.044127(0.001192) X2norm:1.00 Nchanged:0 Ngood:685 Nclip:63
   slope  intercept     maxval  index  d_bestguess  fwhm  multimax
0.000049      -0.05 649.095846   1129     0.350717   0.5     False
d_rot_tmp 1.1507174289780473
Keeping 677 out of 677, skippin 0 because of null values in columns d_rot_tmp
median: 0.355115
75.000000 percentile cut: max residual for cut: 0.054807
__tmp_residuals 0.054806874188203236
median: 0.352998
i:00 mean:0.352998(0.001132) stdev:0.025457(0.000799) X2norm:1.00 Nchanged:0 Ngood:507 Nclip:170

mean: 0.354913
i:01 mean:0.354913(0.001393) stdev:0.033833(0.000984) X2norm:1.00 Nchanged:84 Ngood:591 Nclip:86

mean: 0.355742
i:02 mean:0.355742(0.001578) stdev:0.039707(0.001115) X2norm:1.00 Nchanged:43 Ngood:634 Nclip:43

mean: 0.355734
i:03 mean:0.355734(0.001641) stdev:0.041603(0.001159) X2norm:1.00 Nchanged:10 Ngood:644 Nclip:33

mean: 0.355922
i:04 mean:0.355922(0.001649) stdev:0.041844(0.001165) X2norm:1.00 Nchanged:1 Ngood:645 Nclip:32

mean: 0.355922
i:05 mean:0.355922(0.001649) stdev:0.041844(0.001165) X2norm:1.00 Nchanged:0 Ngood:645 Nclip:32
replacing SIP ./jw01227025001_06101_00001_nrcblong_cal_1overf_jhat.fits
./jw01227025001_06101_00001_nrcblong_cal_1overf_jhat.fits
0 ./jw01227025001_06101_00002_nrcalong_cal_1overf.phot.txt
find_stars
dmag 0.2172
DDD NIRCAM F444W CLEAR ggg None
####### coron None
dmag 1.0
sharpness 0.9
mag 24
x 2008
y 2008
Saving refcat file into ./jw01227025001_06101_00002_nrcalong_cal_1overf.refcat.txt
reffile_d2d 0.5
    slope  intercept     maxval  index  d_bestguess  fwhm  multimax
-0.000098        0.1 270.975008   5447    -0.143714   0.5     False
d_rot_tmp 0.6562863765941558
Keeping 289 out of 289, skippin 0 because of null values in columns d_rot_tmp
median: -0.135736
75.000000 percentile cut: max residual for cut: 0.056078
__tmp_residuals 0.05607775058929082
median: -0.138495
i:00 mean:-0.138495(0.001840) stdev:0.026984(0.001298) X2norm:1.00 Nchanged:0 Ngood:216 Nclip:73

mean: -0.132758
i:01 mean:-0.132758(0.002163) stdev:0.033851(0.001526) X2norm:1.00 Nchanged:30 Ngood:246 Nclip:43

mean: -0.131110
i:02 mean:-0.131110(0.002405) stdev:0.038623(0.001697) X2norm:1.00 Nchanged:13 Ngood:259 Nclip:30

mean: -0.129828
i:03 mean:-0.129828(0.002541) stdev:0.041207(0.001793) X2norm:1.00 Nchanged:5 Ngood:264 Nclip:25

mean: -0.130737
i:04 mean:-0.130737(0.002602) stdev:0.042364(0.001837) X2norm:1.00 Nchanged:2 Ngood:266 Nclip:23

mean: -0.130737
i:05 mean:-0.130737(0.002602) stdev:0.042364(0.001837) X2norm:1.00 Nchanged:0 Ngood:266 Nclip:23
   slope  intercept     maxval  index  d_bestguess  fwhm  multimax
0.000098       -0.1 254.641336     43     0.114509  0.52     False
d_rot_tmp 0.9145090844746262
Keeping 264 out of 264, skippin 0 because of null values in columns d_rot_tmp
median: 0.114792
75.000000 percentile cut: max residual for cut: 0.044535
__tmp_residuals 0.04453541481836035
median: 0.114304
i:00 mean:0.114304(0.001651) stdev:0.023179(0.001165) X2norm:1.00 Nchanged:0 Ngood:198 Nclip:66

mean: 0.114499
i:01 mean:0.114499(0.001992) stdev:0.030017(0.001406) X2norm:1.00 Nchanged:30 Ngood:228 Nclip:36

mean: 0.113808
i:02 mean:0.113808(0.002357) stdev:0.037190(0.001663) X2norm:1.00 Nchanged:22 Ngood:250 Nclip:14

mean: 0.113767
i:03 mean:0.113767(0.002445) stdev:0.038893(0.001726) X2norm:1.00 Nchanged:4 Ngood:254 Nclip:10

mean: 0.113767
i:04 mean:0.113767(0.002445) stdev:0.038893(0.001726) X2norm:1.00 Nchanged:0 Ngood:254 Nclip:10
replacing SIP ./jw01227025001_06101_00002_nrcalong_cal_1overf_jhat.fits
./jw01227025001_06101_00002_nrcalong_cal_1overf_jhat.fits
0 ./jw01227025001_06101_00002_nrcblong_cal_1overf.phot.txt
find_stars
dmag 0.2172
DDD NIRCAM F444W CLEAR ggg None
####### coron None
dmag 1.0
sharpness 0.9
mag 24
x 2008
y 2008
Saving refcat file into ./jw01227025001_06101_00002_nrcblong_cal_1overf.refcat.txt
reffile_d2d 0.5
    slope  intercept     maxval  index  d_bestguess  fwhm  multimax
-0.000049       0.05 686.029705   3978    -0.136477  0.52     False
d_rot_tmp 0.6635226796345421
Keeping 739 out of 739, skippin 0 because of null values in columns d_rot_tmp
median: -0.133429
75.000000 percentile cut: max residual for cut: 0.060138
__tmp_residuals 0.06013843893019519
median: -0.132487
i:00 mean:-0.132487(0.001246) stdev:0.029295(0.000880) X2norm:1.00 Nchanged:0 Ngood:554 Nclip:185

mean: -0.133995
i:01 mean:-0.133995(0.001475) stdev:0.036818(0.001042) X2norm:1.00 Nchanged:70 Ngood:624 Nclip:115

mean: -0.135445
i:02 mean:-0.135445(0.001620) stdev:0.041333(0.001145) X2norm:1.00 Nchanged:28 Ngood:652 Nclip:87

mean: -0.136682
i:03 mean:-0.136682(0.001710) stdev:0.044055(0.001208) X2norm:1.00 Nchanged:13 Ngood:665 Nclip:74

mean: -0.136096
i:04 mean:-0.136096(0.001780) stdev:0.046182(0.001258) X2norm:1.00 Nchanged:9 Ngood:674 Nclip:65

mean: -0.136095
i:05 mean:-0.136095(0.001815) stdev:0.047223(0.001282) X2norm:1.00 Nchanged:4 Ngood:678 Nclip:61

mean: -0.135891
i:06 mean:-0.135891(0.001842) stdev:0.048036(0.001302) X2norm:1.00 Nchanged:3 Ngood:681 Nclip:58

mean: -0.135680
i:07 mean:-0.135680(0.001851) stdev:0.048317(0.001308) X2norm:1.00 Nchanged:1 Ngood:682 Nclip:57

mean: -0.135468
i:08 mean:-0.135468(0.001861) stdev:0.048598(0.001315) X2norm:1.00 Nchanged:1 Ngood:683 Nclip:56

mean: -0.135468
i:09 mean:-0.135468(0.001861) stdev:0.048598(0.001315) X2norm:1.00 Nchanged:0 Ngood:683 Nclip:56
        slope    intercept     maxval  index  d_bestguess  fwhm  multimax
-1.734723e-17 1.776357e-14 645.076047    782     0.300283  0.52     False
d_rot_tmp 1.100282739163725
Keeping 677 out of 677, skippin 0 because of null values in columns d_rot_tmp
median: 0.295768
75.000000 percentile cut: max residual for cut: 0.053662
__tmp_residuals 0.05366233311957208
median: 0.294325
i:00 mean:0.294325(0.001128) stdev:0.025381(0.000797) X2norm:1.00 Nchanged:0 Ngood:507 Nclip:170

mean: 0.294047
i:01 mean:0.294047(0.001374) stdev:0.033012(0.000971) X2norm:1.00 Nchanged:71 Ngood:578 Nclip:99

mean: 0.294402
i:02 mean:0.294402(0.001596) stdev:0.039926(0.001127) X2norm:1.00 Nchanged:49 Ngood:627 Nclip:50

mean: 0.295412
i:03 mean:0.295412(0.001699) stdev:0.043052(0.001201) X2norm:1.00 Nchanged:16 Ngood:643 Nclip:34

mean: 0.295986
i:04 mean:0.295986(0.001739) stdev:0.044238(0.001229) X2norm:1.00 Nchanged:5 Ngood:648 Nclip:29

mean: 0.295786
i:05 mean:0.295786(0.001748) stdev:0.044497(0.001235) X2norm:1.00 Nchanged:1 Ngood:649 Nclip:28

mean: 0.295786
i:06 mean:0.295786(0.001748) stdev:0.044497(0.001235) X2norm:1.00 Nchanged:0 Ngood:649 Nclip:28
replacing SIP ./jw01227025001_06101_00002_nrcblong_cal_1overf_jhat.fits
./jw01227025001_06101_00002_nrcblong_cal_1overf_jhat.fits
0 ./jw01227025001_06101_00003_nrcalong_cal_1overf.phot.txt
find_stars
dmag 0.2172
DDD NIRCAM F444W CLEAR ggg None
####### coron None
dmag 1.0
sharpness 0.9
mag 24
x 2008
y 2008
Saving refcat file into ./jw01227025001_06101_00003_nrcalong_cal_1overf.refcat.txt
reffile_d2d 0.5
    slope  intercept     maxval  index  d_bestguess  fwhm  multimax
-0.000098        0.1 255.278826   5441    -0.102164  0.52     False
d_rot_tmp 0.697835993944014
Keeping 271 out of 271, skippin 0 because of null values in columns d_rot_tmp
median: -0.097771
75.000000 percentile cut: max residual for cut: 0.054068
__tmp_residuals 0.054067767834016525
median: -0.097777
i:00 mean:-0.097777(0.001834) stdev:0.026071(0.001294) X2norm:1.00 Nchanged:0 Ngood:203 Nclip:68

mean: -0.098083
i:01 mean:-0.098083(0.002150) stdev:0.032329(0.001517) X2norm:1.00 Nchanged:24 Ngood:227 Nclip:44

mean: -0.097776
i:02 mean:-0.097776(0.002490) stdev:0.038808(0.001757) X2norm:1.00 Nchanged:17 Ngood:244 Nclip:27

mean: -0.099095
i:03 mean:-0.099095(0.002574) stdev:0.040374(0.001817) X2norm:1.00 Nchanged:3 Ngood:247 Nclip:24

mean: -0.099560
i:04 mean:-0.099560(0.002606) stdev:0.040954(0.001839) X2norm:1.00 Nchanged:1 Ngood:248 Nclip:23

mean: -0.099560
i:05 mean:-0.099560(0.002606) stdev:0.040954(0.001839) X2norm:1.00 Nchanged:0 Ngood:248 Nclip:23
   slope  intercept     maxval  index  d_bestguess  fwhm  multimax
0.000098       -0.1 239.489615     37     0.106181  0.42     False
d_rot_tmp 0.9061805541294043
Keeping 247 out of 247, skippin 0 because of null values in columns d_rot_tmp
median: 0.108886
75.000000 percentile cut: max residual for cut: 0.045952
__tmp_residuals 0.04595228678531581
median: 0.106998
i:00 mean:0.106998(0.001728) stdev:0.023438(0.001218) X2norm:1.00 Nchanged:0 Ngood:185 Nclip:62

mean: 0.109666
i:01 mean:0.109666(0.002103) stdev:0.030770(0.001484) X2norm:1.00 Nchanged:30 Ngood:215 Nclip:32

mean: 0.110731
i:02 mean:0.110731(0.002373) stdev:0.035755(0.001674) X2norm:1.00 Nchanged:13 Ngood:228 Nclip:19

mean: 0.109922
i:03 mean:0.109922(0.002581) stdev:0.039571(0.001821) X2norm:1.00 Nchanged:8 Ngood:236 Nclip:11

mean: 0.108512
i:04 mean:0.108512(0.002675) stdev:0.041270(0.001888) X2norm:1.00 Nchanged:3 Ngood:239 Nclip:8

mean: 0.108512
i:05 mean:0.108512(0.002675) stdev:0.041270(0.001888) X2norm:1.00 Nchanged:0 Ngood:239 Nclip:8
replacing SIP ./jw01227025001_06101_00003_nrcalong_cal_1overf_jhat.fits
./jw01227025001_06101_00003_nrcalong_cal_1overf_jhat.fits
0 ./jw01227025001_06101_00003_nrcblong_cal_1overf.phot.txt
find_stars
dmag 0.2172
DDD NIRCAM F444W CLEAR ggg None
####### coron None
dmag 1.0
sharpness 0.9
mag 24
x 2008
y 2008
Saving refcat file into ./jw01227025001_06101_00003_nrcblong_cal_1overf.refcat.txt
reffile_d2d 0.5
        slope    intercept     maxval  index  d_bestguess  fwhm  multimax
-1.734723e-17 1.776357e-14 685.356976   3841    -0.087606  0.52     False
d_rot_tmp 0.7123943856273371
Keeping 745 out of 745, skippin 0 because of null values in columns d_rot_tmp
median: -0.088129
75.000000 percentile cut: max residual for cut: 0.069184
__tmp_residuals 0.06918403477240406
median: -0.088708
i:00 mean:-0.088708(0.001317) stdev:0.031072(0.000930) X2norm:1.00 Nchanged:0 Ngood:558 Nclip:187

mean: -0.087074
i:01 mean:-0.087074(0.001571) stdev:0.039342(0.001110) X2norm:1.00 Nchanged:70 Ngood:628 Nclip:117

mean: -0.088039
i:02 mean:-0.088039(0.001750) stdev:0.044988(0.001236) X2norm:1.00 Nchanged:34 Ngood:662 Nclip:83

mean: -0.088204
i:03 mean:-0.088204(0.001842) stdev:0.047811(0.001301) X2norm:1.00 Nchanged:13 Ngood:675 Nclip:70

mean: -0.087588
i:04 mean:-0.087588(0.001885) stdev:0.049109(0.001332) X2norm:1.00 Nchanged:5 Ngood:680 Nclip:65

mean: -0.086950
i:05 mean:-0.086950(0.001912) stdev:0.049936(0.001351) X2norm:1.00 Nchanged:3 Ngood:683 Nclip:62

mean: -0.086516
i:06 mean:-0.086516(0.001931) stdev:0.050503(0.001364) X2norm:1.00 Nchanged:2 Ngood:685 Nclip:60

mean: -0.086516
i:07 mean:-0.086516(0.001931) stdev:0.050503(0.001364) X2norm:1.00 Nchanged:0 Ngood:685 Nclip:60
   slope  intercept     maxval  index  d_bestguess  fwhm  multimax
0.000049      -0.05 647.728455   1131     0.274347  0.52     False
d_rot_tmp 1.074346797623693
Keeping 677 out of 677, skippin 0 because of null values in columns d_rot_tmp
median: 0.272879
75.000000 percentile cut: max residual for cut: 0.053349
__tmp_residuals 0.053349101709769836
median: 0.270834
i:00 mean:0.270834(0.001237) stdev:0.027832(0.000874) X2norm:1.00 Nchanged:0 Ngood:507 Nclip:170

mean: 0.272431
i:01 mean:0.272431(0.001499) stdev:0.036726(0.001059) X2norm:1.00 Nchanged:94 Ngood:601 Nclip:76

mean: 0.272688
i:02 mean:0.272688(0.001686) stdev:0.042630(0.001192) X2norm:1.00 Nchanged:39 Ngood:640 Nclip:37

mean: 0.273231
i:03 mean:0.273231(0.001751) stdev:0.044579(0.001237) X2norm:1.00 Nchanged:9 Ngood:649 Nclip:28

mean: 0.273433
i:04 mean:0.273433(0.001760) stdev:0.044841(0.001244) X2norm:1.00 Nchanged:1 Ngood:650 Nclip:27

mean: 0.273433
i:05 mean:0.273433(0.001760) stdev:0.044841(0.001244) X2norm:1.00 Nchanged:0 Ngood:650 Nclip:27
replacing SIP ./jw01227025001_06101_00003_nrcblong_cal_1overf_jhat.fits
./jw01227025001_06101_00003_nrcblong_cal_1overf_jhat.fits
0 ./jw01227025001_06101_00004_nrcalong_cal_1overf.phot.txt
find_stars
dmag 0.2172
DDD NIRCAM F444W CLEAR ggg None
####### coron None
dmag 1.0
sharpness 0.9
mag 24
x 2008
y 2008
Saving refcat file into ./jw01227025001_06101_00004_nrcalong_cal_1overf.refcat.txt
reffile_d2d 0.5
    slope  intercept     maxval  index  d_bestguess  fwhm  multimax
-0.000098        0.1 269.751898   6024    -0.169878  0.52     False
d_rot_tmp 0.6301221121599412
Keeping 291 out of 291, skippin 0 because of null values in columns d_rot_tmp
median: -0.168628
75.000000 percentile cut: max residual for cut: 0.057130
__tmp_residuals 0.057130065181595774
median: -0.167880
i:00 mean:-0.167880(0.001838) stdev:0.027082(0.001297) X2norm:1.00 Nchanged:0 Ngood:218 Nclip:73

mean: -0.169458
i:01 mean:-0.169458(0.002168) stdev:0.033654(0.001530) X2norm:1.00 Nchanged:24 Ngood:242 Nclip:49

mean: -0.168699
i:02 mean:-0.168699(0.002478) stdev:0.039732(0.001749) X2norm:1.00 Nchanged:16 Ngood:258 Nclip:33

mean: -0.169999
i:03 mean:-0.169999(0.002669) stdev:0.043364(0.001884) X2norm:1.00 Nchanged:7 Ngood:265 Nclip:26

mean: -0.169532
i:04 mean:-0.169532(0.002761) stdev:0.045110(0.001948) X2norm:1.00 Nchanged:3 Ngood:268 Nclip:23

mean: -0.170032
i:05 mean:-0.170032(0.002796) stdev:0.045766(0.001973) X2norm:1.00 Nchanged:1 Ngood:269 Nclip:22

mean: -0.170032
i:06 mean:-0.170032(0.002796) stdev:0.045766(0.001973) X2norm:1.00 Nchanged:0 Ngood:269 Nclip:22
   slope  intercept     maxval  index  d_bestguess  fwhm  multimax
0.000098       -0.1 259.352407     39     0.163193  0.46     False
d_rot_tmp 0.9631934591974154
Keeping 269 out of 269, skippin 0 because of null values in columns d_rot_tmp
median: 0.163420
75.000000 percentile cut: max residual for cut: 0.046278
__tmp_residuals 0.04627843038245047
median: 0.162116
i:00 mean:0.162116(0.001605) stdev:0.022694(0.001132) X2norm:1.00 Nchanged:0 Ngood:201 Nclip:68

mean: 0.163618
i:01 mean:0.163618(0.001851) stdev:0.027762(0.001306) X2norm:1.00 Nchanged:25 Ngood:226 Nclip:43

mean: 0.166111
i:02 mean:0.166111(0.002145) stdev:0.033298(0.001514) X2norm:1.00 Nchanged:16 Ngood:242 Nclip:27

mean: 0.164553
i:03 mean:0.164553(0.002343) stdev:0.037121(0.001654) X2norm:1.00 Nchanged:10 Ngood:252 Nclip:17

mean: 0.164967
i:04 mean:0.164967(0.002421) stdev:0.038586(0.001709) X2norm:1.00 Nchanged:3 Ngood:255 Nclip:14

mean: 0.164527
i:05 mean:0.164527(0.002451) stdev:0.039146(0.001730) X2norm:1.00 Nchanged:1 Ngood:256 Nclip:13

mean: 0.164527
i:06 mean:0.164527(0.002451) stdev:0.039146(0.001730) X2norm:1.00 Nchanged:0 Ngood:256 Nclip:13
replacing SIP ./jw01227025001_06101_00004_nrcalong_cal_1overf_jhat.fits
./jw01227025001_06101_00004_nrcalong_cal_1overf_jhat.fits
0 ./jw01227025001_06101_00004_nrcblong_cal_1overf.phot.txt
find_stars
dmag 0.2172
DDD NIRCAM F444W CLEAR ggg None
####### coron None
dmag 1.0
sharpness 0.9
mag 24
x 2008
y 2008
Saving refcat file into ./jw01227025001_06101_00004_nrcblong_cal_1overf.refcat.txt
reffile_d2d 0.5
    slope  intercept     maxval  index  d_bestguess  fwhm  multimax
-0.000049       0.05 689.025292   3838    -0.173057  0.52     False
d_rot_tmp 0.6269434191459056
Keeping 743 out of 743, skippin 0 because of null values in columns d_rot_tmp
median: -0.167153
75.000000 percentile cut: max residual for cut: 0.061052
__tmp_residuals 0.061051558492678806
median: -0.167255
i:00 mean:-0.167255(0.001233) stdev:0.029081(0.000871) X2norm:1.00 Nchanged:0 Ngood:557 Nclip:186

mean: -0.166918
i:01 mean:-0.166918(0.001478) stdev:0.037040(0.001044) X2norm:1.00 Nchanged:72 Ngood:629 Nclip:114

mean: -0.167202
i:02 mean:-0.167202(0.001638) stdev:0.042081(0.001157) X2norm:1.00 Nchanged:32 Ngood:661 Nclip:82

mean: -0.167591
i:03 mean:-0.167591(0.001722) stdev:0.044649(0.001217) X2norm:1.00 Nchanged:12 Ngood:673 Nclip:70

mean: -0.168364
i:04 mean:-0.168364(0.001801) stdev:0.047032(0.001273) X2norm:1.00 Nchanged:10 Ngood:683 Nclip:60

mean: -0.168566
i:05 mean:-0.168566(0.001810) stdev:0.047291(0.001279) X2norm:1.00 Nchanged:1 Ngood:684 Nclip:59

mean: -0.168566
i:06 mean:-0.168566(0.001810) stdev:0.047291(0.001279) X2norm:1.00 Nchanged:0 Ngood:684 Nclip:59
   slope  intercept     maxval  index  d_bestguess  fwhm  multimax
0.000049      -0.05 647.601224    366      0.33848  0.52     False
d_rot_tmp 1.1384804829217983
Keeping 679 out of 679, skippin 0 because of null values in columns d_rot_tmp
median: 0.335988
75.000000 percentile cut: max residual for cut: 0.053009
__tmp_residuals 0.05300934339745039
median: 0.336386
i:00 mean:0.336386(0.001177) stdev:0.026520(0.000831) X2norm:1.00 Nchanged:0 Ngood:509 Nclip:170

mean: 0.334750
i:01 mean:0.334750(0.001441) stdev:0.035169(0.001018) X2norm:1.00 Nchanged:88 Ngood:597 Nclip:82

mean: 0.335553
i:02 mean:0.335553(0.001592) stdev:0.039872(0.001125) X2norm:1.00 Nchanged:31 Ngood:628 Nclip:51

mean: 0.335565
i:03 mean:0.335565(0.001672) stdev:0.042270(0.001181) X2norm:1.00 Nchanged:12 Ngood:640 Nclip:39

mean: 0.335943
i:04 mean:0.335943(0.001688) stdev:0.042745(0.001193) X2norm:1.00 Nchanged:2 Ngood:642 Nclip:37

mean: 0.335943
i:05 mean:0.335943(0.001688) stdev:0.042745(0.001193) X2norm:1.00 Nchanged:0 Ngood:642 Nclip:37
replacing SIP ./jw01227025001_06101_00004_nrcblong_cal_1overf_jhat.fits
./jw01227025001_06101_00004_nrcblong_cal_1overf_jhat.fits
0 ./jw01227026001_03201_00001_nrcalong_cal_1overf.phot.txt
find_stars
dmag 0.2172
DDD NIRCAM F444W F405N ggg None
####### coron None
dmag 1.0
sharpness 0.9
mag 24
x 2008
y 2008
Saving refcat file into ./jw01227026001_03201_00001_nrcalong_cal_1overf.refcat.txt
reffile_d2d 0.5
    slope  intercept     maxval  index  d_bestguess  fwhm  multimax
-0.000098        0.1 386.185949   4092    -0.106042  0.52     False
d_rot_tmp 0.6939582845340226
Keeping 422 out of 422, skippin 0 because of null values in columns d_rot_tmp
median: -0.100619
75.000000 percentile cut: max residual for cut: 0.067879
__tmp_residuals 0.06787861029109214
median: -0.100134
i:00 mean:-0.100134(0.001812) stdev:0.032153(0.001279) X2norm:1.00 Nchanged:0 Ngood:316 Nclip:106

mean: -0.100638
i:01 mean:-0.100638(0.002163) stdev:0.040630(0.001527) X2norm:1.00 Nchanged:38 Ngood:354 Nclip:68

mean: -0.100933
i:02 mean:-0.100933(0.002448) stdev:0.047346(0.001729) X2norm:1.00 Nchanged:21 Ngood:375 Nclip:47

mean: -0.100301
i:03 mean:-0.100301(0.002581) stdev:0.050441(0.001823) X2norm:1.00 Nchanged:8 Ngood:383 Nclip:39

mean: -0.100301
i:04 mean:-0.100301(0.002581) stdev:0.050441(0.001823) X2norm:1.00 Nchanged:0 Ngood:383 Nclip:39
   slope  intercept     maxval  index  d_bestguess  fwhm  multimax
0.000098       -0.1 363.718578     63    -0.029489  0.52     False
d_rot_tmp 0.7705109655891229
Keeping 382 out of 382, skippin 0 because of null values in columns d_rot_tmp
median: -0.028660
75.000000 percentile cut: max residual for cut: 0.058774
__tmp_residuals 0.05877395722934621
median: -0.027388
i:00 mean:-0.027388(0.001768) stdev:0.029849(0.001248) X2norm:1.00 Nchanged:0 Ngood:286 Nclip:96

mean: -0.032019
i:01 mean:-0.032019(0.002124) stdev:0.038874(0.001500) X2norm:1.00 Nchanged:50 Ngood:336 Nclip:46

mean: -0.031151
i:02 mean:-0.031151(0.002373) stdev:0.044709(0.001676) X2norm:1.00 Nchanged:20 Ngood:356 Nclip:26

mean: -0.030505
i:03 mean:-0.030505(0.002507) stdev:0.047773(0.001771) X2norm:1.00 Nchanged:8 Ngood:364 Nclip:18

mean: -0.030895
i:04 mean:-0.030895(0.002531) stdev:0.048286(0.001787) X2norm:1.00 Nchanged:1 Ngood:365 Nclip:17

mean: -0.030895
i:05 mean:-0.030895(0.002531) stdev:0.048286(0.001787) X2norm:1.00 Nchanged:0 Ngood:365 Nclip:17
replacing SIP ./jw01227026001_03201_00001_nrcalong_cal_1overf_jhat.fits
./jw01227026001_03201_00001_nrcalong_cal_1overf_jhat.fits
0 ./jw01227026001_03201_00001_nrcblong_cal_1overf.phot.txt
find_stars
dmag 0.2172
DDD NIRCAM F444W F405N ggg None
####### coron None
dmag 1.0
sharpness 0.9
mag 24
x 2008
y 2008
Saving refcat file into ./jw01227026001_03201_00001_nrcblong_cal_1overf.refcat.txt
reffile_d2d 0.5
    slope  intercept     maxval  index  d_bestguess  fwhm  multimax
-0.000049       0.05 356.820142   6293    -0.019156  0.52     False
d_rot_tmp 0.7808435301711996
Keeping 386 out of 386, skippin 0 because of null values in columns d_rot_tmp
median: -0.011968
75.000000 percentile cut: max residual for cut: 0.074117
__tmp_residuals 0.07411721561253434
median: -0.009720
i:00 mean:-0.009720(0.002122) stdev:0.036018(0.001498) X2norm:1.00 Nchanged:0 Ngood:289 Nclip:97

mean: -0.011982
i:01 mean:-0.011982(0.002545) stdev:0.046372(0.001797) X2norm:1.00 Nchanged:44 Ngood:333 Nclip:53

mean: -0.011817
i:02 mean:-0.011817(0.002864) stdev:0.053729(0.002022) X2norm:1.00 Nchanged:20 Ngood:353 Nclip:33

mean: -0.012642
i:03 mean:-0.012642(0.003035) stdev:0.057579(0.002143) X2norm:1.00 Nchanged:8 Ngood:361 Nclip:25

mean: -0.013093
i:04 mean:-0.013093(0.003111) stdev:0.059274(0.002197) X2norm:1.00 Nchanged:3 Ngood:364 Nclip:22

mean: -0.014058
i:05 mean:-0.014058(0.003168) stdev:0.060534(0.002237) X2norm:1.00 Nchanged:2 Ngood:366 Nclip:20

mean: -0.014058
i:06 mean:-0.014058(0.003168) stdev:0.060534(0.002237) X2norm:1.00 Nchanged:0 Ngood:366 Nclip:20
   slope  intercept     maxval  index  d_bestguess  fwhm  multimax
0.000049      -0.05 346.446631   1974     0.161606   0.5     False
d_rot_tmp 0.9616063804185686
Keeping 363 out of 363, skippin 0 because of null values in columns d_rot_tmp
median: 0.154809
75.000000 percentile cut: max residual for cut: 0.066006
__tmp_residuals 0.06600557479021515
median: 0.156178
i:00 mean:0.156178(0.001873) stdev:0.030834(0.001322) X2norm:1.00 Nchanged:0 Ngood:272 Nclip:91

mean: 0.154882
i:01 mean:0.154882(0.002276) stdev:0.040582(0.001607) X2norm:1.00 Nchanged:47 Ngood:319 Nclip:44

mean: 0.154661
i:02 mean:0.154661(0.002549) stdev:0.046927(0.001800) X2norm:1.00 Nchanged:21 Ngood:340 Nclip:23

mean: 0.154331
i:03 mean:0.154331(0.002682) stdev:0.049879(0.001893) X2norm:1.00 Nchanged:7 Ngood:347 Nclip:16

mean: 0.153907
i:04 mean:0.153907(0.002753) stdev:0.051429(0.001944) X2norm:1.00 Nchanged:3 Ngood:350 Nclip:13

mean: 0.153907
i:05 mean:0.153907(0.002753) stdev:0.051429(0.001944) X2norm:1.00 Nchanged:0 Ngood:350 Nclip:13
replacing SIP ./jw01227026001_03201_00001_nrcblong_cal_1overf_jhat.fits
./jw01227026001_03201_00001_nrcblong_cal_1overf_jhat.fits
0 ./jw01227026001_03201_00002_nrcalong_cal_1overf.phot.txt
find_stars
dmag 0.2172
DDD NIRCAM F444W F405N ggg None
####### coron None
dmag 1.0
sharpness 0.9
mag 24
x 2008
y 2008
Saving refcat file into ./jw01227026001_03201_00002_nrcalong_cal_1overf.refcat.txt
reffile_d2d 0.5
    slope  intercept     maxval  index  d_bestguess  fwhm  multimax
-0.000098        0.1 398.891811   4409    -0.166307  0.52     False
d_rot_tmp 0.6336927680622211
Keeping 439 out of 439, skippin 0 because of null values in columns d_rot_tmp
median: -0.164085
75.000000 percentile cut: max residual for cut: 0.071388
__tmp_residuals 0.07138843170302253
median: -0.162001
i:00 mean:-0.162001(0.001885) stdev:0.034140(0.001331) X2norm:1.00 Nchanged:0 Ngood:329 Nclip:110

mean: -0.159158
i:01 mean:-0.159158(0.002241) stdev:0.042999(0.001583) X2norm:1.00 Nchanged:40 Ngood:369 Nclip:70

mean: -0.160559
i:02 mean:-0.160559(0.002525) stdev:0.049744(0.001783) X2norm:1.00 Nchanged:20 Ngood:389 Nclip:50

mean: -0.161598
i:03 mean:-0.161598(0.002653) stdev:0.052719(0.001873) X2norm:1.00 Nchanged:7 Ngood:396 Nclip:43

mean: -0.160445
i:04 mean:-0.160445(0.002715) stdev:0.054169(0.001918) X2norm:1.00 Nchanged:3 Ngood:399 Nclip:40

mean: -0.160850
i:05 mean:-0.160850(0.002739) stdev:0.054702(0.001934) X2norm:1.00 Nchanged:1 Ngood:400 Nclip:39

mean: -0.161256
i:06 mean:-0.161256(0.002762) stdev:0.055235(0.001950) X2norm:1.00 Nchanged:1 Ngood:401 Nclip:38

mean: -0.160437
i:07 mean:-0.160437(0.002808) stdev:0.056308(0.001983) X2norm:1.00 Nchanged:2 Ngood:403 Nclip:36

mean: -0.160437
i:08 mean:-0.160437(0.002808) stdev:0.056308(0.001983) X2norm:1.00 Nchanged:0 Ngood:403 Nclip:36
   slope  intercept     maxval  index  d_bestguess  fwhm  multimax
0.000098       -0.1 380.056279   2942     0.000012  0.52     False
d_rot_tmp 0.8000123376348569
Keeping 401 out of 401, skippin 0 because of null values in columns d_rot_tmp
median: 0.004367
75.000000 percentile cut: max residual for cut: 0.065196
__tmp_residuals 0.06519631845752535
median: 0.004044
i:00 mean:0.004044(0.001927) stdev:0.033319(0.001360) X2norm:1.00 Nchanged:0 Ngood:300 Nclip:101

mean: 0.003518
i:01 mean:0.003518(0.002302) stdev:0.043309(0.001625) X2norm:1.00 Nchanged:55 Ngood:355 Nclip:46

mean: 0.004368
i:02 mean:0.004368(0.002593) stdev:0.050212(0.001831) X2norm:1.00 Nchanged:21 Ngood:376 Nclip:25

mean: 0.005888
i:03 mean:0.005888(0.002710) stdev:0.052888(0.001913) X2norm:1.00 Nchanged:6 Ngood:382 Nclip:19

mean: 0.006685
i:04 mean:0.006685(0.002754) stdev:0.053891(0.001945) X2norm:1.00 Nchanged:2 Ngood:384 Nclip:17

mean: 0.007507
i:05 mean:0.007507(0.002800) stdev:0.054950(0.001978) X2norm:1.00 Nchanged:2 Ngood:386 Nclip:15

mean: 0.007086
i:06 mean:0.007086(0.002825) stdev:0.055502(0.001995) X2norm:1.00 Nchanged:1 Ngood:387 Nclip:14

mean: 0.007086
i:07 mean:0.007086(0.002825) stdev:0.055502(0.001995) X2norm:1.00 Nchanged:0 Ngood:387 Nclip:14
replacing SIP ./jw01227026001_03201_00002_nrcalong_cal_1overf_jhat.fits
./jw01227026001_03201_00002_nrcalong_cal_1overf_jhat.fits
0 ./jw01227026001_03201_00002_nrcblong_cal_1overf.phot.txt
find_stars
dmag 0.2172
DDD NIRCAM F444W F405N ggg None
####### coron None
dmag 1.0
sharpness 0.9
mag 24
x 2008
y 2008
Saving refcat file into ./jw01227026001_03201_00002_nrcblong_cal_1overf.refcat.txt
reffile_d2d 0.5
    slope  intercept     maxval  index  d_bestguess  fwhm  multimax
-0.000049       0.05 393.221657   6287     -0.07447  0.52     False
d_rot_tmp 0.725530488341039
Keeping 427 out of 427, skippin 0 because of null values in columns d_rot_tmp
median: -0.073331
75.000000 percentile cut: max residual for cut: 0.072935
__tmp_residuals 0.07293527269203028
median: -0.072191
i:00 mean:-0.072191(0.001977) stdev:0.035318(0.001396) X2norm:1.00 Nchanged:0 Ngood:320 Nclip:107

mean: -0.073430
i:01 mean:-0.073430(0.002354) stdev:0.045095(0.001662) X2norm:1.00 Nchanged:48 Ngood:368 Nclip:59

mean: -0.074303
i:02 mean:-0.074303(0.002618) stdev:0.051445(0.001849) X2norm:1.00 Nchanged:19 Ngood:387 Nclip:40

mean: -0.073574
i:03 mean:-0.073574(0.002699) stdev:0.053301(0.001906) X2norm:1.00 Nchanged:4 Ngood:391 Nclip:36

mean: -0.072774
i:04 mean:-0.072774(0.002790) stdev:0.055378(0.001970) X2norm:1.00 Nchanged:4 Ngood:395 Nclip:32

mean: -0.073603
i:05 mean:-0.073603(0.002880) stdev:0.057460(0.002034) X2norm:1.00 Nchanged:4 Ngood:399 Nclip:28

mean: -0.074019
i:06 mean:-0.074019(0.002903) stdev:0.057987(0.002050) X2norm:1.00 Nchanged:1 Ngood:400 Nclip:27

mean: -0.074019
i:07 mean:-0.074019(0.002903) stdev:0.057987(0.002050) X2norm:1.00 Nchanged:0 Ngood:400 Nclip:27
   slope  intercept     maxval  index  d_bestguess  fwhm  multimax
0.000049      -0.05 380.209108   1970     0.194067   0.5     False
d_rot_tmp 0.9940666440272665
Keeping 397 out of 397, skippin 0 because of null values in columns d_rot_tmp
median: 0.186369
75.000000 percentile cut: max residual for cut: 0.065407
__tmp_residuals 0.06540693568411951
median: 0.187431
i:00 mean:0.187431(0.001810) stdev:0.031145(0.001278) X2norm:1.00 Nchanged:0 Ngood:297 Nclip:100

mean: 0.185504
i:01 mean:0.185504(0.002259) stdev:0.042564(0.001595) X2norm:1.00 Nchanged:59 Ngood:356 Nclip:41

mean: 0.185158
i:02 mean:0.185158(0.002540) stdev:0.049450(0.001794) X2norm:1.00 Nchanged:24 Ngood:380 Nclip:17

mean: 0.185838
i:03 mean:0.185838(0.002686) stdev:0.052847(0.001897) X2norm:1.00 Nchanged:8 Ngood:388 Nclip:9

mean: 0.185859
i:04 mean:0.185859(0.002731) stdev:0.053857(0.001928) X2norm:1.00 Nchanged:2 Ngood:390 Nclip:7

mean: 0.186272
i:05 mean:0.186272(0.002755) stdev:0.054405(0.001946) X2norm:1.00 Nchanged:1 Ngood:391 Nclip:6

mean: 0.186685
i:06 mean:0.186685(0.002779) stdev:0.054948(0.001962) X2norm:1.00 Nchanged:1 Ngood:392 Nclip:5

mean: 0.186685
i:07 mean:0.186685(0.002779) stdev:0.054948(0.001962) X2norm:1.00 Nchanged:0 Ngood:392 Nclip:5
replacing SIP ./jw01227026001_03201_00002_nrcblong_cal_1overf_jhat.fits
./jw01227026001_03201_00002_nrcblong_cal_1overf_jhat.fits
0 ./jw01227026001_03201_00003_nrcalong_cal_1overf.phot.txt
find_stars
dmag 0.2172
DDD NIRCAM F444W F405N ggg None
####### coron None
dmag 1.0
sharpness 0.9
mag 24
x 2008
y 2008
Saving refcat file into ./jw01227026001_03201_00003_nrcalong_cal_1overf.refcat.txt
reffile_d2d 0.5
    slope  intercept     maxval  index  d_bestguess  fwhm  multimax
-0.000098        0.1 384.756186   5345    -0.097759  0.52     False
d_rot_tmp 0.702241219132975
Keeping 425 out of 425, skippin 0 because of null values in columns d_rot_tmp
median: -0.098624
75.000000 percentile cut: max residual for cut: 0.082728
__tmp_residuals 0.08272799344408194
median: -0.097980
i:00 mean:-0.097980(0.002138) stdev:0.038062(0.001509) X2norm:1.00 Nchanged:0 Ngood:318 Nclip:107

mean: -0.097960
i:01 mean:-0.097960(0.002530) stdev:0.047666(0.001786) X2norm:1.00 Nchanged:38 Ngood:356 Nclip:69

mean: -0.098360
i:02 mean:-0.098360(0.002891) stdev:0.056213(0.002042) X2norm:1.00 Nchanged:23 Ngood:379 Nclip:46

mean: -0.099537
i:03 mean:-0.099537(0.003101) stdev:0.061160(0.002190) X2norm:1.00 Nchanged:11 Ngood:390 Nclip:35

mean: -0.099534
i:04 mean:-0.099534(0.003194) stdev:0.063321(0.002256) X2norm:1.00 Nchanged:4 Ngood:394 Nclip:31

mean: -0.099534
i:05 mean:-0.099534(0.003194) stdev:0.063321(0.002256) X2norm:1.00 Nchanged:0 Ngood:394 Nclip:31
   slope  intercept     maxval  index  d_bestguess  fwhm  multimax
0.000098       -0.1 370.038379   2940    -0.080397   0.5     False
d_rot_tmp 0.7196028996012871
Keeping 391 out of 391, skippin 0 because of null values in columns d_rot_tmp
median: -0.069353
75.000000 percentile cut: max residual for cut: 0.063849
__tmp_residuals 0.06384892147680508
median: -0.068881
i:00 mean:-0.068881(0.001849) stdev:0.031595(0.001305) X2norm:1.00 Nchanged:0 Ngood:293 Nclip:98

mean: -0.068137
i:01 mean:-0.068137(0.002205) stdev:0.040544(0.001557) X2norm:1.00 Nchanged:46 Ngood:339 Nclip:52

mean: -0.069727
i:02 mean:-0.069727(0.002435) stdev:0.045876(0.001719) X2norm:1.00 Nchanged:17 Ngood:356 Nclip:35

mean: -0.071439
i:03 mean:-0.071439(0.002663) stdev:0.051085(0.001880) X2norm:1.00 Nchanged:13 Ngood:369 Nclip:22

mean: -0.071826
i:04 mean:-0.071826(0.002727) stdev:0.052533(0.001926) X2norm:1.00 Nchanged:3 Ngood:372 Nclip:19

mean: -0.072236
i:05 mean:-0.072236(0.002751) stdev:0.053057(0.001943) X2norm:1.00 Nchanged:1 Ngood:373 Nclip:18

mean: -0.072236
i:06 mean:-0.072236(0.002751) stdev:0.053057(0.001943) X2norm:1.00 Nchanged:0 Ngood:373 Nclip:18
replacing SIP ./jw01227026001_03201_00003_nrcalong_cal_1overf_jhat.fits
./jw01227026001_03201_00003_nrcalong_cal_1overf_jhat.fits
0 ./jw01227026001_03201_00003_nrcblong_cal_1overf.phot.txt
find_stars
dmag 0.2172
DDD NIRCAM F444W F405N ggg None
####### coron None
dmag 1.0
sharpness 0.9
mag 24
x 2008
y 2008
Saving refcat file into ./jw01227026001_03201_00003_nrcblong_cal_1overf.refcat.txt
reffile_d2d 0.5
    slope  intercept     maxval  index  d_bestguess  fwhm  multimax
-0.000049       0.05 342.858967   5140    -0.014438  0.52     False
d_rot_tmp 0.7855618395058628
Keeping 370 out of 370, skippin 0 because of null values in columns d_rot_tmp
median: -0.014483
75.000000 percentile cut: max residual for cut: 0.074938
__tmp_residuals 0.07493778276241067
median: -0.013865
i:00 mean:-0.013865(0.002230) stdev:0.037043(0.001574) X2norm:1.00 Nchanged:0 Ngood:277 Nclip:93

mean: -0.010574
i:01 mean:-0.010574(0.002735) stdev:0.049538(0.001931) X2norm:1.00 Nchanged:52 Ngood:329 Nclip:41

mean: -0.009149
i:02 mean:-0.009149(0.002969) stdev:0.054915(0.002097) X2norm:1.00 Nchanged:14 Ngood:343 Nclip:27

mean: -0.009560
i:03 mean:-0.009560(0.003047) stdev:0.056590(0.002151) X2norm:1.00 Nchanged:3 Ngood:346 Nclip:24

mean: -0.009558
i:04 mean:-0.009558(0.003106) stdev:0.057864(0.002193) X2norm:1.00 Nchanged:2 Ngood:348 Nclip:22

mean: -0.010051
i:05 mean:-0.010051(0.003136) stdev:0.058509(0.002215) X2norm:1.00 Nchanged:1 Ngood:349 Nclip:21

mean: -0.010051
i:06 mean:-0.010051(0.003136) stdev:0.058509(0.002215) X2norm:1.00 Nchanged:0 Ngood:349 Nclip:21
   slope  intercept     maxval  index  d_bestguess  fwhm  multimax
0.000049      -0.05 333.623693   1975     0.108858  0.46     False
d_rot_tmp 0.908857534265006
Keeping 347 out of 347, skippin 0 because of null values in columns d_rot_tmp
median: 0.121053
75.000000 percentile cut: max residual for cut: 0.062167
__tmp_residuals 0.06216721079524245
median: 0.123777
i:00 mean:0.123777(0.001872) stdev:0.030128(0.001321) X2norm:1.00 Nchanged:0 Ngood:260 Nclip:87

mean: 0.121112
i:01 mean:0.121112(0.002379) stdev:0.042220(0.001679) X2norm:1.00 Nchanged:56 Ngood:316 Nclip:31

mean: 0.120943
i:02 mean:0.120943(0.002622) stdev:0.047622(0.001851) X2norm:1.00 Nchanged:15 Ngood:331 Nclip:16

mean: 0.119387
i:03 mean:0.119387(0.002845) stdev:0.052466(0.002009) X2norm:1.00 Nchanged:10 Ngood:341 Nclip:6

mean: 0.118090
i:04 mean:0.118090(0.002918) stdev:0.054041(0.002060) X2norm:1.00 Nchanged:3 Ngood:344 Nclip:3

mean: 0.118090
i:05 mean:0.118090(0.002918) stdev:0.054041(0.002060) X2norm:1.00 Nchanged:0 Ngood:344 Nclip:3
replacing SIP ./jw01227026001_03201_00003_nrcblong_cal_1overf_jhat.fits
./jw01227026001_03201_00003_nrcblong_cal_1overf_jhat.fits
0 ./jw01227026001_05201_00001_nrcalong_cal_1overf.phot.txt
find_stars
dmag 0.2172
DDD NIRCAM F444W F405N ggg None
####### coron None
dmag 1.0
sharpness 0.9
mag 24
x 2008
y 2008
Saving refcat file into ./jw01227026001_05201_00001_nrcalong_cal_1overf.refcat.txt
reffile_d2d 0.5
    slope  intercept     maxval  index  d_bestguess  fwhm  multimax
-0.000098        0.1 375.184768   4096    -0.110552  0.54     False
d_rot_tmp 0.6894482539778182
Keeping 417 out of 417, skippin 0 because of null values in columns d_rot_tmp
median: -0.103472
75.000000 percentile cut: max residual for cut: 0.081917
__tmp_residuals 0.08191749750911995
median: -0.102578
i:00 mean:-0.102578(0.002130) stdev:0.037566(0.001504) X2norm:1.00 Nchanged:0 Ngood:312 Nclip:105

mean: -0.102353
i:01 mean:-0.102353(0.002488) stdev:0.046013(0.001757) X2norm:1.00 Nchanged:31 Ngood:343 Nclip:74

mean: -0.104051
i:02 mean:-0.104051(0.002765) stdev:0.052386(0.001952) X2norm:1.00 Nchanged:17 Ngood:360 Nclip:57

mean: -0.104741
i:03 mean:-0.104741(0.002955) stdev:0.056761(0.002087) X2norm:1.00 Nchanged:10 Ngood:370 Nclip:47

mean: -0.105594
i:04 mean:-0.105594(0.003173) stdev:0.061772(0.002241) X2norm:1.00 Nchanged:10 Ngood:380 Nclip:37

mean: -0.104222
i:05 mean:-0.104222(0.003246) stdev:0.063442(0.002292) X2norm:1.00 Nchanged:3 Ngood:383 Nclip:34

mean: -0.104222
i:06 mean:-0.104222(0.003246) stdev:0.063442(0.002292) X2norm:1.00 Nchanged:0 Ngood:383 Nclip:34
   slope  intercept     maxval  index  d_bestguess  fwhm  multimax
0.000098       -0.1 357.213952   2931    -0.032828  0.52     False
d_rot_tmp 0.7671715432824613
Keeping 381 out of 381, skippin 0 because of null values in columns d_rot_tmp
median: -0.034047
75.000000 percentile cut: max residual for cut: 0.072108
__tmp_residuals 0.07210798625997161
median: -0.035366
i:00 mean:-0.035366(0.002071) stdev:0.034900(0.001462) X2norm:1.00 Nchanged:0 Ngood:285 Nclip:96

mean: -0.035911
i:01 mean:-0.035911(0.002490) stdev:0.045160(0.001758) X2norm:1.00 Nchanged:45 Ngood:330 Nclip:51

mean: -0.032554
i:02 mean:-0.032554(0.002850) stdev:0.053624(0.002012) X2norm:1.00 Nchanged:25 Ngood:355 Nclip:26

mean: -0.032560
i:03 mean:-0.032560(0.003014) stdev:0.057338(0.002128) X2norm:1.00 Nchanged:8 Ngood:363 Nclip:18

mean: -0.032578
i:04 mean:-0.032578(0.003064) stdev:0.058464(0.002164) X2norm:1.00 Nchanged:2 Ngood:365 Nclip:16

mean: -0.032578
i:05 mean:-0.032578(0.003064) stdev:0.058464(0.002164) X2norm:1.00 Nchanged:0 Ngood:365 Nclip:16
replacing SIP ./jw01227026001_05201_00001_nrcalong_cal_1overf_jhat.fits
./jw01227026001_05201_00001_nrcalong_cal_1overf_jhat.fits
0 ./jw01227026001_05201_00001_nrcblong_cal_1overf.phot.txt
find_stars
dmag 0.2172
DDD NIRCAM F444W F405N ggg None
####### coron None
dmag 1.0
sharpness 0.9
mag 24
x 2008
y 2008
Saving refcat file into ./jw01227026001_05201_00001_nrcblong_cal_1overf.refcat.txt
reffile_d2d 0.5
    slope  intercept     maxval  index  d_bestguess  fwhm  multimax
-0.000049       0.05 348.725191   6290    -0.008124  0.54     False
d_rot_tmp 0.7918755823437096
Keeping 382 out of 382, skippin 0 because of null values in columns d_rot_tmp
median: -0.016564
75.000000 percentile cut: max residual for cut: 0.081586
__tmp_residuals 0.08158600481704063
median: -0.017603
i:00 mean:-0.017603(0.002267) stdev:0.038269(0.001600) X2norm:1.00 Nchanged:0 Ngood:286 Nclip:96

mean: -0.018622
i:01 mean:-0.018622(0.002734) stdev:0.049368(0.001930) X2norm:1.00 Nchanged:41 Ngood:327 Nclip:55

mean: -0.017474
i:02 mean:-0.017474(0.003015) stdev:0.055669(0.002129) X2norm:1.00 Nchanged:15 Ngood:342 Nclip:40

mean: -0.016204
i:03 mean:-0.016204(0.003186) stdev:0.059433(0.002250) X2norm:1.00 Nchanged:7 Ngood:349 Nclip:33

mean: -0.015717
i:04 mean:-0.015717(0.003270) stdev:0.061262(0.002309) X2norm:1.00 Nchanged:3 Ngood:352 Nclip:30

mean: -0.015717
i:05 mean:-0.015717(0.003270) stdev:0.061262(0.002309) X2norm:1.00 Nchanged:0 Ngood:352 Nclip:30
   slope  intercept    maxval  index  d_bestguess  fwhm  multimax
0.000049      -0.05 327.23719   1972     0.150477  0.52     False
d_rot_tmp 0.9504769273081337
Keeping 349 out of 349, skippin 0 because of null values in columns d_rot_tmp
median: 0.144649
75.000000 percentile cut: max residual for cut: 0.070030
__tmp_residuals 0.07002952392757997
median: 0.144024
i:00 mean:0.144024(0.002163) stdev:0.034883(0.001527) X2norm:1.00 Nchanged:0 Ngood:261 Nclip:88

mean: 0.144820
i:01 mean:0.144820(0.002602) stdev:0.045076(0.001837) X2norm:1.00 Nchanged:40 Ngood:301 Nclip:48

mean: 0.147761
i:02 mean:0.147761(0.002859) stdev:0.050667(0.002019) X2norm:1.00 Nchanged:14 Ngood:315 Nclip:34

mean: 0.148160
i:03 mean:0.148160(0.003082) stdev:0.055394(0.002176) X2norm:1.00 Nchanged:9 Ngood:324 Nclip:25

mean: 0.145736
i:04 mean:0.145736(0.003321) stdev:0.060505(0.002345) X2norm:1.00 Nchanged:9 Ngood:333 Nclip:16

mean: 0.144735
i:05 mean:0.144735(0.003441) stdev:0.063075(0.002430) X2norm:1.00 Nchanged:4 Ngood:337 Nclip:12

mean: 0.145847
i:06 mean:0.145847(0.003510) stdev:0.064527(0.002478) X2norm:1.00 Nchanged:2 Ngood:339 Nclip:10

mean: 0.145847
i:07 mean:0.145847(0.003510) stdev:0.064527(0.002478) X2norm:1.00 Nchanged:0 Ngood:339 Nclip:10
replacing SIP ./jw01227026001_05201_00001_nrcblong_cal_1overf_jhat.fits
./jw01227026001_05201_00001_nrcblong_cal_1overf_jhat.fits
0 ./jw01227026001_05201_00002_nrcalong_cal_1overf.phot.txt
find_stars
dmag 0.2172
DDD NIRCAM F444W F405N ggg None
####### coron None
dmag 1.0
sharpness 0.9
mag 24
x 2008
y 2008
Saving refcat file into ./jw01227026001_05201_00002_nrcalong_cal_1overf.refcat.txt
reffile_d2d 0.5
    slope  intercept    maxval  index  d_bestguess  fwhm  multimax
-0.000098        0.1 390.57932   4405    -0.173205  0.54     False
d_rot_tmp 0.6267950264738318
Keeping 435 out of 435, skippin 0 because of null values in columns d_rot_tmp
median: -0.163019
75.000000 percentile cut: max residual for cut: 0.087065
__tmp_residuals 0.0870646236956591
median: -0.159760
i:00 mean:-0.159760(0.002262) stdev:0.040772(0.001597) X2norm:1.00 Nchanged:0 Ngood:326 Nclip:109

mean: -0.160985
i:01 mean:-0.160985(0.002694) stdev:0.051753(0.001902) X2norm:1.00 Nchanged:44 Ngood:370 Nclip:65

mean: -0.164243
i:02 mean:-0.164243(0.003036) stdev:0.060187(0.002144) X2norm:1.00 Nchanged:24 Ngood:394 Nclip:41

mean: -0.164164
i:03 mean:-0.164164(0.003206) stdev:0.064200(0.002264) X2norm:1.00 Nchanged:8 Ngood:402 Nclip:33

mean: -0.164164
i:04 mean:-0.164164(0.003206) stdev:0.064200(0.002264) X2norm:1.00 Nchanged:0 Ngood:402 Nclip:33
   slope  intercept     maxval  index  d_bestguess  fwhm  multimax
0.000098       -0.1 374.585121     47     0.006286  0.52     False
d_rot_tmp 0.8062864429205434
Keeping 402 out of 402, skippin 0 because of null values in columns d_rot_tmp
median: -0.002255
75.000000 percentile cut: max residual for cut: 0.074350
__tmp_residuals 0.07435011391521286
median: -0.001745
i:00 mean:-0.001745(0.002067) stdev:0.035793(0.001459) X2norm:1.00 Nchanged:0 Ngood:301 Nclip:101

mean: -0.003433
i:01 mean:-0.003433(0.002505) stdev:0.046599(0.001769) X2norm:1.00 Nchanged:46 Ngood:347 Nclip:55

mean: -0.003060
i:02 mean:-0.003060(0.002811) stdev:0.053777(0.001985) X2norm:1.00 Nchanged:20 Ngood:367 Nclip:35

mean: -0.001516
i:03 mean:-0.001516(0.002931) stdev:0.056532(0.002070) X2norm:1.00 Nchanged:6 Ngood:373 Nclip:29

mean: -0.000207
i:04 mean:-0.000207(0.003004) stdev:0.058172(0.002121) X2norm:1.00 Nchanged:3 Ngood:376 Nclip:26

mean: 0.000244
i:05 mean:0.000244(0.003133) stdev:0.061066(0.002212) X2norm:1.00 Nchanged:5 Ngood:381 Nclip:21

mean: -0.000697
i:06 mean:-0.000697(0.003187) stdev:0.062280(0.002250) X2norm:1.00 Nchanged:2 Ngood:383 Nclip:19

mean: -0.000695
i:07 mean:-0.000695(0.003243) stdev:0.063552(0.002290) X2norm:1.00 Nchanged:2 Ngood:385 Nclip:17

mean: -0.001665
i:08 mean:-0.001665(0.003298) stdev:0.064804(0.002329) X2norm:1.00 Nchanged:2 Ngood:387 Nclip:15

mean: -0.001665
i:09 mean:-0.001665(0.003298) stdev:0.064804(0.002329) X2norm:1.00 Nchanged:0 Ngood:387 Nclip:15
replacing SIP ./jw01227026001_05201_00002_nrcalong_cal_1overf_jhat.fits
./jw01227026001_05201_00002_nrcalong_cal_1overf_jhat.fits
0 ./jw01227026001_05201_00002_nrcblong_cal_1overf.phot.txt
find_stars
dmag 0.2172
DDD NIRCAM F444W F405N ggg None
####### coron None
dmag 1.0
sharpness 0.9
mag 24
x 2008
y 2008
Saving refcat file into ./jw01227026001_05201_00002_nrcblong_cal_1overf.refcat.txt
reffile_d2d 0.5
    slope  intercept    maxval  index  d_bestguess  fwhm  multimax
-0.000049       0.05 377.50402   6276     -0.09181  0.54     False
d_rot_tmp 0.7081897673343349
Keeping 418 out of 418, skippin 0 because of null values in columns d_rot_tmp
median: -0.087447
75.000000 percentile cut: max residual for cut: 0.090137
__tmp_residuals 0.09013720747755723
median: -0.090793
i:00 mean:-0.090793(0.002381) stdev:0.042057(0.001681) X2norm:1.00 Nchanged:0 Ngood:313 Nclip:105

mean: -0.084664
i:01 mean:-0.084664(0.002863) stdev:0.054242(0.002021) X2norm:1.00 Nchanged:47 Ngood:360 Nclip:58

mean: -0.082612
i:02 mean:-0.082612(0.003150) stdev:0.061162(0.002224) X2norm:1.00 Nchanged:18 Ngood:378 Nclip:40

mean: -0.081321
i:03 mean:-0.081321(0.003361) stdev:0.066030(0.002373) X2norm:1.00 Nchanged:9 Ngood:387 Nclip:31

mean: -0.080889
i:04 mean:-0.080889(0.003438) stdev:0.067808(0.002428) X2norm:1.00 Nchanged:3 Ngood:390 Nclip:28

mean: -0.080889
i:05 mean:-0.080889(0.003438) stdev:0.067808(0.002428) X2norm:1.00 Nchanged:0 Ngood:390 Nclip:28
   slope  intercept     maxval  index  d_bestguess  fwhm  multimax
0.000049      -0.05 364.326111   1972     0.186732  0.52     False
d_rot_tmp 0.9867322339888276
Keeping 388 out of 388, skippin 0 because of null values in columns d_rot_tmp
median: 0.187414
75.000000 percentile cut: max residual for cut: 0.076227
__tmp_residuals 0.07622694492021491
median: 0.187293
i:00 mean:0.187293(0.002246) stdev:0.038242(0.001585) X2norm:1.00 Nchanged:0 Ngood:291 Nclip:97

mean: 0.188434
i:01 mean:0.188434(0.002766) stdev:0.051442(0.001953) X2norm:1.00 Nchanged:56 Ngood:347 Nclip:41

mean: 0.187990
i:02 mean:0.187990(0.003116) stdev:0.059942(0.002201) X2norm:1.00 Nchanged:24 Ngood:371 Nclip:17

mean: 0.188919
i:03 mean:0.188919(0.003253) stdev:0.063074(0.002297) X2norm:1.00 Nchanged:6 Ngood:377 Nclip:11

mean: 0.188421
i:04 mean:0.188421(0.003282) stdev:0.063730(0.002318) X2norm:1.00 Nchanged:1 Ngood:378 Nclip:10

mean: 0.188421
i:05 mean:0.188421(0.003282) stdev:0.063730(0.002318) X2norm:1.00 Nchanged:0 Ngood:378 Nclip:10
replacing SIP ./jw01227026001_05201_00002_nrcblong_cal_1overf_jhat.fits
./jw01227026001_05201_00002_nrcblong_cal_1overf_jhat.fits
0 ./jw01227026001_05201_00003_nrcalong_cal_1overf.phot.txt
find_stars
dmag 0.2172
DDD NIRCAM F444W F405N ggg None
####### coron None
dmag 1.0
sharpness 0.9
mag 24
x 2008
y 2008
Saving refcat file into ./jw01227026001_05201_00003_nrcalong_cal_1overf.refcat.txt
reffile_d2d 0.5
    slope  intercept     maxval  index  d_bestguess  fwhm  multimax
-0.000098        0.1 375.974911   5343    -0.112307  0.52     False
d_rot_tmp 0.6876927377041284
Keeping 416 out of 416, skippin 0 because of null values in columns d_rot_tmp
median: -0.103030
75.000000 percentile cut: max residual for cut: 0.085636
__tmp_residuals 0.08563613486882321
median: -0.100474
i:00 mean:-0.100474(0.002280) stdev:0.040214(0.001610) X2norm:1.00 Nchanged:0 Ngood:312 Nclip:104

mean: -0.102023
i:01 mean:-0.102023(0.002692) stdev:0.050080(0.001901) X2norm:1.00 Nchanged:35 Ngood:347 Nclip:69

mean: -0.102377
i:02 mean:-0.102377(0.003055) stdev:0.058685(0.002157) X2norm:1.00 Nchanged:23 Ngood:370 Nclip:46

mean: -0.102738
i:03 mean:-0.102738(0.003280) stdev:0.063943(0.002316) X2norm:1.00 Nchanged:11 Ngood:381 Nclip:35

mean: -0.104695
i:04 mean:-0.104695(0.003436) stdev:0.067497(0.002426) X2norm:1.00 Nchanged:6 Ngood:387 Nclip:29

mean: -0.103663
i:05 mean:-0.103663(0.003495) stdev:0.068839(0.002468) X2norm:1.00 Nchanged:2 Ngood:389 Nclip:27

mean: -0.104191
i:06 mean:-0.104191(0.003526) stdev:0.069538(0.002490) X2norm:1.00 Nchanged:1 Ngood:390 Nclip:26

mean: -0.104191
i:07 mean:-0.104191(0.003526) stdev:0.069538(0.002490) X2norm:1.00 Nchanged:0 Ngood:390 Nclip:26
   slope  intercept     maxval  index  d_bestguess  fwhm  multimax
0.000098       -0.1 362.829547   2815    -0.081759  0.52     False
d_rot_tmp 0.7182406543670823
Keeping 388 out of 388, skippin 0 because of null values in columns d_rot_tmp
median: -0.070626
75.000000 percentile cut: max residual for cut: 0.075136
__tmp_residuals 0.0751363734433631
median: -0.070010
i:00 mean:-0.070010(0.002100) stdev:0.035762(0.001482) X2norm:1.00 Nchanged:0 Ngood:291 Nclip:97

mean: -0.073754
i:01 mean:-0.073754(0.002509) stdev:0.045783(0.001771) X2norm:1.00 Nchanged:43 Ngood:334 Nclip:54

mean: -0.073637
i:02 mean:-0.073637(0.002836) stdev:0.053434(0.002003) X2norm:1.00 Nchanged:22 Ngood:356 Nclip:32

mean: -0.072007
i:03 mean:-0.072007(0.003014) stdev:0.057431(0.002129) X2norm:1.00 Nchanged:8 Ngood:364 Nclip:24

mean: -0.073369
i:04 mean:-0.073369(0.003138) stdev:0.060201(0.002216) X2norm:1.00 Nchanged:5 Ngood:369 Nclip:19

mean: -0.072890
i:05 mean:-0.072890(0.003223) stdev:0.062071(0.002276) X2norm:1.00 Nchanged:3 Ngood:372 Nclip:16

mean: -0.072893
i:06 mean:-0.072893(0.003281) stdev:0.063374(0.002317) X2norm:1.00 Nchanged:2 Ngood:374 Nclip:14

mean: -0.073396
i:07 mean:-0.073396(0.003311) stdev:0.064033(0.002338) X2norm:1.00 Nchanged:1 Ngood:375 Nclip:13

mean: -0.073396
i:08 mean:-0.073396(0.003311) stdev:0.064033(0.002338) X2norm:1.00 Nchanged:0 Ngood:375 Nclip:13
replacing SIP ./jw01227026001_05201_00003_nrcalong_cal_1overf_jhat.fits
./jw01227026001_05201_00003_nrcalong_cal_1overf_jhat.fits
0 ./jw01227026001_05201_00003_nrcblong_cal_1overf.phot.txt
find_stars
dmag 0.2172
DDD NIRCAM F444W F405N ggg None
####### coron None
dmag 1.0
sharpness 0.9
mag 24
x 2008
y 2008
Saving refcat file into ./jw01227026001_05201_00003_nrcblong_cal_1overf.refcat.txt
reffile_d2d 0.5
    slope  intercept     maxval  index  d_bestguess  fwhm  multimax
-0.000049       0.05 339.065359   5148    -0.031083  0.52     False
d_rot_tmp 0.7689173529829845
Keeping 372 out of 372, skippin 0 because of null values in columns d_rot_tmp
median: -0.024784
75.000000 percentile cut: max residual for cut: 0.080881
__tmp_residuals 0.0808810012176186
median: -0.022530
i:00 mean:-0.022530(0.002382) stdev:0.039712(0.001681) X2norm:1.00 Nchanged:0 Ngood:279 Nclip:93

mean: -0.021708
i:01 mean:-0.021708(0.002879) stdev:0.051577(0.002032) X2norm:1.00 Nchanged:43 Ngood:322 Nclip:50

mean: -0.023727
i:02 mean:-0.023727(0.003206) stdev:0.059114(0.002264) X2norm:1.00 Nchanged:19 Ngood:341 Nclip:31

mean: -0.025119
i:03 mean:-0.025119(0.003331) stdev:0.061872(0.002352) X2norm:1.00 Nchanged:5 Ngood:346 Nclip:26

mean: -0.024587
i:04 mean:-0.024587(0.003364) stdev:0.062571(0.002375) X2norm:1.00 Nchanged:1 Ngood:347 Nclip:25

mean: -0.024587
i:05 mean:-0.024587(0.003364) stdev:0.062571(0.002375) X2norm:1.00 Nchanged:0 Ngood:347 Nclip:25
   slope  intercept     maxval  index  d_bestguess  fwhm  multimax
0.000049      -0.05 326.765292   1997      0.12258  0.52     False
d_rot_tmp 0.9225796922476406
Keeping 345 out of 345, skippin 0 because of null values in columns d_rot_tmp
median: 0.115985
75.000000 percentile cut: max residual for cut: 0.073309
__tmp_residuals 0.07330912459834256
median: 0.115085
i:00 mean:0.115085(0.002120) stdev:0.033982(0.001496) X2norm:1.00 Nchanged:0 Ngood:258 Nclip:87

mean: 0.115450
i:01 mean:0.115450(0.002567) stdev:0.043934(0.001812) X2norm:1.00 Nchanged:36 Ngood:294 Nclip:51

mean: 0.114966
i:02 mean:0.114966(0.003048) stdev:0.054700(0.002152) X2norm:1.00 Nchanged:29 Ngood:323 Nclip:22

mean: 0.115472
i:03 mean:0.115472(0.003261) stdev:0.059516(0.002303) X2norm:1.00 Nchanged:11 Ngood:334 Nclip:11

mean: 0.115982
i:04 mean:0.115982(0.003464) stdev:0.063880(0.002446) X2norm:1.00 Nchanged:7 Ngood:341 Nclip:4

mean: 0.115435
i:05 mean:0.115435(0.003497) stdev:0.064583(0.002469) X2norm:1.00 Nchanged:1 Ngood:342 Nclip:3

mean: 0.115435
i:06 mean:0.115435(0.003497) stdev:0.064583(0.002469) X2norm:1.00 Nchanged:0 Ngood:342 Nclip:3
replacing SIP ./jw01227026001_05201_00003_nrcblong_cal_1overf_jhat.fits
./jw01227026001_05201_00003_nrcblong_cal_1overf_jhat.fits
0 ./jw01227026001_07201_00001_nrcalong_cal_1overf.phot.txt
find_stars
dmag 0.2172
DDD NIRCAM F444W F470N ggg None
####### coron None
dmag 1.0
sharpness 0.9
mag 24
x 2008
y 2008
Saving refcat file into ./jw01227026001_07201_00001_nrcalong_cal_1overf.refcat.txt
reffile_d2d 0.5
    slope  intercept     maxval  index  d_bestguess  fwhm  multimax
-0.000098        0.1 343.922334   4110     -0.08054  0.54     False
d_rot_tmp 0.7194596811917109
Keeping 383 out of 383, skippin 0 because of null values in columns d_rot_tmp
median: -0.092977
75.000000 percentile cut: max residual for cut: 0.083188
__tmp_residuals 0.08318765629426167
median: -0.093238
i:00 mean:-0.093238(0.002250) stdev:0.038053(0.001588) X2norm:1.00 Nchanged:0 Ngood:287 Nclip:96

mean: -0.090859
i:01 mean:-0.090859(0.002583) stdev:0.045476(0.001823) X2norm:1.00 Nchanged:24 Ngood:311 Nclip:72

mean: -0.089491
i:02 mean:-0.089491(0.002943) stdev:0.053465(0.002078) X2norm:1.00 Nchanged:20 Ngood:331 Nclip:52

mean: -0.091725
i:03 mean:-0.091725(0.003204) stdev:0.059157(0.002262) X2norm:1.00 Nchanged:11 Ngood:342 Nclip:41

mean: -0.092145
i:04 mean:-0.092145(0.003479) stdev:0.065278(0.002457) X2norm:1.00 Nchanged:11 Ngood:353 Nclip:30

mean: -0.091081
i:05 mean:-0.091081(0.003541) stdev:0.066616(0.002500) X2norm:1.00 Nchanged:2 Ngood:355 Nclip:28

mean: -0.090528
i:06 mean:-0.090528(0.003574) stdev:0.067336(0.002524) X2norm:1.00 Nchanged:1 Ngood:356 Nclip:27

mean: -0.090528
i:07 mean:-0.090528(0.003574) stdev:0.067336(0.002524) X2norm:1.00 Nchanged:0 Ngood:356 Nclip:27
   slope  intercept     maxval  index  d_bestguess  fwhm  multimax
0.000098       -0.1 329.353541     58     -0.04076  0.52     False
d_rot_tmp 0.7592401638600721
Keeping 354 out of 354, skippin 0 because of null values in columns d_rot_tmp
median: -0.042213
75.000000 percentile cut: max residual for cut: 0.075469
__tmp_residuals 0.07546947184584038
median: -0.042672
i:00 mean:-0.042672(0.002122) stdev:0.034478(0.001498) X2norm:1.00 Nchanged:0 Ngood:265 Nclip:89

mean: -0.039636
i:01 mean:-0.039636(0.002512) stdev:0.043357(0.001773) X2norm:1.00 Nchanged:34 Ngood:299 Nclip:55

mean: -0.039298
i:02 mean:-0.039298(0.002798) stdev:0.049495(0.001975) X2norm:1.00 Nchanged:15 Ngood:314 Nclip:40

mean: -0.039343
i:03 mean:-0.039343(0.002953) stdev:0.052736(0.002085) X2norm:1.00 Nchanged:6 Ngood:320 Nclip:34

mean: -0.040232
i:04 mean:-0.040232(0.003163) stdev:0.057203(0.002233) X2norm:1.00 Nchanged:8 Ngood:328 Nclip:26

mean: -0.041676
i:05 mean:-0.041676(0.003299) stdev:0.060104(0.002329) X2norm:1.00 Nchanged:5 Ngood:333 Nclip:21

mean: -0.042168
i:06 mean:-0.042168(0.003392) stdev:0.062089(0.002395) X2norm:1.00 Nchanged:3 Ngood:336 Nclip:18

mean: -0.041629
i:07 mean:-0.041629(0.003425) stdev:0.062782(0.002418) X2norm:1.00 Nchanged:1 Ngood:337 Nclip:17

mean: -0.042735
i:08 mean:-0.042735(0.003494) stdev:0.064228(0.002467) X2norm:1.00 Nchanged:2 Ngood:339 Nclip:15

mean: -0.043290
i:09 mean:-0.043290(0.003527) stdev:0.064943(0.002490) X2norm:1.00 Nchanged:1 Ngood:340 Nclip:14

replacing SIP ./jw01227026001_07201_00001_nrcalong_cal_1overf_jhat.fits
./jw01227026001_07201_00001_nrcalong_cal_1overf_jhat.fits
0 ./jw01227026001_07201_00001_nrcblong_cal_1overf.phot.txt
find_stars
dmag 0.2172
DDD NIRCAM F444W F470N ggg None
####### coron None
dmag 1.0
sharpness 0.9
mag 24
x 2008
y 2008
Saving refcat file into ./jw01227026001_07201_00001_nrcblong_cal_1overf.refcat.txt
reffile_d2d 0.5
    slope  intercept     maxval  index  d_bestguess  fwhm  multimax
-0.000049       0.05 313.756952   5139     0.005517  0.54     False
d_rot_tmp 0.8055173413765886
Keeping 351 out of 351, skippin 0 because of null values in columns d_rot_tmp
median: 0.015753
75.000000 percentile cut: max residual for cut: 0.088385
__tmp_residuals 0.08838475241263641
median: 0.018358
i:00 mean:0.018358(0.002390) stdev:0.038693(0.001687) X2norm:1.00 Nchanged:0 Ngood:263 Nclip:88

mean: 0.017379
i:01 mean:0.017379(0.002753) stdev:0.046314(0.001943) X2norm:1.00 Nchanged:21 Ngood:284 Nclip:67

mean: 0.017142
i:02 mean:0.017142(0.003089) stdev:0.053317(0.002180) X2norm:1.00 Nchanged:15 Ngood:299 Nclip:52

mean: 0.016176
i:03 mean:0.016176(0.003352) stdev:0.058821(0.002366) X2norm:1.00 Nchanged:10 Ngood:309 Nclip:42

mean: 0.017228
i:04 mean:0.017228(0.003534) stdev:0.062615(0.002495) X2norm:1.00 Nchanged:6 Ngood:315 Nclip:36

mean: 0.017228
i:05 mean:0.017228(0.003534) stdev:0.062615(0.002495) X2norm:1.00 Nchanged:0 Ngood:315 Nclip:36
   slope  intercept     maxval  index  d_bestguess  fwhm  multimax
0.000049      -0.05 290.275478   1406     0.154911  0.52     False
d_rot_tmp 0.954910592328104
Keeping 312 out of 312, skippin 0 because of null values in columns d_rot_tmp
median: 0.153267
75.000000 percentile cut: max residual for cut: 0.076511
__tmp_residuals 0.07651053533232652
median: 0.152630
i:00 mean:0.152630(0.002358) stdev:0.035997(0.001664) X2norm:1.00 Nchanged:0 Ngood:234 Nclip:78

mean: 0.154881
i:01 mean:0.154881(0.002828) stdev:0.045951(0.001996) X2norm:1.00 Nchanged:31 Ngood:265 Nclip:47

mean: 0.153390
i:02 mean:0.153390(0.003226) stdev:0.054267(0.002277) X2norm:1.00 Nchanged:19 Ngood:284 Nclip:28

mean: 0.154983
i:03 mean:0.154983(0.003442) stdev:0.058617(0.002430) X2norm:1.00 Nchanged:7 Ngood:291 Nclip:21

mean: 0.156699
i:04 mean:0.156699(0.003548) stdev:0.060726(0.002504) X2norm:1.00 Nchanged:3 Ngood:294 Nclip:18

mean: 0.157885
i:05 mean:0.157885(0.003622) stdev:0.062211(0.002557) X2norm:1.00 Nchanged:2 Ngood:296 Nclip:16

mean: 0.158499
i:06 mean:0.158499(0.003662) stdev:0.063000(0.002585) X2norm:1.00 Nchanged:1 Ngood:297 Nclip:15

mean: 0.157869
i:07 mean:0.157869(0.003704) stdev:0.063828(0.002614) X2norm:1.00 Nchanged:1 Ngood:298 Nclip:14

mean: 0.157230
i:08 mean:0.157230(0.003746) stdev:0.064673(0.002645) X2norm:1.00 Nchanged:1 Ngood:299 Nclip:13

mean: 0.156589
i:09 mean:0.156589(0.003789) stdev:0.065511(0.002674) X2norm:1.00 Nchanged:1 Ngood:300 Nclip:12

replacing SIP ./jw01227026001_07201_00001_nrcblong_cal_1overf_jhat.fits
./jw01227026001_07201_00001_nrcblong_cal_1overf_jhat.fits
0 ./jw01227026001_07201_00002_nrcalong_cal_1overf.phot.txt
find_stars
dmag 0.2172
DDD NIRCAM F444W F470N ggg None
####### coron None
dmag 1.0
sharpness 0.9
mag 24
x 2008
y 2008
Saving refcat file into ./jw01227026001_07201_00002_nrcalong_cal_1overf.refcat.txt
reffile_d2d 0.5
    slope  intercept     maxval  index  d_bestguess  fwhm  multimax
-0.000098        0.1 363.095085   3959    -0.142007  0.52     False
d_rot_tmp 0.6579930904552811
Keeping 399 out of 399, skippin 0 because of null values in columns d_rot_tmp
median: -0.142766
75.000000 percentile cut: max residual for cut: 0.079464
__tmp_residuals 0.07946379968699678
median: -0.140150
i:00 mean:-0.140150(0.002272) stdev:0.039224(0.001604) X2norm:1.00 Nchanged:0 Ngood:299 Nclip:100

mean: -0.139631
i:01 mean:-0.139631(0.002714) stdev:0.050190(0.001916) X2norm:1.00 Nchanged:44 Ngood:343 Nclip:56

mean: -0.142501
i:02 mean:-0.142501(0.003077) stdev:0.058544(0.002173) X2norm:1.00 Nchanged:20 Ngood:363 Nclip:36

mean: -0.142914
i:03 mean:-0.142914(0.003235) stdev:0.062136(0.002284) X2norm:1.00 Nchanged:7 Ngood:370 Nclip:29

mean: -0.142947
i:04 mean:-0.142947(0.003343) stdev:0.064566(0.002361) X2norm:1.00 Nchanged:4 Ngood:374 Nclip:25

mean: -0.142947
i:05 mean:-0.142947(0.003343) stdev:0.064566(0.002361) X2norm:1.00 Nchanged:0 Ngood:374 Nclip:25
   slope  intercept     maxval  index  d_bestguess  fwhm  multimax
0.000098       -0.1 340.795103     51     0.000298  0.52     False
d_rot_tmp 0.8002976498594909
Keeping 374 out of 374, skippin 0 because of null values in columns d_rot_tmp
median: -0.004351
75.000000 percentile cut: max residual for cut: 0.081654
__tmp_residuals 0.08165370797189442
median: -0.004987
i:00 mean:-0.004987(0.002271) stdev:0.037926(0.001603) X2norm:1.00 Nchanged:0 Ngood:280 Nclip:94

mean: -0.002802
i:01 mean:-0.002802(0.002662) stdev:0.046641(0.001879) X2norm:1.00 Nchanged:28 Ngood:308 Nclip:66

mean: 0.000983
i:02 mean:0.000983(0.002969) stdev:0.053358(0.002096) X2norm:1.00 Nchanged:16 Ngood:324 Nclip:50

mean: 0.000110
i:03 mean:0.000110(0.003166) stdev:0.057608(0.002236) X2norm:1.00 Nchanged:8 Ngood:332 Nclip:42

mean: -0.000908
i:04 mean:-0.000908(0.003395) stdev:0.062502(0.002397) X2norm:1.00 Nchanged:8 Ngood:340 Nclip:34

mean: -0.001965
i:05 mean:-0.001965(0.003571) stdev:0.066328(0.002521) X2norm:1.00 Nchanged:6 Ngood:346 Nclip:28

mean: -0.004201
i:06 mean:-0.004201(0.003702) stdev:0.069158(0.002614) X2norm:1.00 Nchanged:4 Ngood:350 Nclip:24

mean: -0.004782
i:07 mean:-0.004782(0.003737) stdev:0.069912(0.002639) X2norm:1.00 Nchanged:1 Ngood:351 Nclip:23

mean: -0.005371
i:08 mean:-0.005371(0.003773) stdev:0.070682(0.002664) X2norm:1.00 Nchanged:1 Ngood:352 Nclip:22

mean: -0.005371
i:09 mean:-0.005371(0.003773) stdev:0.070682(0.002664) X2norm:1.00 Nchanged:0 Ngood:352 Nclip:22
replacing SIP ./jw01227026001_07201_00002_nrcalong_cal_1overf_jhat.fits
./jw01227026001_07201_00002_nrcalong_cal_1overf_jhat.fits
0 ./jw01227026001_07201_00002_nrcblong_cal_1overf.phot.txt
find_stars
dmag 0.2172
DDD NIRCAM F444W F470N ggg None
####### coron None
dmag 1.0
sharpness 0.9
mag 24
x 2008
y 2008
Saving refcat file into ./jw01227026001_07201_00002_nrcblong_cal_1overf.refcat.txt
reffile_d2d 0.5
    slope  intercept     maxval  index  d_bestguess  fwhm  multimax
-0.000049       0.05 333.471135   6290    -0.062178  0.54     False
d_rot_tmp 0.7378217691653675
Keeping 371 out of 371, skippin 0 because of null values in columns d_rot_tmp
median: -0.049970
75.000000 percentile cut: max residual for cut: 0.083421
__tmp_residuals 0.08342096141794533
median: -0.048215
i:00 mean:-0.048215(0.002439) stdev:0.040592(0.001721) X2norm:1.00 Nchanged:0 Ngood:278 Nclip:93

mean: -0.048880
i:01 mean:-0.048880(0.002868) stdev:0.050412(0.002025) X2norm:1.00 Nchanged:32 Ngood:310 Nclip:61

mean: -0.051861
i:02 mean:-0.051861(0.003219) stdev:0.058114(0.002272) X2norm:1.00 Nchanged:17 Ngood:327 Nclip:44

mean: -0.051772
i:03 mean:-0.051772(0.003525) stdev:0.064804(0.002489) X2norm:1.00 Nchanged:12 Ngood:339 Nclip:32

mean: -0.051756
i:04 mean:-0.051756(0.003584) stdev:0.066094(0.002531) X2norm:1.00 Nchanged:2 Ngood:341 Nclip:30

mean: -0.051177
i:05 mean:-0.051177(0.003621) stdev:0.066860(0.002556) X2norm:1.00 Nchanged:1 Ngood:342 Nclip:29

mean: -0.051177
i:06 mean:-0.051177(0.003621) stdev:0.066860(0.002556) X2norm:1.00 Nchanged:0 Ngood:342 Nclip:29
   slope  intercept     maxval  index  d_bestguess  fwhm  multimax
0.000049      -0.05 313.513767   2288     0.181803  0.52     False
d_rot_tmp 0.981803173389838
Keeping 338 out of 338, skippin 0 because of null values in columns d_rot_tmp
median: 0.177490
75.000000 percentile cut: max residual for cut: 0.075676
__tmp_residuals 0.07567607706781082
median: 0.177288
i:00 mean:0.177288(0.002151) stdev:0.034145(0.001518) X2norm:1.00 Nchanged:0 Ngood:253 Nclip:85

mean: 0.178315
i:01 mean:0.178315(0.002546) stdev:0.042609(0.001797) X2norm:1.00 Nchanged:28 Ngood:281 Nclip:57

mean: 0.178237
i:02 mean:0.178237(0.002836) stdev:0.048631(0.002002) X2norm:1.00 Nchanged:14 Ngood:295 Nclip:43

mean: 0.179077
i:03 mean:0.179077(0.003177) stdev:0.055750(0.002243) X2norm:1.00 Nchanged:14 Ngood:309 Nclip:29

mean: 0.181041
i:04 mean:0.181041(0.003490) stdev:0.062439(0.002464) X2norm:1.00 Nchanged:12 Ngood:321 Nclip:17

mean: 0.181567
i:05 mean:0.181567(0.003519) stdev:0.063052(0.002485) X2norm:1.00 Nchanged:1 Ngood:322 Nclip:16

mean: 0.181567
i:06 mean:0.181567(0.003519) stdev:0.063052(0.002485) X2norm:1.00 Nchanged:0 Ngood:322 Nclip:16
replacing SIP ./jw01227026001_07201_00002_nrcblong_cal_1overf_jhat.fits
./jw01227026001_07201_00002_nrcblong_cal_1overf_jhat.fits
0 ./jw01227026001_07201_00003_nrcalong_cal_1overf.phot.txt
find_stars
dmag 0.2172
DDD NIRCAM F444W F470N ggg None
####### coron None
dmag 1.0
sharpness 0.9
mag 24
x 2008
y 2008
Saving refcat file into ./jw01227026001_07201_00003_nrcalong_cal_1overf.refcat.txt
reffile_d2d 0.5
    slope  intercept     maxval  index  d_bestguess  fwhm  multimax
-0.000098        0.1 358.297716   5343    -0.089134  0.52     False
d_rot_tmp 0.7108657442966291
Keeping 391 out of 391, skippin 0 because of null values in columns d_rot_tmp
median: -0.085375
75.000000 percentile cut: max residual for cut: 0.082411
__tmp_residuals 0.08241139388950908
median: -0.085470
i:00 mean:-0.085470(0.002203) stdev:0.037638(0.001555) X2norm:1.00 Nchanged:0 Ngood:293 Nclip:98

mean: -0.084049
i:01 mean:-0.084049(0.002634) stdev:0.047916(0.001860) X2norm:1.00 Nchanged:39 Ngood:332 Nclip:59

mean: -0.083405
i:02 mean:-0.083405(0.002981) stdev:0.056010(0.002105) X2norm:1.00 Nchanged:22 Ngood:354 Nclip:37

mean: -0.084211
i:03 mean:-0.084211(0.003198) stdev:0.060925(0.002258) X2norm:1.00 Nchanged:10 Ngood:364 Nclip:27

mean: -0.086007
i:04 mean:-0.086007(0.003440) stdev:0.066438(0.002429) X2norm:1.00 Nchanged:10 Ngood:374 Nclip:17

mean: -0.086007
i:05 mean:-0.086007(0.003440) stdev:0.066438(0.002429) X2norm:1.00 Nchanged:0 Ngood:374 Nclip:17
   slope  intercept     maxval  index  d_bestguess  fwhm  multimax
0.000098       -0.1 348.168444   2947    -0.074402  0.52     False
d_rot_tmp 0.7255976478405473
Keeping 373 out of 373, skippin 0 because of null values in columns d_rot_tmp
median: -0.076117
75.000000 percentile cut: max residual for cut: 0.072890
__tmp_residuals 0.07289028615632923
median: -0.074993
i:00 mean:-0.074993(0.002151) stdev:0.035867(0.001518) X2norm:1.00 Nchanged:0 Ngood:279 Nclip:94

mean: -0.078542
i:01 mean:-0.078542(0.002585) stdev:0.046318(0.001825) X2norm:1.00 Nchanged:43 Ngood:322 Nclip:51

mean: -0.077152
i:02 mean:-0.077152(0.002860) stdev:0.052509(0.002020) X2norm:1.00 Nchanged:16 Ngood:338 Nclip:35

mean: -0.079331
i:03 mean:-0.079331(0.003059) stdev:0.056900(0.002160) X2norm:1.00 Nchanged:9 Ngood:347 Nclip:26

mean: -0.080267
i:04 mean:-0.080267(0.003163) stdev:0.059168(0.002233) X2norm:1.00 Nchanged:4 Ngood:351 Nclip:22

mean: -0.080267
i:05 mean:-0.080267(0.003163) stdev:0.059168(0.002233) X2norm:1.00 Nchanged:0 Ngood:351 Nclip:22
replacing SIP ./jw01227026001_07201_00003_nrcalong_cal_1overf_jhat.fits
./jw01227026001_07201_00003_nrcalong_cal_1overf_jhat.fits
0 ./jw01227026001_07201_00003_nrcblong_cal_1overf.phot.txt
find_stars
dmag 0.2172
DDD NIRCAM F444W F470N ggg None
####### coron None
dmag 1.0
sharpness 0.9
mag 24
x 2008
y 2008
Saving refcat file into ./jw01227026001_07201_00003_nrcblong_cal_1overf.refcat.txt
reffile_d2d 0.5
    slope  intercept     maxval  index  d_bestguess  fwhm  multimax
-0.000049       0.05 300.255758   6286     0.018582  0.54     False
d_rot_tmp 0.8185816230483483
Keeping 331 out of 331, skippin 0 because of null values in columns d_rot_tmp
median: 0.012473
75.000000 percentile cut: max residual for cut: 0.090943
__tmp_residuals 0.09094291806437674
median: 0.016679
i:00 mean:0.016679(0.002705) stdev:0.042514(0.001909) X2norm:1.00 Nchanged:0 Ngood:248 Nclip:83

mean: 0.009935
i:01 mean:0.009935(0.003224) stdev:0.053754(0.002276) X2norm:1.00 Nchanged:31 Ngood:279 Nclip:52

mean: 0.009016
i:02 mean:0.009016(0.003676) stdev:0.063462(0.002595) X2norm:1.00 Nchanged:20 Ngood:299 Nclip:32

mean: 0.007893
i:03 mean:0.007893(0.003865) stdev:0.067395(0.002729) X2norm:1.00 Nchanged:6 Ngood:305 Nclip:26

mean: 0.007922
i:04 mean:0.007922(0.004026) stdev:0.070653(0.002842) X2norm:1.00 Nchanged:4 Ngood:309 Nclip:22

mean: 0.007943
i:05 mean:0.007943(0.004111) stdev:0.072377(0.002902) X2norm:1.00 Nchanged:2 Ngood:311 Nclip:20

mean: 0.009308
i:06 mean:0.009308(0.004197) stdev:0.074131(0.002963) X2norm:1.00 Nchanged:2 Ngood:313 Nclip:18

mean: 0.009308
i:07 mean:0.009308(0.004197) stdev:0.074131(0.002963) X2norm:1.00 Nchanged:0 Ngood:313 Nclip:18
   slope  intercept    maxval  index  d_bestguess  fwhm  multimax
0.000049      -0.05 285.80157   2296     0.117239  0.52     False
d_rot_tmp 0.9172391331198881
Keeping 307 out of 307, skippin 0 because of null values in columns d_rot_tmp
median: 0.118693
75.000000 percentile cut: max residual for cut: 0.067398
__tmp_residuals 0.0673984585034535
median: 0.118721
i:00 mean:0.118721(0.002176) stdev:0.032928(0.001535) X2norm:1.00 Nchanged:0 Ngood:230 Nclip:77

mean: 0.119010
i:01 mean:0.119010(0.002562) stdev:0.040915(0.001808) X2norm:1.00 Nchanged:26 Ngood:256 Nclip:51

mean: 0.120114
i:02 mean:0.120114(0.002815) stdev:0.045907(0.001987) X2norm:1.00 Nchanged:11 Ngood:267 Nclip:40

mean: 0.123360
i:03 mean:0.123360(0.003063) stdev:0.050790(0.002162) X2norm:1.00 Nchanged:9 Ngood:276 Nclip:31

mean: 0.121263
i:04 mean:0.121263(0.003311) stdev:0.055700(0.002337) X2norm:1.00 Nchanged:8 Ngood:284 Nclip:23

mean: 0.119573
i:05 mean:0.119573(0.003418) stdev:0.057802(0.002413) X2norm:1.00 Nchanged:3 Ngood:287 Nclip:20

mean: 0.118994
i:06 mean:0.118994(0.003455) stdev:0.058532(0.002439) X2norm:1.00 Nchanged:1 Ngood:288 Nclip:19

mean: 0.118395
i:07 mean:0.118395(0.003495) stdev:0.059312(0.002467) X2norm:1.00 Nchanged:1 Ngood:289 Nclip:18

mean: 0.119007
i:08 mean:0.119007(0.003536) stdev:0.060120(0.002496) X2norm:1.00 Nchanged:1 Ngood:290 Nclip:17

mean: 0.120223
i:09 mean:0.120223(0.003616) stdev:0.061683(0.002552) X2norm:1.00 Nchanged:2 Ngood:292 Nclip:15

replacing SIP ./jw01227026001_07201_00003_nrcblong_cal_1overf_jhat.fits
./jw01227026001_07201_00003_nrcblong_cal_1overf_jhat.fits
0 ./jw01227026001_17201_00001_nrcalong_cal_1overf.phot.txt
find_stars
dmag 0.2172
DDD NIRCAM F444W CLEAR ggg None
####### coron None
dmag 1.0
sharpness 0.9
mag 24
x 2008
y 2008
Saving refcat file into ./jw01227026001_17201_00001_nrcalong_cal_1overf.refcat.txt
reffile_d2d 0.5
    slope  intercept     maxval  index  d_bestguess  fwhm  multimax
-0.000098        0.1 366.236143   4338    -0.065234  0.52     False
d_rot_tmp 0.7347655854564181
Keeping 390 out of 390, skippin 0 because of null values in columns d_rot_tmp
median: -0.070349
75.000000 percentile cut: max residual for cut: 0.053408
__tmp_residuals 0.05340811170899355
median: -0.070855
i:00 mean:-0.070855(0.001569) stdev:0.026763(0.001107) X2norm:1.00 Nchanged:0 Ngood:292 Nclip:98

mean: -0.070234
i:01 mean:-0.070234(0.001844) stdev:0.033551(0.001302) X2norm:1.00 Nchanged:40 Ngood:332 Nclip:58

mean: -0.069290
i:02 mean:-0.069290(0.002107) stdev:0.039592(0.001488) X2norm:1.00 Nchanged:22 Ngood:354 Nclip:36

mean: -0.068338
i:03 mean:-0.068338(0.002187) stdev:0.041381(0.001544) X2norm:1.00 Nchanged:5 Ngood:359 Nclip:31

mean: -0.069008
i:04 mean:-0.069008(0.002265) stdev:0.043090(0.001599) X2norm:1.00 Nchanged:4 Ngood:363 Nclip:27

mean: -0.069352
i:05 mean:-0.069352(0.002285) stdev:0.043527(0.001613) X2norm:1.00 Nchanged:1 Ngood:364 Nclip:26

mean: -0.069352
i:06 mean:-0.069352(0.002285) stdev:0.043527(0.001613) X2norm:1.00 Nchanged:0 Ngood:364 Nclip:26
   slope  intercept     maxval  index  d_bestguess  fwhm  multimax
0.000098       -0.1 351.655688   2816    -0.001122   0.5     False
d_rot_tmp 0.7988780794504848
Keeping 361 out of 361, skippin 0 because of null values in columns d_rot_tmp
median: -0.009834
75.000000 percentile cut: max residual for cut: 0.044160
__tmp_residuals 0.04415992007973275
median: -0.010272
i:00 mean:-0.010272(0.001315) stdev:0.021561(0.000928) X2norm:1.00 Nchanged:0 Ngood:270 Nclip:91

mean: -0.007781
i:01 mean:-0.007781(0.001604) stdev:0.028460(0.001132) X2norm:1.00 Nchanged:46 Ngood:316 Nclip:45

mean: -0.006513
i:02 mean:-0.006513(0.001816) stdev:0.033345(0.001282) X2norm:1.00 Nchanged:22 Ngood:338 Nclip:23

mean: -0.007065
i:03 mean:-0.007065(0.001902) stdev:0.035231(0.001343) X2norm:1.00 Nchanged:6 Ngood:344 Nclip:17

mean: -0.007359
i:04 mean:-0.007359(0.001919) stdev:0.035600(0.001355) X2norm:1.00 Nchanged:1 Ngood:345 Nclip:16

mean: -0.007969
i:05 mean:-0.007969(0.001957) stdev:0.036395(0.001382) X2norm:1.00 Nchanged:2 Ngood:347 Nclip:14

mean: -0.007971
i:06 mean:-0.007971(0.001994) stdev:0.037198(0.001408) X2norm:1.00 Nchanged:2 Ngood:349 Nclip:12

mean: -0.007971
i:07 mean:-0.007971(0.001994) stdev:0.037198(0.001408) X2norm:1.00 Nchanged:0 Ngood:349 Nclip:12
replacing SIP ./jw01227026001_17201_00001_nrcalong_cal_1overf_jhat.fits
./jw01227026001_17201_00001_nrcalong_cal_1overf_jhat.fits
0 ./jw01227026001_17201_00001_nrcblong_cal_1overf.phot.txt
find_stars
dmag 0.2172
DDD NIRCAM F444W CLEAR ggg None
####### coron None
dmag 1.0
sharpness 0.9
mag 24
x 2008
y 2008
Saving refcat file into ./jw01227026001_17201_00001_nrcblong_cal_1overf.refcat.txt
reffile_d2d 0.5
    slope  intercept     maxval  index  d_bestguess  fwhm  multimax
-0.000049       0.05 386.187121   4457      0.01672   0.5     False
d_rot_tmp 0.8167200627598021
Keeping 412 out of 412, skippin 0 because of null values in columns d_rot_tmp
median: 0.028677
75.000000 percentile cut: max residual for cut: 0.057655
__tmp_residuals 0.05765529583921465
median: 0.029140
i:00 mean:0.029140(0.001633) stdev:0.028663(0.001153) X2norm:1.00 Nchanged:0 Ngood:309 Nclip:103

mean: 0.026668
i:01 mean:0.026668(0.001987) stdev:0.037586(0.001403) X2norm:1.00 Nchanged:50 Ngood:359 Nclip:53

mean: 0.027999
i:02 mean:0.027999(0.002196) stdev:0.042630(0.001550) X2norm:1.00 Nchanged:19 Ngood:378 Nclip:34

mean: 0.027611
i:03 mean:0.027611(0.002303) stdev:0.045135(0.001627) X2norm:1.00 Nchanged:7 Ngood:385 Nclip:27

mean: 0.027269
i:04 mean:0.027269(0.002323) stdev:0.045574(0.001640) X2norm:1.00 Nchanged:1 Ngood:386 Nclip:26

mean: 0.027269
i:05 mean:0.027269(0.002323) stdev:0.045574(0.001640) X2norm:1.00 Nchanged:0 Ngood:386 Nclip:26
   slope  intercept     maxval  index  d_bestguess  fwhm  multimax
0.000049      -0.05 375.617585    966     0.154854   0.5     False
d_rot_tmp 0.9548538101347319
Keeping 385 out of 385, skippin 0 because of null values in columns d_rot_tmp
median: 0.158574
75.000000 percentile cut: max residual for cut: 0.042302
__tmp_residuals 0.042302180954489316
median: 0.155571
i:00 mean:0.155571(0.001236) stdev:0.020938(0.000872) X2norm:1.00 Nchanged:0 Ngood:288 Nclip:97

mean: 0.157813
i:01 mean:0.157813(0.001472) stdev:0.026819(0.001039) X2norm:1.00 Nchanged:45 Ngood:333 Nclip:52

mean: 0.159384
i:02 mean:0.159384(0.001705) stdev:0.032397(0.001204) X2norm:1.00 Nchanged:29 Ngood:362 Nclip:23

mean: 0.159146
i:03 mean:0.159146(0.001791) stdev:0.034355(0.001265) X2norm:1.00 Nchanged:7 Ngood:369 Nclip:16

mean: 0.158886
i:04 mean:0.158886(0.001836) stdev:0.035367(0.001297) X2norm:1.00 Nchanged:3 Ngood:372 Nclip:13

mean: 0.158886
i:05 mean:0.158886(0.001836) stdev:0.035367(0.001297) X2norm:1.00 Nchanged:0 Ngood:372 Nclip:13
replacing SIP ./jw01227026001_17201_00001_nrcblong_cal_1overf_jhat.fits
./jw01227026001_17201_00001_nrcblong_cal_1overf_jhat.fits
0 ./jw01227026001_17201_00002_nrcalong_cal_1overf.phot.txt
find_stars
dmag 0.2172
DDD NIRCAM F444W CLEAR ggg None
####### coron None
dmag 1.0
sharpness 0.9
mag 24
x 2008
y 2008
Saving refcat file into ./jw01227026001_17201_00002_nrcalong_cal_1overf.refcat.txt
reffile_d2d 0.5
    slope  intercept     maxval  index  d_bestguess  fwhm  multimax
-0.000098        0.1 366.120063   4763    -0.137359  0.52     False
d_rot_tmp 0.6626406179214002
Keeping 395 out of 395, skippin 0 because of null values in columns d_rot_tmp
median: -0.133681
75.000000 percentile cut: max residual for cut: 0.059253
__tmp_residuals 0.05925278309650395
median: -0.132100
i:00 mean:-0.132100(0.001716) stdev:0.029479(0.001212) X2norm:1.00 Nchanged:0 Ngood:296 Nclip:99

mean: -0.132082
i:01 mean:-0.132082(0.002060) stdev:0.038093(0.001454) X2norm:1.00 Nchanged:47 Ngood:343 Nclip:52

mean: -0.133447
i:02 mean:-0.133447(0.002234) stdev:0.042088(0.001577) X2norm:1.00 Nchanged:13 Ngood:356 Nclip:39

mean: -0.133753
i:03 mean:-0.133753(0.002361) stdev:0.044920(0.001667) X2norm:1.00 Nchanged:7 Ngood:363 Nclip:32

mean: -0.133740
i:04 mean:-0.133740(0.002401) stdev:0.045807(0.001695) X2norm:1.00 Nchanged:2 Ngood:365 Nclip:30

mean: -0.133368
i:05 mean:-0.133368(0.002423) stdev:0.046295(0.001711) X2norm:1.00 Nchanged:1 Ngood:366 Nclip:29

mean: -0.133746
i:06 mean:-0.133746(0.002446) stdev:0.046796(0.001727) X2norm:1.00 Nchanged:1 Ngood:367 Nclip:28

mean: -0.133746
i:07 mean:-0.133746(0.002446) stdev:0.046796(0.001727) X2norm:1.00 Nchanged:0 Ngood:367 Nclip:28
   slope  intercept     maxval  index  d_bestguess  fwhm  multimax
0.000098       -0.1 353.896921    101     0.042212   0.5     False
d_rot_tmp 0.8422124995003692
Keeping 364 out of 364, skippin 0 because of null values in columns d_rot_tmp
median: 0.049621
75.000000 percentile cut: max residual for cut: 0.045993
__tmp_residuals 0.045992907116919925
median: 0.051065
i:00 mean:0.051065(0.001366) stdev:0.022524(0.000964) X2norm:1.00 Nchanged:0 Ngood:273 Nclip:91

mean: 0.048830
i:01 mean:0.048830(0.001662) stdev:0.029632(0.001173) X2norm:1.00 Nchanged:46 Ngood:319 Nclip:45

mean: 0.046439
i:02 mean:0.046439(0.001852) stdev:0.034104(0.001308) X2norm:1.00 Nchanged:21 Ngood:340 Nclip:24

mean: 0.047583
i:03 mean:0.047583(0.001940) stdev:0.036036(0.001370) X2norm:1.00 Nchanged:6 Ngood:346 Nclip:18

mean: 0.048172
i:04 mean:0.048172(0.001973) stdev:0.036761(0.001393) X2norm:1.00 Nchanged:2 Ngood:348 Nclip:16

mean: 0.048173
i:05 mean:0.048173(0.002012) stdev:0.037583(0.001420) X2norm:1.00 Nchanged:2 Ngood:350 Nclip:14

mean: 0.048171
i:06 mean:0.048171(0.002051) stdev:0.038420(0.001448) X2norm:1.00 Nchanged:2 Ngood:352 Nclip:12

mean: 0.048171
i:07 mean:0.048171(0.002051) stdev:0.038420(0.001448) X2norm:1.00 Nchanged:0 Ngood:352 Nclip:12
replacing SIP ./jw01227026001_17201_00002_nrcalong_cal_1overf_jhat.fits
./jw01227026001_17201_00002_nrcalong_cal_1overf_jhat.fits
0 ./jw01227026001_17201_00002_nrcblong_cal_1overf.phot.txt
find_stars
dmag 0.2172
DDD NIRCAM F444W CLEAR ggg None
####### coron None
dmag 1.0
sharpness 0.9
mag 24
x 2008
y 2008
Saving refcat file into ./jw01227026001_17201_00002_nrcblong_cal_1overf.refcat.txt
reffile_d2d 0.5
    slope  intercept     maxval  index  d_bestguess  fwhm  multimax
-0.000049       0.05 315.928003   6816    -0.032798  0.52     False
d_rot_tmp 0.767202234151614
Keeping 335 out of 335, skippin 0 because of null values in columns d_rot_tmp
median: -0.035300
75.000000 percentile cut: max residual for cut: 0.057730
__tmp_residuals 0.057729854578005904
median: -0.033892
i:00 mean:-0.033892(0.001781) stdev:0.028165(0.001257) X2norm:1.00 Nchanged:0 Ngood:251 Nclip:84

mean: -0.034315
i:01 mean:-0.034315(0.002161) stdev:0.036614(0.001526) X2norm:1.00 Nchanged:37 Ngood:288 Nclip:47

mean: -0.036251
i:02 mean:-0.036251(0.002463) stdev:0.043299(0.001739) X2norm:1.00 Nchanged:22 Ngood:310 Nclip:25

mean: -0.036251
i:03 mean:-0.036251(0.002463) stdev:0.043299(0.001739) X2norm:1.00 Nchanged:0 Ngood:310 Nclip:25
   slope  intercept     maxval  index  d_bestguess  fwhm  multimax
0.000049      -0.05 301.125326     43     0.210271   0.5     False
d_rot_tmp 1.0102713310811073
Keeping 309 out of 309, skippin 0 because of null values in columns d_rot_tmp
median: 0.218309
75.000000 percentile cut: max residual for cut: 0.047288
__tmp_residuals 0.04728787526817055
median: 0.218545
i:00 mean:0.218545(0.001442) stdev:0.021862(0.001017) X2norm:1.00 Nchanged:0 Ngood:231 Nclip:78

mean: 0.217619
i:01 mean:0.217619(0.001780) stdev:0.029365(0.001257) X2norm:1.00 Nchanged:42 Ngood:273 Nclip:36

mean: 0.216249
i:02 mean:0.216249(0.002089) stdev:0.035949(0.001475) X2norm:1.00 Nchanged:24 Ngood:297 Nclip:12

mean: 0.217617
i:03 mean:0.217617(0.002172) stdev:0.037612(0.001533) X2norm:1.00 Nchanged:4 Ngood:301 Nclip:8

mean: 0.218345
i:04 mean:0.218345(0.002218) stdev:0.038540(0.001566) X2norm:1.00 Nchanged:2 Ngood:303 Nclip:6

mean: 0.218345
i:05 mean:0.218345(0.002218) stdev:0.038540(0.001566) X2norm:1.00 Nchanged:0 Ngood:303 Nclip:6
replacing SIP ./jw01227026001_17201_00002_nrcblong_cal_1overf_jhat.fits
./jw01227026001_17201_00002_nrcblong_cal_1overf_jhat.fits
0 ./jw01227026001_17201_00003_nrcalong_cal_1overf.phot.txt
find_stars
dmag 0.2172
DDD NIRCAM F444W CLEAR ggg None
####### coron None
dmag 1.0
sharpness 0.9
mag 24
x 2008
y 2008
Saving refcat file into ./jw01227026001_17201_00003_nrcalong_cal_1overf.refcat.txt
reffile_d2d 0.5
    slope  intercept     maxval  index  d_bestguess  fwhm  multimax
-0.000098        0.1 386.185371   4342    -0.135118  0.52     False
d_rot_tmp 0.6648822555767453
Keeping 405 out of 405, skippin 0 because of null values in columns d_rot_tmp
median: -0.139582
75.000000 percentile cut: max residual for cut: 0.050639
__tmp_residuals 0.05063906912767563
median: -0.139582
i:00 mean:-0.139582(0.001435) stdev:0.024941(0.001013) X2norm:1.00 Nchanged:0 Ngood:303 Nclip:102

mean: -0.139782
i:01 mean:-0.139782(0.001727) stdev:0.032214(0.001219) X2norm:1.00 Nchanged:46 Ngood:349 Nclip:56

mean: -0.138658
i:02 mean:-0.138658(0.001966) stdev:0.037967(0.001388) X2norm:1.00 Nchanged:25 Ngood:374 Nclip:31

mean: -0.138633
i:03 mean:-0.138633(0.002052) stdev:0.039950(0.001449) X2norm:1.00 Nchanged:6 Ngood:380 Nclip:25

mean: -0.139254
i:04 mean:-0.139254(0.002088) stdev:0.040757(0.001475) X2norm:1.00 Nchanged:2 Ngood:382 Nclip:23

mean: -0.139571
i:05 mean:-0.139571(0.002107) stdev:0.041171(0.001488) X2norm:1.00 Nchanged:1 Ngood:383 Nclip:22

mean: -0.139571
i:06 mean:-0.139571(0.002107) stdev:0.041171(0.001488) X2norm:1.00 Nchanged:0 Ngood:383 Nclip:22
   slope  intercept     maxval  index  d_bestguess  fwhm  multimax
0.000098       -0.1 372.491298    102     0.055852   0.5     False
d_rot_tmp 0.8558524019136737
Keeping 382 out of 382, skippin 0 because of null values in columns d_rot_tmp
median: 0.055529
75.000000 percentile cut: max residual for cut: 0.044420
__tmp_residuals 0.044419506496393014
median: 0.055220
i:00 mean:0.055220(0.001300) stdev:0.021938(0.000917) X2norm:1.00 Nchanged:0 Ngood:286 Nclip:96

mean: 0.056082
i:01 mean:0.056082(0.001580) stdev:0.029010(0.001116) X2norm:1.00 Nchanged:52 Ngood:338 Nclip:44

mean: 0.055490
i:02 mean:0.055490(0.001796) stdev:0.034072(0.001268) X2norm:1.00 Nchanged:23 Ngood:361 Nclip:21

mean: 0.056992
i:03 mean:0.056992(0.001948) stdev:0.037566(0.001375) X2norm:1.00 Nchanged:12 Ngood:373 Nclip:9

mean: 0.057558
i:04 mean:0.057558(0.001978) stdev:0.038257(0.001397) X2norm:1.00 Nchanged:2 Ngood:375 Nclip:7

mean: 0.057558
i:05 mean:0.057558(0.001978) stdev:0.038257(0.001397) X2norm:1.00 Nchanged:0 Ngood:375 Nclip:7
replacing SIP ./jw01227026001_17201_00003_nrcalong_cal_1overf_jhat.fits
./jw01227026001_17201_00003_nrcalong_cal_1overf_jhat.fits
0 ./jw01227026001_17201_00003_nrcblong_cal_1overf.phot.txt
find_stars
dmag 0.2172
DDD NIRCAM F444W CLEAR ggg None
####### coron None
dmag 1.0
sharpness 0.9
mag 24
x 2008
y 2008
Saving refcat file into ./jw01227026001_17201_00003_nrcblong_cal_1overf.refcat.txt
reffile_d2d 0.5
    slope  intercept     maxval  index  d_bestguess  fwhm  multimax
-0.000049       0.05 373.078511   4630    -0.046323  0.52     False
d_rot_tmp 0.7536770859606066
Keeping 396 out of 396, skippin 0 because of null values in columns d_rot_tmp
median: -0.038223
75.000000 percentile cut: max residual for cut: 0.058207
__tmp_residuals 0.058207127653346645
median: -0.036237
i:00 mean:-0.036237(0.001587) stdev:0.027307(0.001120) X2norm:1.00 Nchanged:0 Ngood:297 Nclip:99

mean: -0.037903
i:01 mean:-0.037903(0.001888) stdev:0.034399(0.001333) X2norm:1.00 Nchanged:36 Ngood:333 Nclip:63

mean: -0.039862
i:02 mean:-0.039862(0.002108) stdev:0.039557(0.001489) X2norm:1.00 Nchanged:20 Ngood:353 Nclip:43

mean: -0.040376
i:03 mean:-0.040376(0.002266) stdev:0.043104(0.001600) X2norm:1.00 Nchanged:10 Ngood:363 Nclip:33

mean: -0.042050
i:04 mean:-0.042050(0.002356) stdev:0.045131(0.001664) X2norm:1.00 Nchanged:5 Ngood:368 Nclip:28

mean: -0.042050
i:05 mean:-0.042050(0.002356) stdev:0.045131(0.001664) X2norm:1.00 Nchanged:0 Ngood:368 Nclip:28
   slope  intercept     maxval  index  d_bestguess  fwhm  multimax
0.000049      -0.05 358.414149     49     0.224426   0.5     False
d_rot_tmp 1.0244262386271903
Keeping 368 out of 368, skippin 0 because of null values in columns d_rot_tmp
median: 0.223912
75.000000 percentile cut: max residual for cut: 0.044457
__tmp_residuals 0.04445712469406333
median: 0.222645
i:00 mean:0.222645(0.001243) stdev:0.020610(0.000877) X2norm:1.00 Nchanged:0 Ngood:276 Nclip:92

mean: 0.221582
i:01 mean:0.221582(0.001519) stdev:0.026951(0.001072) X2norm:1.00 Nchanged:40 Ngood:316 Nclip:52

mean: 0.223330
i:02 mean:0.223330(0.001788) stdev:0.033106(0.001262) X2norm:1.00 Nchanged:28 Ngood:344 Nclip:24

mean: 0.224397
i:03 mean:0.224397(0.001897) stdev:0.035537(0.001339) X2norm:1.00 Nchanged:8 Ngood:352 Nclip:16

mean: 0.224674
i:04 mean:0.224674(0.001944) stdev:0.036570(0.001372) X2norm:1.00 Nchanged:3 Ngood:355 Nclip:13

mean: 0.224980
i:05 mean:0.224980(0.001962) stdev:0.036972(0.001386) X2norm:1.00 Nchanged:1 Ngood:356 Nclip:12

mean: 0.224980
i:06 mean:0.224980(0.001962) stdev:0.036972(0.001386) X2norm:1.00 Nchanged:0 Ngood:356 Nclip:12
replacing SIP ./jw01227026001_17201_00003_nrcblong_cal_1overf_jhat.fits
./jw01227026001_17201_00003_nrcblong_cal_1overf_jhat.fits
(3) Creating association file
(4) Running Image3Pipeline JWST with tweakreg DISABLED
----Completed----
!!!! All done !!!
